ISO-10303-21;
HEADER;
FILE_DESCRIPTION(('FreeCAD Model'),'2;1');
FILE_NAME('Open CASCADE Shape Model','2026-05-24T18:03:07',(''),(''),
  'Open CASCADE STEP processor 7.8','FreeCAD','Unknown');
FILE_SCHEMA(('CONFIG_CONTROL_DESIGN','SHAPE_APPEARANCE_LAYER_MIM'));
ENDSEC;
DATA;
#1 = APPLICATION_PROTOCOL_DEFINITION('international standard',
  'config_control_design',1994,#2);
#2 = APPLICATION_CONTEXT(
'configuration controlled 3D designs of mechanical parts and assemblies'
  );
#3 = SHAPE_DEFINITION_REPRESENTATION(#4,#10);
#4 = PRODUCT_DEFINITION_SHAPE('','',#5);
#5 = PRODUCT_DEFINITION('design','',#6,#9);
#6 = PRODUCT_DEFINITION_FORMATION_WITH_SPECIFIED_SOURCE('','',#7,
  .NOT_KNOWN.);
#7 = PRODUCT('Zawartość','Zawartość','',(#8));
#8 = MECHANICAL_CONTEXT('',#2,'mechanical');
#9 = DESIGN_CONTEXT('',#2,'design');
#10 = ADVANCED_BREP_SHAPE_REPRESENTATION('',(#11,#15),#2498);
#11 = AXIS2_PLACEMENT_3D('',#12,#13,#14);
#12 = CARTESIAN_POINT('',(0.,0.,0.));
#13 = DIRECTION('',(0.,0.,1.));
#14 = DIRECTION('',(1.,0.,-0.));
#15 = MANIFOLD_SOLID_BREP('',#16);
#16 = CLOSED_SHELL('',(#17,#440,#471,#496,#521,#545,#569,#594,#619,#643,
    #667,#692,#717,#741,#765,#790,#815,#839,#863,#888,#913,#937,#961,
    #986,#1011,#1028,#1059,#1083,#1107,#1131,#1155,#1172,#1203,#1227,
    #1251,#1275,#1299,#1316,#1342,#1373,#1397,#1421,#1445,#1469,#1486,
    #1517,#1541,#1565,#1589,#1613,#1630,#1717,#1742,#1767,#1792,#1817,
    #1842,#1859,#1876,#1901,#1918,#1935,#1955,#2014,#2039,#2070,#2094,
    #2118,#2142,#2166,#2183,#2203,#2228,#2253,#2278,#2337,#2396,#2418,
    #2435,#2452,#2469,#2486));
#17 = ADVANCED_FACE('',(#18,#224,#274,#324,#335,#385),#435,.T.);
#18 = FACE_BOUND('',#19,.T.);
#19 = EDGE_LOOP('',(#20,#30,#39,#47,#56,#64,#73,#81,#90,#98,#107,#115,
    #124,#132,#141,#149,#158,#166,#175,#183,#192,#200,#209,#217));
#20 = ORIENTED_EDGE('',*,*,#21,.F.);
#21 = EDGE_CURVE('',#22,#24,#26,.T.);
#22 = VERTEX_POINT('',#23);
#23 = CARTESIAN_POINT('',(-35.,-1.899377385371,2.));
#24 = VERTEX_POINT('',#25);
#25 = CARTESIAN_POINT('',(-35.,1.899377385371,2.));
#26 = LINE('',#27,#28);
#27 = CARTESIAN_POINT('',(-35.,-4.,2.));
#28 = VECTOR('',#29,1.);
#29 = DIRECTION('',(0.,1.,0.));
#30 = ORIENTED_EDGE('',*,*,#31,.T.);
#31 = EDGE_CURVE('',#22,#32,#34,.T.);
#32 = VERTEX_POINT('',#33);
#33 = CARTESIAN_POINT('',(-33.02606042997,-4.718455247729,2.));
#34 = CIRCLE('',#35,3.);
#35 = AXIS2_PLACEMENT_3D('',#36,#37,#38);
#36 = CARTESIAN_POINT('',(-32.,-1.899377385371,2.));
#37 = DIRECTION('',(-0.,0.,1.));
#38 = DIRECTION('',(0.,-1.,0.));
#39 = ORIENTED_EDGE('',*,*,#40,.T.);
#40 = EDGE_CURVE('',#32,#41,#43,.T.);
#41 = VERTEX_POINT('',#42);
#42 = CARTESIAN_POINT('',(-13.58678889475,-11.79377146237,2.));
#43 = LINE('',#44,#45);
#44 = CARTESIAN_POINT('',(-35.,-4.,2.));
#45 = VECTOR('',#46,1.);
#46 = DIRECTION('',(0.939692620786,-0.342020143326,0.));
#47 = ORIENTED_EDGE('',*,*,#48,.T.);
#48 = EDGE_CURVE('',#41,#49,#51,.T.);
#49 = VERTEX_POINT('',#50);
#50 = CARTESIAN_POINT('',(-11.79377146237,-13.58678889475,2.));
#51 = CIRCLE('',#52,3.);
#52 = AXIS2_PLACEMENT_3D('',#53,#54,#55);
#53 = CARTESIAN_POINT('',(-14.61284932472,-14.61284932472,2.));
#54 = DIRECTION('',(-0.,-0.,-1.));
#55 = DIRECTION('',(0.,-1.,0.));
#56 = ORIENTED_EDGE('',*,*,#57,.F.);
#57 = EDGE_CURVE('',#58,#49,#60,.T.);
#58 = VERTEX_POINT('',#59);
#59 = CARTESIAN_POINT('',(-4.718455247729,-33.02606042997,2.));
#60 = LINE('',#61,#62);
#61 = CARTESIAN_POINT('',(-4.,-35.,2.));
#62 = VECTOR('',#63,1.);
#63 = DIRECTION('',(-0.342020143326,0.939692620786,0.));
#64 = ORIENTED_EDGE('',*,*,#65,.T.);
#65 = EDGE_CURVE('',#58,#66,#68,.T.);
#66 = VERTEX_POINT('',#67);
#67 = CARTESIAN_POINT('',(-1.899377385371,-35.,2.));
#68 = CIRCLE('',#69,3.);
#69 = AXIS2_PLACEMENT_3D('',#70,#71,#72);
#70 = CARTESIAN_POINT('',(-1.899377385371,-32.,2.));
#71 = DIRECTION('',(-0.,0.,1.));
#72 = DIRECTION('',(0.,-1.,0.));
#73 = ORIENTED_EDGE('',*,*,#74,.F.);
#74 = EDGE_CURVE('',#75,#66,#77,.T.);
#75 = VERTEX_POINT('',#76);
#76 = CARTESIAN_POINT('',(1.899377385371,-35.,2.));
#77 = LINE('',#78,#79);
#78 = CARTESIAN_POINT('',(4.,-35.,2.));
#79 = VECTOR('',#80,1.);
#80 = DIRECTION('',(-1.,0.,0.));
#81 = ORIENTED_EDGE('',*,*,#82,.T.);
#82 = EDGE_CURVE('',#75,#83,#85,.T.);
#83 = VERTEX_POINT('',#84);
#84 = CARTESIAN_POINT('',(4.718455247729,-33.02606042997,2.));
#85 = CIRCLE('',#86,3.);
#86 = AXIS2_PLACEMENT_3D('',#87,#88,#89);
#87 = CARTESIAN_POINT('',(1.899377385371,-32.,2.));
#88 = DIRECTION('',(-0.,0.,1.));
#89 = DIRECTION('',(0.,-1.,0.));
#90 = ORIENTED_EDGE('',*,*,#91,.F.);
#91 = EDGE_CURVE('',#92,#83,#94,.T.);
#92 = VERTEX_POINT('',#93);
#93 = CARTESIAN_POINT('',(11.79377146237,-13.58678889475,2.));
#94 = LINE('',#95,#96);
#95 = CARTESIAN_POINT('',(12.272231298598,-12.27223129859,2.));
#96 = VECTOR('',#97,1.);
#97 = DIRECTION('',(-0.342020143326,-0.939692620786,0.));
#98 = ORIENTED_EDGE('',*,*,#99,.T.);
#99 = EDGE_CURVE('',#92,#100,#102,.T.);
#100 = VERTEX_POINT('',#101);
#101 = CARTESIAN_POINT('',(13.58678889475,-11.79377146237,2.));
#102 = CIRCLE('',#103,3.);
#103 = AXIS2_PLACEMENT_3D('',#104,#105,#106);
#104 = CARTESIAN_POINT('',(14.612849324727,-14.61284932472,2.));
#105 = DIRECTION('',(-0.,-0.,-1.));
#106 = DIRECTION('',(0.,-1.,0.));
#107 = ORIENTED_EDGE('',*,*,#108,.F.);
#108 = EDGE_CURVE('',#109,#100,#111,.T.);
#109 = VERTEX_POINT('',#110);
#110 = CARTESIAN_POINT('',(33.026060429977,-4.718455247729,2.));
#111 = LINE('',#112,#113);
#112 = CARTESIAN_POINT('',(35.,-4.,2.));
#113 = VECTOR('',#114,1.);
#114 = DIRECTION('',(-0.939692620786,-0.342020143326,0.));
#115 = ORIENTED_EDGE('',*,*,#116,.T.);
#116 = EDGE_CURVE('',#109,#117,#119,.T.);
#117 = VERTEX_POINT('',#118);
#118 = CARTESIAN_POINT('',(35.,-1.899377385371,2.));
#119 = CIRCLE('',#120,3.);
#120 = AXIS2_PLACEMENT_3D('',#121,#122,#123);
#121 = CARTESIAN_POINT('',(32.,-1.899377385371,2.));
#122 = DIRECTION('',(-0.,0.,1.));
#123 = DIRECTION('',(0.,-1.,0.));
#124 = ORIENTED_EDGE('',*,*,#125,.F.);
#125 = EDGE_CURVE('',#126,#117,#128,.T.);
#126 = VERTEX_POINT('',#127);
#127 = CARTESIAN_POINT('',(35.,1.899377385371,2.));
#128 = LINE('',#129,#130);
#129 = CARTESIAN_POINT('',(35.,4.,2.));
#130 = VECTOR('',#131,1.);
#131 = DIRECTION('',(0.,-1.,0.));
#132 = ORIENTED_EDGE('',*,*,#133,.F.);
#133 = EDGE_CURVE('',#134,#126,#136,.T.);
#134 = VERTEX_POINT('',#135);
#135 = CARTESIAN_POINT('',(33.026060429977,4.718455247729,2.));
#136 = CIRCLE('',#137,3.);
#137 = AXIS2_PLACEMENT_3D('',#138,#139,#140);
#138 = CARTESIAN_POINT('',(32.,1.899377385371,2.));
#139 = DIRECTION('',(-0.,-0.,-1.));
#140 = DIRECTION('',(0.,-1.,0.));
#141 = ORIENTED_EDGE('',*,*,#142,.F.);
#142 = EDGE_CURVE('',#143,#134,#145,.T.);
#143 = VERTEX_POINT('',#144);
#144 = CARTESIAN_POINT('',(13.58678889475,11.79377146237,2.));
#145 = LINE('',#146,#147);
#146 = CARTESIAN_POINT('',(12.272231298598,12.272231298598,2.));
#147 = VECTOR('',#148,1.);
#148 = DIRECTION('',(0.939692620786,-0.342020143326,0.));
#149 = ORIENTED_EDGE('',*,*,#150,.F.);
#150 = EDGE_CURVE('',#151,#143,#153,.T.);
#151 = VERTEX_POINT('',#152);
#152 = CARTESIAN_POINT('',(11.79377146237,13.58678889475,2.));
#153 = CIRCLE('',#154,3.);
#154 = AXIS2_PLACEMENT_3D('',#155,#156,#157);
#155 = CARTESIAN_POINT('',(14.612849324727,14.612849324727,2.));
#156 = DIRECTION('',(-0.,0.,1.));
#157 = DIRECTION('',(0.,-1.,0.));
#158 = ORIENTED_EDGE('',*,*,#159,.F.);
#159 = EDGE_CURVE('',#160,#151,#162,.T.);
#160 = VERTEX_POINT('',#161);
#161 = CARTESIAN_POINT('',(4.718455247729,33.026060429977,2.));
#162 = LINE('',#163,#164);
#163 = CARTESIAN_POINT('',(4.,35.,2.));
#164 = VECTOR('',#165,1.);
#165 = DIRECTION('',(0.342020143326,-0.939692620786,0.));
#166 = ORIENTED_EDGE('',*,*,#167,.F.);
#167 = EDGE_CURVE('',#168,#160,#170,.T.);
#168 = VERTEX_POINT('',#169);
#169 = CARTESIAN_POINT('',(1.899377385371,35.,2.));
#170 = CIRCLE('',#171,3.);
#171 = AXIS2_PLACEMENT_3D('',#172,#173,#174);
#172 = CARTESIAN_POINT('',(1.899377385371,32.,2.));
#173 = DIRECTION('',(-0.,-0.,-1.));
#174 = DIRECTION('',(0.,-1.,0.));
#175 = ORIENTED_EDGE('',*,*,#176,.F.);
#176 = EDGE_CURVE('',#177,#168,#179,.T.);
#177 = VERTEX_POINT('',#178);
#178 = CARTESIAN_POINT('',(-1.899377385371,35.,2.));
#179 = LINE('',#180,#181);
#180 = CARTESIAN_POINT('',(-4.,35.,2.));
#181 = VECTOR('',#182,1.);
#182 = DIRECTION('',(1.,0.,0.));
#183 = ORIENTED_EDGE('',*,*,#184,.F.);
#184 = EDGE_CURVE('',#185,#177,#187,.T.);
#185 = VERTEX_POINT('',#186);
#186 = CARTESIAN_POINT('',(-4.718455247729,33.026060429977,2.));
#187 = CIRCLE('',#188,3.);
#188 = AXIS2_PLACEMENT_3D('',#189,#190,#191);
#189 = CARTESIAN_POINT('',(-1.899377385371,32.,2.));
#190 = DIRECTION('',(-0.,-0.,-1.));
#191 = DIRECTION('',(0.,-1.,0.));
#192 = ORIENTED_EDGE('',*,*,#193,.F.);
#193 = EDGE_CURVE('',#194,#185,#196,.T.);
#194 = VERTEX_POINT('',#195);
#195 = CARTESIAN_POINT('',(-11.79377146237,13.58678889475,2.));
#196 = LINE('',#197,#198);
#197 = CARTESIAN_POINT('',(-12.27223129859,12.272231298598,2.));
#198 = VECTOR('',#199,1.);
#199 = DIRECTION('',(0.342020143326,0.939692620786,0.));
#200 = ORIENTED_EDGE('',*,*,#201,.F.);
#201 = EDGE_CURVE('',#202,#194,#204,.T.);
#202 = VERTEX_POINT('',#203);
#203 = CARTESIAN_POINT('',(-13.58678889475,11.79377146237,2.));
#204 = CIRCLE('',#205,3.);
#205 = AXIS2_PLACEMENT_3D('',#206,#207,#208);
#206 = CARTESIAN_POINT('',(-14.61284932472,14.612849324727,2.));
#207 = DIRECTION('',(-0.,0.,1.));
#208 = DIRECTION('',(0.,-1.,0.));
#209 = ORIENTED_EDGE('',*,*,#210,.F.);
#210 = EDGE_CURVE('',#211,#202,#213,.T.);
#211 = VERTEX_POINT('',#212);
#212 = CARTESIAN_POINT('',(-33.02606042997,4.718455247729,2.));
#213 = LINE('',#214,#215);
#214 = CARTESIAN_POINT('',(-35.,4.,2.));
#215 = VECTOR('',#216,1.);
#216 = DIRECTION('',(0.939692620786,0.342020143326,0.));
#217 = ORIENTED_EDGE('',*,*,#218,.F.);
#218 = EDGE_CURVE('',#24,#211,#219,.T.);
#219 = CIRCLE('',#220,3.);
#220 = AXIS2_PLACEMENT_3D('',#221,#222,#223);
#221 = CARTESIAN_POINT('',(-32.,1.899377385371,2.));
#222 = DIRECTION('',(-0.,-0.,-1.));
#223 = DIRECTION('',(0.,-1.,0.));
#224 = FACE_BOUND('',#225,.T.);
#225 = EDGE_LOOP('',(#226,#236,#244,#252,#260,#268));
#226 = ORIENTED_EDGE('',*,*,#227,.F.);
#227 = EDGE_CURVE('',#228,#230,#232,.T.);
#228 = VERTEX_POINT('',#229);
#229 = CARTESIAN_POINT('',(-27.3,0.,2.));
#230 = VERTEX_POINT('',#231);
#231 = CARTESIAN_POINT('',(-28.9,2.77128129211,2.));
#232 = LINE('',#233,#234);
#233 = CARTESIAN_POINT('',(-27.3,0.,2.));
#234 = VECTOR('',#235,1.);
#235 = DIRECTION('',(-0.5,0.866025403784,0.));
#236 = ORIENTED_EDGE('',*,*,#237,.F.);
#237 = EDGE_CURVE('',#238,#228,#240,.T.);
#238 = VERTEX_POINT('',#239);
#239 = CARTESIAN_POINT('',(-28.9,-2.77128129211,2.));
#240 = LINE('',#241,#242);
#241 = CARTESIAN_POINT('',(-28.9,-2.77128129211,2.));
#242 = VECTOR('',#243,1.);
#243 = DIRECTION('',(0.5,0.866025403784,0.));
#244 = ORIENTED_EDGE('',*,*,#245,.F.);
#245 = EDGE_CURVE('',#246,#238,#248,.T.);
#246 = VERTEX_POINT('',#247);
#247 = CARTESIAN_POINT('',(-32.1,-2.77128129211,2.));
#248 = LINE('',#249,#250);
#249 = CARTESIAN_POINT('',(-32.1,-2.77128129211,2.));
#250 = VECTOR('',#251,1.);
#251 = DIRECTION('',(1.,0.,0.));
#252 = ORIENTED_EDGE('',*,*,#253,.F.);
#253 = EDGE_CURVE('',#254,#246,#256,.T.);
#254 = VERTEX_POINT('',#255);
#255 = CARTESIAN_POINT('',(-33.7,0.,2.));
#256 = LINE('',#257,#258);
#257 = CARTESIAN_POINT('',(-33.7,0.,2.));
#258 = VECTOR('',#259,1.);
#259 = DIRECTION('',(0.5,-0.866025403784,0.));
#260 = ORIENTED_EDGE('',*,*,#261,.F.);
#261 = EDGE_CURVE('',#262,#254,#264,.T.);
#262 = VERTEX_POINT('',#263);
#263 = CARTESIAN_POINT('',(-32.1,2.77128129211,2.));
#264 = LINE('',#265,#266);
#265 = CARTESIAN_POINT('',(-32.1,2.77128129211,2.));
#266 = VECTOR('',#267,1.);
#267 = DIRECTION('',(-0.5,-0.866025403784,0.));
#268 = ORIENTED_EDGE('',*,*,#269,.F.);
#269 = EDGE_CURVE('',#230,#262,#270,.T.);
#270 = LINE('',#271,#272);
#271 = CARTESIAN_POINT('',(-28.9,2.77128129211,2.));
#272 = VECTOR('',#273,1.);
#273 = DIRECTION('',(-1.,0.,0.));
#274 = FACE_BOUND('',#275,.T.);
#275 = EDGE_LOOP('',(#276,#286,#294,#302,#310,#318));
#276 = ORIENTED_EDGE('',*,*,#277,.F.);
#277 = EDGE_CURVE('',#278,#280,#282,.T.);
#278 = VERTEX_POINT('',#279);
#279 = CARTESIAN_POINT('',(1.6,-33.27128129211,2.));
#280 = VERTEX_POINT('',#281);
#281 = CARTESIAN_POINT('',(3.2,-30.5,2.));
#282 = LINE('',#283,#284);
#283 = CARTESIAN_POINT('',(1.6,-33.27128129211,2.));
#284 = VECTOR('',#285,1.);
#285 = DIRECTION('',(0.5,0.866025403784,0.));
#286 = ORIENTED_EDGE('',*,*,#287,.F.);
#287 = EDGE_CURVE('',#288,#278,#290,.T.);
#288 = VERTEX_POINT('',#289);
#289 = CARTESIAN_POINT('',(-1.6,-33.27128129211,2.));
#290 = LINE('',#291,#292);
#291 = CARTESIAN_POINT('',(-1.6,-33.27128129211,2.));
#292 = VECTOR('',#293,1.);
#293 = DIRECTION('',(1.,0.,0.));
#294 = ORIENTED_EDGE('',*,*,#295,.F.);
#295 = EDGE_CURVE('',#296,#288,#298,.T.);
#296 = VERTEX_POINT('',#297);
#297 = CARTESIAN_POINT('',(-3.2,-30.5,2.));
#298 = LINE('',#299,#300);
#299 = CARTESIAN_POINT('',(-3.2,-30.5,2.));
#300 = VECTOR('',#301,1.);
#301 = DIRECTION('',(0.5,-0.866025403784,0.));
#302 = ORIENTED_EDGE('',*,*,#303,.F.);
#303 = EDGE_CURVE('',#304,#296,#306,.T.);
#304 = VERTEX_POINT('',#305);
#305 = CARTESIAN_POINT('',(-1.6,-27.72871870789,2.));
#306 = LINE('',#307,#308);
#307 = CARTESIAN_POINT('',(-1.6,-27.72871870789,2.));
#308 = VECTOR('',#309,1.);
#309 = DIRECTION('',(-0.5,-0.866025403784,0.));
#310 = ORIENTED_EDGE('',*,*,#311,.F.);
#311 = EDGE_CURVE('',#312,#304,#314,.T.);
#312 = VERTEX_POINT('',#313);
#313 = CARTESIAN_POINT('',(1.6,-27.72871870789,2.));
#314 = LINE('',#315,#316);
#315 = CARTESIAN_POINT('',(1.6,-27.72871870789,2.));
#316 = VECTOR('',#317,1.);
#317 = DIRECTION('',(-1.,0.,0.));
#318 = ORIENTED_EDGE('',*,*,#319,.F.);
#319 = EDGE_CURVE('',#280,#312,#320,.T.);
#320 = LINE('',#321,#322);
#321 = CARTESIAN_POINT('',(3.2,-30.5,2.));
#322 = VECTOR('',#323,1.);
#323 = DIRECTION('',(-0.5,0.866025403784,0.));
#324 = FACE_BOUND('',#325,.T.);
#325 = EDGE_LOOP('',(#326));
#326 = ORIENTED_EDGE('',*,*,#327,.F.);
#327 = EDGE_CURVE('',#328,#328,#330,.T.);
#328 = VERTEX_POINT('',#329);
#329 = CARTESIAN_POINT('',(16.99,0.,2.));
#330 = CIRCLE('',#331,16.99);
#331 = AXIS2_PLACEMENT_3D('',#332,#333,#334);
#332 = CARTESIAN_POINT('',(0.,0.,2.));
#333 = DIRECTION('',(0.,0.,1.));
#334 = DIRECTION('',(1.,0.,0.));
#335 = FACE_BOUND('',#336,.T.);
#336 = EDGE_LOOP('',(#337,#347,#355,#363,#371,#379));
#337 = ORIENTED_EDGE('',*,*,#338,.F.);
#338 = EDGE_CURVE('',#339,#341,#343,.T.);
#339 = VERTEX_POINT('',#340);
#340 = CARTESIAN_POINT('',(33.7,0.,2.));
#341 = VERTEX_POINT('',#342);
#342 = CARTESIAN_POINT('',(32.1,2.77128129211,2.));
#343 = LINE('',#344,#345);
#344 = CARTESIAN_POINT('',(33.7,0.,2.));
#345 = VECTOR('',#346,1.);
#346 = DIRECTION('',(-0.5,0.866025403784,0.));
#347 = ORIENTED_EDGE('',*,*,#348,.F.);
#348 = EDGE_CURVE('',#349,#339,#351,.T.);
#349 = VERTEX_POINT('',#350);
#350 = CARTESIAN_POINT('',(32.1,-2.77128129211,2.));
#351 = LINE('',#352,#353);
#352 = CARTESIAN_POINT('',(32.1,-2.77128129211,2.));
#353 = VECTOR('',#354,1.);
#354 = DIRECTION('',(0.5,0.866025403784,0.));
#355 = ORIENTED_EDGE('',*,*,#356,.F.);
#356 = EDGE_CURVE('',#357,#349,#359,.T.);
#357 = VERTEX_POINT('',#358);
#358 = CARTESIAN_POINT('',(28.9,-2.77128129211,2.));
#359 = LINE('',#360,#361);
#360 = CARTESIAN_POINT('',(28.9,-2.77128129211,2.));
#361 = VECTOR('',#362,1.);
#362 = DIRECTION('',(1.,1.387778780781E-16,0.));
#363 = ORIENTED_EDGE('',*,*,#364,.F.);
#364 = EDGE_CURVE('',#365,#357,#367,.T.);
#365 = VERTEX_POINT('',#366);
#366 = CARTESIAN_POINT('',(27.3,0.,2.));
#367 = LINE('',#368,#369);
#368 = CARTESIAN_POINT('',(27.3,0.,2.));
#369 = VECTOR('',#370,1.);
#370 = DIRECTION('',(0.5,-0.866025403784,0.));
#371 = ORIENTED_EDGE('',*,*,#372,.F.);
#372 = EDGE_CURVE('',#373,#365,#375,.T.);
#373 = VERTEX_POINT('',#374);
#374 = CARTESIAN_POINT('',(28.9,2.77128129211,2.));
#375 = LINE('',#376,#377);
#376 = CARTESIAN_POINT('',(28.9,2.77128129211,2.));
#377 = VECTOR('',#378,1.);
#378 = DIRECTION('',(-0.5,-0.866025403784,0.));
#379 = ORIENTED_EDGE('',*,*,#380,.F.);
#380 = EDGE_CURVE('',#341,#373,#381,.T.);
#381 = LINE('',#382,#383);
#382 = CARTESIAN_POINT('',(32.1,2.77128129211,2.));
#383 = VECTOR('',#384,1.);
#384 = DIRECTION('',(-1.,1.387778780781E-16,0.));
#385 = FACE_BOUND('',#386,.T.);
#386 = EDGE_LOOP('',(#387,#397,#405,#413,#421,#429));
#387 = ORIENTED_EDGE('',*,*,#388,.F.);
#388 = EDGE_CURVE('',#389,#391,#393,.T.);
#389 = VERTEX_POINT('',#390);
#390 = CARTESIAN_POINT('',(3.200000000018,30.5,2.));
#391 = VERTEX_POINT('',#392);
#392 = CARTESIAN_POINT('',(1.600000000009,33.271281292126,2.));
#393 = LINE('',#394,#395);
#394 = CARTESIAN_POINT('',(3.200000000018,30.5,2.));
#395 = VECTOR('',#396,1.);
#396 = DIRECTION('',(-0.5,0.866025403784,0.));
#397 = ORIENTED_EDGE('',*,*,#398,.F.);
#398 = EDGE_CURVE('',#399,#389,#401,.T.);
#399 = VERTEX_POINT('',#400);
#400 = CARTESIAN_POINT('',(1.600000000009,27.728718707874,2.));
#401 = LINE('',#402,#403);
#402 = CARTESIAN_POINT('',(1.600000000009,27.728718707874,2.));
#403 = VECTOR('',#404,1.);
#404 = DIRECTION('',(0.5,0.866025403784,0.));
#405 = ORIENTED_EDGE('',*,*,#406,.F.);
#406 = EDGE_CURVE('',#407,#399,#409,.T.);
#407 = VERTEX_POINT('',#408);
#408 = CARTESIAN_POINT('',(-1.600000000009,27.728718707874,2.));
#409 = LINE('',#410,#411);
#410 = CARTESIAN_POINT('',(-1.600000000009,27.728718707874,2.));
#411 = VECTOR('',#412,1.);
#412 = DIRECTION('',(1.,0.,0.));
#413 = ORIENTED_EDGE('',*,*,#414,.F.);
#414 = EDGE_CURVE('',#415,#407,#417,.T.);
#415 = VERTEX_POINT('',#416);
#416 = CARTESIAN_POINT('',(-3.200000000018,30.5,2.));
#417 = LINE('',#418,#419);
#418 = CARTESIAN_POINT('',(-3.200000000018,30.5,2.));
#419 = VECTOR('',#420,1.);
#420 = DIRECTION('',(0.5,-0.866025403784,0.));
#421 = ORIENTED_EDGE('',*,*,#422,.F.);
#422 = EDGE_CURVE('',#423,#415,#425,.T.);
#423 = VERTEX_POINT('',#424);
#424 = CARTESIAN_POINT('',(-1.600000000009,33.271281292126,2.));
#425 = LINE('',#426,#427);
#426 = CARTESIAN_POINT('',(-1.600000000009,33.271281292126,2.));
#427 = VECTOR('',#428,1.);
#428 = DIRECTION('',(-0.5,-0.866025403784,0.));
#429 = ORIENTED_EDGE('',*,*,#430,.F.);
#430 = EDGE_CURVE('',#391,#423,#431,.T.);
#431 = LINE('',#432,#433);
#432 = CARTESIAN_POINT('',(1.600000000009,33.271281292126,2.));
#433 = VECTOR('',#434,1.);
#434 = DIRECTION('',(-1.,0.,0.));
#435 = PLANE('',#436);
#436 = AXIS2_PLACEMENT_3D('',#437,#438,#439);
#437 = CARTESIAN_POINT('',(-2.2E-16,-3.07796139963E-02,2.));
#438 = DIRECTION('',(0.,0.,1.));
#439 = DIRECTION('',(1.,0.,0.));
#440 = ADVANCED_FACE('',(#441),#466,.T.);
#441 = FACE_BOUND('',#442,.T.);
#442 = EDGE_LOOP('',(#443,#453,#459,#460));
#443 = ORIENTED_EDGE('',*,*,#444,.F.);
#444 = EDGE_CURVE('',#445,#447,#449,.T.);
#445 = VERTEX_POINT('',#446);
#446 = CARTESIAN_POINT('',(-35.,-1.899377385371,-3.));
#447 = VERTEX_POINT('',#448);
#448 = CARTESIAN_POINT('',(-35.,1.899377385371,-3.));
#449 = LINE('',#450,#451);
#450 = CARTESIAN_POINT('',(-35.,-4.,-3.));
#451 = VECTOR('',#452,1.);
#452 = DIRECTION('',(0.,1.,0.));
#453 = ORIENTED_EDGE('',*,*,#454,.T.);
#454 = EDGE_CURVE('',#445,#22,#455,.T.);
#455 = LINE('',#456,#457);
#456 = CARTESIAN_POINT('',(-35.,-1.899377385371,-3.));
#457 = VECTOR('',#458,1.);
#458 = DIRECTION('',(0.,0.,1.));
#459 = ORIENTED_EDGE('',*,*,#21,.T.);
#460 = ORIENTED_EDGE('',*,*,#461,.F.);
#461 = EDGE_CURVE('',#447,#24,#462,.T.);
#462 = LINE('',#463,#464);
#463 = CARTESIAN_POINT('',(-35.,1.899377385371,-3.));
#464 = VECTOR('',#465,1.);
#465 = DIRECTION('',(0.,0.,1.));
#466 = PLANE('',#467);
#467 = AXIS2_PLACEMENT_3D('',#468,#469,#470);
#468 = CARTESIAN_POINT('',(-35.,-4.,-3.));
#469 = DIRECTION('',(-1.,0.,0.));
#470 = DIRECTION('',(0.,1.,0.));
#471 = ADVANCED_FACE('',(#472),#491,.T.);
#472 = FACE_BOUND('',#473,.T.);
#473 = EDGE_LOOP('',(#474,#483,#489,#490));
#474 = ORIENTED_EDGE('',*,*,#475,.T.);
#475 = EDGE_CURVE('',#445,#476,#478,.T.);
#476 = VERTEX_POINT('',#477);
#477 = CARTESIAN_POINT('',(-33.02606042997,-4.718455247729,-3.));
#478 = CIRCLE('',#479,3.);
#479 = AXIS2_PLACEMENT_3D('',#480,#481,#482);
#480 = CARTESIAN_POINT('',(-32.,-1.899377385371,-3.));
#481 = DIRECTION('',(-0.,0.,1.));
#482 = DIRECTION('',(0.,-1.,0.));
#483 = ORIENTED_EDGE('',*,*,#484,.T.);
#484 = EDGE_CURVE('',#476,#32,#485,.T.);
#485 = LINE('',#486,#487);
#486 = CARTESIAN_POINT('',(-33.02606042997,-4.718455247729,-3.));
#487 = VECTOR('',#488,1.);
#488 = DIRECTION('',(0.,0.,1.));
#489 = ORIENTED_EDGE('',*,*,#31,.F.);
#490 = ORIENTED_EDGE('',*,*,#454,.F.);
#491 = CYLINDRICAL_SURFACE('',#492,3.);
#492 = AXIS2_PLACEMENT_3D('',#493,#494,#495);
#493 = CARTESIAN_POINT('',(-32.,-1.899377385371,-3.));
#494 = DIRECTION('',(0.,0.,1.));
#495 = DIRECTION('',(-1.,0.,0.));
#496 = ADVANCED_FACE('',(#497),#516,.T.);
#497 = FACE_BOUND('',#498,.F.);
#498 = EDGE_LOOP('',(#499,#508,#514,#515));
#499 = ORIENTED_EDGE('',*,*,#500,.T.);
#500 = EDGE_CURVE('',#447,#501,#503,.T.);
#501 = VERTEX_POINT('',#502);
#502 = CARTESIAN_POINT('',(-33.02606042997,4.718455247729,-3.));
#503 = CIRCLE('',#504,3.);
#504 = AXIS2_PLACEMENT_3D('',#505,#506,#507);
#505 = CARTESIAN_POINT('',(-32.,1.899377385371,-3.));
#506 = DIRECTION('',(-0.,-0.,-1.));
#507 = DIRECTION('',(0.,-1.,0.));
#508 = ORIENTED_EDGE('',*,*,#509,.T.);
#509 = EDGE_CURVE('',#501,#211,#510,.T.);
#510 = LINE('',#511,#512);
#511 = CARTESIAN_POINT('',(-33.02606042997,4.718455247729,-3.));
#512 = VECTOR('',#513,1.);
#513 = DIRECTION('',(0.,0.,1.));
#514 = ORIENTED_EDGE('',*,*,#218,.F.);
#515 = ORIENTED_EDGE('',*,*,#461,.F.);
#516 = CYLINDRICAL_SURFACE('',#517,3.);
#517 = AXIS2_PLACEMENT_3D('',#518,#519,#520);
#518 = CARTESIAN_POINT('',(-32.,1.899377385371,-3.));
#519 = DIRECTION('',(0.,0.,1.));
#520 = DIRECTION('',(-1.,0.,0.));
#521 = ADVANCED_FACE('',(#522),#540,.F.);
#522 = FACE_BOUND('',#523,.F.);
#523 = EDGE_LOOP('',(#524,#532,#533,#534));
#524 = ORIENTED_EDGE('',*,*,#525,.F.);
#525 = EDGE_CURVE('',#476,#526,#528,.T.);
#526 = VERTEX_POINT('',#527);
#527 = CARTESIAN_POINT('',(-13.58678889475,-11.79377146237,-3.));
#528 = LINE('',#529,#530);
#529 = CARTESIAN_POINT('',(-35.,-4.,-3.));
#530 = VECTOR('',#531,1.);
#531 = DIRECTION('',(0.939692620786,-0.342020143326,0.));
#532 = ORIENTED_EDGE('',*,*,#484,.T.);
#533 = ORIENTED_EDGE('',*,*,#40,.T.);
#534 = ORIENTED_EDGE('',*,*,#535,.F.);
#535 = EDGE_CURVE('',#526,#41,#536,.T.);
#536 = LINE('',#537,#538);
#537 = CARTESIAN_POINT('',(-13.58678889475,-11.79377146237,-3.));
#538 = VECTOR('',#539,1.);
#539 = DIRECTION('',(0.,0.,1.));
#540 = PLANE('',#541);
#541 = AXIS2_PLACEMENT_3D('',#542,#543,#544);
#542 = CARTESIAN_POINT('',(-35.,-4.,-3.));
#543 = DIRECTION('',(0.342020143326,0.939692620786,0.));
#544 = DIRECTION('',(0.939692620786,-0.342020143326,0.));
#545 = ADVANCED_FACE('',(#546),#564,.T.);
#546 = FACE_BOUND('',#547,.T.);
#547 = EDGE_LOOP('',(#548,#556,#557,#558));
#548 = ORIENTED_EDGE('',*,*,#549,.F.);
#549 = EDGE_CURVE('',#501,#550,#552,.T.);
#550 = VERTEX_POINT('',#551);
#551 = CARTESIAN_POINT('',(-13.58678889475,11.79377146237,-3.));
#552 = LINE('',#553,#554);
#553 = CARTESIAN_POINT('',(-35.,4.,-3.));
#554 = VECTOR('',#555,1.);
#555 = DIRECTION('',(0.939692620786,0.342020143326,0.));
#556 = ORIENTED_EDGE('',*,*,#509,.T.);
#557 = ORIENTED_EDGE('',*,*,#210,.T.);
#558 = ORIENTED_EDGE('',*,*,#559,.F.);
#559 = EDGE_CURVE('',#550,#202,#560,.T.);
#560 = LINE('',#561,#562);
#561 = CARTESIAN_POINT('',(-13.58678889475,11.79377146237,-3.));
#562 = VECTOR('',#563,1.);
#563 = DIRECTION('',(0.,0.,1.));
#564 = PLANE('',#565);
#565 = AXIS2_PLACEMENT_3D('',#566,#567,#568);
#566 = CARTESIAN_POINT('',(-35.,4.,-3.));
#567 = DIRECTION('',(-0.342020143326,0.939692620786,0.));
#568 = DIRECTION('',(0.939692620786,0.342020143326,0.));
#569 = ADVANCED_FACE('',(#570),#589,.F.);
#570 = FACE_BOUND('',#571,.T.);
#571 = EDGE_LOOP('',(#572,#581,#587,#588));
#572 = ORIENTED_EDGE('',*,*,#573,.T.);
#573 = EDGE_CURVE('',#526,#574,#576,.T.);
#574 = VERTEX_POINT('',#575);
#575 = CARTESIAN_POINT('',(-11.79377146237,-13.58678889475,-3.));
#576 = CIRCLE('',#577,3.);
#577 = AXIS2_PLACEMENT_3D('',#578,#579,#580);
#578 = CARTESIAN_POINT('',(-14.61284932472,-14.61284932472,-3.));
#579 = DIRECTION('',(-0.,-0.,-1.));
#580 = DIRECTION('',(0.,-1.,0.));
#581 = ORIENTED_EDGE('',*,*,#582,.T.);
#582 = EDGE_CURVE('',#574,#49,#583,.T.);
#583 = LINE('',#584,#585);
#584 = CARTESIAN_POINT('',(-11.79377146237,-13.58678889475,-3.));
#585 = VECTOR('',#586,1.);
#586 = DIRECTION('',(0.,0.,1.));
#587 = ORIENTED_EDGE('',*,*,#48,.F.);
#588 = ORIENTED_EDGE('',*,*,#535,.F.);
#589 = CYLINDRICAL_SURFACE('',#590,3.);
#590 = AXIS2_PLACEMENT_3D('',#591,#592,#593);
#591 = CARTESIAN_POINT('',(-14.61284932472,-14.61284932472,-3.));
#592 = DIRECTION('',(0.,0.,1.));
#593 = DIRECTION('',(0.342020143326,0.939692620786,0.));
#594 = ADVANCED_FACE('',(#595),#614,.F.);
#595 = FACE_BOUND('',#596,.F.);
#596 = EDGE_LOOP('',(#597,#606,#612,#613));
#597 = ORIENTED_EDGE('',*,*,#598,.T.);
#598 = EDGE_CURVE('',#550,#599,#601,.T.);
#599 = VERTEX_POINT('',#600);
#600 = CARTESIAN_POINT('',(-11.79377146237,13.58678889475,-3.));
#601 = CIRCLE('',#602,3.);
#602 = AXIS2_PLACEMENT_3D('',#603,#604,#605);
#603 = CARTESIAN_POINT('',(-14.61284932472,14.612849324727,-3.));
#604 = DIRECTION('',(-0.,0.,1.));
#605 = DIRECTION('',(0.,-1.,0.));
#606 = ORIENTED_EDGE('',*,*,#607,.T.);
#607 = EDGE_CURVE('',#599,#194,#608,.T.);
#608 = LINE('',#609,#610);
#609 = CARTESIAN_POINT('',(-11.79377146237,13.58678889475,-3.));
#610 = VECTOR('',#611,1.);
#611 = DIRECTION('',(0.,0.,1.));
#612 = ORIENTED_EDGE('',*,*,#201,.F.);
#613 = ORIENTED_EDGE('',*,*,#559,.F.);
#614 = CYLINDRICAL_SURFACE('',#615,3.);
#615 = AXIS2_PLACEMENT_3D('',#616,#617,#618);
#616 = CARTESIAN_POINT('',(-14.61284932472,14.612849324727,-3.));
#617 = DIRECTION('',(0.,0.,1.));
#618 = DIRECTION('',(0.342020143326,-0.939692620786,0.));
#619 = ADVANCED_FACE('',(#620),#638,.T.);
#620 = FACE_BOUND('',#621,.T.);
#621 = EDGE_LOOP('',(#622,#630,#636,#637));
#622 = ORIENTED_EDGE('',*,*,#623,.F.);
#623 = EDGE_CURVE('',#624,#574,#626,.T.);
#624 = VERTEX_POINT('',#625);
#625 = CARTESIAN_POINT('',(-4.718455247729,-33.02606042997,-3.));
#626 = LINE('',#627,#628);
#627 = CARTESIAN_POINT('',(-4.,-35.,-3.));
#628 = VECTOR('',#629,1.);
#629 = DIRECTION('',(-0.342020143326,0.939692620786,0.));
#630 = ORIENTED_EDGE('',*,*,#631,.T.);
#631 = EDGE_CURVE('',#624,#58,#632,.T.);
#632 = LINE('',#633,#634);
#633 = CARTESIAN_POINT('',(-4.718455247729,-33.02606042997,-3.));
#634 = VECTOR('',#635,1.);
#635 = DIRECTION('',(0.,0.,1.));
#636 = ORIENTED_EDGE('',*,*,#57,.T.);
#637 = ORIENTED_EDGE('',*,*,#582,.F.);
#638 = PLANE('',#639);
#639 = AXIS2_PLACEMENT_3D('',#640,#641,#642);
#640 = CARTESIAN_POINT('',(-4.,-35.,-3.));
#641 = DIRECTION('',(-0.939692620786,-0.342020143326,0.));
#642 = DIRECTION('',(-0.342020143326,0.939692620786,0.));
#643 = ADVANCED_FACE('',(#644),#662,.T.);
#644 = FACE_BOUND('',#645,.T.);
#645 = EDGE_LOOP('',(#646,#654,#655,#656));
#646 = ORIENTED_EDGE('',*,*,#647,.F.);
#647 = EDGE_CURVE('',#599,#648,#650,.T.);
#648 = VERTEX_POINT('',#649);
#649 = CARTESIAN_POINT('',(-4.718455247729,33.026060429977,-3.));
#650 = LINE('',#651,#652);
#651 = CARTESIAN_POINT('',(-12.27223129859,12.272231298598,-3.));
#652 = VECTOR('',#653,1.);
#653 = DIRECTION('',(0.342020143326,0.939692620786,0.));
#654 = ORIENTED_EDGE('',*,*,#607,.T.);
#655 = ORIENTED_EDGE('',*,*,#193,.T.);
#656 = ORIENTED_EDGE('',*,*,#657,.F.);
#657 = EDGE_CURVE('',#648,#185,#658,.T.);
#658 = LINE('',#659,#660);
#659 = CARTESIAN_POINT('',(-4.718455247729,33.026060429977,-3.));
#660 = VECTOR('',#661,1.);
#661 = DIRECTION('',(0.,0.,1.));
#662 = PLANE('',#663);
#663 = AXIS2_PLACEMENT_3D('',#664,#665,#666);
#664 = CARTESIAN_POINT('',(-12.27223129859,12.272231298598,-3.));
#665 = DIRECTION('',(-0.939692620786,0.342020143326,0.));
#666 = DIRECTION('',(0.342020143326,0.939692620786,0.));
#667 = ADVANCED_FACE('',(#668),#687,.T.);
#668 = FACE_BOUND('',#669,.T.);
#669 = EDGE_LOOP('',(#670,#679,#685,#686));
#670 = ORIENTED_EDGE('',*,*,#671,.T.);
#671 = EDGE_CURVE('',#624,#672,#674,.T.);
#672 = VERTEX_POINT('',#673);
#673 = CARTESIAN_POINT('',(-1.899377385371,-35.,-3.));
#674 = CIRCLE('',#675,3.);
#675 = AXIS2_PLACEMENT_3D('',#676,#677,#678);
#676 = CARTESIAN_POINT('',(-1.899377385371,-32.,-3.));
#677 = DIRECTION('',(-0.,0.,1.));
#678 = DIRECTION('',(0.,-1.,0.));
#679 = ORIENTED_EDGE('',*,*,#680,.T.);
#680 = EDGE_CURVE('',#672,#66,#681,.T.);
#681 = LINE('',#682,#683);
#682 = CARTESIAN_POINT('',(-1.899377385371,-35.,-3.));
#683 = VECTOR('',#684,1.);
#684 = DIRECTION('',(0.,0.,1.));
#685 = ORIENTED_EDGE('',*,*,#65,.F.);
#686 = ORIENTED_EDGE('',*,*,#631,.F.);
#687 = CYLINDRICAL_SURFACE('',#688,3.);
#688 = AXIS2_PLACEMENT_3D('',#689,#690,#691);
#689 = CARTESIAN_POINT('',(-1.899377385371,-32.,-3.));
#690 = DIRECTION('',(0.,0.,1.));
#691 = DIRECTION('',(-0.939692620786,-0.342020143326,0.));
#692 = ADVANCED_FACE('',(#693),#712,.T.);
#693 = FACE_BOUND('',#694,.F.);
#694 = EDGE_LOOP('',(#695,#704,#710,#711));
#695 = ORIENTED_EDGE('',*,*,#696,.T.);
#696 = EDGE_CURVE('',#648,#697,#699,.T.);
#697 = VERTEX_POINT('',#698);
#698 = CARTESIAN_POINT('',(-1.899377385371,35.,-3.));
#699 = CIRCLE('',#700,3.);
#700 = AXIS2_PLACEMENT_3D('',#701,#702,#703);
#701 = CARTESIAN_POINT('',(-1.899377385371,32.,-3.));
#702 = DIRECTION('',(-0.,-0.,-1.));
#703 = DIRECTION('',(0.,-1.,0.));
#704 = ORIENTED_EDGE('',*,*,#705,.T.);
#705 = EDGE_CURVE('',#697,#177,#706,.T.);
#706 = LINE('',#707,#708);
#707 = CARTESIAN_POINT('',(-1.899377385371,35.,-3.));
#708 = VECTOR('',#709,1.);
#709 = DIRECTION('',(0.,0.,1.));
#710 = ORIENTED_EDGE('',*,*,#184,.F.);
#711 = ORIENTED_EDGE('',*,*,#657,.F.);
#712 = CYLINDRICAL_SURFACE('',#713,3.);
#713 = AXIS2_PLACEMENT_3D('',#714,#715,#716);
#714 = CARTESIAN_POINT('',(-1.899377385371,32.,-3.));
#715 = DIRECTION('',(0.,0.,1.));
#716 = DIRECTION('',(-0.939692620786,0.342020143326,0.));
#717 = ADVANCED_FACE('',(#718),#736,.T.);
#718 = FACE_BOUND('',#719,.T.);
#719 = EDGE_LOOP('',(#720,#728,#734,#735));
#720 = ORIENTED_EDGE('',*,*,#721,.F.);
#721 = EDGE_CURVE('',#722,#672,#724,.T.);
#722 = VERTEX_POINT('',#723);
#723 = CARTESIAN_POINT('',(1.899377385371,-35.,-3.));
#724 = LINE('',#725,#726);
#725 = CARTESIAN_POINT('',(4.,-35.,-3.));
#726 = VECTOR('',#727,1.);
#727 = DIRECTION('',(-1.,0.,0.));
#728 = ORIENTED_EDGE('',*,*,#729,.T.);
#729 = EDGE_CURVE('',#722,#75,#730,.T.);
#730 = LINE('',#731,#732);
#731 = CARTESIAN_POINT('',(1.899377385371,-35.,-3.));
#732 = VECTOR('',#733,1.);
#733 = DIRECTION('',(0.,0.,1.));
#734 = ORIENTED_EDGE('',*,*,#74,.T.);
#735 = ORIENTED_EDGE('',*,*,#680,.F.);
#736 = PLANE('',#737);
#737 = AXIS2_PLACEMENT_3D('',#738,#739,#740);
#738 = CARTESIAN_POINT('',(4.,-35.,-3.));
#739 = DIRECTION('',(0.,-1.,0.));
#740 = DIRECTION('',(-1.,0.,0.));
#741 = ADVANCED_FACE('',(#742),#760,.T.);
#742 = FACE_BOUND('',#743,.T.);
#743 = EDGE_LOOP('',(#744,#752,#753,#754));
#744 = ORIENTED_EDGE('',*,*,#745,.F.);
#745 = EDGE_CURVE('',#697,#746,#748,.T.);
#746 = VERTEX_POINT('',#747);
#747 = CARTESIAN_POINT('',(1.899377385371,35.,-3.));
#748 = LINE('',#749,#750);
#749 = CARTESIAN_POINT('',(-4.,35.,-3.));
#750 = VECTOR('',#751,1.);
#751 = DIRECTION('',(1.,0.,0.));
#752 = ORIENTED_EDGE('',*,*,#705,.T.);
#753 = ORIENTED_EDGE('',*,*,#176,.T.);
#754 = ORIENTED_EDGE('',*,*,#755,.F.);
#755 = EDGE_CURVE('',#746,#168,#756,.T.);
#756 = LINE('',#757,#758);
#757 = CARTESIAN_POINT('',(1.899377385371,35.,-3.));
#758 = VECTOR('',#759,1.);
#759 = DIRECTION('',(0.,0.,1.));
#760 = PLANE('',#761);
#761 = AXIS2_PLACEMENT_3D('',#762,#763,#764);
#762 = CARTESIAN_POINT('',(-4.,35.,-3.));
#763 = DIRECTION('',(0.,1.,0.));
#764 = DIRECTION('',(1.,0.,0.));
#765 = ADVANCED_FACE('',(#766),#785,.T.);
#766 = FACE_BOUND('',#767,.T.);
#767 = EDGE_LOOP('',(#768,#777,#783,#784));
#768 = ORIENTED_EDGE('',*,*,#769,.T.);
#769 = EDGE_CURVE('',#722,#770,#772,.T.);
#770 = VERTEX_POINT('',#771);
#771 = CARTESIAN_POINT('',(4.718455247729,-33.02606042997,-3.));
#772 = CIRCLE('',#773,3.);
#773 = AXIS2_PLACEMENT_3D('',#774,#775,#776);
#774 = CARTESIAN_POINT('',(1.899377385371,-32.,-3.));
#775 = DIRECTION('',(-0.,0.,1.));
#776 = DIRECTION('',(0.,-1.,0.));
#777 = ORIENTED_EDGE('',*,*,#778,.T.);
#778 = EDGE_CURVE('',#770,#83,#779,.T.);
#779 = LINE('',#780,#781);
#780 = CARTESIAN_POINT('',(4.718455247729,-33.02606042997,-3.));
#781 = VECTOR('',#782,1.);
#782 = DIRECTION('',(0.,0.,1.));
#783 = ORIENTED_EDGE('',*,*,#82,.F.);
#784 = ORIENTED_EDGE('',*,*,#729,.F.);
#785 = CYLINDRICAL_SURFACE('',#786,3.);
#786 = AXIS2_PLACEMENT_3D('',#787,#788,#789);
#787 = CARTESIAN_POINT('',(1.899377385371,-32.,-3.));
#788 = DIRECTION('',(0.,0.,1.));
#789 = DIRECTION('',(0.,-1.,0.));
#790 = ADVANCED_FACE('',(#791),#810,.T.);
#791 = FACE_BOUND('',#792,.F.);
#792 = EDGE_LOOP('',(#793,#802,#808,#809));
#793 = ORIENTED_EDGE('',*,*,#794,.T.);
#794 = EDGE_CURVE('',#746,#795,#797,.T.);
#795 = VERTEX_POINT('',#796);
#796 = CARTESIAN_POINT('',(4.718455247729,33.026060429977,-3.));
#797 = CIRCLE('',#798,3.);
#798 = AXIS2_PLACEMENT_3D('',#799,#800,#801);
#799 = CARTESIAN_POINT('',(1.899377385371,32.,-3.));
#800 = DIRECTION('',(-0.,-0.,-1.));
#801 = DIRECTION('',(0.,-1.,0.));
#802 = ORIENTED_EDGE('',*,*,#803,.T.);
#803 = EDGE_CURVE('',#795,#160,#804,.T.);
#804 = LINE('',#805,#806);
#805 = CARTESIAN_POINT('',(4.718455247729,33.026060429977,-3.));
#806 = VECTOR('',#807,1.);
#807 = DIRECTION('',(0.,0.,1.));
#808 = ORIENTED_EDGE('',*,*,#167,.F.);
#809 = ORIENTED_EDGE('',*,*,#755,.F.);
#810 = CYLINDRICAL_SURFACE('',#811,3.);
#811 = AXIS2_PLACEMENT_3D('',#812,#813,#814);
#812 = CARTESIAN_POINT('',(1.899377385371,32.,-3.));
#813 = DIRECTION('',(0.,0.,1.));
#814 = DIRECTION('',(0.,1.,0.));
#815 = ADVANCED_FACE('',(#816),#834,.T.);
#816 = FACE_BOUND('',#817,.T.);
#817 = EDGE_LOOP('',(#818,#826,#832,#833));
#818 = ORIENTED_EDGE('',*,*,#819,.F.);
#819 = EDGE_CURVE('',#820,#770,#822,.T.);
#820 = VERTEX_POINT('',#821);
#821 = CARTESIAN_POINT('',(11.79377146237,-13.58678889475,-3.));
#822 = LINE('',#823,#824);
#823 = CARTESIAN_POINT('',(12.272231298598,-12.27223129859,-3.));
#824 = VECTOR('',#825,1.);
#825 = DIRECTION('',(-0.342020143326,-0.939692620786,0.));
#826 = ORIENTED_EDGE('',*,*,#827,.T.);
#827 = EDGE_CURVE('',#820,#92,#828,.T.);
#828 = LINE('',#829,#830);
#829 = CARTESIAN_POINT('',(11.79377146237,-13.58678889475,-3.));
#830 = VECTOR('',#831,1.);
#831 = DIRECTION('',(0.,0.,1.));
#832 = ORIENTED_EDGE('',*,*,#91,.T.);
#833 = ORIENTED_EDGE('',*,*,#778,.F.);
#834 = PLANE('',#835);
#835 = AXIS2_PLACEMENT_3D('',#836,#837,#838);
#836 = CARTESIAN_POINT('',(12.272231298598,-12.27223129859,-3.));
#837 = DIRECTION('',(0.939692620786,-0.342020143326,0.));
#838 = DIRECTION('',(-0.342020143326,-0.939692620786,0.));
#839 = ADVANCED_FACE('',(#840),#858,.T.);
#840 = FACE_BOUND('',#841,.T.);
#841 = EDGE_LOOP('',(#842,#850,#851,#852));
#842 = ORIENTED_EDGE('',*,*,#843,.F.);
#843 = EDGE_CURVE('',#795,#844,#846,.T.);
#844 = VERTEX_POINT('',#845);
#845 = CARTESIAN_POINT('',(11.79377146237,13.58678889475,-3.));
#846 = LINE('',#847,#848);
#847 = CARTESIAN_POINT('',(4.,35.,-3.));
#848 = VECTOR('',#849,1.);
#849 = DIRECTION('',(0.342020143326,-0.939692620786,0.));
#850 = ORIENTED_EDGE('',*,*,#803,.T.);
#851 = ORIENTED_EDGE('',*,*,#159,.T.);
#852 = ORIENTED_EDGE('',*,*,#853,.F.);
#853 = EDGE_CURVE('',#844,#151,#854,.T.);
#854 = LINE('',#855,#856);
#855 = CARTESIAN_POINT('',(11.79377146237,13.58678889475,-3.));
#856 = VECTOR('',#857,1.);
#857 = DIRECTION('',(0.,0.,1.));
#858 = PLANE('',#859);
#859 = AXIS2_PLACEMENT_3D('',#860,#861,#862);
#860 = CARTESIAN_POINT('',(4.,35.,-3.));
#861 = DIRECTION('',(0.939692620786,0.342020143326,0.));
#862 = DIRECTION('',(0.342020143326,-0.939692620786,0.));
#863 = ADVANCED_FACE('',(#864),#883,.F.);
#864 = FACE_BOUND('',#865,.T.);
#865 = EDGE_LOOP('',(#866,#875,#881,#882));
#866 = ORIENTED_EDGE('',*,*,#867,.T.);
#867 = EDGE_CURVE('',#820,#868,#870,.T.);
#868 = VERTEX_POINT('',#869);
#869 = CARTESIAN_POINT('',(13.58678889475,-11.79377146237,-3.));
#870 = CIRCLE('',#871,3.);
#871 = AXIS2_PLACEMENT_3D('',#872,#873,#874);
#872 = CARTESIAN_POINT('',(14.612849324727,-14.61284932472,-3.));
#873 = DIRECTION('',(-0.,-0.,-1.));
#874 = DIRECTION('',(0.,-1.,0.));
#875 = ORIENTED_EDGE('',*,*,#876,.T.);
#876 = EDGE_CURVE('',#868,#100,#877,.T.);
#877 = LINE('',#878,#879);
#878 = CARTESIAN_POINT('',(13.58678889475,-11.79377146237,-3.));
#879 = VECTOR('',#880,1.);
#880 = DIRECTION('',(0.,0.,1.));
#881 = ORIENTED_EDGE('',*,*,#99,.F.);
#882 = ORIENTED_EDGE('',*,*,#827,.F.);
#883 = CYLINDRICAL_SURFACE('',#884,3.);
#884 = AXIS2_PLACEMENT_3D('',#885,#886,#887);
#885 = CARTESIAN_POINT('',(14.612849324727,-14.61284932472,-3.));
#886 = DIRECTION('',(0.,0.,1.));
#887 = DIRECTION('',(-0.939692620786,0.342020143326,0.));
#888 = ADVANCED_FACE('',(#889),#908,.F.);
#889 = FACE_BOUND('',#890,.F.);
#890 = EDGE_LOOP('',(#891,#900,#906,#907));
#891 = ORIENTED_EDGE('',*,*,#892,.T.);
#892 = EDGE_CURVE('',#844,#893,#895,.T.);
#893 = VERTEX_POINT('',#894);
#894 = CARTESIAN_POINT('',(13.58678889475,11.79377146237,-3.));
#895 = CIRCLE('',#896,3.);
#896 = AXIS2_PLACEMENT_3D('',#897,#898,#899);
#897 = CARTESIAN_POINT('',(14.612849324727,14.612849324727,-3.));
#898 = DIRECTION('',(-0.,0.,1.));
#899 = DIRECTION('',(0.,-1.,0.));
#900 = ORIENTED_EDGE('',*,*,#901,.T.);
#901 = EDGE_CURVE('',#893,#143,#902,.T.);
#902 = LINE('',#903,#904);
#903 = CARTESIAN_POINT('',(13.58678889475,11.79377146237,-3.));
#904 = VECTOR('',#905,1.);
#905 = DIRECTION('',(0.,0.,1.));
#906 = ORIENTED_EDGE('',*,*,#150,.F.);
#907 = ORIENTED_EDGE('',*,*,#853,.F.);
#908 = CYLINDRICAL_SURFACE('',#909,3.);
#909 = AXIS2_PLACEMENT_3D('',#910,#911,#912);
#910 = CARTESIAN_POINT('',(14.612849324727,14.612849324727,-3.));
#911 = DIRECTION('',(0.,0.,1.));
#912 = DIRECTION('',(-0.939692620786,-0.342020143326,0.));
#913 = ADVANCED_FACE('',(#914),#932,.T.);
#914 = FACE_BOUND('',#915,.T.);
#915 = EDGE_LOOP('',(#916,#924,#930,#931));
#916 = ORIENTED_EDGE('',*,*,#917,.F.);
#917 = EDGE_CURVE('',#918,#868,#920,.T.);
#918 = VERTEX_POINT('',#919);
#919 = CARTESIAN_POINT('',(33.026060429977,-4.718455247729,-3.));
#920 = LINE('',#921,#922);
#921 = CARTESIAN_POINT('',(35.,-4.,-3.));
#922 = VECTOR('',#923,1.);
#923 = DIRECTION('',(-0.939692620786,-0.342020143326,0.));
#924 = ORIENTED_EDGE('',*,*,#925,.T.);
#925 = EDGE_CURVE('',#918,#109,#926,.T.);
#926 = LINE('',#927,#928);
#927 = CARTESIAN_POINT('',(33.026060429977,-4.718455247729,-3.));
#928 = VECTOR('',#929,1.);
#929 = DIRECTION('',(0.,0.,1.));
#930 = ORIENTED_EDGE('',*,*,#108,.T.);
#931 = ORIENTED_EDGE('',*,*,#876,.F.);
#932 = PLANE('',#933);
#933 = AXIS2_PLACEMENT_3D('',#934,#935,#936);
#934 = CARTESIAN_POINT('',(35.,-4.,-3.));
#935 = DIRECTION('',(0.342020143326,-0.939692620786,0.));
#936 = DIRECTION('',(-0.939692620786,-0.342020143326,0.));
#937 = ADVANCED_FACE('',(#938),#956,.T.);
#938 = FACE_BOUND('',#939,.T.);
#939 = EDGE_LOOP('',(#940,#948,#949,#950));
#940 = ORIENTED_EDGE('',*,*,#941,.F.);
#941 = EDGE_CURVE('',#893,#942,#944,.T.);
#942 = VERTEX_POINT('',#943);
#943 = CARTESIAN_POINT('',(33.026060429977,4.718455247729,-3.));
#944 = LINE('',#945,#946);
#945 = CARTESIAN_POINT('',(12.272231298598,12.272231298598,-3.));
#946 = VECTOR('',#947,1.);
#947 = DIRECTION('',(0.939692620786,-0.342020143326,0.));
#948 = ORIENTED_EDGE('',*,*,#901,.T.);
#949 = ORIENTED_EDGE('',*,*,#142,.T.);
#950 = ORIENTED_EDGE('',*,*,#951,.F.);
#951 = EDGE_CURVE('',#942,#134,#952,.T.);
#952 = LINE('',#953,#954);
#953 = CARTESIAN_POINT('',(33.026060429977,4.718455247729,-3.));
#954 = VECTOR('',#955,1.);
#955 = DIRECTION('',(0.,0.,1.));
#956 = PLANE('',#957);
#957 = AXIS2_PLACEMENT_3D('',#958,#959,#960);
#958 = CARTESIAN_POINT('',(12.272231298598,12.272231298598,-3.));
#959 = DIRECTION('',(0.342020143326,0.939692620786,0.));
#960 = DIRECTION('',(0.939692620786,-0.342020143326,0.));
#961 = ADVANCED_FACE('',(#962),#981,.T.);
#962 = FACE_BOUND('',#963,.T.);
#963 = EDGE_LOOP('',(#964,#973,#979,#980));
#964 = ORIENTED_EDGE('',*,*,#965,.T.);
#965 = EDGE_CURVE('',#918,#966,#968,.T.);
#966 = VERTEX_POINT('',#967);
#967 = CARTESIAN_POINT('',(35.,-1.899377385371,-3.));
#968 = CIRCLE('',#969,3.);
#969 = AXIS2_PLACEMENT_3D('',#970,#971,#972);
#970 = CARTESIAN_POINT('',(32.,-1.899377385371,-3.));
#971 = DIRECTION('',(-0.,0.,1.));
#972 = DIRECTION('',(0.,-1.,0.));
#973 = ORIENTED_EDGE('',*,*,#974,.T.);
#974 = EDGE_CURVE('',#966,#117,#975,.T.);
#975 = LINE('',#976,#977);
#976 = CARTESIAN_POINT('',(35.,-1.899377385371,-3.));
#977 = VECTOR('',#978,1.);
#978 = DIRECTION('',(0.,0.,1.));
#979 = ORIENTED_EDGE('',*,*,#116,.F.);
#980 = ORIENTED_EDGE('',*,*,#925,.F.);
#981 = CYLINDRICAL_SURFACE('',#982,3.);
#982 = AXIS2_PLACEMENT_3D('',#983,#984,#985);
#983 = CARTESIAN_POINT('',(32.,-1.899377385371,-3.));
#984 = DIRECTION('',(0.,0.,1.));
#985 = DIRECTION('',(0.342020143326,-0.939692620786,0.));
#986 = ADVANCED_FACE('',(#987),#1006,.T.);
#987 = FACE_BOUND('',#988,.F.);
#988 = EDGE_LOOP('',(#989,#998,#1004,#1005));
#989 = ORIENTED_EDGE('',*,*,#990,.T.);
#990 = EDGE_CURVE('',#942,#991,#993,.T.);
#991 = VERTEX_POINT('',#992);
#992 = CARTESIAN_POINT('',(35.,1.899377385371,-3.));
#993 = CIRCLE('',#994,3.);
#994 = AXIS2_PLACEMENT_3D('',#995,#996,#997);
#995 = CARTESIAN_POINT('',(32.,1.899377385371,-3.));
#996 = DIRECTION('',(-0.,-0.,-1.));
#997 = DIRECTION('',(0.,-1.,0.));
#998 = ORIENTED_EDGE('',*,*,#999,.T.);
#999 = EDGE_CURVE('',#991,#126,#1000,.T.);
#1000 = LINE('',#1001,#1002);
#1001 = CARTESIAN_POINT('',(35.,1.899377385371,-3.));
#1002 = VECTOR('',#1003,1.);
#1003 = DIRECTION('',(0.,0.,1.));
#1004 = ORIENTED_EDGE('',*,*,#133,.F.);
#1005 = ORIENTED_EDGE('',*,*,#951,.F.);
#1006 = CYLINDRICAL_SURFACE('',#1007,3.);
#1007 = AXIS2_PLACEMENT_3D('',#1008,#1009,#1010);
#1008 = CARTESIAN_POINT('',(32.,1.899377385371,-3.));
#1009 = DIRECTION('',(0.,0.,1.));
#1010 = DIRECTION('',(0.342020143326,0.939692620786,0.));
#1011 = ADVANCED_FACE('',(#1012),#1023,.T.);
#1012 = FACE_BOUND('',#1013,.T.);
#1013 = EDGE_LOOP('',(#1014,#1020,#1021,#1022));
#1014 = ORIENTED_EDGE('',*,*,#1015,.F.);
#1015 = EDGE_CURVE('',#991,#966,#1016,.T.);
#1016 = LINE('',#1017,#1018);
#1017 = CARTESIAN_POINT('',(35.,4.,-3.));
#1018 = VECTOR('',#1019,1.);
#1019 = DIRECTION('',(0.,-1.,0.));
#1020 = ORIENTED_EDGE('',*,*,#999,.T.);
#1021 = ORIENTED_EDGE('',*,*,#125,.T.);
#1022 = ORIENTED_EDGE('',*,*,#974,.F.);
#1023 = PLANE('',#1024);
#1024 = AXIS2_PLACEMENT_3D('',#1025,#1026,#1027);
#1025 = CARTESIAN_POINT('',(35.,4.,-3.));
#1026 = DIRECTION('',(1.,0.,0.));
#1027 = DIRECTION('',(0.,-1.,0.));
#1028 = ADVANCED_FACE('',(#1029),#1054,.F.);
#1029 = FACE_BOUND('',#1030,.F.);
#1030 = EDGE_LOOP('',(#1031,#1039,#1047,#1053));
#1031 = ORIENTED_EDGE('',*,*,#1032,.T.);
#1032 = EDGE_CURVE('',#228,#1033,#1035,.T.);
#1033 = VERTEX_POINT('',#1034);
#1034 = CARTESIAN_POINT('',(-27.3,0.,-0.5));
#1035 = LINE('',#1036,#1037);
#1036 = CARTESIAN_POINT('',(-27.3,0.,2.));
#1037 = VECTOR('',#1038,1.);
#1038 = DIRECTION('',(-0.,-0.,-1.));
#1039 = ORIENTED_EDGE('',*,*,#1040,.T.);
#1040 = EDGE_CURVE('',#1033,#1041,#1043,.T.);
#1041 = VERTEX_POINT('',#1042);
#1042 = CARTESIAN_POINT('',(-28.9,2.77128129211,-0.5));
#1043 = LINE('',#1044,#1045);
#1044 = CARTESIAN_POINT('',(-27.3,0.,-0.5));
#1045 = VECTOR('',#1046,1.);
#1046 = DIRECTION('',(-0.5,0.866025403784,0.));
#1047 = ORIENTED_EDGE('',*,*,#1048,.F.);
#1048 = EDGE_CURVE('',#230,#1041,#1049,.T.);
#1049 = LINE('',#1050,#1051);
#1050 = CARTESIAN_POINT('',(-28.9,2.77128129211,2.));
#1051 = VECTOR('',#1052,1.);
#1052 = DIRECTION('',(-0.,-0.,-1.));
#1053 = ORIENTED_EDGE('',*,*,#227,.F.);
#1054 = PLANE('',#1055);
#1055 = AXIS2_PLACEMENT_3D('',#1056,#1057,#1058);
#1056 = CARTESIAN_POINT('',(-27.3,0.,2.));
#1057 = DIRECTION('',(0.866025403784,0.5,0.));
#1058 = DIRECTION('',(-0.5,0.866025403784,0.));
#1059 = ADVANCED_FACE('',(#1060),#1078,.F.);
#1060 = FACE_BOUND('',#1061,.F.);
#1061 = EDGE_LOOP('',(#1062,#1063,#1071,#1077));
#1062 = ORIENTED_EDGE('',*,*,#1048,.T.);
#1063 = ORIENTED_EDGE('',*,*,#1064,.T.);
#1064 = EDGE_CURVE('',#1041,#1065,#1067,.T.);
#1065 = VERTEX_POINT('',#1066);
#1066 = CARTESIAN_POINT('',(-32.1,2.77128129211,-0.5));
#1067 = LINE('',#1068,#1069);
#1068 = CARTESIAN_POINT('',(-28.9,2.77128129211,-0.5));
#1069 = VECTOR('',#1070,1.);
#1070 = DIRECTION('',(-1.,0.,0.));
#1071 = ORIENTED_EDGE('',*,*,#1072,.F.);
#1072 = EDGE_CURVE('',#262,#1065,#1073,.T.);
#1073 = LINE('',#1074,#1075);
#1074 = CARTESIAN_POINT('',(-32.1,2.77128129211,2.));
#1075 = VECTOR('',#1076,1.);
#1076 = DIRECTION('',(-0.,-0.,-1.));
#1077 = ORIENTED_EDGE('',*,*,#269,.F.);
#1078 = PLANE('',#1079);
#1079 = AXIS2_PLACEMENT_3D('',#1080,#1081,#1082);
#1080 = CARTESIAN_POINT('',(-28.9,2.77128129211,2.));
#1081 = DIRECTION('',(0.,1.,0.));
#1082 = DIRECTION('',(-1.,0.,0.));
#1083 = ADVANCED_FACE('',(#1084),#1102,.F.);
#1084 = FACE_BOUND('',#1085,.F.);
#1085 = EDGE_LOOP('',(#1086,#1087,#1095,#1101));
#1086 = ORIENTED_EDGE('',*,*,#1072,.T.);
#1087 = ORIENTED_EDGE('',*,*,#1088,.T.);
#1088 = EDGE_CURVE('',#1065,#1089,#1091,.T.);
#1089 = VERTEX_POINT('',#1090);
#1090 = CARTESIAN_POINT('',(-33.7,0.,-0.5));
#1091 = LINE('',#1092,#1093);
#1092 = CARTESIAN_POINT('',(-32.1,2.77128129211,-0.5));
#1093 = VECTOR('',#1094,1.);
#1094 = DIRECTION('',(-0.5,-0.866025403784,0.));
#1095 = ORIENTED_EDGE('',*,*,#1096,.F.);
#1096 = EDGE_CURVE('',#254,#1089,#1097,.T.);
#1097 = LINE('',#1098,#1099);
#1098 = CARTESIAN_POINT('',(-33.7,0.,2.));
#1099 = VECTOR('',#1100,1.);
#1100 = DIRECTION('',(-0.,-0.,-1.));
#1101 = ORIENTED_EDGE('',*,*,#261,.F.);
#1102 = PLANE('',#1103);
#1103 = AXIS2_PLACEMENT_3D('',#1104,#1105,#1106);
#1104 = CARTESIAN_POINT('',(-32.1,2.77128129211,2.));
#1105 = DIRECTION('',(-0.866025403784,0.5,0.));
#1106 = DIRECTION('',(-0.5,-0.866025403784,0.));
#1107 = ADVANCED_FACE('',(#1108),#1126,.F.);
#1108 = FACE_BOUND('',#1109,.F.);
#1109 = EDGE_LOOP('',(#1110,#1111,#1119,#1125));
#1110 = ORIENTED_EDGE('',*,*,#1096,.T.);
#1111 = ORIENTED_EDGE('',*,*,#1112,.T.);
#1112 = EDGE_CURVE('',#1089,#1113,#1115,.T.);
#1113 = VERTEX_POINT('',#1114);
#1114 = CARTESIAN_POINT('',(-32.1,-2.77128129211,-0.5));
#1115 = LINE('',#1116,#1117);
#1116 = CARTESIAN_POINT('',(-33.7,0.,-0.5));
#1117 = VECTOR('',#1118,1.);
#1118 = DIRECTION('',(0.5,-0.866025403784,0.));
#1119 = ORIENTED_EDGE('',*,*,#1120,.F.);
#1120 = EDGE_CURVE('',#246,#1113,#1121,.T.);
#1121 = LINE('',#1122,#1123);
#1122 = CARTESIAN_POINT('',(-32.1,-2.77128129211,2.));
#1123 = VECTOR('',#1124,1.);
#1124 = DIRECTION('',(-0.,-0.,-1.));
#1125 = ORIENTED_EDGE('',*,*,#253,.F.);
#1126 = PLANE('',#1127);
#1127 = AXIS2_PLACEMENT_3D('',#1128,#1129,#1130);
#1128 = CARTESIAN_POINT('',(-33.7,0.,2.));
#1129 = DIRECTION('',(-0.866025403784,-0.5,0.));
#1130 = DIRECTION('',(0.5,-0.866025403784,0.));
#1131 = ADVANCED_FACE('',(#1132),#1150,.F.);
#1132 = FACE_BOUND('',#1133,.F.);
#1133 = EDGE_LOOP('',(#1134,#1135,#1143,#1149));
#1134 = ORIENTED_EDGE('',*,*,#1120,.T.);
#1135 = ORIENTED_EDGE('',*,*,#1136,.T.);
#1136 = EDGE_CURVE('',#1113,#1137,#1139,.T.);
#1137 = VERTEX_POINT('',#1138);
#1138 = CARTESIAN_POINT('',(-28.9,-2.77128129211,-0.5));
#1139 = LINE('',#1140,#1141);
#1140 = CARTESIAN_POINT('',(-32.1,-2.77128129211,-0.5));
#1141 = VECTOR('',#1142,1.);
#1142 = DIRECTION('',(1.,0.,0.));
#1143 = ORIENTED_EDGE('',*,*,#1144,.F.);
#1144 = EDGE_CURVE('',#238,#1137,#1145,.T.);
#1145 = LINE('',#1146,#1147);
#1146 = CARTESIAN_POINT('',(-28.9,-2.77128129211,2.));
#1147 = VECTOR('',#1148,1.);
#1148 = DIRECTION('',(-0.,-0.,-1.));
#1149 = ORIENTED_EDGE('',*,*,#245,.F.);
#1150 = PLANE('',#1151);
#1151 = AXIS2_PLACEMENT_3D('',#1152,#1153,#1154);
#1152 = CARTESIAN_POINT('',(-32.1,-2.77128129211,2.));
#1153 = DIRECTION('',(0.,-1.,0.));
#1154 = DIRECTION('',(1.,0.,0.));
#1155 = ADVANCED_FACE('',(#1156),#1167,.F.);
#1156 = FACE_BOUND('',#1157,.F.);
#1157 = EDGE_LOOP('',(#1158,#1159,#1165,#1166));
#1158 = ORIENTED_EDGE('',*,*,#1144,.T.);
#1159 = ORIENTED_EDGE('',*,*,#1160,.T.);
#1160 = EDGE_CURVE('',#1137,#1033,#1161,.T.);
#1161 = LINE('',#1162,#1163);
#1162 = CARTESIAN_POINT('',(-28.9,-2.77128129211,-0.5));
#1163 = VECTOR('',#1164,1.);
#1164 = DIRECTION('',(0.5,0.866025403784,0.));
#1165 = ORIENTED_EDGE('',*,*,#1032,.F.);
#1166 = ORIENTED_EDGE('',*,*,#237,.F.);
#1167 = PLANE('',#1168);
#1168 = AXIS2_PLACEMENT_3D('',#1169,#1170,#1171);
#1169 = CARTESIAN_POINT('',(-28.9,-2.77128129211,2.));
#1170 = DIRECTION('',(0.866025403784,-0.5,0.));
#1171 = DIRECTION('',(0.5,0.866025403784,0.));
#1172 = ADVANCED_FACE('',(#1173),#1198,.F.);
#1173 = FACE_BOUND('',#1174,.F.);
#1174 = EDGE_LOOP('',(#1175,#1183,#1191,#1197));
#1175 = ORIENTED_EDGE('',*,*,#1176,.T.);
#1176 = EDGE_CURVE('',#278,#1177,#1179,.T.);
#1177 = VERTEX_POINT('',#1178);
#1178 = CARTESIAN_POINT('',(1.6,-33.27128129211,-0.5));
#1179 = LINE('',#1180,#1181);
#1180 = CARTESIAN_POINT('',(1.6,-33.27128129211,2.));
#1181 = VECTOR('',#1182,1.);
#1182 = DIRECTION('',(-0.,-0.,-1.));
#1183 = ORIENTED_EDGE('',*,*,#1184,.T.);
#1184 = EDGE_CURVE('',#1177,#1185,#1187,.T.);
#1185 = VERTEX_POINT('',#1186);
#1186 = CARTESIAN_POINT('',(3.2,-30.5,-0.5));
#1187 = LINE('',#1188,#1189);
#1188 = CARTESIAN_POINT('',(1.6,-33.27128129211,-0.5));
#1189 = VECTOR('',#1190,1.);
#1190 = DIRECTION('',(0.5,0.866025403784,0.));
#1191 = ORIENTED_EDGE('',*,*,#1192,.F.);
#1192 = EDGE_CURVE('',#280,#1185,#1193,.T.);
#1193 = LINE('',#1194,#1195);
#1194 = CARTESIAN_POINT('',(3.2,-30.5,2.));
#1195 = VECTOR('',#1196,1.);
#1196 = DIRECTION('',(-0.,-0.,-1.));
#1197 = ORIENTED_EDGE('',*,*,#277,.F.);
#1198 = PLANE('',#1199);
#1199 = AXIS2_PLACEMENT_3D('',#1200,#1201,#1202);
#1200 = CARTESIAN_POINT('',(1.6,-33.27128129211,2.));
#1201 = DIRECTION('',(0.866025403784,-0.5,0.));
#1202 = DIRECTION('',(0.5,0.866025403784,0.));
#1203 = ADVANCED_FACE('',(#1204),#1222,.F.);
#1204 = FACE_BOUND('',#1205,.F.);
#1205 = EDGE_LOOP('',(#1206,#1207,#1215,#1221));
#1206 = ORIENTED_EDGE('',*,*,#1192,.T.);
#1207 = ORIENTED_EDGE('',*,*,#1208,.T.);
#1208 = EDGE_CURVE('',#1185,#1209,#1211,.T.);
#1209 = VERTEX_POINT('',#1210);
#1210 = CARTESIAN_POINT('',(1.6,-27.72871870789,-0.5));
#1211 = LINE('',#1212,#1213);
#1212 = CARTESIAN_POINT('',(3.2,-30.5,-0.5));
#1213 = VECTOR('',#1214,1.);
#1214 = DIRECTION('',(-0.5,0.866025403784,0.));
#1215 = ORIENTED_EDGE('',*,*,#1216,.F.);
#1216 = EDGE_CURVE('',#312,#1209,#1217,.T.);
#1217 = LINE('',#1218,#1219);
#1218 = CARTESIAN_POINT('',(1.6,-27.72871870789,2.));
#1219 = VECTOR('',#1220,1.);
#1220 = DIRECTION('',(-0.,-0.,-1.));
#1221 = ORIENTED_EDGE('',*,*,#319,.F.);
#1222 = PLANE('',#1223);
#1223 = AXIS2_PLACEMENT_3D('',#1224,#1225,#1226);
#1224 = CARTESIAN_POINT('',(3.2,-30.5,2.));
#1225 = DIRECTION('',(0.866025403784,0.5,0.));
#1226 = DIRECTION('',(-0.5,0.866025403784,0.));
#1227 = ADVANCED_FACE('',(#1228),#1246,.F.);
#1228 = FACE_BOUND('',#1229,.F.);
#1229 = EDGE_LOOP('',(#1230,#1231,#1239,#1245));
#1230 = ORIENTED_EDGE('',*,*,#1216,.T.);
#1231 = ORIENTED_EDGE('',*,*,#1232,.T.);
#1232 = EDGE_CURVE('',#1209,#1233,#1235,.T.);
#1233 = VERTEX_POINT('',#1234);
#1234 = CARTESIAN_POINT('',(-1.6,-27.72871870789,-0.5));
#1235 = LINE('',#1236,#1237);
#1236 = CARTESIAN_POINT('',(1.6,-27.72871870789,-0.5));
#1237 = VECTOR('',#1238,1.);
#1238 = DIRECTION('',(-1.,0.,0.));
#1239 = ORIENTED_EDGE('',*,*,#1240,.F.);
#1240 = EDGE_CURVE('',#304,#1233,#1241,.T.);
#1241 = LINE('',#1242,#1243);
#1242 = CARTESIAN_POINT('',(-1.6,-27.72871870789,2.));
#1243 = VECTOR('',#1244,1.);
#1244 = DIRECTION('',(-0.,-0.,-1.));
#1245 = ORIENTED_EDGE('',*,*,#311,.F.);
#1246 = PLANE('',#1247);
#1247 = AXIS2_PLACEMENT_3D('',#1248,#1249,#1250);
#1248 = CARTESIAN_POINT('',(1.6,-27.72871870789,2.));
#1249 = DIRECTION('',(0.,1.,0.));
#1250 = DIRECTION('',(-1.,0.,0.));
#1251 = ADVANCED_FACE('',(#1252),#1270,.F.);
#1252 = FACE_BOUND('',#1253,.F.);
#1253 = EDGE_LOOP('',(#1254,#1255,#1263,#1269));
#1254 = ORIENTED_EDGE('',*,*,#1240,.T.);
#1255 = ORIENTED_EDGE('',*,*,#1256,.T.);
#1256 = EDGE_CURVE('',#1233,#1257,#1259,.T.);
#1257 = VERTEX_POINT('',#1258);
#1258 = CARTESIAN_POINT('',(-3.2,-30.5,-0.5));
#1259 = LINE('',#1260,#1261);
#1260 = CARTESIAN_POINT('',(-1.6,-27.72871870789,-0.5));
#1261 = VECTOR('',#1262,1.);
#1262 = DIRECTION('',(-0.5,-0.866025403784,0.));
#1263 = ORIENTED_EDGE('',*,*,#1264,.F.);
#1264 = EDGE_CURVE('',#296,#1257,#1265,.T.);
#1265 = LINE('',#1266,#1267);
#1266 = CARTESIAN_POINT('',(-3.2,-30.5,2.));
#1267 = VECTOR('',#1268,1.);
#1268 = DIRECTION('',(-0.,-0.,-1.));
#1269 = ORIENTED_EDGE('',*,*,#303,.F.);
#1270 = PLANE('',#1271);
#1271 = AXIS2_PLACEMENT_3D('',#1272,#1273,#1274);
#1272 = CARTESIAN_POINT('',(-1.6,-27.72871870789,2.));
#1273 = DIRECTION('',(-0.866025403784,0.5,0.));
#1274 = DIRECTION('',(-0.5,-0.866025403784,0.));
#1275 = ADVANCED_FACE('',(#1276),#1294,.F.);
#1276 = FACE_BOUND('',#1277,.F.);
#1277 = EDGE_LOOP('',(#1278,#1279,#1287,#1293));
#1278 = ORIENTED_EDGE('',*,*,#1264,.T.);
#1279 = ORIENTED_EDGE('',*,*,#1280,.T.);
#1280 = EDGE_CURVE('',#1257,#1281,#1283,.T.);
#1281 = VERTEX_POINT('',#1282);
#1282 = CARTESIAN_POINT('',(-1.6,-33.27128129211,-0.5));
#1283 = LINE('',#1284,#1285);
#1284 = CARTESIAN_POINT('',(-3.2,-30.5,-0.5));
#1285 = VECTOR('',#1286,1.);
#1286 = DIRECTION('',(0.5,-0.866025403784,0.));
#1287 = ORIENTED_EDGE('',*,*,#1288,.F.);
#1288 = EDGE_CURVE('',#288,#1281,#1289,.T.);
#1289 = LINE('',#1290,#1291);
#1290 = CARTESIAN_POINT('',(-1.6,-33.27128129211,2.));
#1291 = VECTOR('',#1292,1.);
#1292 = DIRECTION('',(-0.,-0.,-1.));
#1293 = ORIENTED_EDGE('',*,*,#295,.F.);
#1294 = PLANE('',#1295);
#1295 = AXIS2_PLACEMENT_3D('',#1296,#1297,#1298);
#1296 = CARTESIAN_POINT('',(-3.2,-30.5,2.));
#1297 = DIRECTION('',(-0.866025403784,-0.5,0.));
#1298 = DIRECTION('',(0.5,-0.866025403784,0.));
#1299 = ADVANCED_FACE('',(#1300),#1311,.F.);
#1300 = FACE_BOUND('',#1301,.F.);
#1301 = EDGE_LOOP('',(#1302,#1303,#1309,#1310));
#1302 = ORIENTED_EDGE('',*,*,#1288,.T.);
#1303 = ORIENTED_EDGE('',*,*,#1304,.T.);
#1304 = EDGE_CURVE('',#1281,#1177,#1305,.T.);
#1305 = LINE('',#1306,#1307);
#1306 = CARTESIAN_POINT('',(-1.6,-33.27128129211,-0.5));
#1307 = VECTOR('',#1308,1.);
#1308 = DIRECTION('',(1.,0.,0.));
#1309 = ORIENTED_EDGE('',*,*,#1176,.F.);
#1310 = ORIENTED_EDGE('',*,*,#287,.F.);
#1311 = PLANE('',#1312);
#1312 = AXIS2_PLACEMENT_3D('',#1313,#1314,#1315);
#1313 = CARTESIAN_POINT('',(-1.6,-33.27128129211,2.));
#1314 = DIRECTION('',(0.,-1.,0.));
#1315 = DIRECTION('',(1.,0.,0.));
#1316 = ADVANCED_FACE('',(#1317),#1337,.F.);
#1317 = FACE_BOUND('',#1318,.T.);
#1318 = EDGE_LOOP('',(#1319,#1328,#1329,#1330));
#1319 = ORIENTED_EDGE('',*,*,#1320,.F.);
#1320 = EDGE_CURVE('',#328,#1321,#1323,.T.);
#1321 = VERTEX_POINT('',#1322);
#1322 = CARTESIAN_POINT('',(12.,0.,6.99));
#1323 = CIRCLE('',#1324,4.99);
#1324 = AXIS2_PLACEMENT_3D('',#1325,#1326,#1327);
#1325 = CARTESIAN_POINT('',(16.99,0.,6.99));
#1326 = DIRECTION('',(-0.,1.,0.));
#1327 = DIRECTION('',(1.,0.,0.));
#1328 = ORIENTED_EDGE('',*,*,#327,.F.);
#1329 = ORIENTED_EDGE('',*,*,#1320,.T.);
#1330 = ORIENTED_EDGE('',*,*,#1331,.T.);
#1331 = EDGE_CURVE('',#1321,#1321,#1332,.T.);
#1332 = CIRCLE('',#1333,12.);
#1333 = AXIS2_PLACEMENT_3D('',#1334,#1335,#1336);
#1334 = CARTESIAN_POINT('',(0.,0.,6.99));
#1335 = DIRECTION('',(0.,0.,1.));
#1336 = DIRECTION('',(1.,0.,0.));
#1337 = TOROIDAL_SURFACE('',#1338,16.99,4.99);
#1338 = AXIS2_PLACEMENT_3D('',#1339,#1340,#1341);
#1339 = CARTESIAN_POINT('',(0.,0.,6.99));
#1340 = DIRECTION('',(-0.,-0.,-1.));
#1341 = DIRECTION('',(1.,0.,0.));
#1342 = ADVANCED_FACE('',(#1343),#1368,.F.);
#1343 = FACE_BOUND('',#1344,.F.);
#1344 = EDGE_LOOP('',(#1345,#1353,#1361,#1367));
#1345 = ORIENTED_EDGE('',*,*,#1346,.T.);
#1346 = EDGE_CURVE('',#339,#1347,#1349,.T.);
#1347 = VERTEX_POINT('',#1348);
#1348 = CARTESIAN_POINT('',(33.7,0.,-0.5));
#1349 = LINE('',#1350,#1351);
#1350 = CARTESIAN_POINT('',(33.7,0.,2.));
#1351 = VECTOR('',#1352,1.);
#1352 = DIRECTION('',(-0.,-0.,-1.));
#1353 = ORIENTED_EDGE('',*,*,#1354,.T.);
#1354 = EDGE_CURVE('',#1347,#1355,#1357,.T.);
#1355 = VERTEX_POINT('',#1356);
#1356 = CARTESIAN_POINT('',(32.1,2.77128129211,-0.5));
#1357 = LINE('',#1358,#1359);
#1358 = CARTESIAN_POINT('',(33.7,0.,-0.5));
#1359 = VECTOR('',#1360,1.);
#1360 = DIRECTION('',(-0.5,0.866025403784,0.));
#1361 = ORIENTED_EDGE('',*,*,#1362,.F.);
#1362 = EDGE_CURVE('',#341,#1355,#1363,.T.);
#1363 = LINE('',#1364,#1365);
#1364 = CARTESIAN_POINT('',(32.1,2.77128129211,2.));
#1365 = VECTOR('',#1366,1.);
#1366 = DIRECTION('',(-0.,-0.,-1.));
#1367 = ORIENTED_EDGE('',*,*,#338,.F.);
#1368 = PLANE('',#1369);
#1369 = AXIS2_PLACEMENT_3D('',#1370,#1371,#1372);
#1370 = CARTESIAN_POINT('',(33.7,0.,2.));
#1371 = DIRECTION('',(0.866025403784,0.5,0.));
#1372 = DIRECTION('',(-0.5,0.866025403784,0.));
#1373 = ADVANCED_FACE('',(#1374),#1392,.F.);
#1374 = FACE_BOUND('',#1375,.F.);
#1375 = EDGE_LOOP('',(#1376,#1377,#1385,#1391));
#1376 = ORIENTED_EDGE('',*,*,#1362,.T.);
#1377 = ORIENTED_EDGE('',*,*,#1378,.T.);
#1378 = EDGE_CURVE('',#1355,#1379,#1381,.T.);
#1379 = VERTEX_POINT('',#1380);
#1380 = CARTESIAN_POINT('',(28.9,2.77128129211,-0.5));
#1381 = LINE('',#1382,#1383);
#1382 = CARTESIAN_POINT('',(32.1,2.77128129211,-0.5));
#1383 = VECTOR('',#1384,1.);
#1384 = DIRECTION('',(-1.,1.387778780781E-16,0.));
#1385 = ORIENTED_EDGE('',*,*,#1386,.F.);
#1386 = EDGE_CURVE('',#373,#1379,#1387,.T.);
#1387 = LINE('',#1388,#1389);
#1388 = CARTESIAN_POINT('',(28.9,2.77128129211,2.));
#1389 = VECTOR('',#1390,1.);
#1390 = DIRECTION('',(-0.,-0.,-1.));
#1391 = ORIENTED_EDGE('',*,*,#380,.F.);
#1392 = PLANE('',#1393);
#1393 = AXIS2_PLACEMENT_3D('',#1394,#1395,#1396);
#1394 = CARTESIAN_POINT('',(32.1,2.77128129211,2.));
#1395 = DIRECTION('',(1.387778780781E-16,1.,0.));
#1396 = DIRECTION('',(-1.,1.387778780781E-16,0.));
#1397 = ADVANCED_FACE('',(#1398),#1416,.F.);
#1398 = FACE_BOUND('',#1399,.F.);
#1399 = EDGE_LOOP('',(#1400,#1401,#1409,#1415));
#1400 = ORIENTED_EDGE('',*,*,#1386,.T.);
#1401 = ORIENTED_EDGE('',*,*,#1402,.T.);
#1402 = EDGE_CURVE('',#1379,#1403,#1405,.T.);
#1403 = VERTEX_POINT('',#1404);
#1404 = CARTESIAN_POINT('',(27.3,0.,-0.5));
#1405 = LINE('',#1406,#1407);
#1406 = CARTESIAN_POINT('',(28.9,2.77128129211,-0.5));
#1407 = VECTOR('',#1408,1.);
#1408 = DIRECTION('',(-0.5,-0.866025403784,0.));
#1409 = ORIENTED_EDGE('',*,*,#1410,.F.);
#1410 = EDGE_CURVE('',#365,#1403,#1411,.T.);
#1411 = LINE('',#1412,#1413);
#1412 = CARTESIAN_POINT('',(27.3,0.,2.));
#1413 = VECTOR('',#1414,1.);
#1414 = DIRECTION('',(-0.,-0.,-1.));
#1415 = ORIENTED_EDGE('',*,*,#372,.F.);
#1416 = PLANE('',#1417);
#1417 = AXIS2_PLACEMENT_3D('',#1418,#1419,#1420);
#1418 = CARTESIAN_POINT('',(28.9,2.77128129211,2.));
#1419 = DIRECTION('',(-0.866025403784,0.5,0.));
#1420 = DIRECTION('',(-0.5,-0.866025403784,0.));
#1421 = ADVANCED_FACE('',(#1422),#1440,.F.);
#1422 = FACE_BOUND('',#1423,.F.);
#1423 = EDGE_LOOP('',(#1424,#1425,#1433,#1439));
#1424 = ORIENTED_EDGE('',*,*,#1410,.T.);
#1425 = ORIENTED_EDGE('',*,*,#1426,.T.);
#1426 = EDGE_CURVE('',#1403,#1427,#1429,.T.);
#1427 = VERTEX_POINT('',#1428);
#1428 = CARTESIAN_POINT('',(28.9,-2.77128129211,-0.5));
#1429 = LINE('',#1430,#1431);
#1430 = CARTESIAN_POINT('',(27.3,0.,-0.5));
#1431 = VECTOR('',#1432,1.);
#1432 = DIRECTION('',(0.5,-0.866025403784,0.));
#1433 = ORIENTED_EDGE('',*,*,#1434,.F.);
#1434 = EDGE_CURVE('',#357,#1427,#1435,.T.);
#1435 = LINE('',#1436,#1437);
#1436 = CARTESIAN_POINT('',(28.9,-2.77128129211,2.));
#1437 = VECTOR('',#1438,1.);
#1438 = DIRECTION('',(-0.,-0.,-1.));
#1439 = ORIENTED_EDGE('',*,*,#364,.F.);
#1440 = PLANE('',#1441);
#1441 = AXIS2_PLACEMENT_3D('',#1442,#1443,#1444);
#1442 = CARTESIAN_POINT('',(27.3,0.,2.));
#1443 = DIRECTION('',(-0.866025403784,-0.5,0.));
#1444 = DIRECTION('',(0.5,-0.866025403784,0.));
#1445 = ADVANCED_FACE('',(#1446),#1464,.F.);
#1446 = FACE_BOUND('',#1447,.F.);
#1447 = EDGE_LOOP('',(#1448,#1449,#1457,#1463));
#1448 = ORIENTED_EDGE('',*,*,#1434,.T.);
#1449 = ORIENTED_EDGE('',*,*,#1450,.T.);
#1450 = EDGE_CURVE('',#1427,#1451,#1453,.T.);
#1451 = VERTEX_POINT('',#1452);
#1452 = CARTESIAN_POINT('',(32.1,-2.77128129211,-0.5));
#1453 = LINE('',#1454,#1455);
#1454 = CARTESIAN_POINT('',(28.9,-2.77128129211,-0.5));
#1455 = VECTOR('',#1456,1.);
#1456 = DIRECTION('',(1.,1.387778780781E-16,0.));
#1457 = ORIENTED_EDGE('',*,*,#1458,.F.);
#1458 = EDGE_CURVE('',#349,#1451,#1459,.T.);
#1459 = LINE('',#1460,#1461);
#1460 = CARTESIAN_POINT('',(32.1,-2.77128129211,2.));
#1461 = VECTOR('',#1462,1.);
#1462 = DIRECTION('',(-0.,-0.,-1.));
#1463 = ORIENTED_EDGE('',*,*,#356,.F.);
#1464 = PLANE('',#1465);
#1465 = AXIS2_PLACEMENT_3D('',#1466,#1467,#1468);
#1466 = CARTESIAN_POINT('',(28.9,-2.77128129211,2.));
#1467 = DIRECTION('',(1.387778780781E-16,-1.,0.));
#1468 = DIRECTION('',(1.,1.387778780781E-16,0.));
#1469 = ADVANCED_FACE('',(#1470),#1481,.F.);
#1470 = FACE_BOUND('',#1471,.F.);
#1471 = EDGE_LOOP('',(#1472,#1473,#1479,#1480));
#1472 = ORIENTED_EDGE('',*,*,#1458,.T.);
#1473 = ORIENTED_EDGE('',*,*,#1474,.T.);
#1474 = EDGE_CURVE('',#1451,#1347,#1475,.T.);
#1475 = LINE('',#1476,#1477);
#1476 = CARTESIAN_POINT('',(32.1,-2.77128129211,-0.5));
#1477 = VECTOR('',#1478,1.);
#1478 = DIRECTION('',(0.5,0.866025403784,0.));
#1479 = ORIENTED_EDGE('',*,*,#1346,.F.);
#1480 = ORIENTED_EDGE('',*,*,#348,.F.);
#1481 = PLANE('',#1482);
#1482 = AXIS2_PLACEMENT_3D('',#1483,#1484,#1485);
#1483 = CARTESIAN_POINT('',(32.1,-2.77128129211,2.));
#1484 = DIRECTION('',(0.866025403784,-0.5,0.));
#1485 = DIRECTION('',(0.5,0.866025403784,0.));
#1486 = ADVANCED_FACE('',(#1487),#1512,.F.);
#1487 = FACE_BOUND('',#1488,.F.);
#1488 = EDGE_LOOP('',(#1489,#1497,#1505,#1511));
#1489 = ORIENTED_EDGE('',*,*,#1490,.T.);
#1490 = EDGE_CURVE('',#389,#1491,#1493,.T.);
#1491 = VERTEX_POINT('',#1492);
#1492 = CARTESIAN_POINT('',(3.200000000018,30.5,-0.5));
#1493 = LINE('',#1494,#1495);
#1494 = CARTESIAN_POINT('',(3.200000000018,30.5,2.));
#1495 = VECTOR('',#1496,1.);
#1496 = DIRECTION('',(-0.,-0.,-1.));
#1497 = ORIENTED_EDGE('',*,*,#1498,.T.);
#1498 = EDGE_CURVE('',#1491,#1499,#1501,.T.);
#1499 = VERTEX_POINT('',#1500);
#1500 = CARTESIAN_POINT('',(1.600000000009,33.271281292126,-0.5));
#1501 = LINE('',#1502,#1503);
#1502 = CARTESIAN_POINT('',(3.200000000018,30.5,-0.5));
#1503 = VECTOR('',#1504,1.);
#1504 = DIRECTION('',(-0.5,0.866025403784,0.));
#1505 = ORIENTED_EDGE('',*,*,#1506,.F.);
#1506 = EDGE_CURVE('',#391,#1499,#1507,.T.);
#1507 = LINE('',#1508,#1509);
#1508 = CARTESIAN_POINT('',(1.600000000009,33.271281292126,2.));
#1509 = VECTOR('',#1510,1.);
#1510 = DIRECTION('',(-0.,-0.,-1.));
#1511 = ORIENTED_EDGE('',*,*,#388,.F.);
#1512 = PLANE('',#1513);
#1513 = AXIS2_PLACEMENT_3D('',#1514,#1515,#1516);
#1514 = CARTESIAN_POINT('',(3.200000000018,30.5,2.));
#1515 = DIRECTION('',(0.866025403784,0.5,0.));
#1516 = DIRECTION('',(-0.5,0.866025403784,0.));
#1517 = ADVANCED_FACE('',(#1518),#1536,.F.);
#1518 = FACE_BOUND('',#1519,.F.);
#1519 = EDGE_LOOP('',(#1520,#1521,#1529,#1535));
#1520 = ORIENTED_EDGE('',*,*,#1506,.T.);
#1521 = ORIENTED_EDGE('',*,*,#1522,.T.);
#1522 = EDGE_CURVE('',#1499,#1523,#1525,.T.);
#1523 = VERTEX_POINT('',#1524);
#1524 = CARTESIAN_POINT('',(-1.600000000009,33.271281292126,-0.5));
#1525 = LINE('',#1526,#1527);
#1526 = CARTESIAN_POINT('',(1.600000000009,33.271281292126,-0.5));
#1527 = VECTOR('',#1528,1.);
#1528 = DIRECTION('',(-1.,0.,0.));
#1529 = ORIENTED_EDGE('',*,*,#1530,.F.);
#1530 = EDGE_CURVE('',#423,#1523,#1531,.T.);
#1531 = LINE('',#1532,#1533);
#1532 = CARTESIAN_POINT('',(-1.600000000009,33.271281292126,2.));
#1533 = VECTOR('',#1534,1.);
#1534 = DIRECTION('',(-0.,-0.,-1.));
#1535 = ORIENTED_EDGE('',*,*,#430,.F.);
#1536 = PLANE('',#1537);
#1537 = AXIS2_PLACEMENT_3D('',#1538,#1539,#1540);
#1538 = CARTESIAN_POINT('',(1.600000000009,33.271281292126,2.));
#1539 = DIRECTION('',(0.,1.,0.));
#1540 = DIRECTION('',(-1.,0.,0.));
#1541 = ADVANCED_FACE('',(#1542),#1560,.F.);
#1542 = FACE_BOUND('',#1543,.F.);
#1543 = EDGE_LOOP('',(#1544,#1545,#1553,#1559));
#1544 = ORIENTED_EDGE('',*,*,#1530,.T.);
#1545 = ORIENTED_EDGE('',*,*,#1546,.T.);
#1546 = EDGE_CURVE('',#1523,#1547,#1549,.T.);
#1547 = VERTEX_POINT('',#1548);
#1548 = CARTESIAN_POINT('',(-3.200000000018,30.5,-0.5));
#1549 = LINE('',#1550,#1551);
#1550 = CARTESIAN_POINT('',(-1.600000000009,33.271281292126,-0.5));
#1551 = VECTOR('',#1552,1.);
#1552 = DIRECTION('',(-0.5,-0.866025403784,0.));
#1553 = ORIENTED_EDGE('',*,*,#1554,.F.);
#1554 = EDGE_CURVE('',#415,#1547,#1555,.T.);
#1555 = LINE('',#1556,#1557);
#1556 = CARTESIAN_POINT('',(-3.200000000018,30.5,2.));
#1557 = VECTOR('',#1558,1.);
#1558 = DIRECTION('',(-0.,-0.,-1.));
#1559 = ORIENTED_EDGE('',*,*,#422,.F.);
#1560 = PLANE('',#1561);
#1561 = AXIS2_PLACEMENT_3D('',#1562,#1563,#1564);
#1562 = CARTESIAN_POINT('',(-1.600000000009,33.271281292126,2.));
#1563 = DIRECTION('',(-0.866025403784,0.5,0.));
#1564 = DIRECTION('',(-0.5,-0.866025403784,0.));
#1565 = ADVANCED_FACE('',(#1566),#1584,.F.);
#1566 = FACE_BOUND('',#1567,.F.);
#1567 = EDGE_LOOP('',(#1568,#1569,#1577,#1583));
#1568 = ORIENTED_EDGE('',*,*,#1554,.T.);
#1569 = ORIENTED_EDGE('',*,*,#1570,.T.);
#1570 = EDGE_CURVE('',#1547,#1571,#1573,.T.);
#1571 = VERTEX_POINT('',#1572);
#1572 = CARTESIAN_POINT('',(-1.600000000009,27.728718707874,-0.5));
#1573 = LINE('',#1574,#1575);
#1574 = CARTESIAN_POINT('',(-3.200000000018,30.5,-0.5));
#1575 = VECTOR('',#1576,1.);
#1576 = DIRECTION('',(0.5,-0.866025403784,0.));
#1577 = ORIENTED_EDGE('',*,*,#1578,.F.);
#1578 = EDGE_CURVE('',#407,#1571,#1579,.T.);
#1579 = LINE('',#1580,#1581);
#1580 = CARTESIAN_POINT('',(-1.600000000009,27.728718707874,2.));
#1581 = VECTOR('',#1582,1.);
#1582 = DIRECTION('',(-0.,-0.,-1.));
#1583 = ORIENTED_EDGE('',*,*,#414,.F.);
#1584 = PLANE('',#1585);
#1585 = AXIS2_PLACEMENT_3D('',#1586,#1587,#1588);
#1586 = CARTESIAN_POINT('',(-3.200000000018,30.5,2.));
#1587 = DIRECTION('',(-0.866025403784,-0.5,0.));
#1588 = DIRECTION('',(0.5,-0.866025403784,0.));
#1589 = ADVANCED_FACE('',(#1590),#1608,.F.);
#1590 = FACE_BOUND('',#1591,.F.);
#1591 = EDGE_LOOP('',(#1592,#1593,#1601,#1607));
#1592 = ORIENTED_EDGE('',*,*,#1578,.T.);
#1593 = ORIENTED_EDGE('',*,*,#1594,.T.);
#1594 = EDGE_CURVE('',#1571,#1595,#1597,.T.);
#1595 = VERTEX_POINT('',#1596);
#1596 = CARTESIAN_POINT('',(1.600000000009,27.728718707874,-0.5));
#1597 = LINE('',#1598,#1599);
#1598 = CARTESIAN_POINT('',(-1.600000000009,27.728718707874,-0.5));
#1599 = VECTOR('',#1600,1.);
#1600 = DIRECTION('',(1.,0.,0.));
#1601 = ORIENTED_EDGE('',*,*,#1602,.F.);
#1602 = EDGE_CURVE('',#399,#1595,#1603,.T.);
#1603 = LINE('',#1604,#1605);
#1604 = CARTESIAN_POINT('',(1.600000000009,27.728718707874,2.));
#1605 = VECTOR('',#1606,1.);
#1606 = DIRECTION('',(-0.,-0.,-1.));
#1607 = ORIENTED_EDGE('',*,*,#406,.F.);
#1608 = PLANE('',#1609);
#1609 = AXIS2_PLACEMENT_3D('',#1610,#1611,#1612);
#1610 = CARTESIAN_POINT('',(-1.600000000009,27.728718707874,2.));
#1611 = DIRECTION('',(0.,-1.,0.));
#1612 = DIRECTION('',(1.,0.,0.));
#1613 = ADVANCED_FACE('',(#1614),#1625,.F.);
#1614 = FACE_BOUND('',#1615,.F.);
#1615 = EDGE_LOOP('',(#1616,#1617,#1623,#1624));
#1616 = ORIENTED_EDGE('',*,*,#1602,.T.);
#1617 = ORIENTED_EDGE('',*,*,#1618,.T.);
#1618 = EDGE_CURVE('',#1595,#1491,#1619,.T.);
#1619 = LINE('',#1620,#1621);
#1620 = CARTESIAN_POINT('',(1.600000000009,27.728718707874,-0.5));
#1621 = VECTOR('',#1622,1.);
#1622 = DIRECTION('',(0.5,0.866025403784,0.));
#1623 = ORIENTED_EDGE('',*,*,#1490,.F.);
#1624 = ORIENTED_EDGE('',*,*,#398,.F.);
#1625 = PLANE('',#1626);
#1626 = AXIS2_PLACEMENT_3D('',#1627,#1628,#1629);
#1627 = CARTESIAN_POINT('',(1.600000000009,27.728718707874,2.));
#1628 = DIRECTION('',(0.866025403784,-0.5,0.));
#1629 = DIRECTION('',(0.5,0.866025403784,0.));
#1630 = ADVANCED_FACE('',(#1631,#1657,#1668,#1679,#1690,#1701),#1712,.F.
  );
#1631 = FACE_BOUND('',#1632,.F.);
#1632 = EDGE_LOOP('',(#1633,#1634,#1635,#1636,#1637,#1638,#1639,#1640,
    #1641,#1642,#1643,#1644,#1645,#1646,#1647,#1648,#1649,#1650,#1651,
    #1652,#1653,#1654,#1655,#1656));
#1633 = ORIENTED_EDGE('',*,*,#444,.F.);
#1634 = ORIENTED_EDGE('',*,*,#475,.T.);
#1635 = ORIENTED_EDGE('',*,*,#525,.T.);
#1636 = ORIENTED_EDGE('',*,*,#573,.T.);
#1637 = ORIENTED_EDGE('',*,*,#623,.F.);
#1638 = ORIENTED_EDGE('',*,*,#671,.T.);
#1639 = ORIENTED_EDGE('',*,*,#721,.F.);
#1640 = ORIENTED_EDGE('',*,*,#769,.T.);
#1641 = ORIENTED_EDGE('',*,*,#819,.F.);
#1642 = ORIENTED_EDGE('',*,*,#867,.T.);
#1643 = ORIENTED_EDGE('',*,*,#917,.F.);
#1644 = ORIENTED_EDGE('',*,*,#965,.T.);
#1645 = ORIENTED_EDGE('',*,*,#1015,.F.);
#1646 = ORIENTED_EDGE('',*,*,#990,.F.);
#1647 = ORIENTED_EDGE('',*,*,#941,.F.);
#1648 = ORIENTED_EDGE('',*,*,#892,.F.);
#1649 = ORIENTED_EDGE('',*,*,#843,.F.);
#1650 = ORIENTED_EDGE('',*,*,#794,.F.);
#1651 = ORIENTED_EDGE('',*,*,#745,.F.);
#1652 = ORIENTED_EDGE('',*,*,#696,.F.);
#1653 = ORIENTED_EDGE('',*,*,#647,.F.);
#1654 = ORIENTED_EDGE('',*,*,#598,.F.);
#1655 = ORIENTED_EDGE('',*,*,#549,.F.);
#1656 = ORIENTED_EDGE('',*,*,#500,.F.);
#1657 = FACE_BOUND('',#1658,.F.);
#1658 = EDGE_LOOP('',(#1659));
#1659 = ORIENTED_EDGE('',*,*,#1660,.F.);
#1660 = EDGE_CURVE('',#1661,#1661,#1663,.T.);
#1661 = VERTEX_POINT('',#1662);
#1662 = CARTESIAN_POINT('',(1.55,-30.5,-3.));
#1663 = CIRCLE('',#1664,1.55);
#1664 = AXIS2_PLACEMENT_3D('',#1665,#1666,#1667);
#1665 = CARTESIAN_POINT('',(0.,-30.5,-3.));
#1666 = DIRECTION('',(0.,0.,1.));
#1667 = DIRECTION('',(1.,0.,0.));
#1668 = FACE_BOUND('',#1669,.F.);
#1669 = EDGE_LOOP('',(#1670));
#1670 = ORIENTED_EDGE('',*,*,#1671,.F.);
#1671 = EDGE_CURVE('',#1672,#1672,#1674,.T.);
#1672 = VERTEX_POINT('',#1673);
#1673 = CARTESIAN_POINT('',(-28.95,0.,-3.));
#1674 = CIRCLE('',#1675,1.55);
#1675 = AXIS2_PLACEMENT_3D('',#1676,#1677,#1678);
#1676 = CARTESIAN_POINT('',(-30.5,0.,-3.));
#1677 = DIRECTION('',(0.,0.,1.));
#1678 = DIRECTION('',(1.,0.,0.));
#1679 = FACE_BOUND('',#1680,.F.);
#1680 = EDGE_LOOP('',(#1681));
#1681 = ORIENTED_EDGE('',*,*,#1682,.T.);
#1682 = EDGE_CURVE('',#1683,#1683,#1685,.T.);
#1683 = VERTEX_POINT('',#1684);
#1684 = CARTESIAN_POINT('',(5.,0.,-3.));
#1685 = CIRCLE('',#1686,5.);
#1686 = AXIS2_PLACEMENT_3D('',#1687,#1688,#1689);
#1687 = CARTESIAN_POINT('',(0.,0.,-3.));
#1688 = DIRECTION('',(0.,0.,-1.));
#1689 = DIRECTION('',(1.,0.,0.));
#1690 = FACE_BOUND('',#1691,.F.);
#1691 = EDGE_LOOP('',(#1692));
#1692 = ORIENTED_EDGE('',*,*,#1693,.F.);
#1693 = EDGE_CURVE('',#1694,#1694,#1696,.T.);
#1694 = VERTEX_POINT('',#1695);
#1695 = CARTESIAN_POINT('',(32.05,0.,-3.));
#1696 = CIRCLE('',#1697,1.55);
#1697 = AXIS2_PLACEMENT_3D('',#1698,#1699,#1700);
#1698 = CARTESIAN_POINT('',(30.5,0.,-3.));
#1699 = DIRECTION('',(0.,0.,1.));
#1700 = DIRECTION('',(1.,0.,0.));
#1701 = FACE_BOUND('',#1702,.F.);
#1702 = EDGE_LOOP('',(#1703));
#1703 = ORIENTED_EDGE('',*,*,#1704,.F.);
#1704 = EDGE_CURVE('',#1705,#1705,#1707,.T.);
#1705 = VERTEX_POINT('',#1706);
#1706 = CARTESIAN_POINT('',(1.5,30.5,-3.));
#1707 = CIRCLE('',#1708,1.5);
#1708 = AXIS2_PLACEMENT_3D('',#1709,#1710,#1711);
#1709 = CARTESIAN_POINT('',(0.,30.5,-3.));
#1710 = DIRECTION('',(0.,0.,1.));
#1711 = DIRECTION('',(1.,0.,0.));
#1712 = PLANE('',#1713);
#1713 = AXIS2_PLACEMENT_3D('',#1714,#1715,#1716);
#1714 = CARTESIAN_POINT('',(-2.2E-16,-3.07796139963E-02,-3.));
#1715 = DIRECTION('',(0.,0.,1.));
#1716 = DIRECTION('',(1.,0.,0.));
#1717 = ADVANCED_FACE('',(#1718,#1726),#1737,.T.);
#1718 = FACE_BOUND('',#1719,.T.);
#1719 = EDGE_LOOP('',(#1720,#1721,#1722,#1723,#1724,#1725));
#1720 = ORIENTED_EDGE('',*,*,#1040,.T.);
#1721 = ORIENTED_EDGE('',*,*,#1064,.T.);
#1722 = ORIENTED_EDGE('',*,*,#1088,.T.);
#1723 = ORIENTED_EDGE('',*,*,#1112,.T.);
#1724 = ORIENTED_EDGE('',*,*,#1136,.T.);
#1725 = ORIENTED_EDGE('',*,*,#1160,.T.);
#1726 = FACE_BOUND('',#1727,.T.);
#1727 = EDGE_LOOP('',(#1728));
#1728 = ORIENTED_EDGE('',*,*,#1729,.T.);
#1729 = EDGE_CURVE('',#1730,#1730,#1732,.T.);
#1730 = VERTEX_POINT('',#1731);
#1731 = CARTESIAN_POINT('',(-28.95,0.,-0.5));
#1732 = CIRCLE('',#1733,1.55);
#1733 = AXIS2_PLACEMENT_3D('',#1734,#1735,#1736);
#1734 = CARTESIAN_POINT('',(-30.5,0.,-0.5));
#1735 = DIRECTION('',(0.,0.,-1.));
#1736 = DIRECTION('',(1.,0.,0.));
#1737 = PLANE('',#1738);
#1738 = AXIS2_PLACEMENT_3D('',#1739,#1740,#1741);
#1739 = CARTESIAN_POINT('',(2.868076146944E-15,4.357017061949E-11,-0.5)
  );
#1740 = DIRECTION('',(0.,0.,1.));
#1741 = DIRECTION('',(1.,0.,0.));
#1742 = ADVANCED_FACE('',(#1743,#1751),#1762,.T.);
#1743 = FACE_BOUND('',#1744,.T.);
#1744 = EDGE_LOOP('',(#1745,#1746,#1747,#1748,#1749,#1750));
#1745 = ORIENTED_EDGE('',*,*,#1184,.T.);
#1746 = ORIENTED_EDGE('',*,*,#1208,.T.);
#1747 = ORIENTED_EDGE('',*,*,#1232,.T.);
#1748 = ORIENTED_EDGE('',*,*,#1256,.T.);
#1749 = ORIENTED_EDGE('',*,*,#1280,.T.);
#1750 = ORIENTED_EDGE('',*,*,#1304,.T.);
#1751 = FACE_BOUND('',#1752,.T.);
#1752 = EDGE_LOOP('',(#1753));
#1753 = ORIENTED_EDGE('',*,*,#1754,.T.);
#1754 = EDGE_CURVE('',#1755,#1755,#1757,.T.);
#1755 = VERTEX_POINT('',#1756);
#1756 = CARTESIAN_POINT('',(1.55,-30.5,-0.5));
#1757 = CIRCLE('',#1758,1.55);
#1758 = AXIS2_PLACEMENT_3D('',#1759,#1760,#1761);
#1759 = CARTESIAN_POINT('',(0.,-30.5,-0.5));
#1760 = DIRECTION('',(0.,0.,-1.));
#1761 = DIRECTION('',(1.,0.,0.));
#1762 = PLANE('',#1763);
#1763 = AXIS2_PLACEMENT_3D('',#1764,#1765,#1766);
#1764 = CARTESIAN_POINT('',(2.868076146944E-15,4.357017061949E-11,-0.5)
  );
#1765 = DIRECTION('',(0.,0.,1.));
#1766 = DIRECTION('',(1.,0.,0.));
#1767 = ADVANCED_FACE('',(#1768),#1787,.T.);
#1768 = FACE_BOUND('',#1769,.F.);
#1769 = EDGE_LOOP('',(#1770,#1778,#1785,#1786));
#1770 = ORIENTED_EDGE('',*,*,#1771,.T.);
#1771 = EDGE_CURVE('',#1321,#1772,#1774,.T.);
#1772 = VERTEX_POINT('',#1773);
#1773 = CARTESIAN_POINT('',(12.,0.,7.));
#1774 = LINE('',#1775,#1776);
#1775 = CARTESIAN_POINT('',(12.,0.,2.));
#1776 = VECTOR('',#1777,1.);
#1777 = DIRECTION('',(0.,0.,1.));
#1778 = ORIENTED_EDGE('',*,*,#1779,.T.);
#1779 = EDGE_CURVE('',#1772,#1772,#1780,.T.);
#1780 = CIRCLE('',#1781,12.);
#1781 = AXIS2_PLACEMENT_3D('',#1782,#1783,#1784);
#1782 = CARTESIAN_POINT('',(0.,0.,7.));
#1783 = DIRECTION('',(0.,0.,1.));
#1784 = DIRECTION('',(1.,0.,0.));
#1785 = ORIENTED_EDGE('',*,*,#1771,.F.);
#1786 = ORIENTED_EDGE('',*,*,#1331,.F.);
#1787 = CYLINDRICAL_SURFACE('',#1788,12.);
#1788 = AXIS2_PLACEMENT_3D('',#1789,#1790,#1791);
#1789 = CARTESIAN_POINT('',(0.,0.,2.));
#1790 = DIRECTION('',(-0.,-0.,-1.));
#1791 = DIRECTION('',(1.,0.,0.));
#1792 = ADVANCED_FACE('',(#1793,#1801),#1812,.T.);
#1793 = FACE_BOUND('',#1794,.T.);
#1794 = EDGE_LOOP('',(#1795,#1796,#1797,#1798,#1799,#1800));
#1795 = ORIENTED_EDGE('',*,*,#1354,.T.);
#1796 = ORIENTED_EDGE('',*,*,#1378,.T.);
#1797 = ORIENTED_EDGE('',*,*,#1402,.T.);
#1798 = ORIENTED_EDGE('',*,*,#1426,.T.);
#1799 = ORIENTED_EDGE('',*,*,#1450,.T.);
#1800 = ORIENTED_EDGE('',*,*,#1474,.T.);
#1801 = FACE_BOUND('',#1802,.T.);
#1802 = EDGE_LOOP('',(#1803));
#1803 = ORIENTED_EDGE('',*,*,#1804,.T.);
#1804 = EDGE_CURVE('',#1805,#1805,#1807,.T.);
#1805 = VERTEX_POINT('',#1806);
#1806 = CARTESIAN_POINT('',(32.05,0.,-0.5));
#1807 = CIRCLE('',#1808,1.55);
#1808 = AXIS2_PLACEMENT_3D('',#1809,#1810,#1811);
#1809 = CARTESIAN_POINT('',(30.5,0.,-0.5));
#1810 = DIRECTION('',(0.,0.,-1.));
#1811 = DIRECTION('',(1.,0.,0.));
#1812 = PLANE('',#1813);
#1813 = AXIS2_PLACEMENT_3D('',#1814,#1815,#1816);
#1814 = CARTESIAN_POINT('',(2.868076146944E-15,4.357017061949E-11,-0.5)
  );
#1815 = DIRECTION('',(0.,0.,1.));
#1816 = DIRECTION('',(1.,0.,0.));
#1817 = ADVANCED_FACE('',(#1818,#1826),#1837,.T.);
#1818 = FACE_BOUND('',#1819,.T.);
#1819 = EDGE_LOOP('',(#1820,#1821,#1822,#1823,#1824,#1825));
#1820 = ORIENTED_EDGE('',*,*,#1498,.T.);
#1821 = ORIENTED_EDGE('',*,*,#1522,.T.);
#1822 = ORIENTED_EDGE('',*,*,#1546,.T.);
#1823 = ORIENTED_EDGE('',*,*,#1570,.T.);
#1824 = ORIENTED_EDGE('',*,*,#1594,.T.);
#1825 = ORIENTED_EDGE('',*,*,#1618,.T.);
#1826 = FACE_BOUND('',#1827,.T.);
#1827 = EDGE_LOOP('',(#1828));
#1828 = ORIENTED_EDGE('',*,*,#1829,.T.);
#1829 = EDGE_CURVE('',#1830,#1830,#1832,.T.);
#1830 = VERTEX_POINT('',#1831);
#1831 = CARTESIAN_POINT('',(1.5,30.5,-0.5));
#1832 = CIRCLE('',#1833,1.5);
#1833 = AXIS2_PLACEMENT_3D('',#1834,#1835,#1836);
#1834 = CARTESIAN_POINT('',(0.,30.5,-0.5));
#1835 = DIRECTION('',(0.,0.,-1.));
#1836 = DIRECTION('',(1.,0.,0.));
#1837 = PLANE('',#1838);
#1838 = AXIS2_PLACEMENT_3D('',#1839,#1840,#1841);
#1839 = CARTESIAN_POINT('',(2.868076146944E-15,4.357017061949E-11,-0.5)
  );
#1840 = DIRECTION('',(0.,0.,1.));
#1841 = DIRECTION('',(1.,0.,0.));
#1842 = ADVANCED_FACE('',(#1843),#1854,.F.);
#1843 = FACE_BOUND('',#1844,.T.);
#1844 = EDGE_LOOP('',(#1845,#1846,#1852,#1853));
#1845 = ORIENTED_EDGE('',*,*,#1660,.F.);
#1846 = ORIENTED_EDGE('',*,*,#1847,.T.);
#1847 = EDGE_CURVE('',#1661,#1755,#1848,.T.);
#1848 = LINE('',#1849,#1850);
#1849 = CARTESIAN_POINT('',(1.55,-30.5,-3.));
#1850 = VECTOR('',#1851,1.);
#1851 = DIRECTION('',(0.,0.,1.));
#1852 = ORIENTED_EDGE('',*,*,#1754,.F.);
#1853 = ORIENTED_EDGE('',*,*,#1847,.F.);
#1854 = CYLINDRICAL_SURFACE('',#1855,1.55);
#1855 = AXIS2_PLACEMENT_3D('',#1856,#1857,#1858);
#1856 = CARTESIAN_POINT('',(0.,-30.5,-3.));
#1857 = DIRECTION('',(-0.,-0.,-1.));
#1858 = DIRECTION('',(1.,0.,0.));
#1859 = ADVANCED_FACE('',(#1860),#1871,.F.);
#1860 = FACE_BOUND('',#1861,.T.);
#1861 = EDGE_LOOP('',(#1862,#1863,#1869,#1870));
#1862 = ORIENTED_EDGE('',*,*,#1671,.F.);
#1863 = ORIENTED_EDGE('',*,*,#1864,.T.);
#1864 = EDGE_CURVE('',#1672,#1730,#1865,.T.);
#1865 = LINE('',#1866,#1867);
#1866 = CARTESIAN_POINT('',(-28.95,0.,-3.));
#1867 = VECTOR('',#1868,1.);
#1868 = DIRECTION('',(0.,0.,1.));
#1869 = ORIENTED_EDGE('',*,*,#1729,.F.);
#1870 = ORIENTED_EDGE('',*,*,#1864,.F.);
#1871 = CYLINDRICAL_SURFACE('',#1872,1.55);
#1872 = AXIS2_PLACEMENT_3D('',#1873,#1874,#1875);
#1873 = CARTESIAN_POINT('',(-30.5,0.,-3.));
#1874 = DIRECTION('',(-0.,-0.,-1.));
#1875 = DIRECTION('',(1.,0.,0.));
#1876 = ADVANCED_FACE('',(#1877),#1896,.F.);
#1877 = FACE_BOUND('',#1878,.F.);
#1878 = EDGE_LOOP('',(#1879,#1880,#1888,#1895));
#1879 = ORIENTED_EDGE('',*,*,#1682,.F.);
#1880 = ORIENTED_EDGE('',*,*,#1881,.T.);
#1881 = EDGE_CURVE('',#1683,#1882,#1884,.T.);
#1882 = VERTEX_POINT('',#1883);
#1883 = CARTESIAN_POINT('',(5.,0.,2.));
#1884 = LINE('',#1885,#1886);
#1885 = CARTESIAN_POINT('',(5.,0.,-3.));
#1886 = VECTOR('',#1887,1.);
#1887 = DIRECTION('',(0.,0.,1.));
#1888 = ORIENTED_EDGE('',*,*,#1889,.T.);
#1889 = EDGE_CURVE('',#1882,#1882,#1890,.T.);
#1890 = CIRCLE('',#1891,5.);
#1891 = AXIS2_PLACEMENT_3D('',#1892,#1893,#1894);
#1892 = CARTESIAN_POINT('',(0.,0.,2.));
#1893 = DIRECTION('',(0.,0.,-1.));
#1894 = DIRECTION('',(1.,0.,0.));
#1895 = ORIENTED_EDGE('',*,*,#1881,.F.);
#1896 = CYLINDRICAL_SURFACE('',#1897,5.);
#1897 = AXIS2_PLACEMENT_3D('',#1898,#1899,#1900);
#1898 = CARTESIAN_POINT('',(0.,0.,-3.));
#1899 = DIRECTION('',(0.,0.,-1.));
#1900 = DIRECTION('',(1.,0.,0.));
#1901 = ADVANCED_FACE('',(#1902),#1913,.F.);
#1902 = FACE_BOUND('',#1903,.T.);
#1903 = EDGE_LOOP('',(#1904,#1905,#1911,#1912));
#1904 = ORIENTED_EDGE('',*,*,#1693,.F.);
#1905 = ORIENTED_EDGE('',*,*,#1906,.T.);
#1906 = EDGE_CURVE('',#1694,#1805,#1907,.T.);
#1907 = LINE('',#1908,#1909);
#1908 = CARTESIAN_POINT('',(32.05,0.,-3.));
#1909 = VECTOR('',#1910,1.);
#1910 = DIRECTION('',(0.,0.,1.));
#1911 = ORIENTED_EDGE('',*,*,#1804,.F.);
#1912 = ORIENTED_EDGE('',*,*,#1906,.F.);
#1913 = CYLINDRICAL_SURFACE('',#1914,1.55);
#1914 = AXIS2_PLACEMENT_3D('',#1915,#1916,#1917);
#1915 = CARTESIAN_POINT('',(30.5,0.,-3.));
#1916 = DIRECTION('',(-0.,-0.,-1.));
#1917 = DIRECTION('',(1.,0.,0.));
#1918 = ADVANCED_FACE('',(#1919),#1930,.F.);
#1919 = FACE_BOUND('',#1920,.T.);
#1920 = EDGE_LOOP('',(#1921,#1922,#1928,#1929));
#1921 = ORIENTED_EDGE('',*,*,#1704,.F.);
#1922 = ORIENTED_EDGE('',*,*,#1923,.T.);
#1923 = EDGE_CURVE('',#1705,#1830,#1924,.T.);
#1924 = LINE('',#1925,#1926);
#1925 = CARTESIAN_POINT('',(1.5,30.5,-3.));
#1926 = VECTOR('',#1927,1.);
#1927 = DIRECTION('',(0.,0.,1.));
#1928 = ORIENTED_EDGE('',*,*,#1829,.F.);
#1929 = ORIENTED_EDGE('',*,*,#1923,.F.);
#1930 = CYLINDRICAL_SURFACE('',#1931,1.5);
#1931 = AXIS2_PLACEMENT_3D('',#1932,#1933,#1934);
#1932 = CARTESIAN_POINT('',(0.,30.5,-3.));
#1933 = DIRECTION('',(-0.,-0.,-1.));
#1934 = DIRECTION('',(1.,0.,0.));
#1935 = ADVANCED_FACE('',(#1936,#1939),#1950,.T.);
#1936 = FACE_BOUND('',#1937,.T.);
#1937 = EDGE_LOOP('',(#1938));
#1938 = ORIENTED_EDGE('',*,*,#1779,.T.);
#1939 = FACE_BOUND('',#1940,.T.);
#1940 = EDGE_LOOP('',(#1941));
#1941 = ORIENTED_EDGE('',*,*,#1942,.T.);
#1942 = EDGE_CURVE('',#1943,#1943,#1945,.T.);
#1943 = VERTEX_POINT('',#1944);
#1944 = CARTESIAN_POINT('',(11.1,0.,7.));
#1945 = CIRCLE('',#1946,11.1);
#1946 = AXIS2_PLACEMENT_3D('',#1947,#1948,#1949);
#1947 = CARTESIAN_POINT('',(0.,0.,7.));
#1948 = DIRECTION('',(0.,0.,-1.));
#1949 = DIRECTION('',(1.,0.,0.));
#1950 = PLANE('',#1951);
#1951 = AXIS2_PLACEMENT_3D('',#1952,#1953,#1954);
#1952 = CARTESIAN_POINT('',(-9.116267550263E-16,-3.40453421458E-17,7.));
#1953 = DIRECTION('',(0.,0.,1.));
#1954 = DIRECTION('',(1.,0.,0.));
#1955 = ADVANCED_FACE('',(#1956,#1959),#2009,.F.);
#1956 = FACE_BOUND('',#1957,.F.);
#1957 = EDGE_LOOP('',(#1958));
#1958 = ORIENTED_EDGE('',*,*,#1889,.F.);
#1959 = FACE_BOUND('',#1960,.F.);
#1960 = EDGE_LOOP('',(#1961,#1971,#1979,#1987,#1995,#2003));
#1961 = ORIENTED_EDGE('',*,*,#1962,.T.);
#1962 = EDGE_CURVE('',#1963,#1965,#1967,.T.);
#1963 = VERTEX_POINT('',#1964);
#1964 = CARTESIAN_POINT('',(1.6,2.77128129211,2.));
#1965 = VERTEX_POINT('',#1966);
#1966 = CARTESIAN_POINT('',(3.2,0.,2.));
#1967 = LINE('',#1968,#1969);
#1968 = CARTESIAN_POINT('',(1.6,2.77128129211,2.));
#1969 = VECTOR('',#1970,1.);
#1970 = DIRECTION('',(0.5,-0.866025403784,0.));
#1971 = ORIENTED_EDGE('',*,*,#1972,.T.);
#1972 = EDGE_CURVE('',#1965,#1973,#1975,.T.);
#1973 = VERTEX_POINT('',#1974);
#1974 = CARTESIAN_POINT('',(1.6,-2.77128129211,2.));
#1975 = LINE('',#1976,#1977);
#1976 = CARTESIAN_POINT('',(3.2,0.,2.));
#1977 = VECTOR('',#1978,1.);
#1978 = DIRECTION('',(-0.5,-0.866025403784,0.));
#1979 = ORIENTED_EDGE('',*,*,#1980,.T.);
#1980 = EDGE_CURVE('',#1973,#1981,#1983,.T.);
#1981 = VERTEX_POINT('',#1982);
#1982 = CARTESIAN_POINT('',(-1.6,-2.77128129211,2.));
#1983 = LINE('',#1984,#1985);
#1984 = CARTESIAN_POINT('',(1.6,-2.77128129211,2.));
#1985 = VECTOR('',#1986,1.);
#1986 = DIRECTION('',(-1.,-1.387778780781E-16,0.));
#1987 = ORIENTED_EDGE('',*,*,#1988,.T.);
#1988 = EDGE_CURVE('',#1981,#1989,#1991,.T.);
#1989 = VERTEX_POINT('',#1990);
#1990 = CARTESIAN_POINT('',(-3.2,-4.440892098501E-16,2.));
#1991 = LINE('',#1992,#1993);
#1992 = CARTESIAN_POINT('',(-1.6,-2.77128129211,2.));
#1993 = VECTOR('',#1994,1.);
#1994 = DIRECTION('',(-0.5,0.866025403784,-0.));
#1995 = ORIENTED_EDGE('',*,*,#1996,.T.);
#1996 = EDGE_CURVE('',#1989,#1997,#1999,.T.);
#1997 = VERTEX_POINT('',#1998);
#1998 = CARTESIAN_POINT('',(-1.6,2.77128129211,2.));
#1999 = LINE('',#2000,#2001);
#2000 = CARTESIAN_POINT('',(-3.2,-4.440892098501E-16,2.));
#2001 = VECTOR('',#2002,1.);
#2002 = DIRECTION('',(0.5,0.866025403784,0.));
#2003 = ORIENTED_EDGE('',*,*,#2004,.T.);
#2004 = EDGE_CURVE('',#1997,#1963,#2005,.T.);
#2005 = LINE('',#2006,#2007);
#2006 = CARTESIAN_POINT('',(-1.6,2.77128129211,2.));
#2007 = VECTOR('',#2008,1.);
#2008 = DIRECTION('',(1.,5.551115123126E-16,0.));
#2009 = PLANE('',#2010);
#2010 = AXIS2_PLACEMENT_3D('',#2011,#2012,#2013);
#2011 = CARTESIAN_POINT('',(-9.116267550263E-16,-3.40453421458E-17,2.));
#2012 = DIRECTION('',(0.,0.,1.));
#2013 = DIRECTION('',(1.,0.,0.));
#2014 = ADVANCED_FACE('',(#2015),#2034,.T.);
#2015 = FACE_BOUND('',#2016,.F.);
#2016 = EDGE_LOOP('',(#2017,#2018,#2026,#2033));
#2017 = ORIENTED_EDGE('',*,*,#1942,.T.);
#2018 = ORIENTED_EDGE('',*,*,#2019,.T.);
#2019 = EDGE_CURVE('',#1943,#2020,#2022,.T.);
#2020 = VERTEX_POINT('',#2021);
#2021 = CARTESIAN_POINT('',(11.1,0.,21.));
#2022 = LINE('',#2023,#2024);
#2023 = CARTESIAN_POINT('',(11.1,0.,2.));
#2024 = VECTOR('',#2025,1.);
#2025 = DIRECTION('',(0.,0.,1.));
#2026 = ORIENTED_EDGE('',*,*,#2027,.T.);
#2027 = EDGE_CURVE('',#2020,#2020,#2028,.T.);
#2028 = CIRCLE('',#2029,11.1);
#2029 = AXIS2_PLACEMENT_3D('',#2030,#2031,#2032);
#2030 = CARTESIAN_POINT('',(0.,0.,21.));
#2031 = DIRECTION('',(0.,0.,1.));
#2032 = DIRECTION('',(1.,0.,0.));
#2033 = ORIENTED_EDGE('',*,*,#2019,.F.);
#2034 = CYLINDRICAL_SURFACE('',#2035,11.1);
#2035 = AXIS2_PLACEMENT_3D('',#2036,#2037,#2038);
#2036 = CARTESIAN_POINT('',(0.,0.,2.));
#2037 = DIRECTION('',(-0.,-0.,-1.));
#2038 = DIRECTION('',(1.,0.,0.));
#2039 = ADVANCED_FACE('',(#2040),#2065,.F.);
#2040 = FACE_BOUND('',#2041,.F.);
#2041 = EDGE_LOOP('',(#2042,#2050,#2058,#2064));
#2042 = ORIENTED_EDGE('',*,*,#2043,.T.);
#2043 = EDGE_CURVE('',#1963,#2044,#2046,.T.);
#2044 = VERTEX_POINT('',#2045);
#2045 = CARTESIAN_POINT('',(1.6,2.77128129211,5.));
#2046 = LINE('',#2047,#2048);
#2047 = CARTESIAN_POINT('',(1.6,2.77128129211,2.));
#2048 = VECTOR('',#2049,1.);
#2049 = DIRECTION('',(0.,0.,1.));
#2050 = ORIENTED_EDGE('',*,*,#2051,.T.);
#2051 = EDGE_CURVE('',#2044,#2052,#2054,.T.);
#2052 = VERTEX_POINT('',#2053);
#2053 = CARTESIAN_POINT('',(3.2,0.,5.));
#2054 = LINE('',#2055,#2056);
#2055 = CARTESIAN_POINT('',(1.6,2.77128129211,5.));
#2056 = VECTOR('',#2057,1.);
#2057 = DIRECTION('',(0.5,-0.866025403784,0.));
#2058 = ORIENTED_EDGE('',*,*,#2059,.F.);
#2059 = EDGE_CURVE('',#1965,#2052,#2060,.T.);
#2060 = LINE('',#2061,#2062);
#2061 = CARTESIAN_POINT('',(3.2,0.,2.));
#2062 = VECTOR('',#2063,1.);
#2063 = DIRECTION('',(0.,0.,1.));
#2064 = ORIENTED_EDGE('',*,*,#1962,.F.);
#2065 = PLANE('',#2066);
#2066 = AXIS2_PLACEMENT_3D('',#2067,#2068,#2069);
#2067 = CARTESIAN_POINT('',(1.6,2.77128129211,2.));
#2068 = DIRECTION('',(0.866025403784,0.5,0.));
#2069 = DIRECTION('',(0.5,-0.866025403784,0.));
#2070 = ADVANCED_FACE('',(#2071),#2089,.F.);
#2071 = FACE_BOUND('',#2072,.F.);
#2072 = EDGE_LOOP('',(#2073,#2081,#2087,#2088));
#2073 = ORIENTED_EDGE('',*,*,#2074,.T.);
#2074 = EDGE_CURVE('',#1997,#2075,#2077,.T.);
#2075 = VERTEX_POINT('',#2076);
#2076 = CARTESIAN_POINT('',(-1.6,2.77128129211,5.));
#2077 = LINE('',#2078,#2079);
#2078 = CARTESIAN_POINT('',(-1.6,2.77128129211,2.));
#2079 = VECTOR('',#2080,1.);
#2080 = DIRECTION('',(0.,0.,1.));
#2081 = ORIENTED_EDGE('',*,*,#2082,.T.);
#2082 = EDGE_CURVE('',#2075,#2044,#2083,.T.);
#2083 = LINE('',#2084,#2085);
#2084 = CARTESIAN_POINT('',(-1.6,2.77128129211,5.));
#2085 = VECTOR('',#2086,1.);
#2086 = DIRECTION('',(1.,5.551115123126E-16,0.));
#2087 = ORIENTED_EDGE('',*,*,#2043,.F.);
#2088 = ORIENTED_EDGE('',*,*,#2004,.F.);
#2089 = PLANE('',#2090);
#2090 = AXIS2_PLACEMENT_3D('',#2091,#2092,#2093);
#2091 = CARTESIAN_POINT('',(-1.6,2.77128129211,2.));
#2092 = DIRECTION('',(-5.551115123126E-16,1.,0.));
#2093 = DIRECTION('',(1.,5.551115123126E-16,0.));
#2094 = ADVANCED_FACE('',(#2095),#2113,.F.);
#2095 = FACE_BOUND('',#2096,.F.);
#2096 = EDGE_LOOP('',(#2097,#2105,#2111,#2112));
#2097 = ORIENTED_EDGE('',*,*,#2098,.T.);
#2098 = EDGE_CURVE('',#1989,#2099,#2101,.T.);
#2099 = VERTEX_POINT('',#2100);
#2100 = CARTESIAN_POINT('',(-3.2,-4.440892098501E-16,5.));
#2101 = LINE('',#2102,#2103);
#2102 = CARTESIAN_POINT('',(-3.2,-4.440892098501E-16,2.));
#2103 = VECTOR('',#2104,1.);
#2104 = DIRECTION('',(0.,0.,1.));
#2105 = ORIENTED_EDGE('',*,*,#2106,.T.);
#2106 = EDGE_CURVE('',#2099,#2075,#2107,.T.);
#2107 = LINE('',#2108,#2109);
#2108 = CARTESIAN_POINT('',(-3.2,-4.440892098501E-16,5.));
#2109 = VECTOR('',#2110,1.);
#2110 = DIRECTION('',(0.5,0.866025403784,0.));
#2111 = ORIENTED_EDGE('',*,*,#2074,.F.);
#2112 = ORIENTED_EDGE('',*,*,#1996,.F.);
#2113 = PLANE('',#2114);
#2114 = AXIS2_PLACEMENT_3D('',#2115,#2116,#2117);
#2115 = CARTESIAN_POINT('',(-3.2,-4.440892098501E-16,2.));
#2116 = DIRECTION('',(-0.866025403784,0.5,0.));
#2117 = DIRECTION('',(0.5,0.866025403784,0.));
#2118 = ADVANCED_FACE('',(#2119),#2137,.F.);
#2119 = FACE_BOUND('',#2120,.F.);
#2120 = EDGE_LOOP('',(#2121,#2129,#2135,#2136));
#2121 = ORIENTED_EDGE('',*,*,#2122,.T.);
#2122 = EDGE_CURVE('',#1981,#2123,#2125,.T.);
#2123 = VERTEX_POINT('',#2124);
#2124 = CARTESIAN_POINT('',(-1.6,-2.77128129211,5.));
#2125 = LINE('',#2126,#2127);
#2126 = CARTESIAN_POINT('',(-1.6,-2.77128129211,2.));
#2127 = VECTOR('',#2128,1.);
#2128 = DIRECTION('',(0.,0.,1.));
#2129 = ORIENTED_EDGE('',*,*,#2130,.T.);
#2130 = EDGE_CURVE('',#2123,#2099,#2131,.T.);
#2131 = LINE('',#2132,#2133);
#2132 = CARTESIAN_POINT('',(-1.6,-2.77128129211,5.));
#2133 = VECTOR('',#2134,1.);
#2134 = DIRECTION('',(-0.5,0.866025403784,-0.));
#2135 = ORIENTED_EDGE('',*,*,#2098,.F.);
#2136 = ORIENTED_EDGE('',*,*,#1988,.F.);
#2137 = PLANE('',#2138);
#2138 = AXIS2_PLACEMENT_3D('',#2139,#2140,#2141);
#2139 = CARTESIAN_POINT('',(-1.6,-2.77128129211,2.));
#2140 = DIRECTION('',(-0.866025403784,-0.5,0.));
#2141 = DIRECTION('',(-0.5,0.866025403784,0.));
#2142 = ADVANCED_FACE('',(#2143),#2161,.F.);
#2143 = FACE_BOUND('',#2144,.F.);
#2144 = EDGE_LOOP('',(#2145,#2153,#2159,#2160));
#2145 = ORIENTED_EDGE('',*,*,#2146,.T.);
#2146 = EDGE_CURVE('',#1973,#2147,#2149,.T.);
#2147 = VERTEX_POINT('',#2148);
#2148 = CARTESIAN_POINT('',(1.6,-2.77128129211,5.));
#2149 = LINE('',#2150,#2151);
#2150 = CARTESIAN_POINT('',(1.6,-2.77128129211,2.));
#2151 = VECTOR('',#2152,1.);
#2152 = DIRECTION('',(0.,0.,1.));
#2153 = ORIENTED_EDGE('',*,*,#2154,.T.);
#2154 = EDGE_CURVE('',#2147,#2123,#2155,.T.);
#2155 = LINE('',#2156,#2157);
#2156 = CARTESIAN_POINT('',(1.6,-2.77128129211,5.));
#2157 = VECTOR('',#2158,1.);
#2158 = DIRECTION('',(-1.,-1.387778780781E-16,0.));
#2159 = ORIENTED_EDGE('',*,*,#2122,.F.);
#2160 = ORIENTED_EDGE('',*,*,#1980,.F.);
#2161 = PLANE('',#2162);
#2162 = AXIS2_PLACEMENT_3D('',#2163,#2164,#2165);
#2163 = CARTESIAN_POINT('',(1.6,-2.77128129211,2.));
#2164 = DIRECTION('',(1.387778780781E-16,-1.,0.));
#2165 = DIRECTION('',(-1.,-1.387778780781E-16,0.));
#2166 = ADVANCED_FACE('',(#2167),#2178,.F.);
#2167 = FACE_BOUND('',#2168,.F.);
#2168 = EDGE_LOOP('',(#2169,#2170,#2176,#2177));
#2169 = ORIENTED_EDGE('',*,*,#2059,.T.);
#2170 = ORIENTED_EDGE('',*,*,#2171,.T.);
#2171 = EDGE_CURVE('',#2052,#2147,#2172,.T.);
#2172 = LINE('',#2173,#2174);
#2173 = CARTESIAN_POINT('',(3.2,0.,5.));
#2174 = VECTOR('',#2175,1.);
#2175 = DIRECTION('',(-0.5,-0.866025403784,0.));
#2176 = ORIENTED_EDGE('',*,*,#2146,.F.);
#2177 = ORIENTED_EDGE('',*,*,#1972,.F.);
#2178 = PLANE('',#2179);
#2179 = AXIS2_PLACEMENT_3D('',#2180,#2181,#2182);
#2180 = CARTESIAN_POINT('',(3.2,0.,2.));
#2181 = DIRECTION('',(0.866025403784,-0.5,0.));
#2182 = DIRECTION('',(-0.5,-0.866025403784,0.));
#2183 = ADVANCED_FACE('',(#2184,#2187),#2198,.T.);
#2184 = FACE_BOUND('',#2185,.T.);
#2185 = EDGE_LOOP('',(#2186));
#2186 = ORIENTED_EDGE('',*,*,#2027,.T.);
#2187 = FACE_BOUND('',#2188,.T.);
#2188 = EDGE_LOOP('',(#2189));
#2189 = ORIENTED_EDGE('',*,*,#2190,.T.);
#2190 = EDGE_CURVE('',#2191,#2191,#2193,.T.);
#2191 = VERTEX_POINT('',#2192);
#2192 = CARTESIAN_POINT('',(1.55,0.,21.));
#2193 = CIRCLE('',#2194,1.55);
#2194 = AXIS2_PLACEMENT_3D('',#2195,#2196,#2197);
#2195 = CARTESIAN_POINT('',(0.,0.,21.));
#2196 = DIRECTION('',(0.,0.,-1.));
#2197 = DIRECTION('',(1.,0.,0.));
#2198 = PLANE('',#2199);
#2199 = AXIS2_PLACEMENT_3D('',#2200,#2201,#2202);
#2200 = CARTESIAN_POINT('',(-7.391568283997E-16,3.96519032486E-17,21.));
#2201 = DIRECTION('',(0.,0.,1.));
#2202 = DIRECTION('',(1.,0.,0.));
#2203 = ADVANCED_FACE('',(#2204,#2212),#2223,.F.);
#2204 = FACE_BOUND('',#2205,.F.);
#2205 = EDGE_LOOP('',(#2206,#2207,#2208,#2209,#2210,#2211));
#2206 = ORIENTED_EDGE('',*,*,#2171,.F.);
#2207 = ORIENTED_EDGE('',*,*,#2051,.F.);
#2208 = ORIENTED_EDGE('',*,*,#2082,.F.);
#2209 = ORIENTED_EDGE('',*,*,#2106,.F.);
#2210 = ORIENTED_EDGE('',*,*,#2130,.F.);
#2211 = ORIENTED_EDGE('',*,*,#2154,.F.);
#2212 = FACE_BOUND('',#2213,.F.);
#2213 = EDGE_LOOP('',(#2214));
#2214 = ORIENTED_EDGE('',*,*,#2215,.T.);
#2215 = EDGE_CURVE('',#2216,#2216,#2218,.T.);
#2216 = VERTEX_POINT('',#2217);
#2217 = CARTESIAN_POINT('',(1.55,0.,5.));
#2218 = CIRCLE('',#2219,1.55);
#2219 = AXIS2_PLACEMENT_3D('',#2220,#2221,#2222);
#2220 = CARTESIAN_POINT('',(0.,0.,5.));
#2221 = DIRECTION('',(0.,0.,-1.));
#2222 = DIRECTION('',(1.,0.,0.));
#2223 = PLANE('',#2224);
#2224 = AXIS2_PLACEMENT_3D('',#2225,#2226,#2227);
#2225 = CARTESIAN_POINT('',(-1.387778780781E-16,1.387778780781E-16,5.));
#2226 = DIRECTION('',(0.,0.,1.));
#2227 = DIRECTION('',(1.,0.,0.));
#2228 = ADVANCED_FACE('',(#2229),#2248,.F.);
#2229 = FACE_BOUND('',#2230,.F.);
#2230 = EDGE_LOOP('',(#2231,#2240,#2246,#2247));
#2231 = ORIENTED_EDGE('',*,*,#2232,.F.);
#2232 = EDGE_CURVE('',#2233,#2233,#2235,.T.);
#2233 = VERTEX_POINT('',#2234);
#2234 = CARTESIAN_POINT('',(1.55,0.,9.2));
#2235 = CIRCLE('',#2236,1.55);
#2236 = AXIS2_PLACEMENT_3D('',#2237,#2238,#2239);
#2237 = CARTESIAN_POINT('',(0.,0.,9.2));
#2238 = DIRECTION('',(0.,0.,-1.));
#2239 = DIRECTION('',(1.,0.,0.));
#2240 = ORIENTED_EDGE('',*,*,#2241,.T.);
#2241 = EDGE_CURVE('',#2233,#2191,#2242,.T.);
#2242 = LINE('',#2243,#2244);
#2243 = CARTESIAN_POINT('',(1.55,0.,2.));
#2244 = VECTOR('',#2245,1.);
#2245 = DIRECTION('',(0.,0.,1.));
#2246 = ORIENTED_EDGE('',*,*,#2190,.T.);
#2247 = ORIENTED_EDGE('',*,*,#2241,.F.);
#2248 = CYLINDRICAL_SURFACE('',#2249,1.55);
#2249 = AXIS2_PLACEMENT_3D('',#2250,#2251,#2252);
#2250 = CARTESIAN_POINT('',(0.,0.,2.));
#2251 = DIRECTION('',(0.,0.,-1.));
#2252 = DIRECTION('',(1.,0.,0.));
#2253 = ADVANCED_FACE('',(#2254),#2273,.F.);
#2254 = FACE_BOUND('',#2255,.F.);
#2255 = EDGE_LOOP('',(#2256,#2257,#2265,#2272));
#2256 = ORIENTED_EDGE('',*,*,#2215,.F.);
#2257 = ORIENTED_EDGE('',*,*,#2258,.T.);
#2258 = EDGE_CURVE('',#2216,#2259,#2261,.T.);
#2259 = VERTEX_POINT('',#2260);
#2260 = CARTESIAN_POINT('',(1.55,0.,7.));
#2261 = LINE('',#2262,#2263);
#2262 = CARTESIAN_POINT('',(1.55,0.,2.));
#2263 = VECTOR('',#2264,1.);
#2264 = DIRECTION('',(0.,0.,1.));
#2265 = ORIENTED_EDGE('',*,*,#2266,.T.);
#2266 = EDGE_CURVE('',#2259,#2259,#2267,.T.);
#2267 = CIRCLE('',#2268,1.55);
#2268 = AXIS2_PLACEMENT_3D('',#2269,#2270,#2271);
#2269 = CARTESIAN_POINT('',(0.,0.,7.));
#2270 = DIRECTION('',(0.,0.,-1.));
#2271 = DIRECTION('',(1.,0.,0.));
#2272 = ORIENTED_EDGE('',*,*,#2258,.F.);
#2273 = CYLINDRICAL_SURFACE('',#2274,1.55);
#2274 = AXIS2_PLACEMENT_3D('',#2275,#2276,#2277);
#2275 = CARTESIAN_POINT('',(0.,0.,2.));
#2276 = DIRECTION('',(0.,0.,-1.));
#2277 = DIRECTION('',(1.,0.,0.));
#2278 = ADVANCED_FACE('',(#2279,#2329),#2332,.F.);
#2279 = FACE_BOUND('',#2280,.F.);
#2280 = EDGE_LOOP('',(#2281,#2291,#2299,#2307,#2315,#2323));
#2281 = ORIENTED_EDGE('',*,*,#2282,.F.);
#2282 = EDGE_CURVE('',#2283,#2285,#2287,.T.);
#2283 = VERTEX_POINT('',#2284);
#2284 = CARTESIAN_POINT('',(3.2,0.,9.2));
#2285 = VERTEX_POINT('',#2286);
#2286 = CARTESIAN_POINT('',(1.6,-2.77128129211,9.2));
#2287 = LINE('',#2288,#2289);
#2288 = CARTESIAN_POINT('',(3.2,0.,9.2));
#2289 = VECTOR('',#2290,1.);
#2290 = DIRECTION('',(-0.5,-0.866025403784,0.));
#2291 = ORIENTED_EDGE('',*,*,#2292,.F.);
#2292 = EDGE_CURVE('',#2293,#2283,#2295,.T.);
#2293 = VERTEX_POINT('',#2294);
#2294 = CARTESIAN_POINT('',(1.6,2.77128129211,9.2));
#2295 = LINE('',#2296,#2297);
#2296 = CARTESIAN_POINT('',(1.6,2.77128129211,9.2));
#2297 = VECTOR('',#2298,1.);
#2298 = DIRECTION('',(0.5,-0.866025403784,0.));
#2299 = ORIENTED_EDGE('',*,*,#2300,.F.);
#2300 = EDGE_CURVE('',#2301,#2293,#2303,.T.);
#2301 = VERTEX_POINT('',#2302);
#2302 = CARTESIAN_POINT('',(-1.6,2.77128129211,9.2));
#2303 = LINE('',#2304,#2305);
#2304 = CARTESIAN_POINT('',(-1.6,2.77128129211,9.2));
#2305 = VECTOR('',#2306,1.);
#2306 = DIRECTION('',(1.,5.551115123126E-16,0.));
#2307 = ORIENTED_EDGE('',*,*,#2308,.F.);
#2308 = EDGE_CURVE('',#2309,#2301,#2311,.T.);
#2309 = VERTEX_POINT('',#2310);
#2310 = CARTESIAN_POINT('',(-3.2,-4.440892098501E-16,9.2));
#2311 = LINE('',#2312,#2313);
#2312 = CARTESIAN_POINT('',(-3.2,-4.440892098501E-16,9.2));
#2313 = VECTOR('',#2314,1.);
#2314 = DIRECTION('',(0.5,0.866025403784,0.));
#2315 = ORIENTED_EDGE('',*,*,#2316,.F.);
#2316 = EDGE_CURVE('',#2317,#2309,#2319,.T.);
#2317 = VERTEX_POINT('',#2318);
#2318 = CARTESIAN_POINT('',(-1.6,-2.77128129211,9.2));
#2319 = LINE('',#2320,#2321);
#2320 = CARTESIAN_POINT('',(-1.6,-2.77128129211,9.2));
#2321 = VECTOR('',#2322,1.);
#2322 = DIRECTION('',(-0.5,0.866025403784,-0.));
#2323 = ORIENTED_EDGE('',*,*,#2324,.F.);
#2324 = EDGE_CURVE('',#2285,#2317,#2325,.T.);
#2325 = LINE('',#2326,#2327);
#2326 = CARTESIAN_POINT('',(1.6,-2.77128129211,9.2));
#2327 = VECTOR('',#2328,1.);
#2328 = DIRECTION('',(-1.,-1.387778780781E-16,0.));
#2329 = FACE_BOUND('',#2330,.F.);
#2330 = EDGE_LOOP('',(#2331));
#2331 = ORIENTED_EDGE('',*,*,#2232,.T.);
#2332 = PLANE('',#2333);
#2333 = AXIS2_PLACEMENT_3D('',#2334,#2335,#2336);
#2334 = CARTESIAN_POINT('',(-1.387778780781E-16,1.387778780781E-16,9.2)
  );
#2335 = DIRECTION('',(0.,0.,1.));
#2336 = DIRECTION('',(1.,0.,0.));
#2337 = ADVANCED_FACE('',(#2338,#2388),#2391,.T.);
#2338 = FACE_BOUND('',#2339,.T.);
#2339 = EDGE_LOOP('',(#2340,#2350,#2358,#2366,#2374,#2382));
#2340 = ORIENTED_EDGE('',*,*,#2341,.F.);
#2341 = EDGE_CURVE('',#2342,#2344,#2346,.T.);
#2342 = VERTEX_POINT('',#2343);
#2343 = CARTESIAN_POINT('',(1.6,2.77128129211,7.));
#2344 = VERTEX_POINT('',#2345);
#2345 = CARTESIAN_POINT('',(3.2,0.,7.));
#2346 = LINE('',#2347,#2348);
#2347 = CARTESIAN_POINT('',(1.6,2.77128129211,7.));
#2348 = VECTOR('',#2349,1.);
#2349 = DIRECTION('',(0.5,-0.866025403784,0.));
#2350 = ORIENTED_EDGE('',*,*,#2351,.F.);
#2351 = EDGE_CURVE('',#2352,#2342,#2354,.T.);
#2352 = VERTEX_POINT('',#2353);
#2353 = CARTESIAN_POINT('',(-1.6,2.77128129211,7.));
#2354 = LINE('',#2355,#2356);
#2355 = CARTESIAN_POINT('',(-1.6,2.77128129211,7.));
#2356 = VECTOR('',#2357,1.);
#2357 = DIRECTION('',(1.,5.551115123126E-16,0.));
#2358 = ORIENTED_EDGE('',*,*,#2359,.F.);
#2359 = EDGE_CURVE('',#2360,#2352,#2362,.T.);
#2360 = VERTEX_POINT('',#2361);
#2361 = CARTESIAN_POINT('',(-3.2,-4.440892098501E-16,7.));
#2362 = LINE('',#2363,#2364);
#2363 = CARTESIAN_POINT('',(-3.2,-4.440892098501E-16,7.));
#2364 = VECTOR('',#2365,1.);
#2365 = DIRECTION('',(0.5,0.866025403784,0.));
#2366 = ORIENTED_EDGE('',*,*,#2367,.F.);
#2367 = EDGE_CURVE('',#2368,#2360,#2370,.T.);
#2368 = VERTEX_POINT('',#2369);
#2369 = CARTESIAN_POINT('',(-1.6,-2.77128129211,7.));
#2370 = LINE('',#2371,#2372);
#2371 = CARTESIAN_POINT('',(-1.6,-2.77128129211,7.));
#2372 = VECTOR('',#2373,1.);
#2373 = DIRECTION('',(-0.5,0.866025403784,-0.));
#2374 = ORIENTED_EDGE('',*,*,#2375,.F.);
#2375 = EDGE_CURVE('',#2376,#2368,#2378,.T.);
#2376 = VERTEX_POINT('',#2377);
#2377 = CARTESIAN_POINT('',(1.6,-2.77128129211,7.));
#2378 = LINE('',#2379,#2380);
#2379 = CARTESIAN_POINT('',(1.6,-2.77128129211,7.));
#2380 = VECTOR('',#2381,1.);
#2381 = DIRECTION('',(-1.,-1.387778780781E-16,0.));
#2382 = ORIENTED_EDGE('',*,*,#2383,.F.);
#2383 = EDGE_CURVE('',#2344,#2376,#2384,.T.);
#2384 = LINE('',#2385,#2386);
#2385 = CARTESIAN_POINT('',(3.2,0.,7.));
#2386 = VECTOR('',#2387,1.);
#2387 = DIRECTION('',(-0.5,-0.866025403784,0.));
#2388 = FACE_BOUND('',#2389,.T.);
#2389 = EDGE_LOOP('',(#2390));
#2390 = ORIENTED_EDGE('',*,*,#2266,.T.);
#2391 = PLANE('',#2392);
#2392 = AXIS2_PLACEMENT_3D('',#2393,#2394,#2395);
#2393 = CARTESIAN_POINT('',(-9.116267550263E-16,-3.40453421458E-17,7.));
#2394 = DIRECTION('',(0.,0.,1.));
#2395 = DIRECTION('',(1.,0.,0.));
#2396 = ADVANCED_FACE('',(#2397),#2413,.F.);
#2397 = FACE_BOUND('',#2398,.F.);
#2398 = EDGE_LOOP('',(#2399,#2405,#2406,#2412));
#2399 = ORIENTED_EDGE('',*,*,#2400,.T.);
#2400 = EDGE_CURVE('',#2344,#2283,#2401,.T.);
#2401 = LINE('',#2402,#2403);
#2402 = CARTESIAN_POINT('',(3.2,0.,7.));
#2403 = VECTOR('',#2404,1.);
#2404 = DIRECTION('',(0.,0.,1.));
#2405 = ORIENTED_EDGE('',*,*,#2282,.T.);
#2406 = ORIENTED_EDGE('',*,*,#2407,.F.);
#2407 = EDGE_CURVE('',#2376,#2285,#2408,.T.);
#2408 = LINE('',#2409,#2410);
#2409 = CARTESIAN_POINT('',(1.6,-2.77128129211,7.));
#2410 = VECTOR('',#2411,1.);
#2411 = DIRECTION('',(0.,0.,1.));
#2412 = ORIENTED_EDGE('',*,*,#2383,.F.);
#2413 = PLANE('',#2414);
#2414 = AXIS2_PLACEMENT_3D('',#2415,#2416,#2417);
#2415 = CARTESIAN_POINT('',(3.2,0.,7.));
#2416 = DIRECTION('',(0.866025403784,-0.5,0.));
#2417 = DIRECTION('',(-0.5,-0.866025403784,0.));
#2418 = ADVANCED_FACE('',(#2419),#2430,.F.);
#2419 = FACE_BOUND('',#2420,.F.);
#2420 = EDGE_LOOP('',(#2421,#2427,#2428,#2429));
#2421 = ORIENTED_EDGE('',*,*,#2422,.T.);
#2422 = EDGE_CURVE('',#2342,#2293,#2423,.T.);
#2423 = LINE('',#2424,#2425);
#2424 = CARTESIAN_POINT('',(1.6,2.77128129211,7.));
#2425 = VECTOR('',#2426,1.);
#2426 = DIRECTION('',(0.,0.,1.));
#2427 = ORIENTED_EDGE('',*,*,#2292,.T.);
#2428 = ORIENTED_EDGE('',*,*,#2400,.F.);
#2429 = ORIENTED_EDGE('',*,*,#2341,.F.);
#2430 = PLANE('',#2431);
#2431 = AXIS2_PLACEMENT_3D('',#2432,#2433,#2434);
#2432 = CARTESIAN_POINT('',(1.6,2.77128129211,7.));
#2433 = DIRECTION('',(0.866025403784,0.5,0.));
#2434 = DIRECTION('',(0.5,-0.866025403784,0.));
#2435 = ADVANCED_FACE('',(#2436),#2447,.F.);
#2436 = FACE_BOUND('',#2437,.F.);
#2437 = EDGE_LOOP('',(#2438,#2439,#2440,#2446));
#2438 = ORIENTED_EDGE('',*,*,#2407,.T.);
#2439 = ORIENTED_EDGE('',*,*,#2324,.T.);
#2440 = ORIENTED_EDGE('',*,*,#2441,.F.);
#2441 = EDGE_CURVE('',#2368,#2317,#2442,.T.);
#2442 = LINE('',#2443,#2444);
#2443 = CARTESIAN_POINT('',(-1.6,-2.77128129211,7.));
#2444 = VECTOR('',#2445,1.);
#2445 = DIRECTION('',(0.,0.,1.));
#2446 = ORIENTED_EDGE('',*,*,#2375,.F.);
#2447 = PLANE('',#2448);
#2448 = AXIS2_PLACEMENT_3D('',#2449,#2450,#2451);
#2449 = CARTESIAN_POINT('',(1.6,-2.77128129211,7.));
#2450 = DIRECTION('',(1.387778780781E-16,-1.,0.));
#2451 = DIRECTION('',(-1.,-1.387778780781E-16,0.));
#2452 = ADVANCED_FACE('',(#2453),#2464,.F.);
#2453 = FACE_BOUND('',#2454,.F.);
#2454 = EDGE_LOOP('',(#2455,#2461,#2462,#2463));
#2455 = ORIENTED_EDGE('',*,*,#2456,.T.);
#2456 = EDGE_CURVE('',#2352,#2301,#2457,.T.);
#2457 = LINE('',#2458,#2459);
#2458 = CARTESIAN_POINT('',(-1.6,2.77128129211,7.));
#2459 = VECTOR('',#2460,1.);
#2460 = DIRECTION('',(0.,0.,1.));
#2461 = ORIENTED_EDGE('',*,*,#2300,.T.);
#2462 = ORIENTED_EDGE('',*,*,#2422,.F.);
#2463 = ORIENTED_EDGE('',*,*,#2351,.F.);
#2464 = PLANE('',#2465);
#2465 = AXIS2_PLACEMENT_3D('',#2466,#2467,#2468);
#2466 = CARTESIAN_POINT('',(-1.6,2.77128129211,7.));
#2467 = DIRECTION('',(-5.551115123126E-16,1.,0.));
#2468 = DIRECTION('',(1.,5.551115123126E-16,0.));
#2469 = ADVANCED_FACE('',(#2470),#2481,.F.);
#2470 = FACE_BOUND('',#2471,.F.);
#2471 = EDGE_LOOP('',(#2472,#2473,#2474,#2480));
#2472 = ORIENTED_EDGE('',*,*,#2441,.T.);
#2473 = ORIENTED_EDGE('',*,*,#2316,.T.);
#2474 = ORIENTED_EDGE('',*,*,#2475,.F.);
#2475 = EDGE_CURVE('',#2360,#2309,#2476,.T.);
#2476 = LINE('',#2477,#2478);
#2477 = CARTESIAN_POINT('',(-3.2,-4.440892098501E-16,7.));
#2478 = VECTOR('',#2479,1.);
#2479 = DIRECTION('',(0.,0.,1.));
#2480 = ORIENTED_EDGE('',*,*,#2367,.F.);
#2481 = PLANE('',#2482);
#2482 = AXIS2_PLACEMENT_3D('',#2483,#2484,#2485);
#2483 = CARTESIAN_POINT('',(-1.6,-2.77128129211,7.));
#2484 = DIRECTION('',(-0.866025403784,-0.5,0.));
#2485 = DIRECTION('',(-0.5,0.866025403784,0.));
#2486 = ADVANCED_FACE('',(#2487),#2493,.F.);
#2487 = FACE_BOUND('',#2488,.F.);
#2488 = EDGE_LOOP('',(#2489,#2490,#2491,#2492));
#2489 = ORIENTED_EDGE('',*,*,#2475,.T.);
#2490 = ORIENTED_EDGE('',*,*,#2308,.T.);
#2491 = ORIENTED_EDGE('',*,*,#2456,.F.);
#2492 = ORIENTED_EDGE('',*,*,#2359,.F.);
#2493 = PLANE('',#2494);
#2494 = AXIS2_PLACEMENT_3D('',#2495,#2496,#2497);
#2495 = CARTESIAN_POINT('',(-3.2,-4.440892098501E-16,7.));
#2496 = DIRECTION('',(-0.866025403784,0.5,0.));
#2497 = DIRECTION('',(0.5,0.866025403784,0.));
#2498 = ( GEOMETRIC_REPRESENTATION_CONTEXT(3) 
GLOBAL_UNCERTAINTY_ASSIGNED_CONTEXT((#2502)) 
GLOBAL_UNIT_ASSIGNED_CONTEXT((#2499,#2500,#2501)) REPRESENTATION_CONTEXT
('Context #1','3D Context with UNIT and UNCERTAINTY') );
#2499 = ( LENGTH_UNIT() NAMED_UNIT(*) SI_UNIT(.MILLI.,.METRE.) );
#2500 = ( NAMED_UNIT(*) PLANE_ANGLE_UNIT() SI_UNIT($,.RADIAN.) );
#2501 = ( NAMED_UNIT(*) SI_UNIT($,.STERADIAN.) SOLID_ANGLE_UNIT() );
#2502 = UNCERTAINTY_MEASURE_WITH_UNIT(LENGTH_MEASURE(1.E-07),#2499,
  'distance_accuracy_value','confusion accuracy');
#2503 = PRODUCT_RELATED_PRODUCT_CATEGORY('detail',$,(#7));
#2504 = PRODUCT_CATEGORY_RELATIONSHIP('','',#2505,#2503);
#2505 = PRODUCT_CATEGORY('part',$);
#2506 = CC_DESIGN_PERSON_AND_ORGANIZATION_ASSIGNMENT(#2507,#2510,(#6,#5)
  );
#2507 = PERSON_AND_ORGANIZATION(#2508,#2509);
#2508 = PERSON('IP169.254.190,karol','','karol',$,$,$);
#2509 = ORGANIZATION('IP169.254.190','Unspecified','');
#2510 = PERSON_AND_ORGANIZATION_ROLE('creator');
#2511 = CC_DESIGN_PERSON_AND_ORGANIZATION_ASSIGNMENT(#2507,#2512,(#7));
#2512 = PERSON_AND_ORGANIZATION_ROLE('design_owner');
#2513 = CC_DESIGN_PERSON_AND_ORGANIZATION_ASSIGNMENT(#2507,#2514,(#6));
#2514 = PERSON_AND_ORGANIZATION_ROLE('design_supplier');
#2515 = CC_DESIGN_PERSON_AND_ORGANIZATION_ASSIGNMENT(#2507,#2516,(#2517)
  );
#2516 = PERSON_AND_ORGANIZATION_ROLE('classification_officer');
#2517 = SECURITY_CLASSIFICATION('','',#2518);
#2518 = SECURITY_CLASSIFICATION_LEVEL('unclassified');
#2519 = CC_DESIGN_SECURITY_CLASSIFICATION(#2517,(#6));
#2520 = CC_DESIGN_DATE_AND_TIME_ASSIGNMENT(#2521,#2525,(#5));
#2521 = DATE_AND_TIME(#2522,#2523);
#2522 = CALENDAR_DATE(2026,24,5);
#2523 = LOCAL_TIME(18,3,$,#2524);
#2524 = COORDINATED_UNIVERSAL_TIME_OFFSET(1,$,.AHEAD.);
#2525 = DATE_TIME_ROLE('creation_date');
#2526 = CC_DESIGN_DATE_AND_TIME_ASSIGNMENT(#2521,#2527,(#2517));
#2527 = DATE_TIME_ROLE('classification_date');
#2528 = CC_DESIGN_APPROVAL(#2529,(#6,#5,#2517));
#2529 = APPROVAL(#2530,'');
#2530 = APPROVAL_STATUS('not_yet_approved');
#2531 = APPROVAL_PERSON_ORGANIZATION(#2507,#2529,#2532);
#2532 = APPROVAL_ROLE('approver');
#2533 = APPROVAL_DATE_TIME(#2521,#2529);
#2534 = MECHANICAL_DESIGN_GEOMETRIC_PRESENTATION_REPRESENTATION('',(
    #2535),#2498);
#2535 = STYLED_ITEM('color',(#2536),#15);
#2536 = PRESENTATION_STYLE_ASSIGNMENT((#2537,#2543));
#2537 = SURFACE_STYLE_USAGE(.BOTH.,#2538);
#2538 = SURFACE_SIDE_STYLE('',(#2539));
#2539 = SURFACE_STYLE_FILL_AREA(#2540);
#2540 = FILL_AREA_STYLE('',(#2541));
#2541 = FILL_AREA_STYLE_COLOUR('',#2542);
#2542 = COLOUR_RGB('',0.447058818107,0.474509808674,0.501960817233);
#2543 = CURVE_STYLE('',#2544,POSITIVE_LENGTH_MEASURE(0.1),#2545);
#2544 = DRAUGHTING_PRE_DEFINED_CURVE_FONT('continuous');
#2545 = COLOUR_RGB('',9.803921802644E-02,9.803921802644E-02,
  9.803921802644E-02);
ENDSEC;
END-ISO-10303-21;
