ISO-10303-21;
HEADER;
FILE_DESCRIPTION(('FreeCAD Model'),'2;1');
FILE_NAME('Open CASCADE Shape Model','2026-05-15T20:51:11',(''),(''),
  'Open CASCADE STEP processor 7.8','FreeCAD','Unknown');
FILE_SCHEMA(('CONFIG_CONTROL_DESIGN','SHAPE_APPEARANCE_LAYER_MIM'));
ENDSEC;
DATA;
#1 = APPLICATION_PROTOCOL_DEFINITION('international standard',
  'config_control_design',1994,#2);
#2 = APPLICATION_CONTEXT(
'configuration controlled 3D designs of mechanical parts and assemblies'
  );
#3 = SHAPE_DEFINITION_REPRESENTATION(#4,#10);
#4 = PRODUCT_DEFINITION_SHAPE('','',#5);
#5 = PRODUCT_DEFINITION('design','',#6,#9);
#6 = PRODUCT_DEFINITION_FORMATION_WITH_SPECIFIED_SOURCE('','',#7,
  .NOT_KNOWN.);
#7 = PRODUCT('Zawartość','Zawartość','',(#8));
#8 = MECHANICAL_CONTEXT('',#2,'mechanical');
#9 = DESIGN_CONTEXT('',#2,'design');
#10 = ADVANCED_BREP_SHAPE_REPRESENTATION('',(#11,#15),#2460);
#11 = AXIS2_PLACEMENT_3D('',#12,#13,#14);
#12 = CARTESIAN_POINT('',(0.,0.,0.));
#13 = DIRECTION('',(0.,0.,1.));
#14 = DIRECTION('',(1.,0.,-0.));
#15 = MANIFOLD_SOLID_BREP('',#16);
#16 = CLOSED_SHELL('',(#17,#68,#93,#124,#651,#867,#884,#909,#926,#982,
    #994,#1018,#1043,#1067,#1092,#1109,#1150,#1174,#1191,#1216,#1233,
    #1257,#1285,#1310,#1327,#1344,#1361,#1402,#1419,#1443,#1460,#1485,
    #1513,#1537,#1554,#1579,#1596,#1613,#1654,#1678,#1695,#1720,#1737,
    #1761,#1789,#1814,#1831,#1848,#1860,#1892,#1917,#1942,#1967,#1992,
    #2017,#2037,#2055,#2072,#2097,#2114,#2139,#2156,#2181,#2193,#2217,
    #2242,#2267,#2292,#2301,#2321,#2341,#2361,#2385,#2409,#2433,#2442,
    #2451));
#17 = ADVANCED_FACE('',(#18,#29),#63,.F.);
#18 = FACE_BOUND('',#19,.F.);
#19 = EDGE_LOOP('',(#20));
#20 = ORIENTED_EDGE('',*,*,#21,.T.);
#21 = EDGE_CURVE('',#22,#22,#24,.T.);
#22 = VERTEX_POINT('',#23);
#23 = CARTESIAN_POINT('',(19.008733140962,31.135614438312,9.));
#24 = CIRCLE('',#25,8.575);
#25 = AXIS2_PLACEMENT_3D('',#26,#27,#28);
#26 = CARTESIAN_POINT('',(25.072173789637,25.072173789637,9.));
#27 = DIRECTION('',(0.707106781187,0.707106781187,-0.));
#28 = DIRECTION('',(-0.707106781187,0.707106781187,0.));
#29 = FACE_BOUND('',#30,.F.);
#30 = EDGE_LOOP('',(#31,#41,#49,#57));
#31 = ORIENTED_EDGE('',*,*,#32,.T.);
#32 = EDGE_CURVE('',#33,#35,#37,.T.);
#33 = VERTEX_POINT('',#34);
#34 = CARTESIAN_POINT('',(18.001105977771,32.143241601502,18.));
#35 = VERTEX_POINT('',#36);
#36 = CARTESIAN_POINT('',(18.001105977771,32.143241601502,
    7.105427357601E-15));
#37 = LINE('',#38,#39);
#38 = CARTESIAN_POINT('',(18.001105977771,32.143241601502,18.));
#39 = VECTOR('',#40,1.);
#40 = DIRECTION('',(-0.,-0.,-1.));
#41 = ORIENTED_EDGE('',*,*,#42,.T.);
#42 = EDGE_CURVE('',#35,#43,#45,.T.);
#43 = VERTEX_POINT('',#44);
#44 = CARTESIAN_POINT('',(32.143241601502,18.001105977771,
    7.105427357601E-15));
#45 = LINE('',#46,#47);
#46 = CARTESIAN_POINT('',(18.001105977771,32.143241601502,
    7.105427357601E-15));
#47 = VECTOR('',#48,1.);
#48 = DIRECTION('',(0.707106781187,-0.707106781187,0.));
#49 = ORIENTED_EDGE('',*,*,#50,.F.);
#50 = EDGE_CURVE('',#51,#43,#53,.T.);
#51 = VERTEX_POINT('',#52);
#52 = CARTESIAN_POINT('',(32.143241601502,18.001105977771,18.));
#53 = LINE('',#54,#55);
#54 = CARTESIAN_POINT('',(32.143241601502,18.001105977771,18.));
#55 = VECTOR('',#56,1.);
#56 = DIRECTION('',(-0.,-0.,-1.));
#57 = ORIENTED_EDGE('',*,*,#58,.F.);
#58 = EDGE_CURVE('',#33,#51,#59,.T.);
#59 = LINE('',#60,#61);
#60 = CARTESIAN_POINT('',(18.001105977771,32.143241601502,18.));
#61 = VECTOR('',#62,1.);
#62 = DIRECTION('',(0.707106781187,-0.707106781187,0.));
#63 = PLANE('',#64);
#64 = AXIS2_PLACEMENT_3D('',#65,#66,#67);
#65 = CARTESIAN_POINT('',(18.001105977771,32.143241601502,18.));
#66 = DIRECTION('',(-0.707106781187,-0.707106781187,0.));
#67 = DIRECTION('',(0.707106781187,-0.707106781187,0.));
#68 = ADVANCED_FACE('',(#69),#88,.T.);
#69 = FACE_BOUND('',#70,.T.);
#70 = EDGE_LOOP('',(#71,#79,#80,#81));
#71 = ORIENTED_EDGE('',*,*,#72,.F.);
#72 = EDGE_CURVE('',#22,#73,#75,.T.);
#73 = VERTEX_POINT('',#74);
#74 = CARTESIAN_POINT('',(26.079800952828,36.792468687804,9.));
#75 = LINE('',#76,#77);
#76 = CARTESIAN_POINT('',(26.079800952828,36.792468687804,9.));
#77 = VECTOR('',#78,1.);
#78 = DIRECTION('',(0.780868809443,0.624695047554,0.));
#79 = ORIENTED_EDGE('',*,*,#21,.T.);
#80 = ORIENTED_EDGE('',*,*,#72,.T.);
#81 = ORIENTED_EDGE('',*,*,#82,.F.);
#82 = EDGE_CURVE('',#73,#73,#83,.T.);
#83 = CIRCLE('',#84,7.575);
#84 = AXIS2_PLACEMENT_3D('',#85,#86,#87);
#85 = CARTESIAN_POINT('',(31.436134820316,31.436134820316,9.));
#86 = DIRECTION('',(0.707106781187,0.707106781187,-0.));
#87 = DIRECTION('',(-0.707106781187,0.707106781187,0.));
#88 = CONICAL_SURFACE('',#89,7.575,0.110657221174);
#89 = AXIS2_PLACEMENT_3D('',#90,#91,#92);
#90 = CARTESIAN_POINT('',(31.436134820316,31.436134820316,9.));
#91 = DIRECTION('',(-0.707106781187,-0.707106781187,-0.));
#92 = DIRECTION('',(-0.707106781187,0.707106781187,0.));
#93 = ADVANCED_FACE('',(#94),#119,.F.);
#94 = FACE_BOUND('',#95,.F.);
#95 = EDGE_LOOP('',(#96,#104,#112,#118));
#96 = ORIENTED_EDGE('',*,*,#97,.F.);
#97 = EDGE_CURVE('',#98,#33,#100,.T.);
#98 = VERTEX_POINT('',#99);
#99 = CARTESIAN_POINT('',(12.04698648244,26.189122106171,18.));
#100 = LINE('',#101,#102);
#101 = CARTESIAN_POINT('',(9.515824603533,23.657960227264,18.));
#102 = VECTOR('',#103,1.);
#103 = DIRECTION('',(0.707106781187,0.707106781187,0.));
#104 = ORIENTED_EDGE('',*,*,#105,.T.);
#105 = EDGE_CURVE('',#98,#106,#108,.T.);
#106 = VERTEX_POINT('',#107);
#107 = CARTESIAN_POINT('',(12.04698648244,26.189122106171,
    7.105427357601E-15));
#108 = LINE('',#109,#110);
#109 = CARTESIAN_POINT('',(12.04698648244,26.189122106171,18.));
#110 = VECTOR('',#111,1.);
#111 = DIRECTION('',(-0.,-0.,-1.));
#112 = ORIENTED_EDGE('',*,*,#113,.T.);
#113 = EDGE_CURVE('',#106,#35,#114,.T.);
#114 = LINE('',#115,#116);
#115 = CARTESIAN_POINT('',(9.515824603533,23.657960227264,
    7.105427357601E-15));
#116 = VECTOR('',#117,1.);
#117 = DIRECTION('',(0.707106781187,0.707106781187,0.));
#118 = ORIENTED_EDGE('',*,*,#32,.F.);
#119 = PLANE('',#120);
#120 = AXIS2_PLACEMENT_3D('',#121,#122,#123);
#121 = CARTESIAN_POINT('',(9.515824603533,23.657960227264,18.));
#122 = DIRECTION('',(0.707106781187,-0.707106781187,0.));
#123 = DIRECTION('',(0.707106781187,0.707106781187,0.));
#124 = ADVANCED_FACE('',(#125,#519,#602,#613,#624,#635),#646,.T.);
#125 = FACE_BOUND('',#126,.T.);
#126 = EDGE_LOOP('',(#127,#138,#147,#153,#154,#155,#164,#173,#181,#190,
    #198,#207,#215,#224,#233,#241,#249,#257,#266,#275,#283,#292,#300,
    #309,#317,#326,#335,#343,#351,#359,#368,#377,#385,#394,#402,#411,
    #419,#428,#437,#445,#453,#461,#470,#479,#487,#496,#504,#513));
#127 = ORIENTED_EDGE('',*,*,#128,.T.);
#128 = EDGE_CURVE('',#129,#131,#133,.T.);
#129 = VERTEX_POINT('',#130);
#130 = CARTESIAN_POINT('',(26.772187060455,3.5,18.));
#131 = VERTEX_POINT('',#132);
#132 = CARTESIAN_POINT('',(25.479398204757,8.933099524992,18.));
#133 = CIRCLE('',#134,27.);
#134 = AXIS2_PLACEMENT_3D('',#135,#136,#137);
#135 = CARTESIAN_POINT('',(0.,0.,18.));
#136 = DIRECTION('',(0.,0.,1.));
#137 = DIRECTION('',(1.,0.,0.));
#138 = ORIENTED_EDGE('',*,*,#139,.F.);
#139 = EDGE_CURVE('',#140,#131,#142,.T.);
#140 = VERTEX_POINT('',#141);
#141 = CARTESIAN_POINT('',(26.189122106171,12.04698648244,18.));
#142 = CIRCLE('',#143,3.);
#143 = AXIS2_PLACEMENT_3D('',#144,#145,#146);
#144 = CARTESIAN_POINT('',(28.31044244973,9.92566613888,18.));
#145 = DIRECTION('',(0.,-0.,1.));
#146 = DIRECTION('',(0.,1.,0.));
#147 = ORIENTED_EDGE('',*,*,#148,.F.);
#148 = EDGE_CURVE('',#51,#140,#149,.T.);
#149 = LINE('',#150,#151);
#150 = CARTESIAN_POINT('',(32.143241601502,18.001105977771,18.));
#151 = VECTOR('',#152,1.);
#152 = DIRECTION('',(-0.707106781187,-0.707106781187,0.));
#153 = ORIENTED_EDGE('',*,*,#58,.F.);
#154 = ORIENTED_EDGE('',*,*,#97,.F.);
#155 = ORIENTED_EDGE('',*,*,#156,.T.);
#156 = EDGE_CURVE('',#98,#157,#159,.T.);
#157 = VERTEX_POINT('',#158);
#158 = CARTESIAN_POINT('',(8.933099524992,25.479398204757,18.));
#159 = CIRCLE('',#160,3.);
#160 = AXIS2_PLACEMENT_3D('',#161,#162,#163);
#161 = CARTESIAN_POINT('',(9.92566613888,28.31044244973,18.));
#162 = DIRECTION('',(0.,0.,-1.));
#163 = DIRECTION('',(0.,1.,0.));
#164 = ORIENTED_EDGE('',*,*,#165,.T.);
#165 = EDGE_CURVE('',#157,#166,#168,.T.);
#166 = VERTEX_POINT('',#167);
#167 = CARTESIAN_POINT('',(3.5,26.772187060455,18.));
#168 = CIRCLE('',#169,27.);
#169 = AXIS2_PLACEMENT_3D('',#170,#171,#172);
#170 = CARTESIAN_POINT('',(0.,0.,18.));
#171 = DIRECTION('',(0.,0.,1.));
#172 = DIRECTION('',(1.,0.,0.));
#173 = ORIENTED_EDGE('',*,*,#174,.T.);
#174 = EDGE_CURVE('',#166,#175,#177,.T.);
#175 = VERTEX_POINT('',#176);
#176 = CARTESIAN_POINT('',(3.5,31.,18.));
#177 = LINE('',#178,#179);
#178 = CARTESIAN_POINT('',(3.5,24.85477821265,18.));
#179 = VECTOR('',#180,1.);
#180 = DIRECTION('',(0.,1.,0.));
#181 = ORIENTED_EDGE('',*,*,#182,.T.);
#182 = EDGE_CURVE('',#175,#183,#185,.T.);
#183 = VERTEX_POINT('',#184);
#184 = CARTESIAN_POINT('',(0.5,34.,18.));
#185 = CIRCLE('',#186,3.);
#186 = AXIS2_PLACEMENT_3D('',#187,#188,#189);
#187 = CARTESIAN_POINT('',(0.5,31.,18.));
#188 = DIRECTION('',(0.,-0.,1.));
#189 = DIRECTION('',(0.,1.,0.));
#190 = ORIENTED_EDGE('',*,*,#191,.T.);
#191 = EDGE_CURVE('',#183,#192,#194,.T.);
#192 = VERTEX_POINT('',#193);
#193 = CARTESIAN_POINT('',(-0.5,34.,18.));
#194 = LINE('',#195,#196);
#195 = CARTESIAN_POINT('',(3.5,34.,18.));
#196 = VECTOR('',#197,1.);
#197 = DIRECTION('',(-1.,0.,0.));
#198 = ORIENTED_EDGE('',*,*,#199,.F.);
#199 = EDGE_CURVE('',#200,#192,#202,.T.);
#200 = VERTEX_POINT('',#201);
#201 = CARTESIAN_POINT('',(-3.5,31.,18.));
#202 = CIRCLE('',#203,3.);
#203 = AXIS2_PLACEMENT_3D('',#204,#205,#206);
#204 = CARTESIAN_POINT('',(-0.5,31.,18.));
#205 = DIRECTION('',(0.,0.,-1.));
#206 = DIRECTION('',(0.,1.,0.));
#207 = ORIENTED_EDGE('',*,*,#208,.T.);
#208 = EDGE_CURVE('',#200,#209,#211,.T.);
#209 = VERTEX_POINT('',#210);
#210 = CARTESIAN_POINT('',(-3.5,26.772187060455,18.));
#211 = LINE('',#212,#213);
#212 = CARTESIAN_POINT('',(-3.5,34.,18.));
#213 = VECTOR('',#214,1.);
#214 = DIRECTION('',(0.,-1.,0.));
#215 = ORIENTED_EDGE('',*,*,#216,.T.);
#216 = EDGE_CURVE('',#209,#217,#219,.T.);
#217 = VERTEX_POINT('',#218);
#218 = CARTESIAN_POINT('',(-8.933099524992,25.479398204757,18.));
#219 = CIRCLE('',#220,27.);
#220 = AXIS2_PLACEMENT_3D('',#221,#222,#223);
#221 = CARTESIAN_POINT('',(0.,0.,18.));
#222 = DIRECTION('',(0.,0.,1.));
#223 = DIRECTION('',(1.,0.,0.));
#224 = ORIENTED_EDGE('',*,*,#225,.T.);
#225 = EDGE_CURVE('',#217,#226,#228,.T.);
#226 = VERTEX_POINT('',#227);
#227 = CARTESIAN_POINT('',(-12.04698648244,26.189122106171,18.));
#228 = CIRCLE('',#229,3.);
#229 = AXIS2_PLACEMENT_3D('',#230,#231,#232);
#230 = CARTESIAN_POINT('',(-9.92566613888,28.31044244973,18.));
#231 = DIRECTION('',(0.,0.,-1.));
#232 = DIRECTION('',(0.,1.,0.));
#233 = ORIENTED_EDGE('',*,*,#234,.T.);
#234 = EDGE_CURVE('',#226,#235,#237,.T.);
#235 = VERTEX_POINT('',#236);
#236 = CARTESIAN_POINT('',(-18.00110597777,32.143241601502,18.));
#237 = LINE('',#238,#239);
#238 = CARTESIAN_POINT('',(-9.515824603533,23.657960227264,18.));
#239 = VECTOR('',#240,1.);
#240 = DIRECTION('',(-0.707106781187,0.707106781187,0.));
#241 = ORIENTED_EDGE('',*,*,#242,.T.);
#242 = EDGE_CURVE('',#235,#243,#245,.T.);
#243 = VERTEX_POINT('',#244);
#244 = CARTESIAN_POINT('',(-32.1432416015,18.001105977771,18.));
#245 = LINE('',#246,#247);
#246 = CARTESIAN_POINT('',(-18.00110597777,32.143241601502,18.));
#247 = VECTOR('',#248,1.);
#248 = DIRECTION('',(-0.707106781187,-0.707106781187,0.));
#249 = ORIENTED_EDGE('',*,*,#250,.T.);
#250 = EDGE_CURVE('',#243,#251,#253,.T.);
#251 = VERTEX_POINT('',#252);
#252 = CARTESIAN_POINT('',(-26.18912210617,12.04698648244,18.));
#253 = LINE('',#254,#255);
#254 = CARTESIAN_POINT('',(-32.1432416015,18.001105977771,18.));
#255 = VECTOR('',#256,1.);
#256 = DIRECTION('',(0.707106781187,-0.707106781187,0.));
#257 = ORIENTED_EDGE('',*,*,#258,.T.);
#258 = EDGE_CURVE('',#251,#259,#261,.T.);
#259 = VERTEX_POINT('',#260);
#260 = CARTESIAN_POINT('',(-25.47939820475,8.933099524992,18.));
#261 = CIRCLE('',#262,3.);
#262 = AXIS2_PLACEMENT_3D('',#263,#264,#265);
#263 = CARTESIAN_POINT('',(-28.31044244973,9.92566613888,18.));
#264 = DIRECTION('',(0.,0.,-1.));
#265 = DIRECTION('',(0.,1.,0.));
#266 = ORIENTED_EDGE('',*,*,#267,.T.);
#267 = EDGE_CURVE('',#259,#268,#270,.T.);
#268 = VERTEX_POINT('',#269);
#269 = CARTESIAN_POINT('',(-26.77218706045,3.499999999999,18.));
#270 = CIRCLE('',#271,27.);
#271 = AXIS2_PLACEMENT_3D('',#272,#273,#274);
#272 = CARTESIAN_POINT('',(0.,0.,18.));
#273 = DIRECTION('',(0.,0.,1.));
#274 = DIRECTION('',(1.,0.,0.));
#275 = ORIENTED_EDGE('',*,*,#276,.T.);
#276 = EDGE_CURVE('',#268,#277,#279,.T.);
#277 = VERTEX_POINT('',#278);
#278 = CARTESIAN_POINT('',(-31.,3.499999999999,18.));
#279 = LINE('',#280,#281);
#280 = CARTESIAN_POINT('',(-24.85477821264,3.499999999999,18.));
#281 = VECTOR('',#282,1.);
#282 = DIRECTION('',(-1.,0.,0.));
#283 = ORIENTED_EDGE('',*,*,#284,.T.);
#284 = EDGE_CURVE('',#277,#285,#287,.T.);
#285 = VERTEX_POINT('',#286);
#286 = CARTESIAN_POINT('',(-34.,0.499999999999,18.));
#287 = CIRCLE('',#288,3.);
#288 = AXIS2_PLACEMENT_3D('',#289,#290,#291);
#289 = CARTESIAN_POINT('',(-31.,0.499999999999,18.));
#290 = DIRECTION('',(0.,-0.,1.));
#291 = DIRECTION('',(0.,1.,0.));
#292 = ORIENTED_EDGE('',*,*,#293,.T.);
#293 = EDGE_CURVE('',#285,#294,#296,.T.);
#294 = VERTEX_POINT('',#295);
#295 = CARTESIAN_POINT('',(-34.,-0.499999999999,18.));
#296 = LINE('',#297,#298);
#297 = CARTESIAN_POINT('',(-34.,3.499999999999,18.));
#298 = VECTOR('',#299,1.);
#299 = DIRECTION('',(0.,-1.,0.));
#300 = ORIENTED_EDGE('',*,*,#301,.F.);
#301 = EDGE_CURVE('',#302,#294,#304,.T.);
#302 = VERTEX_POINT('',#303);
#303 = CARTESIAN_POINT('',(-31.,-3.499999999999,18.));
#304 = CIRCLE('',#305,3.);
#305 = AXIS2_PLACEMENT_3D('',#306,#307,#308);
#306 = CARTESIAN_POINT('',(-31.,-0.499999999999,18.));
#307 = DIRECTION('',(0.,0.,-1.));
#308 = DIRECTION('',(0.,1.,0.));
#309 = ORIENTED_EDGE('',*,*,#310,.T.);
#310 = EDGE_CURVE('',#302,#311,#313,.T.);
#311 = VERTEX_POINT('',#312);
#312 = CARTESIAN_POINT('',(-26.77218706045,-3.499999999999,18.));
#313 = LINE('',#314,#315);
#314 = CARTESIAN_POINT('',(-34.,-3.499999999999,18.));
#315 = VECTOR('',#316,1.);
#316 = DIRECTION('',(1.,0.,0.));
#317 = ORIENTED_EDGE('',*,*,#318,.T.);
#318 = EDGE_CURVE('',#311,#319,#321,.T.);
#319 = VERTEX_POINT('',#320);
#320 = CARTESIAN_POINT('',(-25.47939820475,-8.933099524992,18.));
#321 = CIRCLE('',#322,27.);
#322 = AXIS2_PLACEMENT_3D('',#323,#324,#325);
#323 = CARTESIAN_POINT('',(0.,0.,18.));
#324 = DIRECTION('',(0.,0.,1.));
#325 = DIRECTION('',(1.,0.,0.));
#326 = ORIENTED_EDGE('',*,*,#327,.T.);
#327 = EDGE_CURVE('',#319,#328,#330,.T.);
#328 = VERTEX_POINT('',#329);
#329 = CARTESIAN_POINT('',(-26.18912210617,-12.04698648244,18.));
#330 = CIRCLE('',#331,3.);
#331 = AXIS2_PLACEMENT_3D('',#332,#333,#334);
#332 = CARTESIAN_POINT('',(-28.31044244973,-9.92566613888,18.));
#333 = DIRECTION('',(0.,0.,-1.));
#334 = DIRECTION('',(0.,1.,0.));
#335 = ORIENTED_EDGE('',*,*,#336,.F.);
#336 = EDGE_CURVE('',#337,#328,#339,.T.);
#337 = VERTEX_POINT('',#338);
#338 = CARTESIAN_POINT('',(-32.1432416015,-18.00110597777,18.));
#339 = LINE('',#340,#341);
#340 = CARTESIAN_POINT('',(-32.1432416015,-18.00110597777,18.));
#341 = VECTOR('',#342,1.);
#342 = DIRECTION('',(0.707106781187,0.707106781187,0.));
#343 = ORIENTED_EDGE('',*,*,#344,.F.);
#344 = EDGE_CURVE('',#345,#337,#347,.T.);
#345 = VERTEX_POINT('',#346);
#346 = CARTESIAN_POINT('',(-18.00110597777,-32.1432416015,18.));
#347 = LINE('',#348,#349);
#348 = CARTESIAN_POINT('',(-18.00110597777,-32.1432416015,18.));
#349 = VECTOR('',#350,1.);
#350 = DIRECTION('',(-0.707106781187,0.707106781187,0.));
#351 = ORIENTED_EDGE('',*,*,#352,.F.);
#352 = EDGE_CURVE('',#353,#345,#355,.T.);
#353 = VERTEX_POINT('',#354);
#354 = CARTESIAN_POINT('',(-12.04698648244,-26.18912210617,18.));
#355 = LINE('',#356,#357);
#356 = CARTESIAN_POINT('',(-9.515824603533,-23.65796022726,18.));
#357 = VECTOR('',#358,1.);
#358 = DIRECTION('',(-0.707106781187,-0.707106781187,0.));
#359 = ORIENTED_EDGE('',*,*,#360,.T.);
#360 = EDGE_CURVE('',#353,#361,#363,.T.);
#361 = VERTEX_POINT('',#362);
#362 = CARTESIAN_POINT('',(-8.933099524992,-25.47939820475,18.));
#363 = CIRCLE('',#364,3.);
#364 = AXIS2_PLACEMENT_3D('',#365,#366,#367);
#365 = CARTESIAN_POINT('',(-9.92566613888,-28.31044244973,18.));
#366 = DIRECTION('',(0.,0.,-1.));
#367 = DIRECTION('',(0.,1.,0.));
#368 = ORIENTED_EDGE('',*,*,#369,.T.);
#369 = EDGE_CURVE('',#361,#370,#372,.T.);
#370 = VERTEX_POINT('',#371);
#371 = CARTESIAN_POINT('',(-3.5,-26.77218706045,18.));
#372 = CIRCLE('',#373,27.);
#373 = AXIS2_PLACEMENT_3D('',#374,#375,#376);
#374 = CARTESIAN_POINT('',(0.,0.,18.));
#375 = DIRECTION('',(0.,0.,1.));
#376 = DIRECTION('',(1.,0.,0.));
#377 = ORIENTED_EDGE('',*,*,#378,.F.);
#378 = EDGE_CURVE('',#379,#370,#381,.T.);
#379 = VERTEX_POINT('',#380);
#380 = CARTESIAN_POINT('',(-3.5,-31.,18.));
#381 = LINE('',#382,#383);
#382 = CARTESIAN_POINT('',(-3.5,-34.,18.));
#383 = VECTOR('',#384,1.);
#384 = DIRECTION('',(0.,1.,0.));
#385 = ORIENTED_EDGE('',*,*,#386,.T.);
#386 = EDGE_CURVE('',#379,#387,#389,.T.);
#387 = VERTEX_POINT('',#388);
#388 = CARTESIAN_POINT('',(-0.5,-34.,18.));
#389 = CIRCLE('',#390,3.);
#390 = AXIS2_PLACEMENT_3D('',#391,#392,#393);
#391 = CARTESIAN_POINT('',(-0.5,-31.,18.));
#392 = DIRECTION('',(0.,-0.,1.));
#393 = DIRECTION('',(0.,1.,0.));
#394 = ORIENTED_EDGE('',*,*,#395,.F.);
#395 = EDGE_CURVE('',#396,#387,#398,.T.);
#396 = VERTEX_POINT('',#397);
#397 = CARTESIAN_POINT('',(0.5,-34.,18.));
#398 = LINE('',#399,#400);
#399 = CARTESIAN_POINT('',(3.5,-34.,18.));
#400 = VECTOR('',#401,1.);
#401 = DIRECTION('',(-1.,0.,0.));
#402 = ORIENTED_EDGE('',*,*,#403,.F.);
#403 = EDGE_CURVE('',#404,#396,#406,.T.);
#404 = VERTEX_POINT('',#405);
#405 = CARTESIAN_POINT('',(3.5,-31.,18.));
#406 = CIRCLE('',#407,3.);
#407 = AXIS2_PLACEMENT_3D('',#408,#409,#410);
#408 = CARTESIAN_POINT('',(0.5,-31.,18.));
#409 = DIRECTION('',(0.,0.,-1.));
#410 = DIRECTION('',(0.,1.,0.));
#411 = ORIENTED_EDGE('',*,*,#412,.F.);
#412 = EDGE_CURVE('',#413,#404,#415,.T.);
#413 = VERTEX_POINT('',#414);
#414 = CARTESIAN_POINT('',(3.5,-26.77218706045,18.));
#415 = LINE('',#416,#417);
#416 = CARTESIAN_POINT('',(3.5,-24.85477821265,18.));
#417 = VECTOR('',#418,1.);
#418 = DIRECTION('',(7.283954728102E-16,-1.,0.));
#419 = ORIENTED_EDGE('',*,*,#420,.T.);
#420 = EDGE_CURVE('',#413,#421,#423,.T.);
#421 = VERTEX_POINT('',#422);
#422 = CARTESIAN_POINT('',(8.933099524992,-25.47939820475,18.));
#423 = CIRCLE('',#424,27.);
#424 = AXIS2_PLACEMENT_3D('',#425,#426,#427);
#425 = CARTESIAN_POINT('',(0.,0.,18.));
#426 = DIRECTION('',(0.,0.,1.));
#427 = DIRECTION('',(1.,0.,0.));
#428 = ORIENTED_EDGE('',*,*,#429,.T.);
#429 = EDGE_CURVE('',#421,#430,#432,.T.);
#430 = VERTEX_POINT('',#431);
#431 = CARTESIAN_POINT('',(12.04698648244,-26.18912210617,18.));
#432 = CIRCLE('',#433,3.);
#433 = AXIS2_PLACEMENT_3D('',#434,#435,#436);
#434 = CARTESIAN_POINT('',(9.92566613888,-28.31044244973,18.));
#435 = DIRECTION('',(0.,0.,-1.));
#436 = DIRECTION('',(0.,1.,0.));
#437 = ORIENTED_EDGE('',*,*,#438,.T.);
#438 = EDGE_CURVE('',#430,#439,#441,.T.);
#439 = VERTEX_POINT('',#440);
#440 = CARTESIAN_POINT('',(18.001105977771,-32.1432416015,18.));
#441 = LINE('',#442,#443);
#442 = CARTESIAN_POINT('',(9.515824603533,-23.65796022726,18.));
#443 = VECTOR('',#444,1.);
#444 = DIRECTION('',(0.707106781187,-0.707106781187,0.));
#445 = ORIENTED_EDGE('',*,*,#446,.T.);
#446 = EDGE_CURVE('',#439,#447,#449,.T.);
#447 = VERTEX_POINT('',#448);
#448 = CARTESIAN_POINT('',(32.143241601502,-18.00110597777,18.));
#449 = LINE('',#450,#451);
#450 = CARTESIAN_POINT('',(18.001105977771,-32.1432416015,18.));
#451 = VECTOR('',#452,1.);
#452 = DIRECTION('',(0.707106781187,0.707106781187,0.));
#453 = ORIENTED_EDGE('',*,*,#454,.T.);
#454 = EDGE_CURVE('',#447,#455,#457,.T.);
#455 = VERTEX_POINT('',#456);
#456 = CARTESIAN_POINT('',(26.189122106171,-12.04698648244,18.));
#457 = LINE('',#458,#459);
#458 = CARTESIAN_POINT('',(32.143241601502,-18.00110597777,18.));
#459 = VECTOR('',#460,1.);
#460 = DIRECTION('',(-0.707106781187,0.707106781187,0.));
#461 = ORIENTED_EDGE('',*,*,#462,.F.);
#462 = EDGE_CURVE('',#463,#455,#465,.T.);
#463 = VERTEX_POINT('',#464);
#464 = CARTESIAN_POINT('',(25.479398204757,-8.933099524992,18.));
#465 = CIRCLE('',#466,3.);
#466 = AXIS2_PLACEMENT_3D('',#467,#468,#469);
#467 = CARTESIAN_POINT('',(28.31044244973,-9.92566613888,18.));
#468 = DIRECTION('',(0.,-0.,1.));
#469 = DIRECTION('',(0.,1.,0.));
#470 = ORIENTED_EDGE('',*,*,#471,.T.);
#471 = EDGE_CURVE('',#463,#472,#474,.T.);
#472 = VERTEX_POINT('',#473);
#473 = CARTESIAN_POINT('',(26.772187060455,-3.5,18.));
#474 = CIRCLE('',#475,27.);
#475 = AXIS2_PLACEMENT_3D('',#476,#477,#478);
#476 = CARTESIAN_POINT('',(0.,0.,18.));
#477 = DIRECTION('',(0.,0.,1.));
#478 = DIRECTION('',(1.,0.,0.));
#479 = ORIENTED_EDGE('',*,*,#480,.F.);
#480 = EDGE_CURVE('',#481,#472,#483,.T.);
#481 = VERTEX_POINT('',#482);
#482 = CARTESIAN_POINT('',(31.,-3.5,18.));
#483 = LINE('',#484,#485);
#484 = CARTESIAN_POINT('',(34.,-3.5,18.));
#485 = VECTOR('',#486,1.);
#486 = DIRECTION('',(-1.,0.,0.));
#487 = ORIENTED_EDGE('',*,*,#488,.T.);
#488 = EDGE_CURVE('',#481,#489,#491,.T.);
#489 = VERTEX_POINT('',#490);
#490 = CARTESIAN_POINT('',(34.,-0.5,18.));
#491 = CIRCLE('',#492,3.);
#492 = AXIS2_PLACEMENT_3D('',#493,#494,#495);
#493 = CARTESIAN_POINT('',(31.,-0.5,18.));
#494 = DIRECTION('',(0.,-0.,1.));
#495 = DIRECTION('',(0.,1.,0.));
#496 = ORIENTED_EDGE('',*,*,#497,.F.);
#497 = EDGE_CURVE('',#498,#489,#500,.T.);
#498 = VERTEX_POINT('',#499);
#499 = CARTESIAN_POINT('',(34.,0.5,18.));
#500 = LINE('',#501,#502);
#501 = CARTESIAN_POINT('',(34.,3.5,18.));
#502 = VECTOR('',#503,1.);
#503 = DIRECTION('',(0.,-1.,0.));
#504 = ORIENTED_EDGE('',*,*,#505,.F.);
#505 = EDGE_CURVE('',#506,#498,#508,.T.);
#506 = VERTEX_POINT('',#507);
#507 = CARTESIAN_POINT('',(31.,3.5,18.));
#508 = CIRCLE('',#509,3.);
#509 = AXIS2_PLACEMENT_3D('',#510,#511,#512);
#510 = CARTESIAN_POINT('',(31.,0.5,18.));
#511 = DIRECTION('',(0.,0.,-1.));
#512 = DIRECTION('',(0.,1.,0.));
#513 = ORIENTED_EDGE('',*,*,#514,.F.);
#514 = EDGE_CURVE('',#129,#506,#515,.T.);
#515 = LINE('',#516,#517);
#516 = CARTESIAN_POINT('',(24.85477821265,3.5,18.));
#517 = VECTOR('',#518,1.);
#518 = DIRECTION('',(1.,0.,0.));
#519 = FACE_BOUND('',#520,.T.);
#520 = EDGE_LOOP('',(#521,#532,#541,#550,#559,#568,#577,#586,#595));
#521 = ORIENTED_EDGE('',*,*,#522,.F.);
#522 = EDGE_CURVE('',#523,#525,#527,.T.);
#523 = VERTEX_POINT('',#524);
#524 = CARTESIAN_POINT('',(3.5,-24.85477821265,18.));
#525 = VERTEX_POINT('',#526);
#526 = CARTESIAN_POINT('',(24.85477821265,-3.5,18.));
#527 = CIRCLE('',#528,25.1);
#528 = AXIS2_PLACEMENT_3D('',#529,#530,#531);
#529 = CARTESIAN_POINT('',(0.,0.,18.));
#530 = DIRECTION('',(0.,0.,1.));
#531 = DIRECTION('',(1.,0.,0.));
#532 = ORIENTED_EDGE('',*,*,#533,.F.);
#533 = EDGE_CURVE('',#534,#523,#536,.T.);
#534 = VERTEX_POINT('',#535);
#535 = CARTESIAN_POINT('',(-3.5,-24.85477821265,18.));
#536 = CIRCLE('',#537,25.1);
#537 = AXIS2_PLACEMENT_3D('',#538,#539,#540);
#538 = CARTESIAN_POINT('',(0.,0.,18.));
#539 = DIRECTION('',(0.,0.,1.));
#540 = DIRECTION('',(1.,0.,0.));
#541 = ORIENTED_EDGE('',*,*,#542,.F.);
#542 = EDGE_CURVE('',#543,#534,#545,.T.);
#543 = VERTEX_POINT('',#544);
#544 = CARTESIAN_POINT('',(-24.85477821264,-3.499999999999,18.));
#545 = CIRCLE('',#546,25.1);
#546 = AXIS2_PLACEMENT_3D('',#547,#548,#549);
#547 = CARTESIAN_POINT('',(0.,0.,18.));
#548 = DIRECTION('',(0.,0.,1.));
#549 = DIRECTION('',(1.,0.,0.));
#550 = ORIENTED_EDGE('',*,*,#551,.F.);
#551 = EDGE_CURVE('',#552,#543,#554,.T.);
#552 = VERTEX_POINT('',#553);
#553 = CARTESIAN_POINT('',(-24.85477821264,3.499999999999,18.));
#554 = CIRCLE('',#555,25.1);
#555 = AXIS2_PLACEMENT_3D('',#556,#557,#558);
#556 = CARTESIAN_POINT('',(0.,0.,18.));
#557 = DIRECTION('',(0.,0.,1.));
#558 = DIRECTION('',(1.,0.,0.));
#559 = ORIENTED_EDGE('',*,*,#560,.F.);
#560 = EDGE_CURVE('',#561,#552,#563,.T.);
#561 = VERTEX_POINT('',#562);
#562 = CARTESIAN_POINT('',(-3.5,24.85477821265,18.));
#563 = CIRCLE('',#564,25.1);
#564 = AXIS2_PLACEMENT_3D('',#565,#566,#567);
#565 = CARTESIAN_POINT('',(0.,0.,18.));
#566 = DIRECTION('',(0.,0.,1.));
#567 = DIRECTION('',(1.,0.,0.));
#568 = ORIENTED_EDGE('',*,*,#569,.F.);
#569 = EDGE_CURVE('',#570,#561,#572,.T.);
#570 = VERTEX_POINT('',#571);
#571 = CARTESIAN_POINT('',(3.5,24.85477821265,18.));
#572 = CIRCLE('',#573,25.1);
#573 = AXIS2_PLACEMENT_3D('',#574,#575,#576);
#574 = CARTESIAN_POINT('',(0.,0.,18.));
#575 = DIRECTION('',(0.,0.,1.));
#576 = DIRECTION('',(1.,0.,0.));
#577 = ORIENTED_EDGE('',*,*,#578,.F.);
#578 = EDGE_CURVE('',#579,#570,#581,.T.);
#579 = VERTEX_POINT('',#580);
#580 = CARTESIAN_POINT('',(24.85477821265,3.5,18.));
#581 = CIRCLE('',#582,25.1);
#582 = AXIS2_PLACEMENT_3D('',#583,#584,#585);
#583 = CARTESIAN_POINT('',(0.,0.,18.));
#584 = DIRECTION('',(0.,0.,1.));
#585 = DIRECTION('',(1.,0.,0.));
#586 = ORIENTED_EDGE('',*,*,#587,.F.);
#587 = EDGE_CURVE('',#588,#579,#590,.T.);
#588 = VERTEX_POINT('',#589);
#589 = CARTESIAN_POINT('',(25.1,0.,18.));
#590 = CIRCLE('',#591,25.1);
#591 = AXIS2_PLACEMENT_3D('',#592,#593,#594);
#592 = CARTESIAN_POINT('',(0.,0.,18.));
#593 = DIRECTION('',(0.,0.,1.));
#594 = DIRECTION('',(1.,0.,0.));
#595 = ORIENTED_EDGE('',*,*,#596,.F.);
#596 = EDGE_CURVE('',#525,#588,#597,.T.);
#597 = CIRCLE('',#598,25.1);
#598 = AXIS2_PLACEMENT_3D('',#599,#600,#601);
#599 = CARTESIAN_POINT('',(0.,0.,18.));
#600 = DIRECTION('',(0.,0.,1.));
#601 = DIRECTION('',(1.,0.,0.));
#602 = FACE_BOUND('',#603,.T.);
#603 = EDGE_LOOP('',(#604));
#604 = ORIENTED_EDGE('',*,*,#605,.F.);
#605 = EDGE_CURVE('',#606,#606,#608,.T.);
#606 = VERTEX_POINT('',#607);
#607 = CARTESIAN_POINT('',(1.55,-30.5,18.));
#608 = CIRCLE('',#609,1.55);
#609 = AXIS2_PLACEMENT_3D('',#610,#611,#612);
#610 = CARTESIAN_POINT('',(0.,-30.5,18.));
#611 = DIRECTION('',(0.,0.,1.));
#612 = DIRECTION('',(1.,0.,0.));
#613 = FACE_BOUND('',#614,.T.);
#614 = EDGE_LOOP('',(#615));
#615 = ORIENTED_EDGE('',*,*,#616,.F.);
#616 = EDGE_CURVE('',#617,#617,#619,.T.);
#617 = VERTEX_POINT('',#618);
#618 = CARTESIAN_POINT('',(-28.95,0.,18.));
#619 = CIRCLE('',#620,1.55);
#620 = AXIS2_PLACEMENT_3D('',#621,#622,#623);
#621 = CARTESIAN_POINT('',(-30.5,0.,18.));
#622 = DIRECTION('',(0.,0.,1.));
#623 = DIRECTION('',(1.,0.,0.));
#624 = FACE_BOUND('',#625,.T.);
#625 = EDGE_LOOP('',(#626));
#626 = ORIENTED_EDGE('',*,*,#627,.F.);
#627 = EDGE_CURVE('',#628,#628,#630,.T.);
#628 = VERTEX_POINT('',#629);
#629 = CARTESIAN_POINT('',(32.05,0.,18.));
#630 = CIRCLE('',#631,1.55);
#631 = AXIS2_PLACEMENT_3D('',#632,#633,#634);
#632 = CARTESIAN_POINT('',(30.5,0.,18.));
#633 = DIRECTION('',(0.,0.,1.));
#634 = DIRECTION('',(1.,0.,0.));
#635 = FACE_BOUND('',#636,.T.);
#636 = EDGE_LOOP('',(#637));
#637 = ORIENTED_EDGE('',*,*,#638,.F.);
#638 = EDGE_CURVE('',#639,#639,#641,.T.);
#639 = VERTEX_POINT('',#640);
#640 = CARTESIAN_POINT('',(1.55,30.5,18.));
#641 = CIRCLE('',#642,1.55);
#642 = AXIS2_PLACEMENT_3D('',#643,#644,#645);
#643 = CARTESIAN_POINT('',(0.,30.5,18.));
#644 = DIRECTION('',(0.,0.,1.));
#645 = DIRECTION('',(1.,0.,0.));
#646 = PLANE('',#647);
#647 = AXIS2_PLACEMENT_3D('',#648,#649,#650);
#648 = CARTESIAN_POINT('',(9.80465079718E-14,-1.306729871338E-15,18.));
#649 = DIRECTION('',(0.,0.,1.));
#650 = DIRECTION('',(1.,0.,0.));
#651 = ADVANCED_FACE('',(#652,#851),#862,.T.);
#652 = FACE_BOUND('',#653,.T.);
#653 = EDGE_LOOP('',(#654,#665,#674,#682,#690,#698,#707,#716,#725,#733,
    #741,#749,#758,#767,#776,#784,#792,#800,#809,#818,#825,#826,#827,
    #835,#844));
#654 = ORIENTED_EDGE('',*,*,#655,.F.);
#655 = EDGE_CURVE('',#656,#658,#660,.T.);
#656 = VERTEX_POINT('',#657);
#657 = CARTESIAN_POINT('',(25.479398204757,-8.933099524992,0.));
#658 = VERTEX_POINT('',#659);
#659 = CARTESIAN_POINT('',(27.,0.,0.));
#660 = CIRCLE('',#661,27.);
#661 = AXIS2_PLACEMENT_3D('',#662,#663,#664);
#662 = CARTESIAN_POINT('',(0.,0.,0.));
#663 = DIRECTION('',(0.,0.,1.));
#664 = DIRECTION('',(1.,0.,0.));
#665 = ORIENTED_EDGE('',*,*,#666,.T.);
#666 = EDGE_CURVE('',#656,#667,#669,.T.);
#667 = VERTEX_POINT('',#668);
#668 = CARTESIAN_POINT('',(26.189122106171,-12.04698648244,
    7.105427357601E-15));
#669 = CIRCLE('',#670,3.);
#670 = AXIS2_PLACEMENT_3D('',#671,#672,#673);
#671 = CARTESIAN_POINT('',(28.31044244973,-9.92566613888,
    3.552713678801E-15));
#672 = DIRECTION('',(0.,-0.,1.));
#673 = DIRECTION('',(0.,1.,0.));
#674 = ORIENTED_EDGE('',*,*,#675,.F.);
#675 = EDGE_CURVE('',#676,#667,#678,.T.);
#676 = VERTEX_POINT('',#677);
#677 = CARTESIAN_POINT('',(32.143241601502,-18.00110597777,
    7.105427357601E-15));
#678 = LINE('',#679,#680);
#679 = CARTESIAN_POINT('',(32.143241601502,-18.00110597777,
    7.105427357601E-15));
#680 = VECTOR('',#681,1.);
#681 = DIRECTION('',(-0.707106781187,0.707106781187,0.));
#682 = ORIENTED_EDGE('',*,*,#683,.F.);
#683 = EDGE_CURVE('',#684,#676,#686,.T.);
#684 = VERTEX_POINT('',#685);
#685 = CARTESIAN_POINT('',(18.001105977771,-32.1432416015,
    7.105427357601E-15));
#686 = LINE('',#687,#688);
#687 = CARTESIAN_POINT('',(18.001105977771,-32.1432416015,
    7.105427357601E-15));
#688 = VECTOR('',#689,1.);
#689 = DIRECTION('',(0.707106781187,0.707106781187,0.));
#690 = ORIENTED_EDGE('',*,*,#691,.F.);
#691 = EDGE_CURVE('',#692,#684,#694,.T.);
#692 = VERTEX_POINT('',#693);
#693 = CARTESIAN_POINT('',(12.04698648244,-26.18912210617,
    7.105427357601E-15));
#694 = LINE('',#695,#696);
#695 = CARTESIAN_POINT('',(9.515824603533,-23.65796022726,
    7.105427357601E-15));
#696 = VECTOR('',#697,1.);
#697 = DIRECTION('',(0.707106781187,-0.707106781187,0.));
#698 = ORIENTED_EDGE('',*,*,#699,.F.);
#699 = EDGE_CURVE('',#700,#692,#702,.T.);
#700 = VERTEX_POINT('',#701);
#701 = CARTESIAN_POINT('',(8.933099524992,-25.47939820475,0.));
#702 = CIRCLE('',#703,3.);
#703 = AXIS2_PLACEMENT_3D('',#704,#705,#706);
#704 = CARTESIAN_POINT('',(9.92566613888,-28.31044244973,
    3.552713678801E-15));
#705 = DIRECTION('',(0.,0.,-1.));
#706 = DIRECTION('',(0.,1.,0.));
#707 = ORIENTED_EDGE('',*,*,#708,.F.);
#708 = EDGE_CURVE('',#709,#700,#711,.T.);
#709 = VERTEX_POINT('',#710);
#710 = CARTESIAN_POINT('',(-8.933099524992,-25.47939820475,0.));
#711 = CIRCLE('',#712,27.);
#712 = AXIS2_PLACEMENT_3D('',#713,#714,#715);
#713 = CARTESIAN_POINT('',(0.,0.,0.));
#714 = DIRECTION('',(0.,0.,1.));
#715 = DIRECTION('',(1.,0.,0.));
#716 = ORIENTED_EDGE('',*,*,#717,.F.);
#717 = EDGE_CURVE('',#718,#709,#720,.T.);
#718 = VERTEX_POINT('',#719);
#719 = CARTESIAN_POINT('',(-12.04698648244,-26.18912210617,
    7.105427357601E-15));
#720 = CIRCLE('',#721,3.);
#721 = AXIS2_PLACEMENT_3D('',#722,#723,#724);
#722 = CARTESIAN_POINT('',(-9.92566613888,-28.31044244973,
    3.552713678801E-15));
#723 = DIRECTION('',(0.,0.,-1.));
#724 = DIRECTION('',(0.,1.,0.));
#725 = ORIENTED_EDGE('',*,*,#726,.T.);
#726 = EDGE_CURVE('',#718,#727,#729,.T.);
#727 = VERTEX_POINT('',#728);
#728 = CARTESIAN_POINT('',(-18.00110597777,-32.1432416015,
    7.105427357601E-15));
#729 = LINE('',#730,#731);
#730 = CARTESIAN_POINT('',(-9.515824603533,-23.65796022726,
    7.105427357601E-15));
#731 = VECTOR('',#732,1.);
#732 = DIRECTION('',(-0.707106781187,-0.707106781187,0.));
#733 = ORIENTED_EDGE('',*,*,#734,.T.);
#734 = EDGE_CURVE('',#727,#735,#737,.T.);
#735 = VERTEX_POINT('',#736);
#736 = CARTESIAN_POINT('',(-32.1432416015,-18.00110597777,
    7.105427357601E-15));
#737 = LINE('',#738,#739);
#738 = CARTESIAN_POINT('',(-18.00110597777,-32.1432416015,
    7.105427357601E-15));
#739 = VECTOR('',#740,1.);
#740 = DIRECTION('',(-0.707106781187,0.707106781187,0.));
#741 = ORIENTED_EDGE('',*,*,#742,.T.);
#742 = EDGE_CURVE('',#735,#743,#745,.T.);
#743 = VERTEX_POINT('',#744);
#744 = CARTESIAN_POINT('',(-26.18912210617,-12.04698648244,
    7.105427357601E-15));
#745 = LINE('',#746,#747);
#746 = CARTESIAN_POINT('',(-32.1432416015,-18.00110597777,
    7.105427357601E-15));
#747 = VECTOR('',#748,1.);
#748 = DIRECTION('',(0.707106781187,0.707106781187,0.));
#749 = ORIENTED_EDGE('',*,*,#750,.F.);
#750 = EDGE_CURVE('',#751,#743,#753,.T.);
#751 = VERTEX_POINT('',#752);
#752 = CARTESIAN_POINT('',(-25.47939820475,-8.933099524992,0.));
#753 = CIRCLE('',#754,3.);
#754 = AXIS2_PLACEMENT_3D('',#755,#756,#757);
#755 = CARTESIAN_POINT('',(-28.31044244973,-9.92566613888,
    3.552713678801E-15));
#756 = DIRECTION('',(0.,0.,-1.));
#757 = DIRECTION('',(0.,1.,0.));
#758 = ORIENTED_EDGE('',*,*,#759,.F.);
#759 = EDGE_CURVE('',#760,#751,#762,.T.);
#760 = VERTEX_POINT('',#761);
#761 = CARTESIAN_POINT('',(-25.47939820475,8.933099524992,0.));
#762 = CIRCLE('',#763,27.);
#763 = AXIS2_PLACEMENT_3D('',#764,#765,#766);
#764 = CARTESIAN_POINT('',(0.,0.,0.));
#765 = DIRECTION('',(0.,0.,1.));
#766 = DIRECTION('',(1.,0.,0.));
#767 = ORIENTED_EDGE('',*,*,#768,.F.);
#768 = EDGE_CURVE('',#769,#760,#771,.T.);
#769 = VERTEX_POINT('',#770);
#770 = CARTESIAN_POINT('',(-26.18912210617,12.04698648244,
    7.105427357601E-15));
#771 = CIRCLE('',#772,3.);
#772 = AXIS2_PLACEMENT_3D('',#773,#774,#775);
#773 = CARTESIAN_POINT('',(-28.31044244973,9.92566613888,
    3.552713678801E-15));
#774 = DIRECTION('',(0.,0.,-1.));
#775 = DIRECTION('',(0.,1.,0.));
#776 = ORIENTED_EDGE('',*,*,#777,.F.);
#777 = EDGE_CURVE('',#778,#769,#780,.T.);
#778 = VERTEX_POINT('',#779);
#779 = CARTESIAN_POINT('',(-32.1432416015,18.001105977771,
    7.105427357601E-15));
#780 = LINE('',#781,#782);
#781 = CARTESIAN_POINT('',(-32.1432416015,18.001105977771,
    7.105427357601E-15));
#782 = VECTOR('',#783,1.);
#783 = DIRECTION('',(0.707106781187,-0.707106781187,0.));
#784 = ORIENTED_EDGE('',*,*,#785,.F.);
#785 = EDGE_CURVE('',#786,#778,#788,.T.);
#786 = VERTEX_POINT('',#787);
#787 = CARTESIAN_POINT('',(-18.00110597777,32.143241601502,
    7.105427357601E-15));
#788 = LINE('',#789,#790);
#789 = CARTESIAN_POINT('',(-18.00110597777,32.143241601502,
    7.105427357601E-15));
#790 = VECTOR('',#791,1.);
#791 = DIRECTION('',(-0.707106781187,-0.707106781187,0.));
#792 = ORIENTED_EDGE('',*,*,#793,.F.);
#793 = EDGE_CURVE('',#794,#786,#796,.T.);
#794 = VERTEX_POINT('',#795);
#795 = CARTESIAN_POINT('',(-12.04698648244,26.189122106171,
    7.105427357601E-15));
#796 = LINE('',#797,#798);
#797 = CARTESIAN_POINT('',(-9.515824603533,23.657960227264,
    7.105427357601E-15));
#798 = VECTOR('',#799,1.);
#799 = DIRECTION('',(-0.707106781187,0.707106781187,0.));
#800 = ORIENTED_EDGE('',*,*,#801,.F.);
#801 = EDGE_CURVE('',#802,#794,#804,.T.);
#802 = VERTEX_POINT('',#803);
#803 = CARTESIAN_POINT('',(-8.933099524992,25.479398204757,0.));
#804 = CIRCLE('',#805,3.);
#805 = AXIS2_PLACEMENT_3D('',#806,#807,#808);
#806 = CARTESIAN_POINT('',(-9.92566613888,28.31044244973,
    3.552713678801E-15));
#807 = DIRECTION('',(0.,0.,-1.));
#808 = DIRECTION('',(0.,1.,0.));
#809 = ORIENTED_EDGE('',*,*,#810,.F.);
#810 = EDGE_CURVE('',#811,#802,#813,.T.);
#811 = VERTEX_POINT('',#812);
#812 = CARTESIAN_POINT('',(8.933099524992,25.479398204757,0.));
#813 = CIRCLE('',#814,27.);
#814 = AXIS2_PLACEMENT_3D('',#815,#816,#817);
#815 = CARTESIAN_POINT('',(0.,0.,0.));
#816 = DIRECTION('',(0.,0.,1.));
#817 = DIRECTION('',(1.,0.,0.));
#818 = ORIENTED_EDGE('',*,*,#819,.F.);
#819 = EDGE_CURVE('',#106,#811,#820,.T.);
#820 = CIRCLE('',#821,3.);
#821 = AXIS2_PLACEMENT_3D('',#822,#823,#824);
#822 = CARTESIAN_POINT('',(9.92566613888,28.31044244973,
    3.552713678801E-15));
#823 = DIRECTION('',(0.,0.,-1.));
#824 = DIRECTION('',(0.,1.,0.));
#825 = ORIENTED_EDGE('',*,*,#113,.T.);
#826 = ORIENTED_EDGE('',*,*,#42,.T.);
#827 = ORIENTED_EDGE('',*,*,#828,.T.);
#828 = EDGE_CURVE('',#43,#829,#831,.T.);
#829 = VERTEX_POINT('',#830);
#830 = CARTESIAN_POINT('',(26.189122106171,12.04698648244,
    7.105427357601E-15));
#831 = LINE('',#832,#833);
#832 = CARTESIAN_POINT('',(32.143241601502,18.001105977771,
    7.105427357601E-15));
#833 = VECTOR('',#834,1.);
#834 = DIRECTION('',(-0.707106781187,-0.707106781187,0.));
#835 = ORIENTED_EDGE('',*,*,#836,.T.);
#836 = EDGE_CURVE('',#829,#837,#839,.T.);
#837 = VERTEX_POINT('',#838);
#838 = CARTESIAN_POINT('',(25.479398204757,8.933099524992,0.));
#839 = CIRCLE('',#840,3.);
#840 = AXIS2_PLACEMENT_3D('',#841,#842,#843);
#841 = CARTESIAN_POINT('',(28.31044244973,9.92566613888,
    3.552713678801E-15));
#842 = DIRECTION('',(0.,-0.,1.));
#843 = DIRECTION('',(0.,1.,0.));
#844 = ORIENTED_EDGE('',*,*,#845,.F.);
#845 = EDGE_CURVE('',#658,#837,#846,.T.);
#846 = CIRCLE('',#847,27.);
#847 = AXIS2_PLACEMENT_3D('',#848,#849,#850);
#848 = CARTESIAN_POINT('',(0.,0.,0.));
#849 = DIRECTION('',(0.,0.,1.));
#850 = DIRECTION('',(1.,0.,0.));
#851 = FACE_BOUND('',#852,.T.);
#852 = EDGE_LOOP('',(#853));
#853 = ORIENTED_EDGE('',*,*,#854,.T.);
#854 = EDGE_CURVE('',#855,#855,#857,.T.);
#855 = VERTEX_POINT('',#856);
#856 = CARTESIAN_POINT('',(16.,0.,0.));
#857 = CIRCLE('',#858,16.);
#858 = AXIS2_PLACEMENT_3D('',#859,#860,#861);
#859 = CARTESIAN_POINT('',(0.,0.,0.));
#860 = DIRECTION('',(0.,0.,1.));
#861 = DIRECTION('',(1.,0.,0.));
#862 = PLANE('',#863);
#863 = AXIS2_PLACEMENT_3D('',#864,#865,#866);
#864 = CARTESIAN_POINT('',(1.5756713641E-02,-4.680279063689E-16,
    4.624123839551E-15));
#865 = DIRECTION('',(-0.,-0.,-1.));
#866 = DIRECTION('',(-1.,0.,0.));
#867 = ADVANCED_FACE('',(#868),#879,.F.);
#868 = FACE_BOUND('',#869,.F.);
#869 = EDGE_LOOP('',(#870,#871,#872,#873));
#870 = ORIENTED_EDGE('',*,*,#148,.F.);
#871 = ORIENTED_EDGE('',*,*,#50,.T.);
#872 = ORIENTED_EDGE('',*,*,#828,.T.);
#873 = ORIENTED_EDGE('',*,*,#874,.F.);
#874 = EDGE_CURVE('',#140,#829,#875,.T.);
#875 = LINE('',#876,#877);
#876 = CARTESIAN_POINT('',(26.189122106171,12.04698648244,18.));
#877 = VECTOR('',#878,1.);
#878 = DIRECTION('',(-0.,-0.,-1.));
#879 = PLANE('',#880);
#880 = AXIS2_PLACEMENT_3D('',#881,#882,#883);
#881 = CARTESIAN_POINT('',(32.143241601502,18.001105977771,18.));
#882 = DIRECTION('',(-0.707106781187,0.707106781187,0.));
#883 = DIRECTION('',(-0.707106781187,-0.707106781187,0.));
#884 = ADVANCED_FACE('',(#885),#904,.T.);
#885 = FACE_BOUND('',#886,.F.);
#886 = EDGE_LOOP('',(#887,#895,#902,#903));
#887 = ORIENTED_EDGE('',*,*,#888,.T.);
#888 = EDGE_CURVE('',#73,#889,#891,.T.);
#889 = VERTEX_POINT('',#890);
#890 = CARTESIAN_POINT('',(26.786907734014,37.499575468991,9.));
#891 = LINE('',#892,#893);
#892 = CARTESIAN_POINT('',(19.715839922149,30.428507657125,9.));
#893 = VECTOR('',#894,1.);
#894 = DIRECTION('',(0.707106781187,0.707106781187,0.));
#895 = ORIENTED_EDGE('',*,*,#896,.T.);
#896 = EDGE_CURVE('',#889,#889,#897,.T.);
#897 = CIRCLE('',#898,7.575);
#898 = AXIS2_PLACEMENT_3D('',#899,#900,#901);
#899 = CARTESIAN_POINT('',(32.143241601502,32.143241601502,9.));
#900 = DIRECTION('',(0.707106781187,0.707106781187,-0.));
#901 = DIRECTION('',(-0.707106781187,0.707106781187,0.));
#902 = ORIENTED_EDGE('',*,*,#888,.F.);
#903 = ORIENTED_EDGE('',*,*,#82,.F.);
#904 = CYLINDRICAL_SURFACE('',#905,7.575);
#905 = AXIS2_PLACEMENT_3D('',#906,#907,#908);
#906 = CARTESIAN_POINT('',(25.072173789637,25.072173789637,9.));
#907 = DIRECTION('',(-0.707106781187,-0.707106781187,0.));
#908 = DIRECTION('',(-0.707106781187,0.707106781187,0.));
#909 = ADVANCED_FACE('',(#910),#921,.F.);
#910 = FACE_BOUND('',#911,.F.);
#911 = EDGE_LOOP('',(#912,#913,#919,#920));
#912 = ORIENTED_EDGE('',*,*,#156,.T.);
#913 = ORIENTED_EDGE('',*,*,#914,.T.);
#914 = EDGE_CURVE('',#157,#811,#915,.T.);
#915 = LINE('',#916,#917);
#916 = CARTESIAN_POINT('',(8.933099524992,25.479398204757,18.));
#917 = VECTOR('',#918,1.);
#918 = DIRECTION('',(-0.,-0.,-1.));
#919 = ORIENTED_EDGE('',*,*,#819,.F.);
#920 = ORIENTED_EDGE('',*,*,#105,.F.);
#921 = CYLINDRICAL_SURFACE('',#922,3.);
#922 = AXIS2_PLACEMENT_3D('',#923,#924,#925);
#923 = CARTESIAN_POINT('',(9.92566613888,28.31044244973,18.));
#924 = DIRECTION('',(-0.,-0.,-1.));
#925 = DIRECTION('',(0.707106781187,-0.707106781187,0.));
#926 = ADVANCED_FACE('',(#927),#977,.T.);
#927 = FACE_BOUND('',#928,.F.);
#928 = EDGE_LOOP('',(#929,#930,#938,#947,#956,#962,#963,#969,#970,#971)
  );
#929 = ORIENTED_EDGE('',*,*,#471,.T.);
#930 = ORIENTED_EDGE('',*,*,#931,.T.);
#931 = EDGE_CURVE('',#472,#932,#934,.T.);
#932 = VERTEX_POINT('',#933);
#933 = CARTESIAN_POINT('',(26.772187060455,-3.5,15.));
#934 = LINE('',#935,#936);
#935 = CARTESIAN_POINT('',(26.772187060455,-3.5,0.));
#936 = VECTOR('',#937,1.);
#937 = DIRECTION('',(-0.,-0.,-1.));
#938 = ORIENTED_EDGE('',*,*,#939,.F.);
#939 = EDGE_CURVE('',#940,#932,#942,.T.);
#940 = VERTEX_POINT('',#941);
#941 = CARTESIAN_POINT('',(27.,0.,15.));
#942 = CIRCLE('',#943,27.);
#943 = AXIS2_PLACEMENT_3D('',#944,#945,#946);
#944 = CARTESIAN_POINT('',(0.,0.,15.));
#945 = DIRECTION('',(0.,0.,-1.));
#946 = DIRECTION('',(1.,0.,0.));
#947 = ORIENTED_EDGE('',*,*,#948,.F.);
#948 = EDGE_CURVE('',#949,#940,#951,.T.);
#949 = VERTEX_POINT('',#950);
#950 = CARTESIAN_POINT('',(26.772187060455,3.5,15.));
#951 = CIRCLE('',#952,27.);
#952 = AXIS2_PLACEMENT_3D('',#953,#954,#955);
#953 = CARTESIAN_POINT('',(0.,0.,15.));
#954 = DIRECTION('',(0.,0.,-1.));
#955 = DIRECTION('',(1.,0.,0.));
#956 = ORIENTED_EDGE('',*,*,#957,.F.);
#957 = EDGE_CURVE('',#129,#949,#958,.T.);
#958 = LINE('',#959,#960);
#959 = CARTESIAN_POINT('',(26.772187060455,3.5,0.));
#960 = VECTOR('',#961,1.);
#961 = DIRECTION('',(-0.,-0.,-1.));
#962 = ORIENTED_EDGE('',*,*,#128,.T.);
#963 = ORIENTED_EDGE('',*,*,#964,.T.);
#964 = EDGE_CURVE('',#131,#837,#965,.T.);
#965 = LINE('',#966,#967);
#966 = CARTESIAN_POINT('',(25.479398204757,8.933099524992,18.));
#967 = VECTOR('',#968,1.);
#968 = DIRECTION('',(-0.,-0.,-1.));
#969 = ORIENTED_EDGE('',*,*,#845,.F.);
#970 = ORIENTED_EDGE('',*,*,#655,.F.);
#971 = ORIENTED_EDGE('',*,*,#972,.F.);
#972 = EDGE_CURVE('',#463,#656,#973,.T.);
#973 = LINE('',#974,#975);
#974 = CARTESIAN_POINT('',(25.479398204757,-8.933099524992,18.));
#975 = VECTOR('',#976,1.);
#976 = DIRECTION('',(-0.,-0.,-1.));
#977 = CYLINDRICAL_SURFACE('',#978,27.);
#978 = AXIS2_PLACEMENT_3D('',#979,#980,#981);
#979 = CARTESIAN_POINT('',(0.,0.,0.));
#980 = DIRECTION('',(-0.,-0.,-1.));
#981 = DIRECTION('',(1.,0.,0.));
#982 = ADVANCED_FACE('',(#983),#989,.F.);
#983 = FACE_BOUND('',#984,.T.);
#984 = EDGE_LOOP('',(#985,#986,#987,#988));
#985 = ORIENTED_EDGE('',*,*,#139,.T.);
#986 = ORIENTED_EDGE('',*,*,#964,.T.);
#987 = ORIENTED_EDGE('',*,*,#836,.F.);
#988 = ORIENTED_EDGE('',*,*,#874,.F.);
#989 = CYLINDRICAL_SURFACE('',#990,3.);
#990 = AXIS2_PLACEMENT_3D('',#991,#992,#993);
#991 = CARTESIAN_POINT('',(28.31044244973,9.92566613888,18.));
#992 = DIRECTION('',(-0.,-0.,-1.));
#993 = DIRECTION('',(-0.707106781187,0.707106781187,0.));
#994 = ADVANCED_FACE('',(#995),#1013,.F.);
#995 = FACE_BOUND('',#996,.F.);
#996 = EDGE_LOOP('',(#997,#998,#999,#1007));
#997 = ORIENTED_EDGE('',*,*,#514,.F.);
#998 = ORIENTED_EDGE('',*,*,#957,.T.);
#999 = ORIENTED_EDGE('',*,*,#1000,.T.);
#1000 = EDGE_CURVE('',#949,#1001,#1003,.T.);
#1001 = VERTEX_POINT('',#1002);
#1002 = CARTESIAN_POINT('',(31.,3.5,15.));
#1003 = LINE('',#1004,#1005);
#1004 = CARTESIAN_POINT('',(24.85477821265,3.5,15.));
#1005 = VECTOR('',#1006,1.);
#1006 = DIRECTION('',(1.,0.,0.));
#1007 = ORIENTED_EDGE('',*,*,#1008,.F.);
#1008 = EDGE_CURVE('',#506,#1001,#1009,.T.);
#1009 = LINE('',#1010,#1011);
#1010 = CARTESIAN_POINT('',(31.,3.5,18.));
#1011 = VECTOR('',#1012,1.);
#1012 = DIRECTION('',(-0.,-0.,-1.));
#1013 = PLANE('',#1014);
#1014 = AXIS2_PLACEMENT_3D('',#1015,#1016,#1017);
#1015 = CARTESIAN_POINT('',(24.85477821265,3.5,18.));
#1016 = DIRECTION('',(0.,-1.,0.));
#1017 = DIRECTION('',(1.,0.,0.));
#1018 = ADVANCED_FACE('',(#1019),#1038,.T.);
#1019 = FACE_BOUND('',#1020,.T.);
#1020 = EDGE_LOOP('',(#1021,#1022,#1030,#1037));
#1021 = ORIENTED_EDGE('',*,*,#505,.T.);
#1022 = ORIENTED_EDGE('',*,*,#1023,.T.);
#1023 = EDGE_CURVE('',#498,#1024,#1026,.T.);
#1024 = VERTEX_POINT('',#1025);
#1025 = CARTESIAN_POINT('',(34.,0.5,15.));
#1026 = LINE('',#1027,#1028);
#1027 = CARTESIAN_POINT('',(34.,0.5,18.));
#1028 = VECTOR('',#1029,1.);
#1029 = DIRECTION('',(-0.,-0.,-1.));
#1030 = ORIENTED_EDGE('',*,*,#1031,.F.);
#1031 = EDGE_CURVE('',#1001,#1024,#1032,.T.);
#1032 = CIRCLE('',#1033,3.);
#1033 = AXIS2_PLACEMENT_3D('',#1034,#1035,#1036);
#1034 = CARTESIAN_POINT('',(31.,0.5,15.));
#1035 = DIRECTION('',(0.,0.,-1.));
#1036 = DIRECTION('',(0.,1.,0.));
#1037 = ORIENTED_EDGE('',*,*,#1008,.F.);
#1038 = CYLINDRICAL_SURFACE('',#1039,3.);
#1039 = AXIS2_PLACEMENT_3D('',#1040,#1041,#1042);
#1040 = CARTESIAN_POINT('',(31.,0.5,18.));
#1041 = DIRECTION('',(-0.,-0.,-1.));
#1042 = DIRECTION('',(0.,1.,0.));
#1043 = ADVANCED_FACE('',(#1044),#1062,.F.);
#1044 = FACE_BOUND('',#1045,.F.);
#1045 = EDGE_LOOP('',(#1046,#1047,#1048,#1056));
#1046 = ORIENTED_EDGE('',*,*,#497,.F.);
#1047 = ORIENTED_EDGE('',*,*,#1023,.T.);
#1048 = ORIENTED_EDGE('',*,*,#1049,.T.);
#1049 = EDGE_CURVE('',#1024,#1050,#1052,.T.);
#1050 = VERTEX_POINT('',#1051);
#1051 = CARTESIAN_POINT('',(34.,-0.5,15.));
#1052 = LINE('',#1053,#1054);
#1053 = CARTESIAN_POINT('',(34.,3.5,15.));
#1054 = VECTOR('',#1055,1.);
#1055 = DIRECTION('',(0.,-1.,0.));
#1056 = ORIENTED_EDGE('',*,*,#1057,.F.);
#1057 = EDGE_CURVE('',#489,#1050,#1058,.T.);
#1058 = LINE('',#1059,#1060);
#1059 = CARTESIAN_POINT('',(34.,-0.5,18.));
#1060 = VECTOR('',#1061,1.);
#1061 = DIRECTION('',(-0.,-0.,-1.));
#1062 = PLANE('',#1063);
#1063 = AXIS2_PLACEMENT_3D('',#1064,#1065,#1066);
#1064 = CARTESIAN_POINT('',(34.,3.5,18.));
#1065 = DIRECTION('',(-1.,0.,0.));
#1066 = DIRECTION('',(0.,-1.,0.));
#1067 = ADVANCED_FACE('',(#1068),#1087,.T.);
#1068 = FACE_BOUND('',#1069,.F.);
#1069 = EDGE_LOOP('',(#1070,#1071,#1072,#1081));
#1070 = ORIENTED_EDGE('',*,*,#488,.T.);
#1071 = ORIENTED_EDGE('',*,*,#1057,.T.);
#1072 = ORIENTED_EDGE('',*,*,#1073,.F.);
#1073 = EDGE_CURVE('',#1074,#1050,#1076,.T.);
#1074 = VERTEX_POINT('',#1075);
#1075 = CARTESIAN_POINT('',(31.,-3.5,15.));
#1076 = CIRCLE('',#1077,3.);
#1077 = AXIS2_PLACEMENT_3D('',#1078,#1079,#1080);
#1078 = CARTESIAN_POINT('',(31.,-0.5,15.));
#1079 = DIRECTION('',(0.,-0.,1.));
#1080 = DIRECTION('',(0.,1.,0.));
#1081 = ORIENTED_EDGE('',*,*,#1082,.F.);
#1082 = EDGE_CURVE('',#481,#1074,#1083,.T.);
#1083 = LINE('',#1084,#1085);
#1084 = CARTESIAN_POINT('',(31.,-3.5,18.));
#1085 = VECTOR('',#1086,1.);
#1086 = DIRECTION('',(-0.,-0.,-1.));
#1087 = CYLINDRICAL_SURFACE('',#1088,3.);
#1088 = AXIS2_PLACEMENT_3D('',#1089,#1090,#1091);
#1089 = CARTESIAN_POINT('',(31.,-0.5,18.));
#1090 = DIRECTION('',(-0.,-0.,-1.));
#1091 = DIRECTION('',(0.,-1.,0.));
#1092 = ADVANCED_FACE('',(#1093),#1104,.F.);
#1093 = FACE_BOUND('',#1094,.F.);
#1094 = EDGE_LOOP('',(#1095,#1096,#1097,#1103));
#1095 = ORIENTED_EDGE('',*,*,#480,.F.);
#1096 = ORIENTED_EDGE('',*,*,#1082,.T.);
#1097 = ORIENTED_EDGE('',*,*,#1098,.T.);
#1098 = EDGE_CURVE('',#1074,#932,#1099,.T.);
#1099 = LINE('',#1100,#1101);
#1100 = CARTESIAN_POINT('',(34.,-3.5,15.));
#1101 = VECTOR('',#1102,1.);
#1102 = DIRECTION('',(-1.,0.,0.));
#1103 = ORIENTED_EDGE('',*,*,#931,.F.);
#1104 = PLANE('',#1105);
#1105 = AXIS2_PLACEMENT_3D('',#1106,#1107,#1108);
#1106 = CARTESIAN_POINT('',(34.,-3.5,18.));
#1107 = DIRECTION('',(0.,1.,0.));
#1108 = DIRECTION('',(-1.,0.,0.));
#1109 = ADVANCED_FACE('',(#1110),#1145,.T.);
#1110 = FACE_BOUND('',#1111,.F.);
#1111 = EDGE_LOOP('',(#1112,#1113,#1114,#1115,#1123,#1132,#1138,#1139));
#1112 = ORIENTED_EDGE('',*,*,#810,.F.);
#1113 = ORIENTED_EDGE('',*,*,#914,.F.);
#1114 = ORIENTED_EDGE('',*,*,#165,.T.);
#1115 = ORIENTED_EDGE('',*,*,#1116,.T.);
#1116 = EDGE_CURVE('',#166,#1117,#1119,.T.);
#1117 = VERTEX_POINT('',#1118);
#1118 = CARTESIAN_POINT('',(3.5,26.772187060455,15.));
#1119 = LINE('',#1120,#1121);
#1120 = CARTESIAN_POINT('',(3.5,26.772187060455,0.));
#1121 = VECTOR('',#1122,1.);
#1122 = DIRECTION('',(-0.,-0.,-1.));
#1123 = ORIENTED_EDGE('',*,*,#1124,.F.);
#1124 = EDGE_CURVE('',#1125,#1117,#1127,.T.);
#1125 = VERTEX_POINT('',#1126);
#1126 = CARTESIAN_POINT('',(-3.5,26.772187060455,15.));
#1127 = CIRCLE('',#1128,27.);
#1128 = AXIS2_PLACEMENT_3D('',#1129,#1130,#1131);
#1129 = CARTESIAN_POINT('',(0.,0.,15.));
#1130 = DIRECTION('',(0.,0.,-1.));
#1131 = DIRECTION('',(1.,0.,0.));
#1132 = ORIENTED_EDGE('',*,*,#1133,.F.);
#1133 = EDGE_CURVE('',#209,#1125,#1134,.T.);
#1134 = LINE('',#1135,#1136);
#1135 = CARTESIAN_POINT('',(-3.5,26.772187060455,0.));
#1136 = VECTOR('',#1137,1.);
#1137 = DIRECTION('',(-0.,-0.,-1.));
#1138 = ORIENTED_EDGE('',*,*,#216,.T.);
#1139 = ORIENTED_EDGE('',*,*,#1140,.T.);
#1140 = EDGE_CURVE('',#217,#802,#1141,.T.);
#1141 = LINE('',#1142,#1143);
#1142 = CARTESIAN_POINT('',(-8.933099524992,25.479398204757,18.));
#1143 = VECTOR('',#1144,1.);
#1144 = DIRECTION('',(-0.,-0.,-1.));
#1145 = CYLINDRICAL_SURFACE('',#1146,27.);
#1146 = AXIS2_PLACEMENT_3D('',#1147,#1148,#1149);
#1147 = CARTESIAN_POINT('',(0.,0.,0.));
#1148 = DIRECTION('',(-0.,-0.,-1.));
#1149 = DIRECTION('',(1.,0.,0.));
#1150 = ADVANCED_FACE('',(#1151),#1169,.T.);
#1151 = FACE_BOUND('',#1152,.T.);
#1152 = EDGE_LOOP('',(#1153,#1154,#1155,#1163));
#1153 = ORIENTED_EDGE('',*,*,#174,.F.);
#1154 = ORIENTED_EDGE('',*,*,#1116,.T.);
#1155 = ORIENTED_EDGE('',*,*,#1156,.T.);
#1156 = EDGE_CURVE('',#1117,#1157,#1159,.T.);
#1157 = VERTEX_POINT('',#1158);
#1158 = CARTESIAN_POINT('',(3.5,31.,15.));
#1159 = LINE('',#1160,#1161);
#1160 = CARTESIAN_POINT('',(3.5,24.85477821265,15.));
#1161 = VECTOR('',#1162,1.);
#1162 = DIRECTION('',(0.,1.,0.));
#1163 = ORIENTED_EDGE('',*,*,#1164,.F.);
#1164 = EDGE_CURVE('',#175,#1157,#1165,.T.);
#1165 = LINE('',#1166,#1167);
#1166 = CARTESIAN_POINT('',(3.5,31.,18.));
#1167 = VECTOR('',#1168,1.);
#1168 = DIRECTION('',(-0.,-0.,-1.));
#1169 = PLANE('',#1170);
#1170 = AXIS2_PLACEMENT_3D('',#1171,#1172,#1173);
#1171 = CARTESIAN_POINT('',(3.5,24.85477821265,18.));
#1172 = DIRECTION('',(1.,0.,0.));
#1173 = DIRECTION('',(0.,1.,0.));
#1174 = ADVANCED_FACE('',(#1175),#1186,.F.);
#1175 = FACE_BOUND('',#1176,.T.);
#1176 = EDGE_LOOP('',(#1177,#1178,#1184,#1185));
#1177 = ORIENTED_EDGE('',*,*,#462,.T.);
#1178 = ORIENTED_EDGE('',*,*,#1179,.T.);
#1179 = EDGE_CURVE('',#455,#667,#1180,.T.);
#1180 = LINE('',#1181,#1182);
#1181 = CARTESIAN_POINT('',(26.189122106171,-12.04698648244,18.));
#1182 = VECTOR('',#1183,1.);
#1183 = DIRECTION('',(-0.,-0.,-1.));
#1184 = ORIENTED_EDGE('',*,*,#666,.F.);
#1185 = ORIENTED_EDGE('',*,*,#972,.F.);
#1186 = CYLINDRICAL_SURFACE('',#1187,3.);
#1187 = AXIS2_PLACEMENT_3D('',#1188,#1189,#1190);
#1188 = CARTESIAN_POINT('',(28.31044244973,-9.92566613888,18.));
#1189 = DIRECTION('',(-0.,-0.,-1.));
#1190 = DIRECTION('',(-0.943681414991,0.330855537963,0.));
#1191 = ADVANCED_FACE('',(#1192),#1211,.T.);
#1192 = FACE_BOUND('',#1193,.F.);
#1193 = EDGE_LOOP('',(#1194,#1195,#1203,#1210));
#1194 = ORIENTED_EDGE('',*,*,#182,.T.);
#1195 = ORIENTED_EDGE('',*,*,#1196,.T.);
#1196 = EDGE_CURVE('',#183,#1197,#1199,.T.);
#1197 = VERTEX_POINT('',#1198);
#1198 = CARTESIAN_POINT('',(0.5,34.,15.));
#1199 = LINE('',#1200,#1201);
#1200 = CARTESIAN_POINT('',(0.5,34.,18.));
#1201 = VECTOR('',#1202,1.);
#1202 = DIRECTION('',(-0.,-0.,-1.));
#1203 = ORIENTED_EDGE('',*,*,#1204,.F.);
#1204 = EDGE_CURVE('',#1157,#1197,#1205,.T.);
#1205 = CIRCLE('',#1206,3.);
#1206 = AXIS2_PLACEMENT_3D('',#1207,#1208,#1209);
#1207 = CARTESIAN_POINT('',(0.5,31.,15.));
#1208 = DIRECTION('',(0.,-0.,1.));
#1209 = DIRECTION('',(0.,1.,0.));
#1210 = ORIENTED_EDGE('',*,*,#1164,.F.);
#1211 = CYLINDRICAL_SURFACE('',#1212,3.);
#1212 = AXIS2_PLACEMENT_3D('',#1213,#1214,#1215);
#1213 = CARTESIAN_POINT('',(0.5,31.,18.));
#1214 = DIRECTION('',(-0.,-0.,-1.));
#1215 = DIRECTION('',(1.,0.,0.));
#1216 = ADVANCED_FACE('',(#1217),#1228,.T.);
#1217 = FACE_BOUND('',#1218,.T.);
#1218 = EDGE_LOOP('',(#1219,#1220,#1226,#1227));
#1219 = ORIENTED_EDGE('',*,*,#454,.F.);
#1220 = ORIENTED_EDGE('',*,*,#1221,.T.);
#1221 = EDGE_CURVE('',#447,#676,#1222,.T.);
#1222 = LINE('',#1223,#1224);
#1223 = CARTESIAN_POINT('',(32.143241601502,-18.00110597777,18.));
#1224 = VECTOR('',#1225,1.);
#1225 = DIRECTION('',(-0.,-0.,-1.));
#1226 = ORIENTED_EDGE('',*,*,#675,.T.);
#1227 = ORIENTED_EDGE('',*,*,#1179,.F.);
#1228 = PLANE('',#1229);
#1229 = AXIS2_PLACEMENT_3D('',#1230,#1231,#1232);
#1230 = CARTESIAN_POINT('',(32.143241601502,-18.00110597777,18.));
#1231 = DIRECTION('',(0.707106781187,0.707106781187,0.));
#1232 = DIRECTION('',(-0.707106781187,0.707106781187,0.));
#1233 = ADVANCED_FACE('',(#1234),#1252,.T.);
#1234 = FACE_BOUND('',#1235,.T.);
#1235 = EDGE_LOOP('',(#1236,#1237,#1238,#1246));
#1236 = ORIENTED_EDGE('',*,*,#191,.F.);
#1237 = ORIENTED_EDGE('',*,*,#1196,.T.);
#1238 = ORIENTED_EDGE('',*,*,#1239,.T.);
#1239 = EDGE_CURVE('',#1197,#1240,#1242,.T.);
#1240 = VERTEX_POINT('',#1241);
#1241 = CARTESIAN_POINT('',(-0.5,34.,15.));
#1242 = LINE('',#1243,#1244);
#1243 = CARTESIAN_POINT('',(3.5,34.,15.));
#1244 = VECTOR('',#1245,1.);
#1245 = DIRECTION('',(-1.,0.,0.));
#1246 = ORIENTED_EDGE('',*,*,#1247,.F.);
#1247 = EDGE_CURVE('',#192,#1240,#1248,.T.);
#1248 = LINE('',#1249,#1250);
#1249 = CARTESIAN_POINT('',(-0.5,34.,18.));
#1250 = VECTOR('',#1251,1.);
#1251 = DIRECTION('',(-0.,-0.,-1.));
#1252 = PLANE('',#1253);
#1253 = AXIS2_PLACEMENT_3D('',#1254,#1255,#1256);
#1254 = CARTESIAN_POINT('',(3.5,34.,18.));
#1255 = DIRECTION('',(0.,1.,0.));
#1256 = DIRECTION('',(-1.,0.,0.));
#1257 = ADVANCED_FACE('',(#1258,#1269),#1280,.T.);
#1258 = FACE_BOUND('',#1259,.T.);
#1259 = EDGE_LOOP('',(#1260));
#1260 = ORIENTED_EDGE('',*,*,#1261,.F.);
#1261 = EDGE_CURVE('',#1262,#1262,#1264,.T.);
#1262 = VERTEX_POINT('',#1263);
#1263 = CARTESIAN_POINT('',(31.135614438312,-19.00873314096,9.));
#1264 = CIRCLE('',#1265,8.575);
#1265 = AXIS2_PLACEMENT_3D('',#1266,#1267,#1268);
#1266 = CARTESIAN_POINT('',(25.072173789637,-25.07217378963,9.));
#1267 = DIRECTION('',(0.707106781187,-0.707106781187,0.));
#1268 = DIRECTION('',(0.707106781187,0.707106781187,0.));
#1269 = FACE_BOUND('',#1270,.T.);
#1270 = EDGE_LOOP('',(#1271,#1277,#1278,#1279));
#1271 = ORIENTED_EDGE('',*,*,#1272,.T.);
#1272 = EDGE_CURVE('',#439,#684,#1273,.T.);
#1273 = LINE('',#1274,#1275);
#1274 = CARTESIAN_POINT('',(18.001105977771,-32.1432416015,18.));
#1275 = VECTOR('',#1276,1.);
#1276 = DIRECTION('',(-0.,-0.,-1.));
#1277 = ORIENTED_EDGE('',*,*,#683,.T.);
#1278 = ORIENTED_EDGE('',*,*,#1221,.F.);
#1279 = ORIENTED_EDGE('',*,*,#446,.F.);
#1280 = PLANE('',#1281);
#1281 = AXIS2_PLACEMENT_3D('',#1282,#1283,#1284);
#1282 = CARTESIAN_POINT('',(18.001105977771,-32.1432416015,18.));
#1283 = DIRECTION('',(0.707106781187,-0.707106781187,0.));
#1284 = DIRECTION('',(0.707106781187,0.707106781187,0.));
#1285 = ADVANCED_FACE('',(#1286),#1305,.T.);
#1286 = FACE_BOUND('',#1287,.T.);
#1287 = EDGE_LOOP('',(#1288,#1289,#1290,#1299));
#1288 = ORIENTED_EDGE('',*,*,#199,.T.);
#1289 = ORIENTED_EDGE('',*,*,#1247,.T.);
#1290 = ORIENTED_EDGE('',*,*,#1291,.F.);
#1291 = EDGE_CURVE('',#1292,#1240,#1294,.T.);
#1292 = VERTEX_POINT('',#1293);
#1293 = CARTESIAN_POINT('',(-3.5,31.,15.));
#1294 = CIRCLE('',#1295,3.);
#1295 = AXIS2_PLACEMENT_3D('',#1296,#1297,#1298);
#1296 = CARTESIAN_POINT('',(-0.5,31.,15.));
#1297 = DIRECTION('',(0.,0.,-1.));
#1298 = DIRECTION('',(0.,1.,0.));
#1299 = ORIENTED_EDGE('',*,*,#1300,.F.);
#1300 = EDGE_CURVE('',#200,#1292,#1301,.T.);
#1301 = LINE('',#1302,#1303);
#1302 = CARTESIAN_POINT('',(-3.5,31.,18.));
#1303 = VECTOR('',#1304,1.);
#1304 = DIRECTION('',(-0.,-0.,-1.));
#1305 = CYLINDRICAL_SURFACE('',#1306,3.);
#1306 = AXIS2_PLACEMENT_3D('',#1307,#1308,#1309);
#1307 = CARTESIAN_POINT('',(-0.5,31.,18.));
#1308 = DIRECTION('',(-0.,-0.,-1.));
#1309 = DIRECTION('',(-1.,0.,0.));
#1310 = ADVANCED_FACE('',(#1311),#1322,.T.);
#1311 = FACE_BOUND('',#1312,.T.);
#1312 = EDGE_LOOP('',(#1313,#1314,#1320,#1321));
#1313 = ORIENTED_EDGE('',*,*,#438,.F.);
#1314 = ORIENTED_EDGE('',*,*,#1315,.T.);
#1315 = EDGE_CURVE('',#430,#692,#1316,.T.);
#1316 = LINE('',#1317,#1318);
#1317 = CARTESIAN_POINT('',(12.04698648244,-26.18912210617,18.));
#1318 = VECTOR('',#1319,1.);
#1319 = DIRECTION('',(-0.,-0.,-1.));
#1320 = ORIENTED_EDGE('',*,*,#691,.T.);
#1321 = ORIENTED_EDGE('',*,*,#1272,.F.);
#1322 = PLANE('',#1323);
#1323 = AXIS2_PLACEMENT_3D('',#1324,#1325,#1326);
#1324 = CARTESIAN_POINT('',(9.515824603533,-23.65796022726,18.));
#1325 = DIRECTION('',(-0.707106781187,-0.707106781187,0.));
#1326 = DIRECTION('',(0.707106781187,-0.707106781187,0.));
#1327 = ADVANCED_FACE('',(#1328),#1339,.T.);
#1328 = FACE_BOUND('',#1329,.T.);
#1329 = EDGE_LOOP('',(#1330,#1331,#1332,#1338));
#1330 = ORIENTED_EDGE('',*,*,#208,.F.);
#1331 = ORIENTED_EDGE('',*,*,#1300,.T.);
#1332 = ORIENTED_EDGE('',*,*,#1333,.T.);
#1333 = EDGE_CURVE('',#1292,#1125,#1334,.T.);
#1334 = LINE('',#1335,#1336);
#1335 = CARTESIAN_POINT('',(-3.5,34.,15.));
#1336 = VECTOR('',#1337,1.);
#1337 = DIRECTION('',(0.,-1.,0.));
#1338 = ORIENTED_EDGE('',*,*,#1133,.F.);
#1339 = PLANE('',#1340);
#1340 = AXIS2_PLACEMENT_3D('',#1341,#1342,#1343);
#1341 = CARTESIAN_POINT('',(-3.5,34.,18.));
#1342 = DIRECTION('',(-1.,0.,0.));
#1343 = DIRECTION('',(0.,-1.,0.));
#1344 = ADVANCED_FACE('',(#1345),#1356,.F.);
#1345 = FACE_BOUND('',#1346,.F.);
#1346 = EDGE_LOOP('',(#1347,#1348,#1349,#1350));
#1347 = ORIENTED_EDGE('',*,*,#429,.T.);
#1348 = ORIENTED_EDGE('',*,*,#1315,.T.);
#1349 = ORIENTED_EDGE('',*,*,#699,.F.);
#1350 = ORIENTED_EDGE('',*,*,#1351,.F.);
#1351 = EDGE_CURVE('',#421,#700,#1352,.T.);
#1352 = LINE('',#1353,#1354);
#1353 = CARTESIAN_POINT('',(8.933099524992,-25.47939820475,18.));
#1354 = VECTOR('',#1355,1.);
#1355 = DIRECTION('',(-0.,-0.,-1.));
#1356 = CYLINDRICAL_SURFACE('',#1357,3.);
#1357 = AXIS2_PLACEMENT_3D('',#1358,#1359,#1360);
#1358 = CARTESIAN_POINT('',(9.92566613888,-28.31044244973,18.));
#1359 = DIRECTION('',(-0.,-0.,-1.));
#1360 = DIRECTION('',(-0.330855537963,0.943681414991,0.));
#1361 = ADVANCED_FACE('',(#1362),#1397,.T.);
#1362 = FACE_BOUND('',#1363,.F.);
#1363 = EDGE_LOOP('',(#1364,#1365,#1366,#1367,#1373,#1374,#1382,#1391));
#1364 = ORIENTED_EDGE('',*,*,#420,.T.);
#1365 = ORIENTED_EDGE('',*,*,#1351,.T.);
#1366 = ORIENTED_EDGE('',*,*,#708,.F.);
#1367 = ORIENTED_EDGE('',*,*,#1368,.F.);
#1368 = EDGE_CURVE('',#361,#709,#1369,.T.);
#1369 = LINE('',#1370,#1371);
#1370 = CARTESIAN_POINT('',(-8.933099524992,-25.47939820475,18.));
#1371 = VECTOR('',#1372,1.);
#1372 = DIRECTION('',(-0.,-0.,-1.));
#1373 = ORIENTED_EDGE('',*,*,#369,.T.);
#1374 = ORIENTED_EDGE('',*,*,#1375,.T.);
#1375 = EDGE_CURVE('',#370,#1376,#1378,.T.);
#1376 = VERTEX_POINT('',#1377);
#1377 = CARTESIAN_POINT('',(-3.5,-26.77218706045,15.));
#1378 = LINE('',#1379,#1380);
#1379 = CARTESIAN_POINT('',(-3.5,-26.77218706045,0.));
#1380 = VECTOR('',#1381,1.);
#1381 = DIRECTION('',(-0.,-0.,-1.));
#1382 = ORIENTED_EDGE('',*,*,#1383,.F.);
#1383 = EDGE_CURVE('',#1384,#1376,#1386,.T.);
#1384 = VERTEX_POINT('',#1385);
#1385 = CARTESIAN_POINT('',(3.5,-26.77218706045,15.));
#1386 = CIRCLE('',#1387,27.);
#1387 = AXIS2_PLACEMENT_3D('',#1388,#1389,#1390);
#1388 = CARTESIAN_POINT('',(0.,0.,15.));
#1389 = DIRECTION('',(0.,0.,-1.));
#1390 = DIRECTION('',(1.,0.,0.));
#1391 = ORIENTED_EDGE('',*,*,#1392,.F.);
#1392 = EDGE_CURVE('',#413,#1384,#1393,.T.);
#1393 = LINE('',#1394,#1395);
#1394 = CARTESIAN_POINT('',(3.5,-26.77218706045,0.));
#1395 = VECTOR('',#1396,1.);
#1396 = DIRECTION('',(-0.,-0.,-1.));
#1397 = CYLINDRICAL_SURFACE('',#1398,27.);
#1398 = AXIS2_PLACEMENT_3D('',#1399,#1400,#1401);
#1399 = CARTESIAN_POINT('',(0.,0.,0.));
#1400 = DIRECTION('',(-0.,-0.,-1.));
#1401 = DIRECTION('',(1.,0.,0.));
#1402 = ADVANCED_FACE('',(#1403),#1414,.F.);
#1403 = FACE_BOUND('',#1404,.F.);
#1404 = EDGE_LOOP('',(#1405,#1406,#1412,#1413));
#1405 = ORIENTED_EDGE('',*,*,#225,.T.);
#1406 = ORIENTED_EDGE('',*,*,#1407,.T.);
#1407 = EDGE_CURVE('',#226,#794,#1408,.T.);
#1408 = LINE('',#1409,#1410);
#1409 = CARTESIAN_POINT('',(-12.04698648244,26.189122106171,18.));
#1410 = VECTOR('',#1411,1.);
#1411 = DIRECTION('',(-0.,-0.,-1.));
#1412 = ORIENTED_EDGE('',*,*,#801,.F.);
#1413 = ORIENTED_EDGE('',*,*,#1140,.F.);
#1414 = CYLINDRICAL_SURFACE('',#1415,3.);
#1415 = AXIS2_PLACEMENT_3D('',#1416,#1417,#1418);
#1416 = CARTESIAN_POINT('',(-9.92566613888,28.31044244973,18.));
#1417 = DIRECTION('',(-0.,-0.,-1.));
#1418 = DIRECTION('',(0.330855537963,-0.943681414991,0.));
#1419 = ADVANCED_FACE('',(#1420),#1438,.F.);
#1420 = FACE_BOUND('',#1421,.F.);
#1421 = EDGE_LOOP('',(#1422,#1423,#1424,#1432));
#1422 = ORIENTED_EDGE('',*,*,#412,.F.);
#1423 = ORIENTED_EDGE('',*,*,#1392,.T.);
#1424 = ORIENTED_EDGE('',*,*,#1425,.T.);
#1425 = EDGE_CURVE('',#1384,#1426,#1428,.T.);
#1426 = VERTEX_POINT('',#1427);
#1427 = CARTESIAN_POINT('',(3.5,-31.,15.));
#1428 = LINE('',#1429,#1430);
#1429 = CARTESIAN_POINT('',(3.5,-24.85477821265,15.));
#1430 = VECTOR('',#1431,1.);
#1431 = DIRECTION('',(7.283954728102E-16,-1.,0.));
#1432 = ORIENTED_EDGE('',*,*,#1433,.F.);
#1433 = EDGE_CURVE('',#404,#1426,#1434,.T.);
#1434 = LINE('',#1435,#1436);
#1435 = CARTESIAN_POINT('',(3.5,-31.,18.));
#1436 = VECTOR('',#1437,1.);
#1437 = DIRECTION('',(-0.,-0.,-1.));
#1438 = PLANE('',#1439);
#1439 = AXIS2_PLACEMENT_3D('',#1440,#1441,#1442);
#1440 = CARTESIAN_POINT('',(3.5,-24.85477821265,18.));
#1441 = DIRECTION('',(-1.,-7.283954728102E-16,0.));
#1442 = DIRECTION('',(7.283954728102E-16,-1.,0.));
#1443 = ADVANCED_FACE('',(#1444),#1455,.T.);
#1444 = FACE_BOUND('',#1445,.T.);
#1445 = EDGE_LOOP('',(#1446,#1447,#1448,#1449));
#1446 = ORIENTED_EDGE('',*,*,#234,.F.);
#1447 = ORIENTED_EDGE('',*,*,#1407,.T.);
#1448 = ORIENTED_EDGE('',*,*,#793,.T.);
#1449 = ORIENTED_EDGE('',*,*,#1450,.F.);
#1450 = EDGE_CURVE('',#235,#786,#1451,.T.);
#1451 = LINE('',#1452,#1453);
#1452 = CARTESIAN_POINT('',(-18.00110597777,32.143241601502,18.));
#1453 = VECTOR('',#1454,1.);
#1454 = DIRECTION('',(-0.,-0.,-1.));
#1455 = PLANE('',#1456);
#1456 = AXIS2_PLACEMENT_3D('',#1457,#1458,#1459);
#1457 = CARTESIAN_POINT('',(-9.515824603533,23.657960227264,18.));
#1458 = DIRECTION('',(0.707106781187,0.707106781187,0.));
#1459 = DIRECTION('',(-0.707106781187,0.707106781187,0.));
#1460 = ADVANCED_FACE('',(#1461),#1480,.T.);
#1461 = FACE_BOUND('',#1462,.T.);
#1462 = EDGE_LOOP('',(#1463,#1464,#1472,#1479));
#1463 = ORIENTED_EDGE('',*,*,#403,.T.);
#1464 = ORIENTED_EDGE('',*,*,#1465,.T.);
#1465 = EDGE_CURVE('',#396,#1466,#1468,.T.);
#1466 = VERTEX_POINT('',#1467);
#1467 = CARTESIAN_POINT('',(0.5,-34.,15.));
#1468 = LINE('',#1469,#1470);
#1469 = CARTESIAN_POINT('',(0.5,-34.,18.));
#1470 = VECTOR('',#1471,1.);
#1471 = DIRECTION('',(-0.,-0.,-1.));
#1472 = ORIENTED_EDGE('',*,*,#1473,.F.);
#1473 = EDGE_CURVE('',#1426,#1466,#1474,.T.);
#1474 = CIRCLE('',#1475,3.);
#1475 = AXIS2_PLACEMENT_3D('',#1476,#1477,#1478);
#1476 = CARTESIAN_POINT('',(0.5,-31.,15.));
#1477 = DIRECTION('',(0.,0.,-1.));
#1478 = DIRECTION('',(0.,1.,0.));
#1479 = ORIENTED_EDGE('',*,*,#1433,.F.);
#1480 = CYLINDRICAL_SURFACE('',#1481,3.);
#1481 = AXIS2_PLACEMENT_3D('',#1482,#1483,#1484);
#1482 = CARTESIAN_POINT('',(0.5,-31.,18.));
#1483 = DIRECTION('',(-0.,-0.,-1.));
#1484 = DIRECTION('',(1.,7.283954728102E-16,0.));
#1485 = ADVANCED_FACE('',(#1486,#1497),#1508,.T.);
#1486 = FACE_BOUND('',#1487,.T.);
#1487 = EDGE_LOOP('',(#1488));
#1488 = ORIENTED_EDGE('',*,*,#1489,.F.);
#1489 = EDGE_CURVE('',#1490,#1490,#1492,.T.);
#1490 = VERTEX_POINT('',#1491);
#1491 = CARTESIAN_POINT('',(-31.13561443831,19.008733140962,9.));
#1492 = CIRCLE('',#1493,8.575);
#1493 = AXIS2_PLACEMENT_3D('',#1494,#1495,#1496);
#1494 = CARTESIAN_POINT('',(-25.07217378963,25.072173789637,9.));
#1495 = DIRECTION('',(-0.707106781187,0.707106781187,0.));
#1496 = DIRECTION('',(-0.707106781187,-0.707106781187,0.));
#1497 = FACE_BOUND('',#1498,.T.);
#1498 = EDGE_LOOP('',(#1499,#1500,#1501,#1507));
#1499 = ORIENTED_EDGE('',*,*,#1450,.T.);
#1500 = ORIENTED_EDGE('',*,*,#785,.T.);
#1501 = ORIENTED_EDGE('',*,*,#1502,.F.);
#1502 = EDGE_CURVE('',#243,#778,#1503,.T.);
#1503 = LINE('',#1504,#1505);
#1504 = CARTESIAN_POINT('',(-32.1432416015,18.001105977771,18.));
#1505 = VECTOR('',#1506,1.);
#1506 = DIRECTION('',(-0.,-0.,-1.));
#1507 = ORIENTED_EDGE('',*,*,#242,.F.);
#1508 = PLANE('',#1509);
#1509 = AXIS2_PLACEMENT_3D('',#1510,#1511,#1512);
#1510 = CARTESIAN_POINT('',(-18.00110597777,32.143241601502,18.));
#1511 = DIRECTION('',(-0.707106781187,0.707106781187,0.));
#1512 = DIRECTION('',(-0.707106781187,-0.707106781187,0.));
#1513 = ADVANCED_FACE('',(#1514),#1532,.F.);
#1514 = FACE_BOUND('',#1515,.F.);
#1515 = EDGE_LOOP('',(#1516,#1517,#1518,#1526));
#1516 = ORIENTED_EDGE('',*,*,#395,.F.);
#1517 = ORIENTED_EDGE('',*,*,#1465,.T.);
#1518 = ORIENTED_EDGE('',*,*,#1519,.T.);
#1519 = EDGE_CURVE('',#1466,#1520,#1522,.T.);
#1520 = VERTEX_POINT('',#1521);
#1521 = CARTESIAN_POINT('',(-0.5,-34.,15.));
#1522 = LINE('',#1523,#1524);
#1523 = CARTESIAN_POINT('',(3.5,-34.,15.));
#1524 = VECTOR('',#1525,1.);
#1525 = DIRECTION('',(-1.,0.,0.));
#1526 = ORIENTED_EDGE('',*,*,#1527,.F.);
#1527 = EDGE_CURVE('',#387,#1520,#1528,.T.);
#1528 = LINE('',#1529,#1530);
#1529 = CARTESIAN_POINT('',(-0.5,-34.,18.));
#1530 = VECTOR('',#1531,1.);
#1531 = DIRECTION('',(-0.,-0.,-1.));
#1532 = PLANE('',#1533);
#1533 = AXIS2_PLACEMENT_3D('',#1534,#1535,#1536);
#1534 = CARTESIAN_POINT('',(3.5,-34.,18.));
#1535 = DIRECTION('',(0.,1.,0.));
#1536 = DIRECTION('',(-1.,0.,0.));
#1537 = ADVANCED_FACE('',(#1538),#1549,.T.);
#1538 = FACE_BOUND('',#1539,.T.);
#1539 = EDGE_LOOP('',(#1540,#1541,#1542,#1543));
#1540 = ORIENTED_EDGE('',*,*,#250,.F.);
#1541 = ORIENTED_EDGE('',*,*,#1502,.T.);
#1542 = ORIENTED_EDGE('',*,*,#777,.T.);
#1543 = ORIENTED_EDGE('',*,*,#1544,.F.);
#1544 = EDGE_CURVE('',#251,#769,#1545,.T.);
#1545 = LINE('',#1546,#1547);
#1546 = CARTESIAN_POINT('',(-26.18912210617,12.04698648244,18.));
#1547 = VECTOR('',#1548,1.);
#1548 = DIRECTION('',(-0.,-0.,-1.));
#1549 = PLANE('',#1550);
#1550 = AXIS2_PLACEMENT_3D('',#1551,#1552,#1553);
#1551 = CARTESIAN_POINT('',(-32.1432416015,18.001105977771,18.));
#1552 = DIRECTION('',(-0.707106781187,-0.707106781187,0.));
#1553 = DIRECTION('',(0.707106781187,-0.707106781187,0.));
#1554 = ADVANCED_FACE('',(#1555),#1574,.T.);
#1555 = FACE_BOUND('',#1556,.F.);
#1556 = EDGE_LOOP('',(#1557,#1558,#1559,#1568));
#1557 = ORIENTED_EDGE('',*,*,#386,.T.);
#1558 = ORIENTED_EDGE('',*,*,#1527,.T.);
#1559 = ORIENTED_EDGE('',*,*,#1560,.F.);
#1560 = EDGE_CURVE('',#1561,#1520,#1563,.T.);
#1561 = VERTEX_POINT('',#1562);
#1562 = CARTESIAN_POINT('',(-3.5,-31.,15.));
#1563 = CIRCLE('',#1564,3.);
#1564 = AXIS2_PLACEMENT_3D('',#1565,#1566,#1567);
#1565 = CARTESIAN_POINT('',(-0.5,-31.,15.));
#1566 = DIRECTION('',(0.,-0.,1.));
#1567 = DIRECTION('',(0.,1.,0.));
#1568 = ORIENTED_EDGE('',*,*,#1569,.F.);
#1569 = EDGE_CURVE('',#379,#1561,#1570,.T.);
#1570 = LINE('',#1571,#1572);
#1571 = CARTESIAN_POINT('',(-3.5,-31.,18.));
#1572 = VECTOR('',#1573,1.);
#1573 = DIRECTION('',(-0.,-0.,-1.));
#1574 = CYLINDRICAL_SURFACE('',#1575,3.);
#1575 = AXIS2_PLACEMENT_3D('',#1576,#1577,#1578);
#1576 = CARTESIAN_POINT('',(-0.5,-31.,18.));
#1577 = DIRECTION('',(-0.,-0.,-1.));
#1578 = DIRECTION('',(-1.,0.,0.));
#1579 = ADVANCED_FACE('',(#1580),#1591,.F.);
#1580 = FACE_BOUND('',#1581,.F.);
#1581 = EDGE_LOOP('',(#1582,#1583,#1589,#1590));
#1582 = ORIENTED_EDGE('',*,*,#258,.T.);
#1583 = ORIENTED_EDGE('',*,*,#1584,.T.);
#1584 = EDGE_CURVE('',#259,#760,#1585,.T.);
#1585 = LINE('',#1586,#1587);
#1586 = CARTESIAN_POINT('',(-25.47939820475,8.933099524992,18.));
#1587 = VECTOR('',#1588,1.);
#1588 = DIRECTION('',(-0.,-0.,-1.));
#1589 = ORIENTED_EDGE('',*,*,#768,.F.);
#1590 = ORIENTED_EDGE('',*,*,#1544,.F.);
#1591 = CYLINDRICAL_SURFACE('',#1592,3.);
#1592 = AXIS2_PLACEMENT_3D('',#1593,#1594,#1595);
#1593 = CARTESIAN_POINT('',(-28.31044244973,9.92566613888,18.));
#1594 = DIRECTION('',(-0.,-0.,-1.));
#1595 = DIRECTION('',(0.707106781187,0.707106781187,0.));
#1596 = ADVANCED_FACE('',(#1597),#1608,.F.);
#1597 = FACE_BOUND('',#1598,.F.);
#1598 = EDGE_LOOP('',(#1599,#1600,#1601,#1607));
#1599 = ORIENTED_EDGE('',*,*,#378,.F.);
#1600 = ORIENTED_EDGE('',*,*,#1569,.T.);
#1601 = ORIENTED_EDGE('',*,*,#1602,.T.);
#1602 = EDGE_CURVE('',#1561,#1376,#1603,.T.);
#1603 = LINE('',#1604,#1605);
#1604 = CARTESIAN_POINT('',(-3.5,-34.,15.));
#1605 = VECTOR('',#1606,1.);
#1606 = DIRECTION('',(0.,1.,0.));
#1607 = ORIENTED_EDGE('',*,*,#1375,.F.);
#1608 = PLANE('',#1609);
#1609 = AXIS2_PLACEMENT_3D('',#1610,#1611,#1612);
#1610 = CARTESIAN_POINT('',(-3.5,-34.,18.));
#1611 = DIRECTION('',(1.,0.,0.));
#1612 = DIRECTION('',(0.,1.,0.));
#1613 = ADVANCED_FACE('',(#1614),#1649,.T.);
#1614 = FACE_BOUND('',#1615,.F.);
#1615 = EDGE_LOOP('',(#1616,#1617,#1618,#1619,#1627,#1636,#1642,#1643));
#1616 = ORIENTED_EDGE('',*,*,#759,.F.);
#1617 = ORIENTED_EDGE('',*,*,#1584,.F.);
#1618 = ORIENTED_EDGE('',*,*,#267,.T.);
#1619 = ORIENTED_EDGE('',*,*,#1620,.T.);
#1620 = EDGE_CURVE('',#268,#1621,#1623,.T.);
#1621 = VERTEX_POINT('',#1622);
#1622 = CARTESIAN_POINT('',(-26.77218706045,3.499999999999,15.));
#1623 = LINE('',#1624,#1625);
#1624 = CARTESIAN_POINT('',(-26.77218706045,3.499999999999,0.));
#1625 = VECTOR('',#1626,1.);
#1626 = DIRECTION('',(-0.,-0.,-1.));
#1627 = ORIENTED_EDGE('',*,*,#1628,.F.);
#1628 = EDGE_CURVE('',#1629,#1621,#1631,.T.);
#1629 = VERTEX_POINT('',#1630);
#1630 = CARTESIAN_POINT('',(-26.77218706045,-3.499999999999,15.));
#1631 = CIRCLE('',#1632,27.);
#1632 = AXIS2_PLACEMENT_3D('',#1633,#1634,#1635);
#1633 = CARTESIAN_POINT('',(0.,0.,15.));
#1634 = DIRECTION('',(0.,0.,-1.));
#1635 = DIRECTION('',(1.,0.,0.));
#1636 = ORIENTED_EDGE('',*,*,#1637,.F.);
#1637 = EDGE_CURVE('',#311,#1629,#1638,.T.);
#1638 = LINE('',#1639,#1640);
#1639 = CARTESIAN_POINT('',(-26.77218706045,-3.499999999999,0.));
#1640 = VECTOR('',#1641,1.);
#1641 = DIRECTION('',(-0.,-0.,-1.));
#1642 = ORIENTED_EDGE('',*,*,#318,.T.);
#1643 = ORIENTED_EDGE('',*,*,#1644,.T.);
#1644 = EDGE_CURVE('',#319,#751,#1645,.T.);
#1645 = LINE('',#1646,#1647);
#1646 = CARTESIAN_POINT('',(-25.47939820475,-8.933099524992,18.));
#1647 = VECTOR('',#1648,1.);
#1648 = DIRECTION('',(-0.,-0.,-1.));
#1649 = CYLINDRICAL_SURFACE('',#1650,27.);
#1650 = AXIS2_PLACEMENT_3D('',#1651,#1652,#1653);
#1651 = CARTESIAN_POINT('',(0.,0.,0.));
#1652 = DIRECTION('',(-0.,-0.,-1.));
#1653 = DIRECTION('',(1.,0.,0.));
#1654 = ADVANCED_FACE('',(#1655),#1673,.T.);
#1655 = FACE_BOUND('',#1656,.T.);
#1656 = EDGE_LOOP('',(#1657,#1658,#1659,#1667));
#1657 = ORIENTED_EDGE('',*,*,#276,.F.);
#1658 = ORIENTED_EDGE('',*,*,#1620,.T.);
#1659 = ORIENTED_EDGE('',*,*,#1660,.T.);
#1660 = EDGE_CURVE('',#1621,#1661,#1663,.T.);
#1661 = VERTEX_POINT('',#1662);
#1662 = CARTESIAN_POINT('',(-31.,3.499999999999,15.));
#1663 = LINE('',#1664,#1665);
#1664 = CARTESIAN_POINT('',(-24.85477821264,3.499999999999,15.));
#1665 = VECTOR('',#1666,1.);
#1666 = DIRECTION('',(-1.,0.,0.));
#1667 = ORIENTED_EDGE('',*,*,#1668,.F.);
#1668 = EDGE_CURVE('',#277,#1661,#1669,.T.);
#1669 = LINE('',#1670,#1671);
#1670 = CARTESIAN_POINT('',(-31.,3.499999999999,18.));
#1671 = VECTOR('',#1672,1.);
#1672 = DIRECTION('',(-0.,-0.,-1.));
#1673 = PLANE('',#1674);
#1674 = AXIS2_PLACEMENT_3D('',#1675,#1676,#1677);
#1675 = CARTESIAN_POINT('',(-24.85477821264,3.499999999999,18.));
#1676 = DIRECTION('',(0.,1.,0.));
#1677 = DIRECTION('',(-1.,0.,0.));
#1678 = ADVANCED_FACE('',(#1679),#1690,.F.);
#1679 = FACE_BOUND('',#1680,.F.);
#1680 = EDGE_LOOP('',(#1681,#1682,#1683,#1684));
#1681 = ORIENTED_EDGE('',*,*,#360,.T.);
#1682 = ORIENTED_EDGE('',*,*,#1368,.T.);
#1683 = ORIENTED_EDGE('',*,*,#717,.F.);
#1684 = ORIENTED_EDGE('',*,*,#1685,.F.);
#1685 = EDGE_CURVE('',#353,#718,#1686,.T.);
#1686 = LINE('',#1687,#1688);
#1687 = CARTESIAN_POINT('',(-12.04698648244,-26.18912210617,18.));
#1688 = VECTOR('',#1689,1.);
#1689 = DIRECTION('',(-0.,-0.,-1.));
#1690 = CYLINDRICAL_SURFACE('',#1691,3.);
#1691 = AXIS2_PLACEMENT_3D('',#1692,#1693,#1694);
#1692 = CARTESIAN_POINT('',(-9.92566613888,-28.31044244973,18.));
#1693 = DIRECTION('',(-0.,-0.,-1.));
#1694 = DIRECTION('',(-0.707106781187,0.707106781187,0.));
#1695 = ADVANCED_FACE('',(#1696),#1715,.T.);
#1696 = FACE_BOUND('',#1697,.F.);
#1697 = EDGE_LOOP('',(#1698,#1699,#1707,#1714));
#1698 = ORIENTED_EDGE('',*,*,#284,.T.);
#1699 = ORIENTED_EDGE('',*,*,#1700,.T.);
#1700 = EDGE_CURVE('',#285,#1701,#1703,.T.);
#1701 = VERTEX_POINT('',#1702);
#1702 = CARTESIAN_POINT('',(-34.,0.499999999999,15.));
#1703 = LINE('',#1704,#1705);
#1704 = CARTESIAN_POINT('',(-34.,0.499999999999,18.));
#1705 = VECTOR('',#1706,1.);
#1706 = DIRECTION('',(-0.,-0.,-1.));
#1707 = ORIENTED_EDGE('',*,*,#1708,.F.);
#1708 = EDGE_CURVE('',#1661,#1701,#1709,.T.);
#1709 = CIRCLE('',#1710,3.);
#1710 = AXIS2_PLACEMENT_3D('',#1711,#1712,#1713);
#1711 = CARTESIAN_POINT('',(-31.,0.499999999999,15.));
#1712 = DIRECTION('',(0.,-0.,1.));
#1713 = DIRECTION('',(0.,1.,0.));
#1714 = ORIENTED_EDGE('',*,*,#1668,.F.);
#1715 = CYLINDRICAL_SURFACE('',#1716,3.);
#1716 = AXIS2_PLACEMENT_3D('',#1717,#1718,#1719);
#1717 = CARTESIAN_POINT('',(-31.,0.499999999999,18.));
#1718 = DIRECTION('',(-0.,-0.,-1.));
#1719 = DIRECTION('',(0.,1.,0.));
#1720 = ADVANCED_FACE('',(#1721),#1732,.F.);
#1721 = FACE_BOUND('',#1722,.F.);
#1722 = EDGE_LOOP('',(#1723,#1724,#1725,#1726));
#1723 = ORIENTED_EDGE('',*,*,#352,.F.);
#1724 = ORIENTED_EDGE('',*,*,#1685,.T.);
#1725 = ORIENTED_EDGE('',*,*,#726,.T.);
#1726 = ORIENTED_EDGE('',*,*,#1727,.F.);
#1727 = EDGE_CURVE('',#345,#727,#1728,.T.);
#1728 = LINE('',#1729,#1730);
#1729 = CARTESIAN_POINT('',(-18.00110597777,-32.1432416015,18.));
#1730 = VECTOR('',#1731,1.);
#1731 = DIRECTION('',(-0.,-0.,-1.));
#1732 = PLANE('',#1733);
#1733 = AXIS2_PLACEMENT_3D('',#1734,#1735,#1736);
#1734 = CARTESIAN_POINT('',(-9.515824603533,-23.65796022726,18.));
#1735 = DIRECTION('',(-0.707106781187,0.707106781187,0.));
#1736 = DIRECTION('',(-0.707106781187,-0.707106781187,0.));
#1737 = ADVANCED_FACE('',(#1738),#1756,.T.);
#1738 = FACE_BOUND('',#1739,.T.);
#1739 = EDGE_LOOP('',(#1740,#1741,#1742,#1750));
#1740 = ORIENTED_EDGE('',*,*,#293,.F.);
#1741 = ORIENTED_EDGE('',*,*,#1700,.T.);
#1742 = ORIENTED_EDGE('',*,*,#1743,.T.);
#1743 = EDGE_CURVE('',#1701,#1744,#1746,.T.);
#1744 = VERTEX_POINT('',#1745);
#1745 = CARTESIAN_POINT('',(-34.,-0.499999999999,15.));
#1746 = LINE('',#1747,#1748);
#1747 = CARTESIAN_POINT('',(-34.,3.499999999999,15.));
#1748 = VECTOR('',#1749,1.);
#1749 = DIRECTION('',(0.,-1.,0.));
#1750 = ORIENTED_EDGE('',*,*,#1751,.F.);
#1751 = EDGE_CURVE('',#294,#1744,#1752,.T.);
#1752 = LINE('',#1753,#1754);
#1753 = CARTESIAN_POINT('',(-34.,-0.499999999999,18.));
#1754 = VECTOR('',#1755,1.);
#1755 = DIRECTION('',(-0.,-0.,-1.));
#1756 = PLANE('',#1757);
#1757 = AXIS2_PLACEMENT_3D('',#1758,#1759,#1760);
#1758 = CARTESIAN_POINT('',(-34.,3.499999999999,18.));
#1759 = DIRECTION('',(-1.,0.,0.));
#1760 = DIRECTION('',(0.,-1.,0.));
#1761 = ADVANCED_FACE('',(#1762,#1773),#1784,.F.);
#1762 = FACE_BOUND('',#1763,.F.);
#1763 = EDGE_LOOP('',(#1764));
#1764 = ORIENTED_EDGE('',*,*,#1765,.T.);
#1765 = EDGE_CURVE('',#1766,#1766,#1768,.T.);
#1766 = VERTEX_POINT('',#1767);
#1767 = CARTESIAN_POINT('',(-19.00873314096,-31.13561443831,9.));
#1768 = CIRCLE('',#1769,8.575);
#1769 = AXIS2_PLACEMENT_3D('',#1770,#1771,#1772);
#1770 = CARTESIAN_POINT('',(-25.07217378963,-25.07217378963,9.));
#1771 = DIRECTION('',(-0.707106781187,-0.707106781187,0.));
#1772 = DIRECTION('',(0.707106781187,-0.707106781187,0.));
#1773 = FACE_BOUND('',#1774,.F.);
#1774 = EDGE_LOOP('',(#1775,#1776,#1777,#1783));
#1775 = ORIENTED_EDGE('',*,*,#1727,.T.);
#1776 = ORIENTED_EDGE('',*,*,#734,.T.);
#1777 = ORIENTED_EDGE('',*,*,#1778,.F.);
#1778 = EDGE_CURVE('',#337,#735,#1779,.T.);
#1779 = LINE('',#1780,#1781);
#1780 = CARTESIAN_POINT('',(-32.1432416015,-18.00110597777,18.));
#1781 = VECTOR('',#1782,1.);
#1782 = DIRECTION('',(-0.,-0.,-1.));
#1783 = ORIENTED_EDGE('',*,*,#344,.F.);
#1784 = PLANE('',#1785);
#1785 = AXIS2_PLACEMENT_3D('',#1786,#1787,#1788);
#1786 = CARTESIAN_POINT('',(-18.00110597777,-32.1432416015,18.));
#1787 = DIRECTION('',(0.707106781187,0.707106781187,0.));
#1788 = DIRECTION('',(-0.707106781187,0.707106781187,0.));
#1789 = ADVANCED_FACE('',(#1790),#1809,.T.);
#1790 = FACE_BOUND('',#1791,.T.);
#1791 = EDGE_LOOP('',(#1792,#1793,#1794,#1803));
#1792 = ORIENTED_EDGE('',*,*,#301,.T.);
#1793 = ORIENTED_EDGE('',*,*,#1751,.T.);
#1794 = ORIENTED_EDGE('',*,*,#1795,.F.);
#1795 = EDGE_CURVE('',#1796,#1744,#1798,.T.);
#1796 = VERTEX_POINT('',#1797);
#1797 = CARTESIAN_POINT('',(-31.,-3.499999999999,15.));
#1798 = CIRCLE('',#1799,3.);
#1799 = AXIS2_PLACEMENT_3D('',#1800,#1801,#1802);
#1800 = CARTESIAN_POINT('',(-31.,-0.499999999999,15.));
#1801 = DIRECTION('',(0.,0.,-1.));
#1802 = DIRECTION('',(0.,1.,0.));
#1803 = ORIENTED_EDGE('',*,*,#1804,.F.);
#1804 = EDGE_CURVE('',#302,#1796,#1805,.T.);
#1805 = LINE('',#1806,#1807);
#1806 = CARTESIAN_POINT('',(-31.,-3.499999999999,18.));
#1807 = VECTOR('',#1808,1.);
#1808 = DIRECTION('',(-0.,-0.,-1.));
#1809 = CYLINDRICAL_SURFACE('',#1810,3.);
#1810 = AXIS2_PLACEMENT_3D('',#1811,#1812,#1813);
#1811 = CARTESIAN_POINT('',(-31.,-0.499999999999,18.));
#1812 = DIRECTION('',(-0.,-0.,-1.));
#1813 = DIRECTION('',(0.,-1.,0.));
#1814 = ADVANCED_FACE('',(#1815),#1826,.F.);
#1815 = FACE_BOUND('',#1816,.F.);
#1816 = EDGE_LOOP('',(#1817,#1818,#1819,#1820));
#1817 = ORIENTED_EDGE('',*,*,#336,.F.);
#1818 = ORIENTED_EDGE('',*,*,#1778,.T.);
#1819 = ORIENTED_EDGE('',*,*,#742,.T.);
#1820 = ORIENTED_EDGE('',*,*,#1821,.F.);
#1821 = EDGE_CURVE('',#328,#743,#1822,.T.);
#1822 = LINE('',#1823,#1824);
#1823 = CARTESIAN_POINT('',(-26.18912210617,-12.04698648244,18.));
#1824 = VECTOR('',#1825,1.);
#1825 = DIRECTION('',(-0.,-0.,-1.));
#1826 = PLANE('',#1827);
#1827 = AXIS2_PLACEMENT_3D('',#1828,#1829,#1830);
#1828 = CARTESIAN_POINT('',(-32.1432416015,-18.00110597777,18.));
#1829 = DIRECTION('',(0.707106781187,-0.707106781187,0.));
#1830 = DIRECTION('',(0.707106781187,0.707106781187,0.));
#1831 = ADVANCED_FACE('',(#1832),#1843,.T.);
#1832 = FACE_BOUND('',#1833,.T.);
#1833 = EDGE_LOOP('',(#1834,#1835,#1836,#1842));
#1834 = ORIENTED_EDGE('',*,*,#310,.F.);
#1835 = ORIENTED_EDGE('',*,*,#1804,.T.);
#1836 = ORIENTED_EDGE('',*,*,#1837,.T.);
#1837 = EDGE_CURVE('',#1796,#1629,#1838,.T.);
#1838 = LINE('',#1839,#1840);
#1839 = CARTESIAN_POINT('',(-34.,-3.499999999999,15.));
#1840 = VECTOR('',#1841,1.);
#1841 = DIRECTION('',(1.,0.,0.));
#1842 = ORIENTED_EDGE('',*,*,#1637,.F.);
#1843 = PLANE('',#1844);
#1844 = AXIS2_PLACEMENT_3D('',#1845,#1846,#1847);
#1845 = CARTESIAN_POINT('',(-34.,-3.499999999999,18.));
#1846 = DIRECTION('',(0.,-1.,0.));
#1847 = DIRECTION('',(1.,0.,0.));
#1848 = ADVANCED_FACE('',(#1849),#1855,.F.);
#1849 = FACE_BOUND('',#1850,.F.);
#1850 = EDGE_LOOP('',(#1851,#1852,#1853,#1854));
#1851 = ORIENTED_EDGE('',*,*,#327,.T.);
#1852 = ORIENTED_EDGE('',*,*,#1821,.T.);
#1853 = ORIENTED_EDGE('',*,*,#750,.F.);
#1854 = ORIENTED_EDGE('',*,*,#1644,.F.);
#1855 = CYLINDRICAL_SURFACE('',#1856,3.);
#1856 = AXIS2_PLACEMENT_3D('',#1857,#1858,#1859);
#1857 = CARTESIAN_POINT('',(-28.31044244973,-9.92566613888,18.));
#1858 = DIRECTION('',(-0.,-0.,-1.));
#1859 = DIRECTION('',(0.943681414991,0.330855537963,0.));
#1860 = ADVANCED_FACE('',(#1861),#1887,.F.);
#1861 = FACE_BOUND('',#1862,.T.);
#1862 = EDGE_LOOP('',(#1863,#1872,#1877,#1878,#1879,#1880,#1881,#1882,
    #1883,#1884,#1885,#1886));
#1863 = ORIENTED_EDGE('',*,*,#1864,.F.);
#1864 = EDGE_CURVE('',#1865,#1865,#1867,.T.);
#1865 = VERTEX_POINT('',#1866);
#1866 = CARTESIAN_POINT('',(25.1,0.,2.));
#1867 = CIRCLE('',#1868,25.1);
#1868 = AXIS2_PLACEMENT_3D('',#1869,#1870,#1871);
#1869 = CARTESIAN_POINT('',(0.,0.,2.));
#1870 = DIRECTION('',(0.,0.,1.));
#1871 = DIRECTION('',(1.,0.,0.));
#1872 = ORIENTED_EDGE('',*,*,#1873,.F.);
#1873 = EDGE_CURVE('',#588,#1865,#1874,.T.);
#1874 = B_SPLINE_CURVE_WITH_KNOTS('',1,(#1875,#1876),.UNSPECIFIED.,.F.,
  .F.,(2,2),(-16.,0.),.PIECEWISE_BEZIER_KNOTS.);
#1875 = CARTESIAN_POINT('',(25.1,-6.14772693172E-15,18.));
#1876 = CARTESIAN_POINT('',(25.1,-6.14772693172E-15,2.));
#1877 = ORIENTED_EDGE('',*,*,#587,.T.);
#1878 = ORIENTED_EDGE('',*,*,#578,.T.);
#1879 = ORIENTED_EDGE('',*,*,#569,.T.);
#1880 = ORIENTED_EDGE('',*,*,#560,.T.);
#1881 = ORIENTED_EDGE('',*,*,#551,.T.);
#1882 = ORIENTED_EDGE('',*,*,#542,.T.);
#1883 = ORIENTED_EDGE('',*,*,#533,.T.);
#1884 = ORIENTED_EDGE('',*,*,#522,.T.);
#1885 = ORIENTED_EDGE('',*,*,#596,.T.);
#1886 = ORIENTED_EDGE('',*,*,#1873,.T.);
#1887 = CYLINDRICAL_SURFACE('',#1888,25.1);
#1888 = AXIS2_PLACEMENT_3D('',#1889,#1890,#1891);
#1889 = CARTESIAN_POINT('',(0.,0.,2.));
#1890 = DIRECTION('',(-0.,-0.,-1.));
#1891 = DIRECTION('',(1.,0.,0.));
#1892 = ADVANCED_FACE('',(#1893),#1912,.F.);
#1893 = FACE_BOUND('',#1894,.F.);
#1894 = EDGE_LOOP('',(#1895,#1903,#1910,#1911));
#1895 = ORIENTED_EDGE('',*,*,#1896,.T.);
#1896 = EDGE_CURVE('',#606,#1897,#1899,.T.);
#1897 = VERTEX_POINT('',#1898);
#1898 = CARTESIAN_POINT('',(1.55,-30.5,15.));
#1899 = LINE('',#1900,#1901);
#1900 = CARTESIAN_POINT('',(1.55,-30.5,18.));
#1901 = VECTOR('',#1902,1.);
#1902 = DIRECTION('',(-0.,-0.,-1.));
#1903 = ORIENTED_EDGE('',*,*,#1904,.T.);
#1904 = EDGE_CURVE('',#1897,#1897,#1905,.T.);
#1905 = CIRCLE('',#1906,1.55);
#1906 = AXIS2_PLACEMENT_3D('',#1907,#1908,#1909);
#1907 = CARTESIAN_POINT('',(0.,-30.5,15.));
#1908 = DIRECTION('',(0.,0.,1.));
#1909 = DIRECTION('',(1.,0.,0.));
#1910 = ORIENTED_EDGE('',*,*,#1896,.F.);
#1911 = ORIENTED_EDGE('',*,*,#605,.F.);
#1912 = CYLINDRICAL_SURFACE('',#1913,1.55);
#1913 = AXIS2_PLACEMENT_3D('',#1914,#1915,#1916);
#1914 = CARTESIAN_POINT('',(0.,-30.5,18.));
#1915 = DIRECTION('',(0.,0.,1.));
#1916 = DIRECTION('',(1.,0.,0.));
#1917 = ADVANCED_FACE('',(#1918),#1937,.F.);
#1918 = FACE_BOUND('',#1919,.F.);
#1919 = EDGE_LOOP('',(#1920,#1928,#1935,#1936));
#1920 = ORIENTED_EDGE('',*,*,#1921,.T.);
#1921 = EDGE_CURVE('',#617,#1922,#1924,.T.);
#1922 = VERTEX_POINT('',#1923);
#1923 = CARTESIAN_POINT('',(-28.95,0.,15.));
#1924 = LINE('',#1925,#1926);
#1925 = CARTESIAN_POINT('',(-28.95,0.,18.));
#1926 = VECTOR('',#1927,1.);
#1927 = DIRECTION('',(-0.,-0.,-1.));
#1928 = ORIENTED_EDGE('',*,*,#1929,.T.);
#1929 = EDGE_CURVE('',#1922,#1922,#1930,.T.);
#1930 = CIRCLE('',#1931,1.55);
#1931 = AXIS2_PLACEMENT_3D('',#1932,#1933,#1934);
#1932 = CARTESIAN_POINT('',(-30.5,0.,15.));
#1933 = DIRECTION('',(0.,0.,1.));
#1934 = DIRECTION('',(1.,0.,0.));
#1935 = ORIENTED_EDGE('',*,*,#1921,.F.);
#1936 = ORIENTED_EDGE('',*,*,#616,.F.);
#1937 = CYLINDRICAL_SURFACE('',#1938,1.55);
#1938 = AXIS2_PLACEMENT_3D('',#1939,#1940,#1941);
#1939 = CARTESIAN_POINT('',(-30.5,0.,18.));
#1940 = DIRECTION('',(0.,0.,1.));
#1941 = DIRECTION('',(1.,0.,0.));
#1942 = ADVANCED_FACE('',(#1943),#1962,.F.);
#1943 = FACE_BOUND('',#1944,.F.);
#1944 = EDGE_LOOP('',(#1945,#1953,#1960,#1961));
#1945 = ORIENTED_EDGE('',*,*,#1946,.T.);
#1946 = EDGE_CURVE('',#628,#1947,#1949,.T.);
#1947 = VERTEX_POINT('',#1948);
#1948 = CARTESIAN_POINT('',(32.05,0.,15.));
#1949 = LINE('',#1950,#1951);
#1950 = CARTESIAN_POINT('',(32.05,0.,18.));
#1951 = VECTOR('',#1952,1.);
#1952 = DIRECTION('',(-0.,-0.,-1.));
#1953 = ORIENTED_EDGE('',*,*,#1954,.T.);
#1954 = EDGE_CURVE('',#1947,#1947,#1955,.T.);
#1955 = CIRCLE('',#1956,1.55);
#1956 = AXIS2_PLACEMENT_3D('',#1957,#1958,#1959);
#1957 = CARTESIAN_POINT('',(30.5,0.,15.));
#1958 = DIRECTION('',(0.,0.,1.));
#1959 = DIRECTION('',(1.,0.,0.));
#1960 = ORIENTED_EDGE('',*,*,#1946,.F.);
#1961 = ORIENTED_EDGE('',*,*,#627,.F.);
#1962 = CYLINDRICAL_SURFACE('',#1963,1.55);
#1963 = AXIS2_PLACEMENT_3D('',#1964,#1965,#1966);
#1964 = CARTESIAN_POINT('',(30.5,0.,18.));
#1965 = DIRECTION('',(0.,0.,1.));
#1966 = DIRECTION('',(1.,0.,0.));
#1967 = ADVANCED_FACE('',(#1968),#1987,.F.);
#1968 = FACE_BOUND('',#1969,.F.);
#1969 = EDGE_LOOP('',(#1970,#1978,#1985,#1986));
#1970 = ORIENTED_EDGE('',*,*,#1971,.T.);
#1971 = EDGE_CURVE('',#639,#1972,#1974,.T.);
#1972 = VERTEX_POINT('',#1973);
#1973 = CARTESIAN_POINT('',(1.55,30.5,15.));
#1974 = LINE('',#1975,#1976);
#1975 = CARTESIAN_POINT('',(1.55,30.5,18.));
#1976 = VECTOR('',#1977,1.);
#1977 = DIRECTION('',(-0.,-0.,-1.));
#1978 = ORIENTED_EDGE('',*,*,#1979,.T.);
#1979 = EDGE_CURVE('',#1972,#1972,#1980,.T.);
#1980 = CIRCLE('',#1981,1.55);
#1981 = AXIS2_PLACEMENT_3D('',#1982,#1983,#1984);
#1982 = CARTESIAN_POINT('',(0.,30.5,15.));
#1983 = DIRECTION('',(0.,0.,1.));
#1984 = DIRECTION('',(1.,0.,0.));
#1985 = ORIENTED_EDGE('',*,*,#1971,.F.);
#1986 = ORIENTED_EDGE('',*,*,#638,.F.);
#1987 = CYLINDRICAL_SURFACE('',#1988,1.55);
#1988 = AXIS2_PLACEMENT_3D('',#1989,#1990,#1991);
#1989 = CARTESIAN_POINT('',(0.,30.5,18.));
#1990 = DIRECTION('',(0.,0.,1.));
#1991 = DIRECTION('',(1.,0.,0.));
#1992 = ADVANCED_FACE('',(#1993),#2012,.F.);
#1993 = FACE_BOUND('',#1994,.T.);
#1994 = EDGE_LOOP('',(#1995,#2003,#2010,#2011));
#1995 = ORIENTED_EDGE('',*,*,#1996,.T.);
#1996 = EDGE_CURVE('',#855,#1997,#1999,.T.);
#1997 = VERTEX_POINT('',#1998);
#1998 = CARTESIAN_POINT('',(16.,0.,2.));
#1999 = LINE('',#2000,#2001);
#2000 = CARTESIAN_POINT('',(16.,0.,0.));
#2001 = VECTOR('',#2002,1.);
#2002 = DIRECTION('',(0.,0.,1.));
#2003 = ORIENTED_EDGE('',*,*,#2004,.T.);
#2004 = EDGE_CURVE('',#1997,#1997,#2005,.T.);
#2005 = CIRCLE('',#2006,16.);
#2006 = AXIS2_PLACEMENT_3D('',#2007,#2008,#2009);
#2007 = CARTESIAN_POINT('',(0.,0.,2.));
#2008 = DIRECTION('',(0.,0.,1.));
#2009 = DIRECTION('',(1.,0.,0.));
#2010 = ORIENTED_EDGE('',*,*,#1996,.F.);
#2011 = ORIENTED_EDGE('',*,*,#854,.F.);
#2012 = CYLINDRICAL_SURFACE('',#2013,16.);
#2013 = AXIS2_PLACEMENT_3D('',#2014,#2015,#2016);
#2014 = CARTESIAN_POINT('',(0.,0.,0.));
#2015 = DIRECTION('',(-0.,-0.,-1.));
#2016 = DIRECTION('',(1.,0.,0.));
#2017 = ADVANCED_FACE('',(#2018,#2021),#2032,.T.);
#2018 = FACE_BOUND('',#2019,.T.);
#2019 = EDGE_LOOP('',(#2020));
#2020 = ORIENTED_EDGE('',*,*,#896,.T.);
#2021 = FACE_BOUND('',#2022,.F.);
#2022 = EDGE_LOOP('',(#2023));
#2023 = ORIENTED_EDGE('',*,*,#2024,.T.);
#2024 = EDGE_CURVE('',#2025,#2025,#2027,.T.);
#2025 = VERTEX_POINT('',#2026);
#2026 = CARTESIAN_POINT('',(27.847567905794,36.438915297211,9.));
#2027 = CIRCLE('',#2028,6.075);
#2028 = AXIS2_PLACEMENT_3D('',#2029,#2030,#2031);
#2029 = CARTESIAN_POINT('',(32.143241601502,32.143241601502,9.));
#2030 = DIRECTION('',(0.707106781187,0.707106781187,-0.));
#2031 = DIRECTION('',(-0.707106781187,0.707106781187,0.));
#2032 = PLANE('',#2033);
#2033 = AXIS2_PLACEMENT_3D('',#2034,#2035,#2036);
#2034 = CARTESIAN_POINT('',(32.143241601502,32.143241601502,9.));
#2035 = DIRECTION('',(0.707106781187,0.707106781187,0.));
#2036 = DIRECTION('',(0.707106781187,-0.707106781187,0.));
#2037 = ADVANCED_FACE('',(#2038,#2047),#2050,.F.);
#2038 = FACE_BOUND('',#2039,.F.);
#2039 = EDGE_LOOP('',(#2040,#2041,#2042,#2043,#2044,#2045,#2046));
#2040 = ORIENTED_EDGE('',*,*,#1000,.F.);
#2041 = ORIENTED_EDGE('',*,*,#948,.T.);
#2042 = ORIENTED_EDGE('',*,*,#939,.T.);
#2043 = ORIENTED_EDGE('',*,*,#1098,.F.);
#2044 = ORIENTED_EDGE('',*,*,#1073,.T.);
#2045 = ORIENTED_EDGE('',*,*,#1049,.F.);
#2046 = ORIENTED_EDGE('',*,*,#1031,.F.);
#2047 = FACE_BOUND('',#2048,.F.);
#2048 = EDGE_LOOP('',(#2049));
#2049 = ORIENTED_EDGE('',*,*,#1954,.F.);
#2050 = PLANE('',#2051);
#2051 = AXIS2_PLACEMENT_3D('',#2052,#2053,#2054);
#2052 = CARTESIAN_POINT('',(-7.749701993388E-13,8.449449537969E-15,15.)
  );
#2053 = DIRECTION('',(0.,0.,1.));
#2054 = DIRECTION('',(1.,0.,0.));
#2055 = ADVANCED_FACE('',(#2056,#2064),#2067,.F.);
#2056 = FACE_BOUND('',#2057,.F.);
#2057 = EDGE_LOOP('',(#2058,#2059,#2060,#2061,#2062,#2063));
#2058 = ORIENTED_EDGE('',*,*,#1333,.T.);
#2059 = ORIENTED_EDGE('',*,*,#1124,.T.);
#2060 = ORIENTED_EDGE('',*,*,#1156,.T.);
#2061 = ORIENTED_EDGE('',*,*,#1204,.T.);
#2062 = ORIENTED_EDGE('',*,*,#1239,.T.);
#2063 = ORIENTED_EDGE('',*,*,#1291,.F.);
#2064 = FACE_BOUND('',#2065,.F.);
#2065 = EDGE_LOOP('',(#2066));
#2066 = ORIENTED_EDGE('',*,*,#1979,.F.);
#2067 = PLANE('',#2068);
#2068 = AXIS2_PLACEMENT_3D('',#2069,#2070,#2071);
#2069 = CARTESIAN_POINT('',(-7.749701993388E-13,8.449449537969E-15,15.)
  );
#2070 = DIRECTION('',(0.,0.,1.));
#2071 = DIRECTION('',(1.,0.,0.));
#2072 = ADVANCED_FACE('',(#2073),#2092,.T.);
#2073 = FACE_BOUND('',#2074,.T.);
#2074 = EDGE_LOOP('',(#2075,#2083,#2084,#2085));
#2075 = ORIENTED_EDGE('',*,*,#2076,.F.);
#2076 = EDGE_CURVE('',#1262,#2077,#2079,.T.);
#2077 = VERTEX_POINT('',#2078);
#2078 = CARTESIAN_POINT('',(36.792468687804,-26.07980095282,9.));
#2079 = LINE('',#2080,#2081);
#2080 = CARTESIAN_POINT('',(36.792468687804,-26.07980095282,9.));
#2081 = VECTOR('',#2082,1.);
#2082 = DIRECTION('',(0.624695047554,-0.780868809443,2.589647480244E-17)
  );
#2083 = ORIENTED_EDGE('',*,*,#1261,.T.);
#2084 = ORIENTED_EDGE('',*,*,#2076,.T.);
#2085 = ORIENTED_EDGE('',*,*,#2086,.F.);
#2086 = EDGE_CURVE('',#2077,#2077,#2087,.T.);
#2087 = CIRCLE('',#2088,7.575);
#2088 = AXIS2_PLACEMENT_3D('',#2089,#2090,#2091);
#2089 = CARTESIAN_POINT('',(31.436134820316,-31.43613482031,9.));
#2090 = DIRECTION('',(0.707106781187,-0.707106781187,0.));
#2091 = DIRECTION('',(0.707106781187,0.707106781187,0.));
#2092 = CONICAL_SURFACE('',#2093,7.575,0.110657221174);
#2093 = AXIS2_PLACEMENT_3D('',#2094,#2095,#2096);
#2094 = CARTESIAN_POINT('',(31.436134820316,-31.43613482031,9.));
#2095 = DIRECTION('',(-0.707106781187,0.707106781187,-0.));
#2096 = DIRECTION('',(0.707106781187,0.707106781187,0.));
#2097 = ADVANCED_FACE('',(#2098,#2106),#2109,.F.);
#2098 = FACE_BOUND('',#2099,.F.);
#2099 = EDGE_LOOP('',(#2100,#2101,#2102,#2103,#2104,#2105));
#2100 = ORIENTED_EDGE('',*,*,#1425,.F.);
#2101 = ORIENTED_EDGE('',*,*,#1383,.T.);
#2102 = ORIENTED_EDGE('',*,*,#1602,.F.);
#2103 = ORIENTED_EDGE('',*,*,#1560,.T.);
#2104 = ORIENTED_EDGE('',*,*,#1519,.F.);
#2105 = ORIENTED_EDGE('',*,*,#1473,.F.);
#2106 = FACE_BOUND('',#2107,.F.);
#2107 = EDGE_LOOP('',(#2108));
#2108 = ORIENTED_EDGE('',*,*,#1904,.F.);
#2109 = PLANE('',#2110);
#2110 = AXIS2_PLACEMENT_3D('',#2111,#2112,#2113);
#2111 = CARTESIAN_POINT('',(-7.749701993388E-13,8.449449537969E-15,15.)
  );
#2112 = DIRECTION('',(0.,0.,1.));
#2113 = DIRECTION('',(1.,0.,0.));
#2114 = ADVANCED_FACE('',(#2115),#2134,.T.);
#2115 = FACE_BOUND('',#2116,.T.);
#2116 = EDGE_LOOP('',(#2117,#2125,#2126,#2127));
#2117 = ORIENTED_EDGE('',*,*,#2118,.F.);
#2118 = EDGE_CURVE('',#1490,#2119,#2121,.T.);
#2119 = VERTEX_POINT('',#2120);
#2120 = CARTESIAN_POINT('',(-36.7924686878,26.079800952828,9.));
#2121 = LINE('',#2122,#2123);
#2122 = CARTESIAN_POINT('',(-36.7924686878,26.079800952828,9.));
#2123 = VECTOR('',#2124,1.);
#2124 = DIRECTION('',(-0.624695047554,0.780868809443,0.));
#2125 = ORIENTED_EDGE('',*,*,#1489,.T.);
#2126 = ORIENTED_EDGE('',*,*,#2118,.T.);
#2127 = ORIENTED_EDGE('',*,*,#2128,.F.);
#2128 = EDGE_CURVE('',#2119,#2119,#2129,.T.);
#2129 = CIRCLE('',#2130,7.575);
#2130 = AXIS2_PLACEMENT_3D('',#2131,#2132,#2133);
#2131 = CARTESIAN_POINT('',(-31.43613482031,31.436134820316,9.));
#2132 = DIRECTION('',(-0.707106781187,0.707106781187,0.));
#2133 = DIRECTION('',(-0.707106781187,-0.707106781187,0.));
#2134 = CONICAL_SURFACE('',#2135,7.575,0.110657221174);
#2135 = AXIS2_PLACEMENT_3D('',#2136,#2137,#2138);
#2136 = CARTESIAN_POINT('',(-31.43613482031,31.436134820316,9.));
#2137 = DIRECTION('',(0.707106781187,-0.707106781187,-0.));
#2138 = DIRECTION('',(-0.707106781187,-0.707106781187,0.));
#2139 = ADVANCED_FACE('',(#2140,#2148),#2151,.F.);
#2140 = FACE_BOUND('',#2141,.F.);
#2141 = EDGE_LOOP('',(#2142,#2143,#2144,#2145,#2146,#2147));
#2142 = ORIENTED_EDGE('',*,*,#1837,.T.);
#2143 = ORIENTED_EDGE('',*,*,#1628,.T.);
#2144 = ORIENTED_EDGE('',*,*,#1660,.T.);
#2145 = ORIENTED_EDGE('',*,*,#1708,.T.);
#2146 = ORIENTED_EDGE('',*,*,#1743,.T.);
#2147 = ORIENTED_EDGE('',*,*,#1795,.F.);
#2148 = FACE_BOUND('',#2149,.F.);
#2149 = EDGE_LOOP('',(#2150));
#2150 = ORIENTED_EDGE('',*,*,#1929,.F.);
#2151 = PLANE('',#2152);
#2152 = AXIS2_PLACEMENT_3D('',#2153,#2154,#2155);
#2153 = CARTESIAN_POINT('',(-7.749701993388E-13,8.449449537969E-15,15.)
  );
#2154 = DIRECTION('',(0.,0.,1.));
#2155 = DIRECTION('',(1.,0.,0.));
#2156 = ADVANCED_FACE('',(#2157),#2176,.T.);
#2157 = FACE_BOUND('',#2158,.T.);
#2158 = EDGE_LOOP('',(#2159,#2167,#2168,#2169));
#2159 = ORIENTED_EDGE('',*,*,#2160,.F.);
#2160 = EDGE_CURVE('',#1766,#2161,#2163,.T.);
#2161 = VERTEX_POINT('',#2162);
#2162 = CARTESIAN_POINT('',(-26.07980095282,-36.7924686878,9.));
#2163 = LINE('',#2164,#2165);
#2164 = CARTESIAN_POINT('',(-26.07980095282,-36.7924686878,9.));
#2165 = VECTOR('',#2166,1.);
#2166 = DIRECTION('',(-0.780868809443,-0.624695047554,2.589647480244E-17
    ));
#2167 = ORIENTED_EDGE('',*,*,#1765,.T.);
#2168 = ORIENTED_EDGE('',*,*,#2160,.T.);
#2169 = ORIENTED_EDGE('',*,*,#2170,.F.);
#2170 = EDGE_CURVE('',#2161,#2161,#2171,.T.);
#2171 = CIRCLE('',#2172,7.575);
#2172 = AXIS2_PLACEMENT_3D('',#2173,#2174,#2175);
#2173 = CARTESIAN_POINT('',(-31.43613482031,-31.43613482031,9.));
#2174 = DIRECTION('',(-0.707106781187,-0.707106781187,0.));
#2175 = DIRECTION('',(0.707106781187,-0.707106781187,0.));
#2176 = CONICAL_SURFACE('',#2177,7.575,0.110657221174);
#2177 = AXIS2_PLACEMENT_3D('',#2178,#2179,#2180);
#2178 = CARTESIAN_POINT('',(-31.43613482031,-31.43613482031,9.));
#2179 = DIRECTION('',(0.707106781187,0.707106781187,-0.));
#2180 = DIRECTION('',(0.707106781187,-0.707106781187,0.));
#2181 = ADVANCED_FACE('',(#2182,#2185),#2188,.T.);
#2182 = FACE_BOUND('',#2183,.T.);
#2183 = EDGE_LOOP('',(#2184));
#2184 = ORIENTED_EDGE('',*,*,#1864,.T.);
#2185 = FACE_BOUND('',#2186,.T.);
#2186 = EDGE_LOOP('',(#2187));
#2187 = ORIENTED_EDGE('',*,*,#2004,.F.);
#2188 = PLANE('',#2189);
#2189 = AXIS2_PLACEMENT_3D('',#2190,#2191,#2192);
#2190 = CARTESIAN_POINT('',(-2.04E-15,-6.9E-16,2.));
#2191 = DIRECTION('',(0.,0.,1.));
#2192 = DIRECTION('',(1.,0.,0.));
#2193 = ADVANCED_FACE('',(#2194),#2212,.F.);
#2194 = FACE_BOUND('',#2195,.T.);
#2195 = EDGE_LOOP('',(#2196,#2205,#2210,#2211));
#2196 = ORIENTED_EDGE('',*,*,#2197,.F.);
#2197 = EDGE_CURVE('',#2198,#2198,#2200,.T.);
#2198 = VERTEX_POINT('',#2199);
#2199 = CARTESIAN_POINT('',(17.240966187996,25.832313579412,9.));
#2200 = CIRCLE('',#2201,6.075);
#2201 = AXIS2_PLACEMENT_3D('',#2202,#2203,#2204);
#2202 = CARTESIAN_POINT('',(21.536639883704,21.536639883704,9.));
#2203 = DIRECTION('',(0.707106781187,0.707106781187,-0.));
#2204 = DIRECTION('',(-0.707106781187,0.707106781187,0.));
#2205 = ORIENTED_EDGE('',*,*,#2206,.F.);
#2206 = EDGE_CURVE('',#2025,#2198,#2207,.T.);
#2207 = B_SPLINE_CURVE_WITH_KNOTS('',1,(#2208,#2209),.UNSPECIFIED.,.F.,
  .F.,(2,2),(-10.,5.),.PIECEWISE_BEZIER_KNOTS.);
#2208 = CARTESIAN_POINT('',(27.847567905794,36.438915297211,9.));
#2209 = CARTESIAN_POINT('',(17.240966187996,25.832313579412,9.));
#2210 = ORIENTED_EDGE('',*,*,#2024,.T.);
#2211 = ORIENTED_EDGE('',*,*,#2206,.T.);
#2212 = CYLINDRICAL_SURFACE('',#2213,6.075);
#2213 = AXIS2_PLACEMENT_3D('',#2214,#2215,#2216);
#2214 = CARTESIAN_POINT('',(25.072173789637,25.072173789637,9.));
#2215 = DIRECTION('',(-0.707106781187,-0.707106781187,0.));
#2216 = DIRECTION('',(-0.707106781187,0.707106781187,0.));
#2217 = ADVANCED_FACE('',(#2218),#2237,.T.);
#2218 = FACE_BOUND('',#2219,.F.);
#2219 = EDGE_LOOP('',(#2220,#2228,#2235,#2236));
#2220 = ORIENTED_EDGE('',*,*,#2221,.T.);
#2221 = EDGE_CURVE('',#2077,#2222,#2224,.T.);
#2222 = VERTEX_POINT('',#2223);
#2223 = CARTESIAN_POINT('',(37.499575468991,-26.78690773401,9.));
#2224 = LINE('',#2225,#2226);
#2225 = CARTESIAN_POINT('',(30.428507657125,-19.71583992214,9.));
#2226 = VECTOR('',#2227,1.);
#2227 = DIRECTION('',(0.707106781187,-0.707106781187,-1.110223024625E-16
    ));
#2228 = ORIENTED_EDGE('',*,*,#2229,.T.);
#2229 = EDGE_CURVE('',#2222,#2222,#2230,.T.);
#2230 = CIRCLE('',#2231,7.575);
#2231 = AXIS2_PLACEMENT_3D('',#2232,#2233,#2234);
#2232 = CARTESIAN_POINT('',(32.143241601502,-32.1432416015,9.));
#2233 = DIRECTION('',(0.707106781187,-0.707106781187,-1.962615573355E-16
    ));
#2234 = DIRECTION('',(0.707106781187,0.707106781187,5.551115123126E-17)
  );
#2235 = ORIENTED_EDGE('',*,*,#2221,.F.);
#2236 = ORIENTED_EDGE('',*,*,#2086,.F.);
#2237 = CYLINDRICAL_SURFACE('',#2238,7.575);
#2238 = AXIS2_PLACEMENT_3D('',#2239,#2240,#2241);
#2239 = CARTESIAN_POINT('',(25.072173789637,-25.07217378963,9.));
#2240 = DIRECTION('',(-0.707106781187,0.707106781187,1.962615573355E-16)
  );
#2241 = DIRECTION('',(0.707106781187,0.707106781187,5.551115123126E-17)
  );
#2242 = ADVANCED_FACE('',(#2243),#2262,.T.);
#2243 = FACE_BOUND('',#2244,.F.);
#2244 = EDGE_LOOP('',(#2245,#2253,#2260,#2261));
#2245 = ORIENTED_EDGE('',*,*,#2246,.T.);
#2246 = EDGE_CURVE('',#2119,#2247,#2249,.T.);
#2247 = VERTEX_POINT('',#2248);
#2248 = CARTESIAN_POINT('',(-37.49957546899,26.786907734014,9.));
#2249 = LINE('',#2250,#2251);
#2250 = CARTESIAN_POINT('',(-30.42850765712,19.715839922149,9.));
#2251 = VECTOR('',#2252,1.);
#2252 = DIRECTION('',(-0.707106781187,0.707106781187,0.));
#2253 = ORIENTED_EDGE('',*,*,#2254,.T.);
#2254 = EDGE_CURVE('',#2247,#2247,#2255,.T.);
#2255 = CIRCLE('',#2256,7.575);
#2256 = AXIS2_PLACEMENT_3D('',#2257,#2258,#2259);
#2257 = CARTESIAN_POINT('',(-32.1432416015,32.143241601502,9.));
#2258 = DIRECTION('',(-0.707106781187,0.707106781187,0.));
#2259 = DIRECTION('',(-0.707106781187,-0.707106781187,0.));
#2260 = ORIENTED_EDGE('',*,*,#2246,.F.);
#2261 = ORIENTED_EDGE('',*,*,#2128,.F.);
#2262 = CYLINDRICAL_SURFACE('',#2263,7.575);
#2263 = AXIS2_PLACEMENT_3D('',#2264,#2265,#2266);
#2264 = CARTESIAN_POINT('',(-25.07217378963,25.072173789637,9.));
#2265 = DIRECTION('',(0.707106781187,-0.707106781187,0.));
#2266 = DIRECTION('',(-0.707106781187,-0.707106781187,0.));
#2267 = ADVANCED_FACE('',(#2268),#2287,.T.);
#2268 = FACE_BOUND('',#2269,.F.);
#2269 = EDGE_LOOP('',(#2270,#2278,#2285,#2286));
#2270 = ORIENTED_EDGE('',*,*,#2271,.T.);
#2271 = EDGE_CURVE('',#2161,#2272,#2274,.T.);
#2272 = VERTEX_POINT('',#2273);
#2273 = CARTESIAN_POINT('',(-26.78690773401,-37.49957546899,9.));
#2274 = LINE('',#2275,#2276);
#2275 = CARTESIAN_POINT('',(-19.71583992214,-30.42850765712,9.));
#2276 = VECTOR('',#2277,1.);
#2277 = DIRECTION('',(-0.707106781187,-0.707106781187,
    -1.110223024625E-16));
#2278 = ORIENTED_EDGE('',*,*,#2279,.T.);
#2279 = EDGE_CURVE('',#2272,#2272,#2280,.T.);
#2280 = CIRCLE('',#2281,7.575);
#2281 = AXIS2_PLACEMENT_3D('',#2282,#2283,#2284);
#2282 = CARTESIAN_POINT('',(-32.1432416015,-32.1432416015,9.));
#2283 = DIRECTION('',(-0.707106781187,-0.707106781187,
    -1.962615573355E-16));
#2284 = DIRECTION('',(0.707106781187,-0.707106781187,-5.551115123126E-17
    ));
#2285 = ORIENTED_EDGE('',*,*,#2271,.F.);
#2286 = ORIENTED_EDGE('',*,*,#2170,.F.);
#2287 = CYLINDRICAL_SURFACE('',#2288,7.575);
#2288 = AXIS2_PLACEMENT_3D('',#2289,#2290,#2291);
#2289 = CARTESIAN_POINT('',(-25.07217378963,-25.07217378963,9.));
#2290 = DIRECTION('',(0.707106781187,0.707106781187,1.962615573355E-16)
  );
#2291 = DIRECTION('',(0.707106781187,-0.707106781187,-5.551115123126E-17
    ));
#2292 = ADVANCED_FACE('',(#2293),#2296,.T.);
#2293 = FACE_BOUND('',#2294,.T.);
#2294 = EDGE_LOOP('',(#2295));
#2295 = ORIENTED_EDGE('',*,*,#2197,.T.);
#2296 = PLANE('',#2297);
#2297 = AXIS2_PLACEMENT_3D('',#2298,#2299,#2300);
#2298 = CARTESIAN_POINT('',(21.536639883704,21.536639883704,9.));
#2299 = DIRECTION('',(0.707106781187,0.707106781187,0.));
#2300 = DIRECTION('',(0.707106781187,-0.707106781187,0.));
#2301 = ADVANCED_FACE('',(#2302,#2305),#2316,.T.);
#2302 = FACE_BOUND('',#2303,.T.);
#2303 = EDGE_LOOP('',(#2304));
#2304 = ORIENTED_EDGE('',*,*,#2229,.T.);
#2305 = FACE_BOUND('',#2306,.F.);
#2306 = EDGE_LOOP('',(#2307));
#2307 = ORIENTED_EDGE('',*,*,#2308,.T.);
#2308 = EDGE_CURVE('',#2309,#2309,#2311,.T.);
#2309 = VERTEX_POINT('',#2310);
#2310 = CARTESIAN_POINT('',(36.438915297211,-27.84756790579,9.));
#2311 = CIRCLE('',#2312,6.075);
#2312 = AXIS2_PLACEMENT_3D('',#2313,#2314,#2315);
#2313 = CARTESIAN_POINT('',(32.143241601502,-32.1432416015,9.));
#2314 = DIRECTION('',(0.707106781187,-0.707106781187,-1.962615573355E-16
    ));
#2315 = DIRECTION('',(0.707106781187,0.707106781187,5.551115123126E-17)
  );
#2316 = PLANE('',#2317);
#2317 = AXIS2_PLACEMENT_3D('',#2318,#2319,#2320);
#2318 = CARTESIAN_POINT('',(32.143241601502,-32.1432416015,9.));
#2319 = DIRECTION('',(0.707106781187,-0.707106781187,-3.330669073875E-16
    ));
#2320 = DIRECTION('',(0.707106781187,0.707106781187,2.465190328816E-32)
  );
#2321 = ADVANCED_FACE('',(#2322,#2325),#2336,.T.);
#2322 = FACE_BOUND('',#2323,.T.);
#2323 = EDGE_LOOP('',(#2324));
#2324 = ORIENTED_EDGE('',*,*,#2254,.T.);
#2325 = FACE_BOUND('',#2326,.F.);
#2326 = EDGE_LOOP('',(#2327));
#2327 = ORIENTED_EDGE('',*,*,#2328,.T.);
#2328 = EDGE_CURVE('',#2329,#2329,#2331,.T.);
#2329 = VERTEX_POINT('',#2330);
#2330 = CARTESIAN_POINT('',(-36.43891529721,27.847567905794,9.));
#2331 = CIRCLE('',#2332,6.075);
#2332 = AXIS2_PLACEMENT_3D('',#2333,#2334,#2335);
#2333 = CARTESIAN_POINT('',(-32.1432416015,32.143241601502,9.));
#2334 = DIRECTION('',(-0.707106781187,0.707106781187,0.));
#2335 = DIRECTION('',(-0.707106781187,-0.707106781187,0.));
#2336 = PLANE('',#2337);
#2337 = AXIS2_PLACEMENT_3D('',#2338,#2339,#2340);
#2338 = CARTESIAN_POINT('',(-32.1432416015,32.143241601502,9.));
#2339 = DIRECTION('',(-0.707106781187,0.707106781187,0.));
#2340 = DIRECTION('',(0.707106781187,0.707106781187,0.));
#2341 = ADVANCED_FACE('',(#2342,#2345),#2356,.F.);
#2342 = FACE_BOUND('',#2343,.T.);
#2343 = EDGE_LOOP('',(#2344));
#2344 = ORIENTED_EDGE('',*,*,#2279,.T.);
#2345 = FACE_BOUND('',#2346,.F.);
#2346 = EDGE_LOOP('',(#2347));
#2347 = ORIENTED_EDGE('',*,*,#2348,.T.);
#2348 = EDGE_CURVE('',#2349,#2349,#2351,.T.);
#2349 = VERTEX_POINT('',#2350);
#2350 = CARTESIAN_POINT('',(-27.84756790579,-36.43891529721,9.));
#2351 = CIRCLE('',#2352,6.075);
#2352 = AXIS2_PLACEMENT_3D('',#2353,#2354,#2355);
#2353 = CARTESIAN_POINT('',(-32.1432416015,-32.1432416015,9.));
#2354 = DIRECTION('',(-0.707106781187,-0.707106781187,
    -1.962615573355E-16));
#2355 = DIRECTION('',(0.707106781187,-0.707106781187,-5.551115123126E-17
    ));
#2356 = PLANE('',#2357);
#2357 = AXIS2_PLACEMENT_3D('',#2358,#2359,#2360);
#2358 = CARTESIAN_POINT('',(-32.1432416015,-32.1432416015,9.));
#2359 = DIRECTION('',(0.707106781187,0.707106781187,2.11804992843E-16));
#2360 = DIRECTION('',(-0.707106781187,0.707106781187,0.));
#2361 = ADVANCED_FACE('',(#2362),#2380,.F.);
#2362 = FACE_BOUND('',#2363,.T.);
#2363 = EDGE_LOOP('',(#2364,#2365,#2372,#2379));
#2364 = ORIENTED_EDGE('',*,*,#2308,.T.);
#2365 = ORIENTED_EDGE('',*,*,#2366,.T.);
#2366 = EDGE_CURVE('',#2309,#2367,#2369,.T.);
#2367 = VERTEX_POINT('',#2368);
#2368 = CARTESIAN_POINT('',(25.832313579412,-17.24096618799,9.));
#2369 = B_SPLINE_CURVE_WITH_KNOTS('',1,(#2370,#2371),.UNSPECIFIED.,.F.,
  .F.,(2,2),(-10.,5.),.PIECEWISE_BEZIER_KNOTS.);
#2370 = CARTESIAN_POINT('',(36.438915297211,-27.84756790579,9.));
#2371 = CARTESIAN_POINT('',(25.832313579412,-17.24096618799,9.));
#2372 = ORIENTED_EDGE('',*,*,#2373,.F.);
#2373 = EDGE_CURVE('',#2367,#2367,#2374,.T.);
#2374 = CIRCLE('',#2375,6.075);
#2375 = AXIS2_PLACEMENT_3D('',#2376,#2377,#2378);
#2376 = CARTESIAN_POINT('',(21.536639883704,-21.5366398837,9.));
#2377 = DIRECTION('',(0.707106781187,-0.707106781187,-1.962615573355E-16
    ));
#2378 = DIRECTION('',(0.707106781187,0.707106781187,5.551115123126E-17)
  );
#2379 = ORIENTED_EDGE('',*,*,#2366,.F.);
#2380 = CYLINDRICAL_SURFACE('',#2381,6.075);
#2381 = AXIS2_PLACEMENT_3D('',#2382,#2383,#2384);
#2382 = CARTESIAN_POINT('',(25.072173789637,-25.07217378963,9.));
#2383 = DIRECTION('',(-0.707106781187,0.707106781187,1.962615573355E-16)
  );
#2384 = DIRECTION('',(0.707106781187,0.707106781187,5.551115123126E-17)
  );
#2385 = ADVANCED_FACE('',(#2386),#2404,.F.);
#2386 = FACE_BOUND('',#2387,.T.);
#2387 = EDGE_LOOP('',(#2388,#2397,#2402,#2403));
#2388 = ORIENTED_EDGE('',*,*,#2389,.F.);
#2389 = EDGE_CURVE('',#2390,#2390,#2392,.T.);
#2390 = VERTEX_POINT('',#2391);
#2391 = CARTESIAN_POINT('',(-25.83231357941,17.240966187996,9.));
#2392 = CIRCLE('',#2393,6.075);
#2393 = AXIS2_PLACEMENT_3D('',#2394,#2395,#2396);
#2394 = CARTESIAN_POINT('',(-21.5366398837,21.536639883704,9.));
#2395 = DIRECTION('',(-0.707106781187,0.707106781187,7.850462293419E-17)
  );
#2396 = DIRECTION('',(-0.707106781187,-0.707106781187,1.110223024625E-16
    ));
#2397 = ORIENTED_EDGE('',*,*,#2398,.F.);
#2398 = EDGE_CURVE('',#2329,#2390,#2399,.T.);
#2399 = B_SPLINE_CURVE_WITH_KNOTS('',1,(#2400,#2401),.UNSPECIFIED.,.F.,
  .F.,(2,2),(-10.,5.),.PIECEWISE_BEZIER_KNOTS.);
#2400 = CARTESIAN_POINT('',(-36.43891529721,27.847567905794,9.));
#2401 = CARTESIAN_POINT('',(-25.83231357941,17.240966187996,9.));
#2402 = ORIENTED_EDGE('',*,*,#2328,.T.);
#2403 = ORIENTED_EDGE('',*,*,#2398,.T.);
#2404 = CYLINDRICAL_SURFACE('',#2405,6.075);
#2405 = AXIS2_PLACEMENT_3D('',#2406,#2407,#2408);
#2406 = CARTESIAN_POINT('',(-25.07217378963,25.072173789637,9.));
#2407 = DIRECTION('',(0.707106781187,-0.707106781187,0.));
#2408 = DIRECTION('',(-0.707106781187,-0.707106781187,0.));
#2409 = ADVANCED_FACE('',(#2410),#2428,.F.);
#2410 = FACE_BOUND('',#2411,.T.);
#2411 = EDGE_LOOP('',(#2412,#2413,#2420,#2427));
#2412 = ORIENTED_EDGE('',*,*,#2348,.T.);
#2413 = ORIENTED_EDGE('',*,*,#2414,.T.);
#2414 = EDGE_CURVE('',#2349,#2415,#2417,.T.);
#2415 = VERTEX_POINT('',#2416);
#2416 = CARTESIAN_POINT('',(-17.24096618799,-25.83231357941,9.));
#2417 = B_SPLINE_CURVE_WITH_KNOTS('',1,(#2418,#2419),.UNSPECIFIED.,.F.,
  .F.,(2,2),(-10.,5.),.PIECEWISE_BEZIER_KNOTS.);
#2418 = CARTESIAN_POINT('',(-27.84756790579,-36.43891529721,9.));
#2419 = CARTESIAN_POINT('',(-17.24096618799,-25.83231357941,9.));
#2420 = ORIENTED_EDGE('',*,*,#2421,.F.);
#2421 = EDGE_CURVE('',#2415,#2415,#2422,.T.);
#2422 = CIRCLE('',#2423,6.075);
#2423 = AXIS2_PLACEMENT_3D('',#2424,#2425,#2426);
#2424 = CARTESIAN_POINT('',(-21.5366398837,-21.5366398837,9.));
#2425 = DIRECTION('',(-0.707106781187,-0.707106781187,
    -1.962615573355E-16));
#2426 = DIRECTION('',(0.707106781187,-0.707106781187,-5.551115123126E-17
    ));
#2427 = ORIENTED_EDGE('',*,*,#2414,.F.);
#2428 = CYLINDRICAL_SURFACE('',#2429,6.075);
#2429 = AXIS2_PLACEMENT_3D('',#2430,#2431,#2432);
#2430 = CARTESIAN_POINT('',(-25.07217378963,-25.07217378963,9.));
#2431 = DIRECTION('',(0.707106781187,0.707106781187,1.962615573355E-16)
  );
#2432 = DIRECTION('',(0.707106781187,-0.707106781187,-5.551115123126E-17
    ));
#2433 = ADVANCED_FACE('',(#2434),#2437,.T.);
#2434 = FACE_BOUND('',#2435,.T.);
#2435 = EDGE_LOOP('',(#2436));
#2436 = ORIENTED_EDGE('',*,*,#2373,.T.);
#2437 = PLANE('',#2438);
#2438 = AXIS2_PLACEMENT_3D('',#2439,#2440,#2441);
#2439 = CARTESIAN_POINT('',(21.536639883704,-21.5366398837,9.));
#2440 = DIRECTION('',(0.707106781187,-0.707106781187,-2.268983778574E-16
    ));
#2441 = DIRECTION('',(0.707106781187,0.707106781187,0.));
#2442 = ADVANCED_FACE('',(#2443),#2446,.T.);
#2443 = FACE_BOUND('',#2444,.T.);
#2444 = EDGE_LOOP('',(#2445));
#2445 = ORIENTED_EDGE('',*,*,#2389,.T.);
#2446 = PLANE('',#2447);
#2447 = AXIS2_PLACEMENT_3D('',#2448,#2449,#2450);
#2448 = CARTESIAN_POINT('',(-21.5366398837,21.536639883704,9.));
#2449 = DIRECTION('',(-0.707106781187,0.707106781187,2.495882156431E-16)
  );
#2450 = DIRECTION('',(0.707106781187,0.707106781187,0.));
#2451 = ADVANCED_FACE('',(#2452),#2455,.F.);
#2452 = FACE_BOUND('',#2453,.T.);
#2453 = EDGE_LOOP('',(#2454));
#2454 = ORIENTED_EDGE('',*,*,#2421,.T.);
#2455 = PLANE('',#2456);
#2456 = AXIS2_PLACEMENT_3D('',#2457,#2458,#2459);
#2457 = CARTESIAN_POINT('',(-21.5366398837,-21.5366398837,9.));
#2458 = DIRECTION('',(0.707106781187,0.707106781187,2.495882156431E-16)
  );
#2459 = DIRECTION('',(-0.707106781187,0.707106781187,0.));
#2460 = ( GEOMETRIC_REPRESENTATION_CONTEXT(3) 
GLOBAL_UNCERTAINTY_ASSIGNED_CONTEXT((#2464)) 
GLOBAL_UNIT_ASSIGNED_CONTEXT((#2461,#2462,#2463)) REPRESENTATION_CONTEXT
('Context #1','3D Context with UNIT and UNCERTAINTY') );
#2461 = ( LENGTH_UNIT() NAMED_UNIT(*) SI_UNIT(.MILLI.,.METRE.) );
#2462 = ( NAMED_UNIT(*) PLANE_ANGLE_UNIT() SI_UNIT($,.RADIAN.) );
#2463 = ( NAMED_UNIT(*) SI_UNIT($,.STERADIAN.) SOLID_ANGLE_UNIT() );
#2464 = UNCERTAINTY_MEASURE_WITH_UNIT(LENGTH_MEASURE(1.E-06),#2461,
  'distance_accuracy_value','confusion accuracy');
#2465 = PRODUCT_RELATED_PRODUCT_CATEGORY('detail',$,(#7));
#2466 = PRODUCT_CATEGORY_RELATIONSHIP('','',#2467,#2465);
#2467 = PRODUCT_CATEGORY('part',$);
#2468 = CC_DESIGN_PERSON_AND_ORGANIZATION_ASSIGNMENT(#2469,#2472,(#6,#5)
  );
#2469 = PERSON_AND_ORGANIZATION(#2470,#2471);
#2470 = PERSON('IP169.254.190,karol','','karol',$,$,$);
#2471 = ORGANIZATION('IP169.254.190','Unspecified','');
#2472 = PERSON_AND_ORGANIZATION_ROLE('creator');
#2473 = CC_DESIGN_PERSON_AND_ORGANIZATION_ASSIGNMENT(#2469,#2474,(#7));
#2474 = PERSON_AND_ORGANIZATION_ROLE('design_owner');
#2475 = CC_DESIGN_PERSON_AND_ORGANIZATION_ASSIGNMENT(#2469,#2476,(#6));
#2476 = PERSON_AND_ORGANIZATION_ROLE('design_supplier');
#2477 = CC_DESIGN_PERSON_AND_ORGANIZATION_ASSIGNMENT(#2469,#2478,(#2479)
  );
#2478 = PERSON_AND_ORGANIZATION_ROLE('classification_officer');
#2479 = SECURITY_CLASSIFICATION('','',#2480);
#2480 = SECURITY_CLASSIFICATION_LEVEL('unclassified');
#2481 = CC_DESIGN_SECURITY_CLASSIFICATION(#2479,(#6));
#2482 = CC_DESIGN_DATE_AND_TIME_ASSIGNMENT(#2483,#2487,(#5));
#2483 = DATE_AND_TIME(#2484,#2485);
#2484 = CALENDAR_DATE(2026,15,5);
#2485 = LOCAL_TIME(20,51,$,#2486);
#2486 = COORDINATED_UNIVERSAL_TIME_OFFSET(1,$,.AHEAD.);
#2487 = DATE_TIME_ROLE('creation_date');
#2488 = CC_DESIGN_DATE_AND_TIME_ASSIGNMENT(#2483,#2489,(#2479));
#2489 = DATE_TIME_ROLE('classification_date');
#2490 = CC_DESIGN_APPROVAL(#2491,(#6,#5,#2479));
#2491 = APPROVAL(#2492,'');
#2492 = APPROVAL_STATUS('not_yet_approved');
#2493 = APPROVAL_PERSON_ORGANIZATION(#2469,#2491,#2494);
#2494 = APPROVAL_ROLE('approver');
#2495 = APPROVAL_DATE_TIME(#2483,#2491);
#2496 = MECHANICAL_DESIGN_GEOMETRIC_PRESENTATION_REPRESENTATION('',(
    #2497),#2460);
#2497 = STYLED_ITEM('color',(#2498),#15);
#2498 = PRESENTATION_STYLE_ASSIGNMENT((#2499,#2505));
#2499 = SURFACE_STYLE_USAGE(.BOTH.,#2500);
#2500 = SURFACE_SIDE_STYLE('',(#2501));
#2501 = SURFACE_STYLE_FILL_AREA(#2502);
#2502 = FILL_AREA_STYLE('',(#2503));
#2503 = FILL_AREA_STYLE_COLOUR('',#2504);
#2504 = COLOUR_RGB('',0.447058818107,0.474509808674,0.501960817233);
#2505 = CURVE_STYLE('',#2506,POSITIVE_LENGTH_MEASURE(0.1),#2507);
#2506 = DRAUGHTING_PRE_DEFINED_CURVE_FONT('continuous');
#2507 = COLOUR_RGB('',9.803921802644E-02,9.803921802644E-02,
  9.803921802644E-02);
ENDSEC;
END-ISO-10303-21;
