ISO-10303-21;
HEADER;
FILE_DESCRIPTION(('FreeCAD Model'),'2;1');
FILE_NAME('Open CASCADE Shape Model','2026-05-24T11:00:05',(''),(''),
  'Open CASCADE STEP processor 7.8','FreeCAD','Unknown');
FILE_SCHEMA(('CONFIG_CONTROL_DESIGN','SHAPE_APPEARANCE_LAYER_MIM'));
ENDSEC;
DATA;
#1 = APPLICATION_PROTOCOL_DEFINITION('international standard',
  'config_control_design',1994,#2);
#2 = APPLICATION_CONTEXT(
'configuration controlled 3D designs of mechanical parts and assemblies'
  );
#3 = SHAPE_DEFINITION_REPRESENTATION(#4,#10);
#4 = PRODUCT_DEFINITION_SHAPE('','',#5);
#5 = PRODUCT_DEFINITION('design','',#6,#9);
#6 = PRODUCT_DEFINITION_FORMATION_WITH_SPECIFIED_SOURCE('','',#7,
  .NOT_KNOWN.);
#7 = PRODUCT('Zawartość','Zawartość','',(#8));
#8 = MECHANICAL_CONTEXT('',#2,'mechanical');
#9 = DESIGN_CONTEXT('',#2,'design');
#10 = ADVANCED_BREP_SHAPE_REPRESENTATION('',(#11,#15),#2755);
#11 = AXIS2_PLACEMENT_3D('',#12,#13,#14);
#12 = CARTESIAN_POINT('',(0.,0.,0.));
#13 = DIRECTION('',(0.,0.,1.));
#14 = DIRECTION('',(1.,0.,-0.));
#15 = MANIFOLD_SOLID_BREP('',#16);
#16 = CLOSED_SHELL('',(#17,#493,#524,#549,#574,#712,#850,#875,#900,#917,
    #948,#972,#996,#1020,#1044,#1061,#1092,#1116,#1140,#1164,#1188,#1205
    ,#1236,#1260,#1284,#1308,#1332,#1349,#1380,#1404,#1428,#1452,#1476,
    #1493,#1524,#1548,#1572,#1596,#1620,#1637,#1668,#1692,#1716,#1740,
    #1764,#1781,#1812,#1836,#1860,#1884,#1908,#1925,#1956,#1980,#2004,
    #2028,#2052,#2069,#2111,#2153,#2171,#2189,#2207,#2246,#2264,#2281,
    #2299,#2316,#2334,#2351,#2390,#2407,#2419,#2444,#2469,#2494,#2519,
    #2544,#2569,#2594,#2619,#2636,#2653,#2670,#2687,#2704,#2721,#2738));
#17 = ADVANCED_FACE('',(#18,#88,#138,#188,#238,#288,#338,#388,#438),#488
  ,.F.);
#18 = FACE_BOUND('',#19,.F.);
#19 = EDGE_LOOP('',(#20,#30,#39,#47,#56,#64,#73,#81));
#20 = ORIENTED_EDGE('',*,*,#21,.T.);
#21 = EDGE_CURVE('',#22,#24,#26,.T.);
#22 = VERTEX_POINT('',#23);
#23 = CARTESIAN_POINT('',(-37.5,12.5,-3.));
#24 = VERTEX_POINT('',#25);
#25 = CARTESIAN_POINT('',(-37.5,-12.5,-3.));
#26 = LINE('',#27,#28);
#27 = CARTESIAN_POINT('',(-37.5,17.5,-3.));
#28 = VECTOR('',#29,1.);
#29 = DIRECTION('',(0.,-1.,0.));
#30 = ORIENTED_EDGE('',*,*,#31,.T.);
#31 = EDGE_CURVE('',#24,#32,#34,.T.);
#32 = VERTEX_POINT('',#33);
#33 = CARTESIAN_POINT('',(-32.5,-17.5,-3.));
#34 = CIRCLE('',#35,5.);
#35 = AXIS2_PLACEMENT_3D('',#36,#37,#38);
#36 = CARTESIAN_POINT('',(-32.5,-12.5,-3.));
#37 = DIRECTION('',(0.,-0.,1.));
#38 = DIRECTION('',(0.,1.,0.));
#39 = ORIENTED_EDGE('',*,*,#40,.T.);
#40 = EDGE_CURVE('',#32,#41,#43,.T.);
#41 = VERTEX_POINT('',#42);
#42 = CARTESIAN_POINT('',(30.,-17.5,-3.));
#43 = LINE('',#44,#45);
#44 = CARTESIAN_POINT('',(-37.5,-17.5,-3.));
#45 = VECTOR('',#46,1.);
#46 = DIRECTION('',(1.,0.,0.));
#47 = ORIENTED_EDGE('',*,*,#48,.T.);
#48 = EDGE_CURVE('',#41,#49,#51,.T.);
#49 = VERTEX_POINT('',#50);
#50 = CARTESIAN_POINT('',(35.,-12.5,-3.));
#51 = CIRCLE('',#52,5.);
#52 = AXIS2_PLACEMENT_3D('',#53,#54,#55);
#53 = CARTESIAN_POINT('',(30.,-12.5,-3.));
#54 = DIRECTION('',(0.,-0.,1.));
#55 = DIRECTION('',(0.,1.,0.));
#56 = ORIENTED_EDGE('',*,*,#57,.T.);
#57 = EDGE_CURVE('',#49,#58,#60,.T.);
#58 = VERTEX_POINT('',#59);
#59 = CARTESIAN_POINT('',(35.,12.5,-3.));
#60 = LINE('',#61,#62);
#61 = CARTESIAN_POINT('',(35.,-17.5,-3.));
#62 = VECTOR('',#63,1.);
#63 = DIRECTION('',(0.,1.,0.));
#64 = ORIENTED_EDGE('',*,*,#65,.F.);
#65 = EDGE_CURVE('',#66,#58,#68,.T.);
#66 = VERTEX_POINT('',#67);
#67 = CARTESIAN_POINT('',(30.,17.5,-3.));
#68 = CIRCLE('',#69,5.);
#69 = AXIS2_PLACEMENT_3D('',#70,#71,#72);
#70 = CARTESIAN_POINT('',(30.,12.5,-3.));
#71 = DIRECTION('',(-0.,-0.,-1.));
#72 = DIRECTION('',(0.,-1.,0.));
#73 = ORIENTED_EDGE('',*,*,#74,.T.);
#74 = EDGE_CURVE('',#66,#75,#77,.T.);
#75 = VERTEX_POINT('',#76);
#76 = CARTESIAN_POINT('',(-32.5,17.5,-3.));
#77 = LINE('',#78,#79);
#78 = CARTESIAN_POINT('',(35.,17.5,-3.));
#79 = VECTOR('',#80,1.);
#80 = DIRECTION('',(-1.,0.,0.));
#81 = ORIENTED_EDGE('',*,*,#82,.F.);
#82 = EDGE_CURVE('',#22,#75,#83,.T.);
#83 = CIRCLE('',#84,5.);
#84 = AXIS2_PLACEMENT_3D('',#85,#86,#87);
#85 = CARTESIAN_POINT('',(-32.5,12.5,-3.));
#86 = DIRECTION('',(-0.,-0.,-1.));
#87 = DIRECTION('',(0.,-1.,0.));
#88 = FACE_BOUND('',#89,.F.);
#89 = EDGE_LOOP('',(#90,#100,#108,#116,#124,#132));
#90 = ORIENTED_EDGE('',*,*,#91,.T.);
#91 = EDGE_CURVE('',#92,#94,#96,.T.);
#92 = VERTEX_POINT('',#93);
#93 = CARTESIAN_POINT('',(-32.5,-5.8,-3.));
#94 = VERTEX_POINT('',#95);
#95 = CARTESIAN_POINT('',(-29.72871870789,-7.4,-3.));
#96 = LINE('',#97,#98);
#97 = CARTESIAN_POINT('',(-32.5,-5.8,-3.));
#98 = VECTOR('',#99,1.);
#99 = DIRECTION('',(0.866025403784,-0.5,0.));
#100 = ORIENTED_EDGE('',*,*,#101,.T.);
#101 = EDGE_CURVE('',#94,#102,#104,.T.);
#102 = VERTEX_POINT('',#103);
#103 = CARTESIAN_POINT('',(-29.72871870789,-10.6,-3.));
#104 = LINE('',#105,#106);
#105 = CARTESIAN_POINT('',(-29.72871870789,-7.4,-3.));
#106 = VECTOR('',#107,1.);
#107 = DIRECTION('',(0.,-1.,0.));
#108 = ORIENTED_EDGE('',*,*,#109,.T.);
#109 = EDGE_CURVE('',#102,#110,#112,.T.);
#110 = VERTEX_POINT('',#111);
#111 = CARTESIAN_POINT('',(-32.5,-12.2,-3.));
#112 = LINE('',#113,#114);
#113 = CARTESIAN_POINT('',(-29.72871870789,-10.6,-3.));
#114 = VECTOR('',#115,1.);
#115 = DIRECTION('',(-0.866025403784,-0.5,0.));
#116 = ORIENTED_EDGE('',*,*,#117,.T.);
#117 = EDGE_CURVE('',#110,#118,#120,.T.);
#118 = VERTEX_POINT('',#119);
#119 = CARTESIAN_POINT('',(-35.27128129211,-10.6,-3.));
#120 = LINE('',#121,#122);
#121 = CARTESIAN_POINT('',(-32.5,-12.2,-3.));
#122 = VECTOR('',#123,1.);
#123 = DIRECTION('',(-0.866025403784,0.5,-0.));
#124 = ORIENTED_EDGE('',*,*,#125,.T.);
#125 = EDGE_CURVE('',#118,#126,#128,.T.);
#126 = VERTEX_POINT('',#127);
#127 = CARTESIAN_POINT('',(-35.27128129211,-7.4,-3.));
#128 = LINE('',#129,#130);
#129 = CARTESIAN_POINT('',(-35.27128129211,-10.6,-3.));
#130 = VECTOR('',#131,1.);
#131 = DIRECTION('',(0.,1.,0.));
#132 = ORIENTED_EDGE('',*,*,#133,.T.);
#133 = EDGE_CURVE('',#126,#92,#134,.T.);
#134 = LINE('',#135,#136);
#135 = CARTESIAN_POINT('',(-35.27128129211,-7.4,-3.));
#136 = VECTOR('',#137,1.);
#137 = DIRECTION('',(0.866025403784,0.5,0.));
#138 = FACE_BOUND('',#139,.F.);
#139 = EDGE_LOOP('',(#140,#150,#158,#166,#174,#182));
#140 = ORIENTED_EDGE('',*,*,#141,.T.);
#141 = EDGE_CURVE('',#142,#144,#146,.T.);
#142 = VERTEX_POINT('',#143);
#143 = CARTESIAN_POINT('',(-19.4,-6.22871870789,-3.));
#144 = VERTEX_POINT('',#145);
#145 = CARTESIAN_POINT('',(-17.8,-9.,-3.));
#146 = LINE('',#147,#148);
#147 = CARTESIAN_POINT('',(-19.4,-6.22871870789,-3.));
#148 = VECTOR('',#149,1.);
#149 = DIRECTION('',(0.5,-0.866025403784,0.));
#150 = ORIENTED_EDGE('',*,*,#151,.T.);
#151 = EDGE_CURVE('',#144,#152,#154,.T.);
#152 = VERTEX_POINT('',#153);
#153 = CARTESIAN_POINT('',(-19.4,-11.77128129211,-3.));
#154 = LINE('',#155,#156);
#155 = CARTESIAN_POINT('',(-17.8,-9.,-3.));
#156 = VECTOR('',#157,1.);
#157 = DIRECTION('',(-0.5,-0.866025403784,0.));
#158 = ORIENTED_EDGE('',*,*,#159,.T.);
#159 = EDGE_CURVE('',#152,#160,#162,.T.);
#160 = VERTEX_POINT('',#161);
#161 = CARTESIAN_POINT('',(-22.6,-11.77128129211,-3.));
#162 = LINE('',#163,#164);
#163 = CARTESIAN_POINT('',(-19.4,-11.77128129211,-3.));
#164 = VECTOR('',#165,1.);
#165 = DIRECTION('',(-1.,0.,0.));
#166 = ORIENTED_EDGE('',*,*,#167,.T.);
#167 = EDGE_CURVE('',#160,#168,#170,.T.);
#168 = VERTEX_POINT('',#169);
#169 = CARTESIAN_POINT('',(-24.2,-9.,-3.));
#170 = LINE('',#171,#172);
#171 = CARTESIAN_POINT('',(-22.6,-11.77128129211,-3.));
#172 = VECTOR('',#173,1.);
#173 = DIRECTION('',(-0.5,0.866025403784,-0.));
#174 = ORIENTED_EDGE('',*,*,#175,.T.);
#175 = EDGE_CURVE('',#168,#176,#178,.T.);
#176 = VERTEX_POINT('',#177);
#177 = CARTESIAN_POINT('',(-22.6,-6.22871870789,-3.));
#178 = LINE('',#179,#180);
#179 = CARTESIAN_POINT('',(-24.2,-9.,-3.));
#180 = VECTOR('',#181,1.);
#181 = DIRECTION('',(0.5,0.866025403784,0.));
#182 = ORIENTED_EDGE('',*,*,#183,.T.);
#183 = EDGE_CURVE('',#176,#142,#184,.T.);
#184 = LINE('',#185,#186);
#185 = CARTESIAN_POINT('',(-22.6,-6.22871870789,-3.));
#186 = VECTOR('',#187,1.);
#187 = DIRECTION('',(1.,0.,0.));
#188 = FACE_BOUND('',#189,.F.);
#189 = EDGE_LOOP('',(#190,#200,#208,#216,#224,#232));
#190 = ORIENTED_EDGE('',*,*,#191,.F.);
#191 = EDGE_CURVE('',#192,#194,#196,.T.);
#192 = VERTEX_POINT('',#193);
#193 = CARTESIAN_POINT('',(15.3,-9.00000000001,-3.));
#194 = VERTEX_POINT('',#195);
#195 = CARTESIAN_POINT('',(16.90000000001,-11.77128129211,-3.));
#196 = LINE('',#197,#198);
#197 = CARTESIAN_POINT('',(15.3,-9.00000000001,-3.));
#198 = VECTOR('',#199,1.);
#199 = DIRECTION('',(0.500000000003,-0.866025403783,0.));
#200 = ORIENTED_EDGE('',*,*,#201,.F.);
#201 = EDGE_CURVE('',#202,#192,#204,.T.);
#202 = VERTEX_POINT('',#203);
#203 = CARTESIAN_POINT('',(16.900000000015,-6.228718707881,-3.));
#204 = LINE('',#205,#206);
#205 = CARTESIAN_POINT('',(16.900000000015,-6.228718707881,-3.));
#206 = VECTOR('',#207,1.);
#207 = DIRECTION('',(-0.500000000001,-0.866025403784,0.));
#208 = ORIENTED_EDGE('',*,*,#209,.F.);
#209 = EDGE_CURVE('',#210,#202,#212,.T.);
#210 = VERTEX_POINT('',#211);
#211 = CARTESIAN_POINT('',(20.099999999994,-6.228718707881,-3.));
#212 = LINE('',#213,#214);
#213 = CARTESIAN_POINT('',(20.099999999994,-6.228718707881,-3.));
#214 = VECTOR('',#215,1.);
#215 = DIRECTION('',(-1.,0.,0.));
#216 = ORIENTED_EDGE('',*,*,#217,.F.);
#217 = EDGE_CURVE('',#218,#210,#220,.T.);
#218 = VERTEX_POINT('',#219);
#219 = CARTESIAN_POINT('',(21.7,-8.999999999993,-3.));
#220 = LINE('',#221,#222);
#221 = CARTESIAN_POINT('',(21.7,-8.999999999993,-3.));
#222 = VECTOR('',#223,1.);
#223 = DIRECTION('',(-0.500000000001,0.866025403784,-0.));
#224 = ORIENTED_EDGE('',*,*,#225,.F.);
#225 = EDGE_CURVE('',#226,#218,#228,.T.);
#226 = VERTEX_POINT('',#227);
#227 = CARTESIAN_POINT('',(20.099999999991,-11.77128129211,-3.));
#228 = LINE('',#229,#230);
#229 = CARTESIAN_POINT('',(20.099999999991,-11.77128129211,-3.));
#230 = VECTOR('',#231,1.);
#231 = DIRECTION('',(0.5,0.866025403784,0.));
#232 = ORIENTED_EDGE('',*,*,#233,.F.);
#233 = EDGE_CURVE('',#194,#226,#234,.T.);
#234 = LINE('',#235,#236);
#235 = CARTESIAN_POINT('',(16.90000000001,-11.77128129211,-3.));
#236 = VECTOR('',#237,1.);
#237 = DIRECTION('',(1.,2.237099394633E-13,0.));
#238 = FACE_BOUND('',#239,.F.);
#239 = EDGE_LOOP('',(#240,#250,#258,#266,#274,#282));
#240 = ORIENTED_EDGE('',*,*,#241,.F.);
#241 = EDGE_CURVE('',#242,#244,#246,.T.);
#242 = VERTEX_POINT('',#243);
#243 = CARTESIAN_POINT('',(27.228718707869,-7.399999999994,-3.));
#244 = VERTEX_POINT('',#245);
#245 = CARTESIAN_POINT('',(27.228718707869,-10.6,-3.));
#246 = LINE('',#247,#248);
#247 = CARTESIAN_POINT('',(27.228718707869,-7.399999999994,-3.));
#248 = VECTOR('',#249,1.);
#249 = DIRECTION('',(0.,-1.,0.));
#250 = ORIENTED_EDGE('',*,*,#251,.F.);
#251 = EDGE_CURVE('',#252,#242,#254,.T.);
#252 = VERTEX_POINT('',#253);
#253 = CARTESIAN_POINT('',(29.999999999997,-5.799999999999,-3.));
#254 = LINE('',#255,#256);
#255 = CARTESIAN_POINT('',(29.999999999997,-5.799999999999,-3.));
#256 = VECTOR('',#257,1.);
#257 = DIRECTION('',(-0.866025403787,-0.499999999996,0.));
#258 = ORIENTED_EDGE('',*,*,#259,.F.);
#259 = EDGE_CURVE('',#260,#252,#262,.T.);
#260 = VERTEX_POINT('',#261);
#261 = CARTESIAN_POINT('',(32.771281292129,-7.399999999994,-3.));
#262 = LINE('',#263,#264);
#263 = CARTESIAN_POINT('',(32.771281292129,-7.399999999994,-3.));
#264 = VECTOR('',#265,1.);
#265 = DIRECTION('',(-0.866025403787,0.499999999996,-0.));
#266 = ORIENTED_EDGE('',*,*,#267,.F.);
#267 = EDGE_CURVE('',#268,#260,#270,.T.);
#268 = VERTEX_POINT('',#269);
#269 = CARTESIAN_POINT('',(32.771281292129,-10.6,-3.));
#270 = LINE('',#271,#272);
#271 = CARTESIAN_POINT('',(32.771281292129,-10.6,-3.));
#272 = VECTOR('',#273,1.);
#273 = DIRECTION('',(0.,1.,0.));
#274 = ORIENTED_EDGE('',*,*,#275,.F.);
#275 = EDGE_CURVE('',#276,#268,#278,.T.);
#276 = VERTEX_POINT('',#277);
#277 = CARTESIAN_POINT('',(29.999999999997,-12.2,-3.));
#278 = LINE('',#279,#280);
#279 = CARTESIAN_POINT('',(29.999999999997,-12.2,-3.));
#280 = VECTOR('',#281,1.);
#281 = DIRECTION('',(0.866025403787,0.499999999996,0.));
#282 = ORIENTED_EDGE('',*,*,#283,.F.);
#283 = EDGE_CURVE('',#244,#276,#284,.T.);
#284 = LINE('',#285,#286);
#285 = CARTESIAN_POINT('',(27.228718707869,-10.6,-3.));
#286 = VECTOR('',#287,1.);
#287 = DIRECTION('',(0.866025403787,-0.499999999996,0.));
#288 = FACE_BOUND('',#289,.F.);
#289 = EDGE_LOOP('',(#290,#300,#308,#316,#324,#332));
#290 = ORIENTED_EDGE('',*,*,#291,.F.);
#291 = EDGE_CURVE('',#292,#294,#296,.T.);
#292 = VERTEX_POINT('',#293);
#293 = CARTESIAN_POINT('',(-29.72871870789,7.4,-3.));
#294 = VERTEX_POINT('',#295);
#295 = CARTESIAN_POINT('',(-29.72871870789,10.6,-3.));
#296 = LINE('',#297,#298);
#297 = CARTESIAN_POINT('',(-29.72871870789,7.4,-3.));
#298 = VECTOR('',#299,1.);
#299 = DIRECTION('',(0.,1.,0.));
#300 = ORIENTED_EDGE('',*,*,#301,.F.);
#301 = EDGE_CURVE('',#302,#292,#304,.T.);
#302 = VERTEX_POINT('',#303);
#303 = CARTESIAN_POINT('',(-32.5,5.8,-3.));
#304 = LINE('',#305,#306);
#305 = CARTESIAN_POINT('',(-32.5,5.8,-3.));
#306 = VECTOR('',#307,1.);
#307 = DIRECTION('',(0.866025403784,0.5,0.));
#308 = ORIENTED_EDGE('',*,*,#309,.F.);
#309 = EDGE_CURVE('',#310,#302,#312,.T.);
#310 = VERTEX_POINT('',#311);
#311 = CARTESIAN_POINT('',(-35.27128129211,7.4,-3.));
#312 = LINE('',#313,#314);
#313 = CARTESIAN_POINT('',(-35.27128129211,7.4,-3.));
#314 = VECTOR('',#315,1.);
#315 = DIRECTION('',(0.866025403784,-0.5,0.));
#316 = ORIENTED_EDGE('',*,*,#317,.F.);
#317 = EDGE_CURVE('',#318,#310,#320,.T.);
#318 = VERTEX_POINT('',#319);
#319 = CARTESIAN_POINT('',(-35.27128129211,10.6,-3.));
#320 = LINE('',#321,#322);
#321 = CARTESIAN_POINT('',(-35.27128129211,10.6,-3.));
#322 = VECTOR('',#323,1.);
#323 = DIRECTION('',(0.,-1.,0.));
#324 = ORIENTED_EDGE('',*,*,#325,.F.);
#325 = EDGE_CURVE('',#326,#318,#328,.T.);
#326 = VERTEX_POINT('',#327);
#327 = CARTESIAN_POINT('',(-32.5,12.2,-3.));
#328 = LINE('',#329,#330);
#329 = CARTESIAN_POINT('',(-32.5,12.2,-3.));
#330 = VECTOR('',#331,1.);
#331 = DIRECTION('',(-0.866025403784,-0.5,0.));
#332 = ORIENTED_EDGE('',*,*,#333,.F.);
#333 = EDGE_CURVE('',#294,#326,#334,.T.);
#334 = LINE('',#335,#336);
#335 = CARTESIAN_POINT('',(-29.72871870789,10.6,-3.));
#336 = VECTOR('',#337,1.);
#337 = DIRECTION('',(-0.866025403784,0.5,-0.));
#338 = FACE_BOUND('',#339,.F.);
#339 = EDGE_LOOP('',(#340,#350,#358,#366,#374,#382));
#340 = ORIENTED_EDGE('',*,*,#341,.F.);
#341 = EDGE_CURVE('',#342,#344,#346,.T.);
#342 = VERTEX_POINT('',#343);
#343 = CARTESIAN_POINT('',(-17.8,9.,-3.));
#344 = VERTEX_POINT('',#345);
#345 = CARTESIAN_POINT('',(-19.4,11.77128129211,-3.));
#346 = LINE('',#347,#348);
#347 = CARTESIAN_POINT('',(-17.8,9.,-3.));
#348 = VECTOR('',#349,1.);
#349 = DIRECTION('',(-0.5,0.866025403784,-0.));
#350 = ORIENTED_EDGE('',*,*,#351,.F.);
#351 = EDGE_CURVE('',#352,#342,#354,.T.);
#352 = VERTEX_POINT('',#353);
#353 = CARTESIAN_POINT('',(-19.4,6.22871870789,-3.));
#354 = LINE('',#355,#356);
#355 = CARTESIAN_POINT('',(-19.4,6.22871870789,-3.));
#356 = VECTOR('',#357,1.);
#357 = DIRECTION('',(0.5,0.866025403784,0.));
#358 = ORIENTED_EDGE('',*,*,#359,.F.);
#359 = EDGE_CURVE('',#360,#352,#362,.T.);
#360 = VERTEX_POINT('',#361);
#361 = CARTESIAN_POINT('',(-22.6,6.22871870789,-3.));
#362 = LINE('',#363,#364);
#363 = CARTESIAN_POINT('',(-22.6,6.22871870789,-3.));
#364 = VECTOR('',#365,1.);
#365 = DIRECTION('',(1.,0.,0.));
#366 = ORIENTED_EDGE('',*,*,#367,.F.);
#367 = EDGE_CURVE('',#368,#360,#370,.T.);
#368 = VERTEX_POINT('',#369);
#369 = CARTESIAN_POINT('',(-24.2,9.,-3.));
#370 = LINE('',#371,#372);
#371 = CARTESIAN_POINT('',(-24.2,9.,-3.));
#372 = VECTOR('',#373,1.);
#373 = DIRECTION('',(0.5,-0.866025403784,0.));
#374 = ORIENTED_EDGE('',*,*,#375,.F.);
#375 = EDGE_CURVE('',#376,#368,#378,.T.);
#376 = VERTEX_POINT('',#377);
#377 = CARTESIAN_POINT('',(-22.6,11.77128129211,-3.));
#378 = LINE('',#379,#380);
#379 = CARTESIAN_POINT('',(-22.6,11.77128129211,-3.));
#380 = VECTOR('',#381,1.);
#381 = DIRECTION('',(-0.5,-0.866025403784,0.));
#382 = ORIENTED_EDGE('',*,*,#383,.F.);
#383 = EDGE_CURVE('',#344,#376,#384,.T.);
#384 = LINE('',#385,#386);
#385 = CARTESIAN_POINT('',(-19.4,11.77128129211,-3.));
#386 = VECTOR('',#387,1.);
#387 = DIRECTION('',(-1.,0.,0.));
#388 = FACE_BOUND('',#389,.F.);
#389 = EDGE_LOOP('',(#390,#400,#408,#416,#424,#432));
#390 = ORIENTED_EDGE('',*,*,#391,.T.);
#391 = EDGE_CURVE('',#392,#394,#396,.T.);
#392 = VERTEX_POINT('',#393);
#393 = CARTESIAN_POINT('',(16.899999999952,6.228718707871,-3.));
#394 = VERTEX_POINT('',#395);
#395 = CARTESIAN_POINT('',(15.299999999944,9.000000000001,-3.));
#396 = LINE('',#397,#398);
#397 = CARTESIAN_POINT('',(16.899999999952,6.228718707871,-3.));
#398 = VECTOR('',#399,1.);
#399 = DIRECTION('',(-0.499999999999,0.866025403785,-0.));
#400 = ORIENTED_EDGE('',*,*,#401,.T.);
#401 = EDGE_CURVE('',#394,#402,#404,.T.);
#402 = VERTEX_POINT('',#403);
#403 = CARTESIAN_POINT('',(16.899999999994,11.771281292142,-3.));
#404 = LINE('',#405,#406);
#405 = CARTESIAN_POINT('',(15.299999999944,9.000000000001,-3.));
#406 = VECTOR('',#407,1.);
#407 = DIRECTION('',(0.500000000008,0.86602540378,0.));
#408 = ORIENTED_EDGE('',*,*,#409,.T.);
#409 = EDGE_CURVE('',#402,#410,#412,.T.);
#410 = VERTEX_POINT('',#411);
#411 = CARTESIAN_POINT('',(20.100000000025,11.771281292097,-3.));
#412 = LINE('',#413,#414);
#413 = CARTESIAN_POINT('',(16.899999999994,11.771281292142,-3.));
#414 = VECTOR('',#415,1.);
#415 = DIRECTION('',(1.,-1.396771587268E-11,0.));
#416 = ORIENTED_EDGE('',*,*,#417,.T.);
#417 = EDGE_CURVE('',#410,#418,#420,.T.);
#418 = VERTEX_POINT('',#419);
#419 = CARTESIAN_POINT('',(21.700000000044,8.999999999968,-3.));
#420 = LINE('',#421,#422);
#421 = CARTESIAN_POINT('',(20.100000000025,11.771281292097,-3.));
#422 = VECTOR('',#423,1.);
#423 = DIRECTION('',(0.500000000002,-0.866025403783,0.));
#424 = ORIENTED_EDGE('',*,*,#425,.T.);
#425 = EDGE_CURVE('',#418,#426,#428,.T.);
#426 = VERTEX_POINT('',#427);
#427 = CARTESIAN_POINT('',(20.099999999972,6.228718707871,-3.));
#428 = LINE('',#429,#430);
#429 = CARTESIAN_POINT('',(21.700000000044,8.999999999968,-3.));
#430 = VECTOR('',#431,1.);
#431 = DIRECTION('',(-0.500000000018,-0.866025403774,0.));
#432 = ORIENTED_EDGE('',*,*,#433,.T.);
#433 = EDGE_CURVE('',#426,#392,#434,.T.);
#434 = LINE('',#435,#436);
#435 = CARTESIAN_POINT('',(20.099999999972,6.228718707871,-3.));
#436 = VECTOR('',#437,1.);
#437 = DIRECTION('',(-1.,0.,0.));
#438 = FACE_BOUND('',#439,.F.);
#439 = EDGE_LOOP('',(#440,#450,#458,#466,#474,#482));
#440 = ORIENTED_EDGE('',*,*,#441,.T.);
#441 = EDGE_CURVE('',#442,#444,#446,.T.);
#442 = VERTEX_POINT('',#443);
#443 = CARTESIAN_POINT('',(29.999999999997,5.799999999999,-3.));
#444 = VERTEX_POINT('',#445);
#445 = CARTESIAN_POINT('',(27.228718707869,7.399999999994,-3.));
#446 = LINE('',#447,#448);
#447 = CARTESIAN_POINT('',(29.999999999997,5.799999999999,-3.));
#448 = VECTOR('',#449,1.);
#449 = DIRECTION('',(-0.866025403787,0.499999999996,-0.));
#450 = ORIENTED_EDGE('',*,*,#451,.T.);
#451 = EDGE_CURVE('',#444,#452,#454,.T.);
#452 = VERTEX_POINT('',#453);
#453 = CARTESIAN_POINT('',(27.228718707869,10.600000000006,-3.));
#454 = LINE('',#455,#456);
#455 = CARTESIAN_POINT('',(27.228718707869,7.399999999994,-3.));
#456 = VECTOR('',#457,1.);
#457 = DIRECTION('',(0.,1.,0.));
#458 = ORIENTED_EDGE('',*,*,#459,.T.);
#459 = EDGE_CURVE('',#452,#460,#462,.T.);
#460 = VERTEX_POINT('',#461);
#461 = CARTESIAN_POINT('',(29.999999999997,12.200000000001,-3.));
#462 = LINE('',#463,#464);
#463 = CARTESIAN_POINT('',(27.228718707869,10.600000000006,-3.));
#464 = VECTOR('',#465,1.);
#465 = DIRECTION('',(0.866025403787,0.499999999996,0.));
#466 = ORIENTED_EDGE('',*,*,#467,.T.);
#467 = EDGE_CURVE('',#460,#468,#470,.T.);
#468 = VERTEX_POINT('',#469);
#469 = CARTESIAN_POINT('',(32.771281292129,10.600000000006,-3.));
#470 = LINE('',#471,#472);
#471 = CARTESIAN_POINT('',(29.999999999997,12.200000000001,-3.));
#472 = VECTOR('',#473,1.);
#473 = DIRECTION('',(0.866025403787,-0.499999999996,0.));
#474 = ORIENTED_EDGE('',*,*,#475,.T.);
#475 = EDGE_CURVE('',#468,#476,#478,.T.);
#476 = VERTEX_POINT('',#477);
#477 = CARTESIAN_POINT('',(32.771281292129,7.399999999994,-3.));
#478 = LINE('',#479,#480);
#479 = CARTESIAN_POINT('',(32.771281292129,10.600000000006,-3.));
#480 = VECTOR('',#481,1.);
#481 = DIRECTION('',(0.,-1.,0.));
#482 = ORIENTED_EDGE('',*,*,#483,.T.);
#483 = EDGE_CURVE('',#476,#442,#484,.T.);
#484 = LINE('',#485,#486);
#485 = CARTESIAN_POINT('',(32.771281292129,7.399999999994,-3.));
#486 = VECTOR('',#487,1.);
#487 = DIRECTION('',(-0.866025403787,-0.499999999996,0.));
#488 = PLANE('',#489);
#489 = AXIS2_PLACEMENT_3D('',#490,#491,#492);
#490 = CARTESIAN_POINT('',(-1.25,0.,-3.));
#491 = DIRECTION('',(0.,0.,1.));
#492 = DIRECTION('',(1.,0.,0.));
#493 = ADVANCED_FACE('',(#494),#519,.T.);
#494 = FACE_BOUND('',#495,.T.);
#495 = EDGE_LOOP('',(#496,#497,#505,#513));
#496 = ORIENTED_EDGE('',*,*,#21,.T.);
#497 = ORIENTED_EDGE('',*,*,#498,.F.);
#498 = EDGE_CURVE('',#499,#24,#501,.T.);
#499 = VERTEX_POINT('',#500);
#500 = CARTESIAN_POINT('',(-37.5,-12.5,15.));
#501 = LINE('',#502,#503);
#502 = CARTESIAN_POINT('',(-37.5,-12.5,15.));
#503 = VECTOR('',#504,1.);
#504 = DIRECTION('',(-0.,-0.,-1.));
#505 = ORIENTED_EDGE('',*,*,#506,.F.);
#506 = EDGE_CURVE('',#507,#499,#509,.T.);
#507 = VERTEX_POINT('',#508);
#508 = CARTESIAN_POINT('',(-37.5,12.5,15.));
#509 = LINE('',#510,#511);
#510 = CARTESIAN_POINT('',(-37.5,17.5,15.));
#511 = VECTOR('',#512,1.);
#512 = DIRECTION('',(0.,-1.,0.));
#513 = ORIENTED_EDGE('',*,*,#514,.F.);
#514 = EDGE_CURVE('',#22,#507,#515,.T.);
#515 = LINE('',#516,#517);
#516 = CARTESIAN_POINT('',(-37.5,12.5,-3.));
#517 = VECTOR('',#518,1.);
#518 = DIRECTION('',(0.,0.,1.));
#519 = PLANE('',#520);
#520 = AXIS2_PLACEMENT_3D('',#521,#522,#523);
#521 = CARTESIAN_POINT('',(-37.5,0.,6.));
#522 = DIRECTION('',(-1.,-0.,-0.));
#523 = DIRECTION('',(0.,0.,-1.));
#524 = ADVANCED_FACE('',(#525),#544,.T.);
#525 = FACE_BOUND('',#526,.F.);
#526 = EDGE_LOOP('',(#527,#528,#536,#543));
#527 = ORIENTED_EDGE('',*,*,#82,.T.);
#528 = ORIENTED_EDGE('',*,*,#529,.T.);
#529 = EDGE_CURVE('',#75,#530,#532,.T.);
#530 = VERTEX_POINT('',#531);
#531 = CARTESIAN_POINT('',(-32.5,17.5,15.));
#532 = LINE('',#533,#534);
#533 = CARTESIAN_POINT('',(-32.5,17.5,-3.));
#534 = VECTOR('',#535,1.);
#535 = DIRECTION('',(0.,0.,1.));
#536 = ORIENTED_EDGE('',*,*,#537,.F.);
#537 = EDGE_CURVE('',#507,#530,#538,.T.);
#538 = CIRCLE('',#539,5.);
#539 = AXIS2_PLACEMENT_3D('',#540,#541,#542);
#540 = CARTESIAN_POINT('',(-32.5,12.5,15.));
#541 = DIRECTION('',(-0.,-0.,-1.));
#542 = DIRECTION('',(0.,-1.,0.));
#543 = ORIENTED_EDGE('',*,*,#514,.F.);
#544 = CYLINDRICAL_SURFACE('',#545,5.);
#545 = AXIS2_PLACEMENT_3D('',#546,#547,#548);
#546 = CARTESIAN_POINT('',(-32.5,12.5,-3.));
#547 = DIRECTION('',(0.,0.,1.));
#548 = DIRECTION('',(-1.,0.,0.));
#549 = ADVANCED_FACE('',(#550),#569,.T.);
#550 = FACE_BOUND('',#551,.F.);
#551 = EDGE_LOOP('',(#552,#561,#567,#568));
#552 = ORIENTED_EDGE('',*,*,#553,.T.);
#553 = EDGE_CURVE('',#499,#554,#556,.T.);
#554 = VERTEX_POINT('',#555);
#555 = CARTESIAN_POINT('',(-32.5,-17.5,15.));
#556 = CIRCLE('',#557,5.);
#557 = AXIS2_PLACEMENT_3D('',#558,#559,#560);
#558 = CARTESIAN_POINT('',(-32.5,-12.5,15.));
#559 = DIRECTION('',(0.,-0.,1.));
#560 = DIRECTION('',(0.,1.,0.));
#561 = ORIENTED_EDGE('',*,*,#562,.T.);
#562 = EDGE_CURVE('',#554,#32,#563,.T.);
#563 = LINE('',#564,#565);
#564 = CARTESIAN_POINT('',(-32.5,-17.5,15.));
#565 = VECTOR('',#566,1.);
#566 = DIRECTION('',(-0.,-0.,-1.));
#567 = ORIENTED_EDGE('',*,*,#31,.F.);
#568 = ORIENTED_EDGE('',*,*,#498,.F.);
#569 = CYLINDRICAL_SURFACE('',#570,5.);
#570 = AXIS2_PLACEMENT_3D('',#571,#572,#573);
#571 = CARTESIAN_POINT('',(-32.5,-12.5,15.));
#572 = DIRECTION('',(-0.,-0.,-1.));
#573 = DIRECTION('',(-1.,0.,0.));
#574 = ADVANCED_FACE('',(#575),#707,.T.);
#575 = FACE_BOUND('',#576,.T.);
#576 = EDGE_LOOP('',(#577,#587,#593,#594,#595,#603,#611,#619,#627,#635,
    #643,#652,#660,#669,#677,#685,#693,#701));
#577 = ORIENTED_EDGE('',*,*,#578,.T.);
#578 = EDGE_CURVE('',#579,#581,#583,.T.);
#579 = VERTEX_POINT('',#580);
#580 = CARTESIAN_POINT('',(25.613252156415,17.5,15.));
#581 = VERTEX_POINT('',#582);
#582 = CARTESIAN_POINT('',(30.,17.5,15.));
#583 = LINE('',#584,#585);
#584 = CARTESIAN_POINT('',(15.,17.5,15.));
#585 = VECTOR('',#586,1.);
#586 = DIRECTION('',(1.,0.,0.));
#587 = ORIENTED_EDGE('',*,*,#588,.F.);
#588 = EDGE_CURVE('',#66,#581,#589,.T.);
#589 = LINE('',#590,#591);
#590 = CARTESIAN_POINT('',(30.,17.5,-3.));
#591 = VECTOR('',#592,1.);
#592 = DIRECTION('',(0.,0.,1.));
#593 = ORIENTED_EDGE('',*,*,#74,.T.);
#594 = ORIENTED_EDGE('',*,*,#529,.T.);
#595 = ORIENTED_EDGE('',*,*,#596,.F.);
#596 = EDGE_CURVE('',#597,#530,#599,.T.);
#597 = VERTEX_POINT('',#598);
#598 = CARTESIAN_POINT('',(-27.59438197032,17.5,15.));
#599 = LINE('',#600,#601);
#600 = CARTESIAN_POINT('',(-17.5,17.5,15.));
#601 = VECTOR('',#602,1.);
#602 = DIRECTION('',(-1.,0.,0.));
#603 = ORIENTED_EDGE('',*,*,#604,.T.);
#604 = EDGE_CURVE('',#597,#605,#607,.T.);
#605 = VERTEX_POINT('',#606);
#606 = CARTESIAN_POINT('',(-27.59438197032,17.5,0.));
#607 = LINE('',#608,#609);
#608 = CARTESIAN_POINT('',(-27.59438197032,17.5,0.));
#609 = VECTOR('',#610,1.);
#610 = DIRECTION('',(-0.,-0.,-1.));
#611 = ORIENTED_EDGE('',*,*,#612,.T.);
#612 = EDGE_CURVE('',#605,#613,#615,.T.);
#613 = VERTEX_POINT('',#614);
#614 = CARTESIAN_POINT('',(-24.48914838437,17.5,0.));
#615 = LINE('',#616,#617);
#616 = CARTESIAN_POINT('',(136.875,17.5,0.));
#617 = VECTOR('',#618,1.);
#618 = DIRECTION('',(1.,0.,0.));
#619 = ORIENTED_EDGE('',*,*,#620,.F.);
#620 = EDGE_CURVE('',#621,#613,#623,.T.);
#621 = VERTEX_POINT('',#622);
#622 = CARTESIAN_POINT('',(-24.48914838437,17.5,15.));
#623 = LINE('',#624,#625);
#624 = CARTESIAN_POINT('',(-24.48914838437,17.5,0.));
#625 = VECTOR('',#626,1.);
#626 = DIRECTION('',(-0.,-0.,-1.));
#627 = ORIENTED_EDGE('',*,*,#628,.F.);
#628 = EDGE_CURVE('',#629,#621,#631,.T.);
#629 = VERTEX_POINT('',#630);
#630 = CARTESIAN_POINT('',(-17.5,17.5,15.));
#631 = LINE('',#632,#633);
#632 = CARTESIAN_POINT('',(-17.5,17.5,15.));
#633 = VECTOR('',#634,1.);
#634 = DIRECTION('',(-1.,0.,0.));
#635 = ORIENTED_EDGE('',*,*,#636,.F.);
#636 = EDGE_CURVE('',#637,#629,#639,.T.);
#637 = VERTEX_POINT('',#638);
#638 = CARTESIAN_POINT('',(-17.5,17.5,5.));
#639 = LINE('',#640,#641);
#640 = CARTESIAN_POINT('',(-17.5,17.5,0.));
#641 = VECTOR('',#642,1.);
#642 = DIRECTION('',(0.,0.,1.));
#643 = ORIENTED_EDGE('',*,*,#644,.F.);
#644 = EDGE_CURVE('',#645,#637,#647,.T.);
#645 = VERTEX_POINT('',#646);
#646 = CARTESIAN_POINT('',(-12.5,17.5,-8.881784197001E-16));
#647 = CIRCLE('',#648,5.);
#648 = AXIS2_PLACEMENT_3D('',#649,#650,#651);
#649 = CARTESIAN_POINT('',(-12.5,17.5,5.));
#650 = DIRECTION('',(0.,1.,0.));
#651 = DIRECTION('',(0.,0.,1.));
#652 = ORIENTED_EDGE('',*,*,#653,.F.);
#653 = EDGE_CURVE('',#654,#645,#656,.T.);
#654 = VERTEX_POINT('',#655);
#655 = CARTESIAN_POINT('',(10.,17.5,-8.881784197001E-16));
#656 = LINE('',#657,#658);
#657 = CARTESIAN_POINT('',(35.,17.5,0.));
#658 = VECTOR('',#659,1.);
#659 = DIRECTION('',(-1.,0.,0.));
#660 = ORIENTED_EDGE('',*,*,#661,.F.);
#661 = EDGE_CURVE('',#662,#654,#664,.T.);
#662 = VERTEX_POINT('',#663);
#663 = CARTESIAN_POINT('',(15.,17.5,5.));
#664 = CIRCLE('',#665,5.);
#665 = AXIS2_PLACEMENT_3D('',#666,#667,#668);
#666 = CARTESIAN_POINT('',(10.,17.5,5.));
#667 = DIRECTION('',(0.,1.,0.));
#668 = DIRECTION('',(0.,0.,1.));
#669 = ORIENTED_EDGE('',*,*,#670,.T.);
#670 = EDGE_CURVE('',#662,#671,#673,.T.);
#671 = VERTEX_POINT('',#672);
#672 = CARTESIAN_POINT('',(15.,17.5,15.));
#673 = LINE('',#674,#675);
#674 = CARTESIAN_POINT('',(15.,17.5,0.));
#675 = VECTOR('',#676,1.);
#676 = DIRECTION('',(0.,0.,1.));
#677 = ORIENTED_EDGE('',*,*,#678,.T.);
#678 = EDGE_CURVE('',#671,#679,#681,.T.);
#679 = VERTEX_POINT('',#680);
#680 = CARTESIAN_POINT('',(22.50572283713,17.5,15.));
#681 = LINE('',#682,#683);
#682 = CARTESIAN_POINT('',(15.,17.5,15.));
#683 = VECTOR('',#684,1.);
#684 = DIRECTION('',(1.,0.,0.));
#685 = ORIENTED_EDGE('',*,*,#686,.T.);
#686 = EDGE_CURVE('',#679,#687,#689,.T.);
#687 = VERTEX_POINT('',#688);
#688 = CARTESIAN_POINT('',(22.50572283713,17.5,0.));
#689 = LINE('',#690,#691);
#690 = CARTESIAN_POINT('',(22.50572283713,17.5,0.));
#691 = VECTOR('',#692,1.);
#692 = DIRECTION('',(-0.,-0.,-1.));
#693 = ORIENTED_EDGE('',*,*,#694,.T.);
#694 = EDGE_CURVE('',#687,#695,#697,.T.);
#695 = VERTEX_POINT('',#696);
#696 = CARTESIAN_POINT('',(25.613252156415,17.5,0.));
#697 = LINE('',#698,#699);
#698 = CARTESIAN_POINT('',(136.875,17.5,0.));
#699 = VECTOR('',#700,1.);
#700 = DIRECTION('',(1.,0.,0.));
#701 = ORIENTED_EDGE('',*,*,#702,.F.);
#702 = EDGE_CURVE('',#579,#695,#703,.T.);
#703 = LINE('',#704,#705);
#704 = CARTESIAN_POINT('',(25.613252156415,17.5,0.));
#705 = VECTOR('',#706,1.);
#706 = DIRECTION('',(-0.,-0.,-1.));
#707 = PLANE('',#708);
#708 = AXIS2_PLACEMENT_3D('',#709,#710,#711);
#709 = CARTESIAN_POINT('',(-1.25,17.5,3.902843601896));
#710 = DIRECTION('',(0.,1.,0.));
#711 = DIRECTION('',(0.,0.,1.));
#712 = ADVANCED_FACE('',(#713),#845,.T.);
#713 = FACE_BOUND('',#714,.T.);
#714 = EDGE_LOOP('',(#715,#723,#724,#725,#733,#741,#749,#757,#765,#773,
    #781,#790,#798,#807,#815,#823,#831,#839));
#715 = ORIENTED_EDGE('',*,*,#716,.F.);
#716 = EDGE_CURVE('',#554,#717,#719,.T.);
#717 = VERTEX_POINT('',#718);
#718 = CARTESIAN_POINT('',(-27.59438197032,-17.5,15.));
#719 = LINE('',#720,#721);
#720 = CARTESIAN_POINT('',(-37.5,-17.5,15.));
#721 = VECTOR('',#722,1.);
#722 = DIRECTION('',(1.,0.,0.));
#723 = ORIENTED_EDGE('',*,*,#562,.T.);
#724 = ORIENTED_EDGE('',*,*,#40,.T.);
#725 = ORIENTED_EDGE('',*,*,#726,.F.);
#726 = EDGE_CURVE('',#727,#41,#729,.T.);
#727 = VERTEX_POINT('',#728);
#728 = CARTESIAN_POINT('',(30.,-17.5,15.));
#729 = LINE('',#730,#731);
#730 = CARTESIAN_POINT('',(30.,-17.5,15.));
#731 = VECTOR('',#732,1.);
#732 = DIRECTION('',(-0.,-0.,-1.));
#733 = ORIENTED_EDGE('',*,*,#734,.T.);
#734 = EDGE_CURVE('',#727,#735,#737,.T.);
#735 = VERTEX_POINT('',#736);
#736 = CARTESIAN_POINT('',(25.613252156415,-17.5,15.));
#737 = LINE('',#738,#739);
#738 = CARTESIAN_POINT('',(35.,-17.5,15.));
#739 = VECTOR('',#740,1.);
#740 = DIRECTION('',(-1.,0.,0.));
#741 = ORIENTED_EDGE('',*,*,#742,.T.);
#742 = EDGE_CURVE('',#735,#743,#745,.T.);
#743 = VERTEX_POINT('',#744);
#744 = CARTESIAN_POINT('',(25.613252156415,-17.5,0.));
#745 = LINE('',#746,#747);
#746 = CARTESIAN_POINT('',(25.613252156415,-17.5,0.));
#747 = VECTOR('',#748,1.);
#748 = DIRECTION('',(-0.,-0.,-1.));
#749 = ORIENTED_EDGE('',*,*,#750,.T.);
#750 = EDGE_CURVE('',#743,#751,#753,.T.);
#751 = VERTEX_POINT('',#752);
#752 = CARTESIAN_POINT('',(22.50572283713,-17.5,0.));
#753 = LINE('',#754,#755);
#754 = CARTESIAN_POINT('',(136.875,-17.5,0.));
#755 = VECTOR('',#756,1.);
#756 = DIRECTION('',(-1.,0.,0.));
#757 = ORIENTED_EDGE('',*,*,#758,.F.);
#758 = EDGE_CURVE('',#759,#751,#761,.T.);
#759 = VERTEX_POINT('',#760);
#760 = CARTESIAN_POINT('',(22.50572283713,-17.5,15.));
#761 = LINE('',#762,#763);
#762 = CARTESIAN_POINT('',(22.50572283713,-17.5,0.));
#763 = VECTOR('',#764,1.);
#764 = DIRECTION('',(-0.,-0.,-1.));
#765 = ORIENTED_EDGE('',*,*,#766,.T.);
#766 = EDGE_CURVE('',#759,#767,#769,.T.);
#767 = VERTEX_POINT('',#768);
#768 = CARTESIAN_POINT('',(15.,-17.5,15.));
#769 = LINE('',#770,#771);
#770 = CARTESIAN_POINT('',(35.,-17.5,15.));
#771 = VECTOR('',#772,1.);
#772 = DIRECTION('',(-1.,0.,0.));
#773 = ORIENTED_EDGE('',*,*,#774,.F.);
#774 = EDGE_CURVE('',#775,#767,#777,.T.);
#775 = VERTEX_POINT('',#776);
#776 = CARTESIAN_POINT('',(15.,-17.5,5.));
#777 = LINE('',#778,#779);
#778 = CARTESIAN_POINT('',(15.,-17.5,0.));
#779 = VECTOR('',#780,1.);
#780 = DIRECTION('',(0.,0.,1.));
#781 = ORIENTED_EDGE('',*,*,#782,.T.);
#782 = EDGE_CURVE('',#775,#783,#785,.T.);
#783 = VERTEX_POINT('',#784);
#784 = CARTESIAN_POINT('',(10.,-17.5,-8.881784197001E-16));
#785 = CIRCLE('',#786,5.);
#786 = AXIS2_PLACEMENT_3D('',#787,#788,#789);
#787 = CARTESIAN_POINT('',(10.,-17.5,5.));
#788 = DIRECTION('',(0.,1.,0.));
#789 = DIRECTION('',(0.,0.,1.));
#790 = ORIENTED_EDGE('',*,*,#791,.F.);
#791 = EDGE_CURVE('',#792,#783,#794,.T.);
#792 = VERTEX_POINT('',#793);
#793 = CARTESIAN_POINT('',(-12.5,-17.5,-8.881784197001E-16));
#794 = LINE('',#795,#796);
#795 = CARTESIAN_POINT('',(-37.5,-17.5,0.));
#796 = VECTOR('',#797,1.);
#797 = DIRECTION('',(1.,0.,0.));
#798 = ORIENTED_EDGE('',*,*,#799,.T.);
#799 = EDGE_CURVE('',#792,#800,#802,.T.);
#800 = VERTEX_POINT('',#801);
#801 = CARTESIAN_POINT('',(-17.5,-17.5,5.));
#802 = CIRCLE('',#803,5.);
#803 = AXIS2_PLACEMENT_3D('',#804,#805,#806);
#804 = CARTESIAN_POINT('',(-12.5,-17.5,5.));
#805 = DIRECTION('',(0.,1.,0.));
#806 = DIRECTION('',(0.,0.,1.));
#807 = ORIENTED_EDGE('',*,*,#808,.T.);
#808 = EDGE_CURVE('',#800,#809,#811,.T.);
#809 = VERTEX_POINT('',#810);
#810 = CARTESIAN_POINT('',(-17.5,-17.5,15.));
#811 = LINE('',#812,#813);
#812 = CARTESIAN_POINT('',(-17.5,-17.5,0.));
#813 = VECTOR('',#814,1.);
#814 = DIRECTION('',(0.,0.,1.));
#815 = ORIENTED_EDGE('',*,*,#816,.F.);
#816 = EDGE_CURVE('',#817,#809,#819,.T.);
#817 = VERTEX_POINT('',#818);
#818 = CARTESIAN_POINT('',(-24.48914838437,-17.5,15.));
#819 = LINE('',#820,#821);
#820 = CARTESIAN_POINT('',(-37.5,-17.5,15.));
#821 = VECTOR('',#822,1.);
#822 = DIRECTION('',(1.,0.,0.));
#823 = ORIENTED_EDGE('',*,*,#824,.T.);
#824 = EDGE_CURVE('',#817,#825,#827,.T.);
#825 = VERTEX_POINT('',#826);
#826 = CARTESIAN_POINT('',(-24.48914838437,-17.5,0.));
#827 = LINE('',#828,#829);
#828 = CARTESIAN_POINT('',(-24.48914838437,-17.5,0.));
#829 = VECTOR('',#830,1.);
#830 = DIRECTION('',(-0.,-0.,-1.));
#831 = ORIENTED_EDGE('',*,*,#832,.T.);
#832 = EDGE_CURVE('',#825,#833,#835,.T.);
#833 = VERTEX_POINT('',#834);
#834 = CARTESIAN_POINT('',(-27.59438197032,-17.5,0.));
#835 = LINE('',#836,#837);
#836 = CARTESIAN_POINT('',(136.875,-17.5,0.));
#837 = VECTOR('',#838,1.);
#838 = DIRECTION('',(-1.,0.,0.));
#839 = ORIENTED_EDGE('',*,*,#840,.F.);
#840 = EDGE_CURVE('',#717,#833,#841,.T.);
#841 = LINE('',#842,#843);
#842 = CARTESIAN_POINT('',(-27.59438197032,-17.5,0.));
#843 = VECTOR('',#844,1.);
#844 = DIRECTION('',(-0.,-0.,-1.));
#845 = PLANE('',#846);
#846 = AXIS2_PLACEMENT_3D('',#847,#848,#849);
#847 = CARTESIAN_POINT('',(-1.25,-17.5,3.902843601896));
#848 = DIRECTION('',(-0.,-1.,-0.));
#849 = DIRECTION('',(0.,0.,-1.));
#850 = ADVANCED_FACE('',(#851),#870,.T.);
#851 = FACE_BOUND('',#852,.F.);
#852 = EDGE_LOOP('',(#853,#854,#862,#869));
#853 = ORIENTED_EDGE('',*,*,#65,.T.);
#854 = ORIENTED_EDGE('',*,*,#855,.T.);
#855 = EDGE_CURVE('',#58,#856,#858,.T.);
#856 = VERTEX_POINT('',#857);
#857 = CARTESIAN_POINT('',(35.,12.5,15.));
#858 = LINE('',#859,#860);
#859 = CARTESIAN_POINT('',(35.,12.5,-3.));
#860 = VECTOR('',#861,1.);
#861 = DIRECTION('',(0.,0.,1.));
#862 = ORIENTED_EDGE('',*,*,#863,.F.);
#863 = EDGE_CURVE('',#581,#856,#864,.T.);
#864 = CIRCLE('',#865,5.);
#865 = AXIS2_PLACEMENT_3D('',#866,#867,#868);
#866 = CARTESIAN_POINT('',(30.,12.5,15.));
#867 = DIRECTION('',(-0.,-0.,-1.));
#868 = DIRECTION('',(0.,-1.,0.));
#869 = ORIENTED_EDGE('',*,*,#588,.F.);
#870 = CYLINDRICAL_SURFACE('',#871,5.);
#871 = AXIS2_PLACEMENT_3D('',#872,#873,#874);
#872 = CARTESIAN_POINT('',(30.,12.5,-3.));
#873 = DIRECTION('',(0.,0.,1.));
#874 = DIRECTION('',(0.,1.,0.));
#875 = ADVANCED_FACE('',(#876),#895,.T.);
#876 = FACE_BOUND('',#877,.F.);
#877 = EDGE_LOOP('',(#878,#887,#893,#894));
#878 = ORIENTED_EDGE('',*,*,#879,.T.);
#879 = EDGE_CURVE('',#727,#880,#882,.T.);
#880 = VERTEX_POINT('',#881);
#881 = CARTESIAN_POINT('',(35.,-12.5,15.));
#882 = CIRCLE('',#883,5.);
#883 = AXIS2_PLACEMENT_3D('',#884,#885,#886);
#884 = CARTESIAN_POINT('',(30.,-12.5,15.));
#885 = DIRECTION('',(0.,-0.,1.));
#886 = DIRECTION('',(0.,1.,0.));
#887 = ORIENTED_EDGE('',*,*,#888,.T.);
#888 = EDGE_CURVE('',#880,#49,#889,.T.);
#889 = LINE('',#890,#891);
#890 = CARTESIAN_POINT('',(35.,-12.5,15.));
#891 = VECTOR('',#892,1.);
#892 = DIRECTION('',(-0.,-0.,-1.));
#893 = ORIENTED_EDGE('',*,*,#48,.F.);
#894 = ORIENTED_EDGE('',*,*,#726,.F.);
#895 = CYLINDRICAL_SURFACE('',#896,5.);
#896 = AXIS2_PLACEMENT_3D('',#897,#898,#899);
#897 = CARTESIAN_POINT('',(30.,-12.5,15.));
#898 = DIRECTION('',(-0.,-0.,-1.));
#899 = DIRECTION('',(0.,-1.,0.));
#900 = ADVANCED_FACE('',(#901),#912,.T.);
#901 = FACE_BOUND('',#902,.T.);
#902 = EDGE_LOOP('',(#903,#904,#905,#911));
#903 = ORIENTED_EDGE('',*,*,#57,.T.);
#904 = ORIENTED_EDGE('',*,*,#855,.T.);
#905 = ORIENTED_EDGE('',*,*,#906,.T.);
#906 = EDGE_CURVE('',#856,#880,#907,.T.);
#907 = LINE('',#908,#909);
#908 = CARTESIAN_POINT('',(35.,17.5,15.));
#909 = VECTOR('',#910,1.);
#910 = DIRECTION('',(0.,-1.,0.));
#911 = ORIENTED_EDGE('',*,*,#888,.T.);
#912 = PLANE('',#913);
#913 = AXIS2_PLACEMENT_3D('',#914,#915,#916);
#914 = CARTESIAN_POINT('',(35.,0.,6.));
#915 = DIRECTION('',(1.,0.,0.));
#916 = DIRECTION('',(0.,0.,1.));
#917 = ADVANCED_FACE('',(#918),#943,.F.);
#918 = FACE_BOUND('',#919,.F.);
#919 = EDGE_LOOP('',(#920,#928,#936,#942));
#920 = ORIENTED_EDGE('',*,*,#921,.T.);
#921 = EDGE_CURVE('',#92,#922,#924,.T.);
#922 = VERTEX_POINT('',#923);
#923 = CARTESIAN_POINT('',(-32.5,-5.8,0.));
#924 = LINE('',#925,#926);
#925 = CARTESIAN_POINT('',(-32.5,-5.8,-3.));
#926 = VECTOR('',#927,1.);
#927 = DIRECTION('',(0.,0.,1.));
#928 = ORIENTED_EDGE('',*,*,#929,.T.);
#929 = EDGE_CURVE('',#922,#930,#932,.T.);
#930 = VERTEX_POINT('',#931);
#931 = CARTESIAN_POINT('',(-29.72871870789,-7.4,0.));
#932 = LINE('',#933,#934);
#933 = CARTESIAN_POINT('',(-32.5,-5.8,0.));
#934 = VECTOR('',#935,1.);
#935 = DIRECTION('',(0.866025403784,-0.5,0.));
#936 = ORIENTED_EDGE('',*,*,#937,.F.);
#937 = EDGE_CURVE('',#94,#930,#938,.T.);
#938 = LINE('',#939,#940);
#939 = CARTESIAN_POINT('',(-29.72871870789,-7.4,-3.));
#940 = VECTOR('',#941,1.);
#941 = DIRECTION('',(0.,0.,1.));
#942 = ORIENTED_EDGE('',*,*,#91,.F.);
#943 = PLANE('',#944);
#944 = AXIS2_PLACEMENT_3D('',#945,#946,#947);
#945 = CARTESIAN_POINT('',(-32.5,-5.8,-3.));
#946 = DIRECTION('',(0.5,0.866025403784,0.));
#947 = DIRECTION('',(0.866025403784,-0.5,0.));
#948 = ADVANCED_FACE('',(#949),#967,.F.);
#949 = FACE_BOUND('',#950,.F.);
#950 = EDGE_LOOP('',(#951,#959,#965,#966));
#951 = ORIENTED_EDGE('',*,*,#952,.T.);
#952 = EDGE_CURVE('',#126,#953,#955,.T.);
#953 = VERTEX_POINT('',#954);
#954 = CARTESIAN_POINT('',(-35.27128129211,-7.4,0.));
#955 = LINE('',#956,#957);
#956 = CARTESIAN_POINT('',(-35.27128129211,-7.4,-3.));
#957 = VECTOR('',#958,1.);
#958 = DIRECTION('',(0.,0.,1.));
#959 = ORIENTED_EDGE('',*,*,#960,.T.);
#960 = EDGE_CURVE('',#953,#922,#961,.T.);
#961 = LINE('',#962,#963);
#962 = CARTESIAN_POINT('',(-35.27128129211,-7.4,0.));
#963 = VECTOR('',#964,1.);
#964 = DIRECTION('',(0.866025403784,0.5,0.));
#965 = ORIENTED_EDGE('',*,*,#921,.F.);
#966 = ORIENTED_EDGE('',*,*,#133,.F.);
#967 = PLANE('',#968);
#968 = AXIS2_PLACEMENT_3D('',#969,#970,#971);
#969 = CARTESIAN_POINT('',(-35.27128129211,-7.4,-3.));
#970 = DIRECTION('',(-0.5,0.866025403784,0.));
#971 = DIRECTION('',(0.866025403784,0.5,0.));
#972 = ADVANCED_FACE('',(#973),#991,.F.);
#973 = FACE_BOUND('',#974,.F.);
#974 = EDGE_LOOP('',(#975,#983,#989,#990));
#975 = ORIENTED_EDGE('',*,*,#976,.T.);
#976 = EDGE_CURVE('',#118,#977,#979,.T.);
#977 = VERTEX_POINT('',#978);
#978 = CARTESIAN_POINT('',(-35.27128129211,-10.6,0.));
#979 = LINE('',#980,#981);
#980 = CARTESIAN_POINT('',(-35.27128129211,-10.6,-3.));
#981 = VECTOR('',#982,1.);
#982 = DIRECTION('',(0.,0.,1.));
#983 = ORIENTED_EDGE('',*,*,#984,.T.);
#984 = EDGE_CURVE('',#977,#953,#985,.T.);
#985 = LINE('',#986,#987);
#986 = CARTESIAN_POINT('',(-35.27128129211,-10.6,0.));
#987 = VECTOR('',#988,1.);
#988 = DIRECTION('',(0.,1.,0.));
#989 = ORIENTED_EDGE('',*,*,#952,.F.);
#990 = ORIENTED_EDGE('',*,*,#125,.F.);
#991 = PLANE('',#992);
#992 = AXIS2_PLACEMENT_3D('',#993,#994,#995);
#993 = CARTESIAN_POINT('',(-35.27128129211,-10.6,-3.));
#994 = DIRECTION('',(-1.,0.,0.));
#995 = DIRECTION('',(0.,1.,0.));
#996 = ADVANCED_FACE('',(#997),#1015,.F.);
#997 = FACE_BOUND('',#998,.F.);
#998 = EDGE_LOOP('',(#999,#1007,#1013,#1014));
#999 = ORIENTED_EDGE('',*,*,#1000,.T.);
#1000 = EDGE_CURVE('',#110,#1001,#1003,.T.);
#1001 = VERTEX_POINT('',#1002);
#1002 = CARTESIAN_POINT('',(-32.5,-12.2,0.));
#1003 = LINE('',#1004,#1005);
#1004 = CARTESIAN_POINT('',(-32.5,-12.2,-3.));
#1005 = VECTOR('',#1006,1.);
#1006 = DIRECTION('',(0.,0.,1.));
#1007 = ORIENTED_EDGE('',*,*,#1008,.T.);
#1008 = EDGE_CURVE('',#1001,#977,#1009,.T.);
#1009 = LINE('',#1010,#1011);
#1010 = CARTESIAN_POINT('',(-32.5,-12.2,0.));
#1011 = VECTOR('',#1012,1.);
#1012 = DIRECTION('',(-0.866025403784,0.5,-0.));
#1013 = ORIENTED_EDGE('',*,*,#976,.F.);
#1014 = ORIENTED_EDGE('',*,*,#117,.F.);
#1015 = PLANE('',#1016);
#1016 = AXIS2_PLACEMENT_3D('',#1017,#1018,#1019);
#1017 = CARTESIAN_POINT('',(-32.5,-12.2,-3.));
#1018 = DIRECTION('',(-0.5,-0.866025403784,0.));
#1019 = DIRECTION('',(-0.866025403784,0.5,0.));
#1020 = ADVANCED_FACE('',(#1021),#1039,.F.);
#1021 = FACE_BOUND('',#1022,.F.);
#1022 = EDGE_LOOP('',(#1023,#1031,#1037,#1038));
#1023 = ORIENTED_EDGE('',*,*,#1024,.T.);
#1024 = EDGE_CURVE('',#102,#1025,#1027,.T.);
#1025 = VERTEX_POINT('',#1026);
#1026 = CARTESIAN_POINT('',(-29.72871870789,-10.6,0.));
#1027 = LINE('',#1028,#1029);
#1028 = CARTESIAN_POINT('',(-29.72871870789,-10.6,-3.));
#1029 = VECTOR('',#1030,1.);
#1030 = DIRECTION('',(0.,0.,1.));
#1031 = ORIENTED_EDGE('',*,*,#1032,.T.);
#1032 = EDGE_CURVE('',#1025,#1001,#1033,.T.);
#1033 = LINE('',#1034,#1035);
#1034 = CARTESIAN_POINT('',(-29.72871870789,-10.6,0.));
#1035 = VECTOR('',#1036,1.);
#1036 = DIRECTION('',(-0.866025403784,-0.5,0.));
#1037 = ORIENTED_EDGE('',*,*,#1000,.F.);
#1038 = ORIENTED_EDGE('',*,*,#109,.F.);
#1039 = PLANE('',#1040);
#1040 = AXIS2_PLACEMENT_3D('',#1041,#1042,#1043);
#1041 = CARTESIAN_POINT('',(-29.72871870789,-10.6,-3.));
#1042 = DIRECTION('',(0.5,-0.866025403784,0.));
#1043 = DIRECTION('',(-0.866025403784,-0.5,0.));
#1044 = ADVANCED_FACE('',(#1045),#1056,.F.);
#1045 = FACE_BOUND('',#1046,.F.);
#1046 = EDGE_LOOP('',(#1047,#1048,#1054,#1055));
#1047 = ORIENTED_EDGE('',*,*,#937,.T.);
#1048 = ORIENTED_EDGE('',*,*,#1049,.T.);
#1049 = EDGE_CURVE('',#930,#1025,#1050,.T.);
#1050 = LINE('',#1051,#1052);
#1051 = CARTESIAN_POINT('',(-29.72871870789,-7.4,0.));
#1052 = VECTOR('',#1053,1.);
#1053 = DIRECTION('',(0.,-1.,0.));
#1054 = ORIENTED_EDGE('',*,*,#1024,.F.);
#1055 = ORIENTED_EDGE('',*,*,#101,.F.);
#1056 = PLANE('',#1057);
#1057 = AXIS2_PLACEMENT_3D('',#1058,#1059,#1060);
#1058 = CARTESIAN_POINT('',(-29.72871870789,-7.4,-3.));
#1059 = DIRECTION('',(1.,0.,0.));
#1060 = DIRECTION('',(0.,-1.,0.));
#1061 = ADVANCED_FACE('',(#1062),#1087,.F.);
#1062 = FACE_BOUND('',#1063,.F.);
#1063 = EDGE_LOOP('',(#1064,#1072,#1080,#1086));
#1064 = ORIENTED_EDGE('',*,*,#1065,.T.);
#1065 = EDGE_CURVE('',#142,#1066,#1068,.T.);
#1066 = VERTEX_POINT('',#1067);
#1067 = CARTESIAN_POINT('',(-19.4,-6.22871870789,0.));
#1068 = LINE('',#1069,#1070);
#1069 = CARTESIAN_POINT('',(-19.4,-6.22871870789,-3.));
#1070 = VECTOR('',#1071,1.);
#1071 = DIRECTION('',(0.,0.,1.));
#1072 = ORIENTED_EDGE('',*,*,#1073,.T.);
#1073 = EDGE_CURVE('',#1066,#1074,#1076,.T.);
#1074 = VERTEX_POINT('',#1075);
#1075 = CARTESIAN_POINT('',(-17.8,-9.,0.));
#1076 = LINE('',#1077,#1078);
#1077 = CARTESIAN_POINT('',(-19.4,-6.22871870789,0.));
#1078 = VECTOR('',#1079,1.);
#1079 = DIRECTION('',(0.5,-0.866025403784,0.));
#1080 = ORIENTED_EDGE('',*,*,#1081,.F.);
#1081 = EDGE_CURVE('',#144,#1074,#1082,.T.);
#1082 = LINE('',#1083,#1084);
#1083 = CARTESIAN_POINT('',(-17.8,-9.,-3.));
#1084 = VECTOR('',#1085,1.);
#1085 = DIRECTION('',(0.,0.,1.));
#1086 = ORIENTED_EDGE('',*,*,#141,.F.);
#1087 = PLANE('',#1088);
#1088 = AXIS2_PLACEMENT_3D('',#1089,#1090,#1091);
#1089 = CARTESIAN_POINT('',(-19.4,-6.22871870789,-3.));
#1090 = DIRECTION('',(0.866025403784,0.5,0.));
#1091 = DIRECTION('',(0.5,-0.866025403784,0.));
#1092 = ADVANCED_FACE('',(#1093),#1111,.F.);
#1093 = FACE_BOUND('',#1094,.F.);
#1094 = EDGE_LOOP('',(#1095,#1103,#1109,#1110));
#1095 = ORIENTED_EDGE('',*,*,#1096,.T.);
#1096 = EDGE_CURVE('',#176,#1097,#1099,.T.);
#1097 = VERTEX_POINT('',#1098);
#1098 = CARTESIAN_POINT('',(-22.6,-6.22871870789,0.));
#1099 = LINE('',#1100,#1101);
#1100 = CARTESIAN_POINT('',(-22.6,-6.22871870789,-3.));
#1101 = VECTOR('',#1102,1.);
#1102 = DIRECTION('',(0.,0.,1.));
#1103 = ORIENTED_EDGE('',*,*,#1104,.T.);
#1104 = EDGE_CURVE('',#1097,#1066,#1105,.T.);
#1105 = LINE('',#1106,#1107);
#1106 = CARTESIAN_POINT('',(-22.6,-6.22871870789,0.));
#1107 = VECTOR('',#1108,1.);
#1108 = DIRECTION('',(1.,0.,0.));
#1109 = ORIENTED_EDGE('',*,*,#1065,.F.);
#1110 = ORIENTED_EDGE('',*,*,#183,.F.);
#1111 = PLANE('',#1112);
#1112 = AXIS2_PLACEMENT_3D('',#1113,#1114,#1115);
#1113 = CARTESIAN_POINT('',(-22.6,-6.22871870789,-3.));
#1114 = DIRECTION('',(0.,1.,0.));
#1115 = DIRECTION('',(1.,0.,0.));
#1116 = ADVANCED_FACE('',(#1117),#1135,.F.);
#1117 = FACE_BOUND('',#1118,.F.);
#1118 = EDGE_LOOP('',(#1119,#1127,#1133,#1134));
#1119 = ORIENTED_EDGE('',*,*,#1120,.T.);
#1120 = EDGE_CURVE('',#168,#1121,#1123,.T.);
#1121 = VERTEX_POINT('',#1122);
#1122 = CARTESIAN_POINT('',(-24.2,-9.,0.));
#1123 = LINE('',#1124,#1125);
#1124 = CARTESIAN_POINT('',(-24.2,-9.,-3.));
#1125 = VECTOR('',#1126,1.);
#1126 = DIRECTION('',(0.,0.,1.));
#1127 = ORIENTED_EDGE('',*,*,#1128,.T.);
#1128 = EDGE_CURVE('',#1121,#1097,#1129,.T.);
#1129 = LINE('',#1130,#1131);
#1130 = CARTESIAN_POINT('',(-24.2,-9.,0.));
#1131 = VECTOR('',#1132,1.);
#1132 = DIRECTION('',(0.5,0.866025403784,0.));
#1133 = ORIENTED_EDGE('',*,*,#1096,.F.);
#1134 = ORIENTED_EDGE('',*,*,#175,.F.);
#1135 = PLANE('',#1136);
#1136 = AXIS2_PLACEMENT_3D('',#1137,#1138,#1139);
#1137 = CARTESIAN_POINT('',(-24.2,-9.,-3.));
#1138 = DIRECTION('',(-0.866025403784,0.5,0.));
#1139 = DIRECTION('',(0.5,0.866025403784,0.));
#1140 = ADVANCED_FACE('',(#1141),#1159,.F.);
#1141 = FACE_BOUND('',#1142,.F.);
#1142 = EDGE_LOOP('',(#1143,#1151,#1157,#1158));
#1143 = ORIENTED_EDGE('',*,*,#1144,.T.);
#1144 = EDGE_CURVE('',#160,#1145,#1147,.T.);
#1145 = VERTEX_POINT('',#1146);
#1146 = CARTESIAN_POINT('',(-22.6,-11.77128129211,0.));
#1147 = LINE('',#1148,#1149);
#1148 = CARTESIAN_POINT('',(-22.6,-11.77128129211,-3.));
#1149 = VECTOR('',#1150,1.);
#1150 = DIRECTION('',(0.,0.,1.));
#1151 = ORIENTED_EDGE('',*,*,#1152,.T.);
#1152 = EDGE_CURVE('',#1145,#1121,#1153,.T.);
#1153 = LINE('',#1154,#1155);
#1154 = CARTESIAN_POINT('',(-22.6,-11.77128129211,0.));
#1155 = VECTOR('',#1156,1.);
#1156 = DIRECTION('',(-0.5,0.866025403784,-0.));
#1157 = ORIENTED_EDGE('',*,*,#1120,.F.);
#1158 = ORIENTED_EDGE('',*,*,#167,.F.);
#1159 = PLANE('',#1160);
#1160 = AXIS2_PLACEMENT_3D('',#1161,#1162,#1163);
#1161 = CARTESIAN_POINT('',(-22.6,-11.77128129211,-3.));
#1162 = DIRECTION('',(-0.866025403784,-0.5,0.));
#1163 = DIRECTION('',(-0.5,0.866025403784,0.));
#1164 = ADVANCED_FACE('',(#1165),#1183,.F.);
#1165 = FACE_BOUND('',#1166,.F.);
#1166 = EDGE_LOOP('',(#1167,#1175,#1181,#1182));
#1167 = ORIENTED_EDGE('',*,*,#1168,.T.);
#1168 = EDGE_CURVE('',#152,#1169,#1171,.T.);
#1169 = VERTEX_POINT('',#1170);
#1170 = CARTESIAN_POINT('',(-19.4,-11.77128129211,0.));
#1171 = LINE('',#1172,#1173);
#1172 = CARTESIAN_POINT('',(-19.4,-11.77128129211,-3.));
#1173 = VECTOR('',#1174,1.);
#1174 = DIRECTION('',(0.,0.,1.));
#1175 = ORIENTED_EDGE('',*,*,#1176,.T.);
#1176 = EDGE_CURVE('',#1169,#1145,#1177,.T.);
#1177 = LINE('',#1178,#1179);
#1178 = CARTESIAN_POINT('',(-19.4,-11.77128129211,0.));
#1179 = VECTOR('',#1180,1.);
#1180 = DIRECTION('',(-1.,0.,0.));
#1181 = ORIENTED_EDGE('',*,*,#1144,.F.);
#1182 = ORIENTED_EDGE('',*,*,#159,.F.);
#1183 = PLANE('',#1184);
#1184 = AXIS2_PLACEMENT_3D('',#1185,#1186,#1187);
#1185 = CARTESIAN_POINT('',(-19.4,-11.77128129211,-3.));
#1186 = DIRECTION('',(0.,-1.,0.));
#1187 = DIRECTION('',(-1.,0.,0.));
#1188 = ADVANCED_FACE('',(#1189),#1200,.F.);
#1189 = FACE_BOUND('',#1190,.F.);
#1190 = EDGE_LOOP('',(#1191,#1192,#1198,#1199));
#1191 = ORIENTED_EDGE('',*,*,#1081,.T.);
#1192 = ORIENTED_EDGE('',*,*,#1193,.T.);
#1193 = EDGE_CURVE('',#1074,#1169,#1194,.T.);
#1194 = LINE('',#1195,#1196);
#1195 = CARTESIAN_POINT('',(-17.8,-9.,0.));
#1196 = VECTOR('',#1197,1.);
#1197 = DIRECTION('',(-0.5,-0.866025403784,0.));
#1198 = ORIENTED_EDGE('',*,*,#1168,.F.);
#1199 = ORIENTED_EDGE('',*,*,#151,.F.);
#1200 = PLANE('',#1201);
#1201 = AXIS2_PLACEMENT_3D('',#1202,#1203,#1204);
#1202 = CARTESIAN_POINT('',(-17.8,-9.,-3.));
#1203 = DIRECTION('',(0.866025403784,-0.5,0.));
#1204 = DIRECTION('',(-0.5,-0.866025403784,0.));
#1205 = ADVANCED_FACE('',(#1206),#1231,.T.);
#1206 = FACE_BOUND('',#1207,.T.);
#1207 = EDGE_LOOP('',(#1208,#1216,#1224,#1230));
#1208 = ORIENTED_EDGE('',*,*,#1209,.T.);
#1209 = EDGE_CURVE('',#192,#1210,#1212,.T.);
#1210 = VERTEX_POINT('',#1211);
#1211 = CARTESIAN_POINT('',(15.3,-9.00000000001,0.));
#1212 = LINE('',#1213,#1214);
#1213 = CARTESIAN_POINT('',(15.3,-9.00000000001,-3.));
#1214 = VECTOR('',#1215,1.);
#1215 = DIRECTION('',(0.,0.,1.));
#1216 = ORIENTED_EDGE('',*,*,#1217,.T.);
#1217 = EDGE_CURVE('',#1210,#1218,#1220,.T.);
#1218 = VERTEX_POINT('',#1219);
#1219 = CARTESIAN_POINT('',(16.90000000001,-11.77128129211,0.));
#1220 = LINE('',#1221,#1222);
#1221 = CARTESIAN_POINT('',(15.3,-9.00000000001,0.));
#1222 = VECTOR('',#1223,1.);
#1223 = DIRECTION('',(0.500000000003,-0.866025403783,0.));
#1224 = ORIENTED_EDGE('',*,*,#1225,.F.);
#1225 = EDGE_CURVE('',#194,#1218,#1226,.T.);
#1226 = LINE('',#1227,#1228);
#1227 = CARTESIAN_POINT('',(16.90000000001,-11.77128129211,-3.));
#1228 = VECTOR('',#1229,1.);
#1229 = DIRECTION('',(0.,0.,1.));
#1230 = ORIENTED_EDGE('',*,*,#191,.F.);
#1231 = PLANE('',#1232);
#1232 = AXIS2_PLACEMENT_3D('',#1233,#1234,#1235);
#1233 = CARTESIAN_POINT('',(15.3,-9.00000000001,-3.));
#1234 = DIRECTION('',(0.866025403783,0.500000000003,0.));
#1235 = DIRECTION('',(0.500000000003,-0.866025403783,0.));
#1236 = ADVANCED_FACE('',(#1237),#1255,.T.);
#1237 = FACE_BOUND('',#1238,.T.);
#1238 = EDGE_LOOP('',(#1239,#1240,#1248,#1254));
#1239 = ORIENTED_EDGE('',*,*,#1225,.T.);
#1240 = ORIENTED_EDGE('',*,*,#1241,.T.);
#1241 = EDGE_CURVE('',#1218,#1242,#1244,.T.);
#1242 = VERTEX_POINT('',#1243);
#1243 = CARTESIAN_POINT('',(20.099999999991,-11.77128129211,0.));
#1244 = LINE('',#1245,#1246);
#1245 = CARTESIAN_POINT('',(16.90000000001,-11.77128129211,0.));
#1246 = VECTOR('',#1247,1.);
#1247 = DIRECTION('',(1.,2.237099394633E-13,0.));
#1248 = ORIENTED_EDGE('',*,*,#1249,.F.);
#1249 = EDGE_CURVE('',#226,#1242,#1250,.T.);
#1250 = LINE('',#1251,#1252);
#1251 = CARTESIAN_POINT('',(20.099999999991,-11.77128129211,-3.));
#1252 = VECTOR('',#1253,1.);
#1253 = DIRECTION('',(0.,0.,1.));
#1254 = ORIENTED_EDGE('',*,*,#233,.F.);
#1255 = PLANE('',#1256);
#1256 = AXIS2_PLACEMENT_3D('',#1257,#1258,#1259);
#1257 = CARTESIAN_POINT('',(16.90000000001,-11.77128129211,-3.));
#1258 = DIRECTION('',(-2.237099394633E-13,1.,0.));
#1259 = DIRECTION('',(1.,2.237099394633E-13,0.));
#1260 = ADVANCED_FACE('',(#1261),#1279,.T.);
#1261 = FACE_BOUND('',#1262,.T.);
#1262 = EDGE_LOOP('',(#1263,#1264,#1272,#1278));
#1263 = ORIENTED_EDGE('',*,*,#1249,.T.);
#1264 = ORIENTED_EDGE('',*,*,#1265,.T.);
#1265 = EDGE_CURVE('',#1242,#1266,#1268,.T.);
#1266 = VERTEX_POINT('',#1267);
#1267 = CARTESIAN_POINT('',(21.7,-8.999999999993,0.));
#1268 = LINE('',#1269,#1270);
#1269 = CARTESIAN_POINT('',(20.099999999991,-11.77128129211,0.));
#1270 = VECTOR('',#1271,1.);
#1271 = DIRECTION('',(0.5,0.866025403784,0.));
#1272 = ORIENTED_EDGE('',*,*,#1273,.F.);
#1273 = EDGE_CURVE('',#218,#1266,#1274,.T.);
#1274 = LINE('',#1275,#1276);
#1275 = CARTESIAN_POINT('',(21.7,-8.999999999993,-3.));
#1276 = VECTOR('',#1277,1.);
#1277 = DIRECTION('',(0.,0.,1.));
#1278 = ORIENTED_EDGE('',*,*,#225,.F.);
#1279 = PLANE('',#1280);
#1280 = AXIS2_PLACEMENT_3D('',#1281,#1282,#1283);
#1281 = CARTESIAN_POINT('',(20.099999999991,-11.77128129211,-3.));
#1282 = DIRECTION('',(-0.866025403784,0.5,0.));
#1283 = DIRECTION('',(0.5,0.866025403784,0.));
#1284 = ADVANCED_FACE('',(#1285),#1303,.T.);
#1285 = FACE_BOUND('',#1286,.T.);
#1286 = EDGE_LOOP('',(#1287,#1288,#1296,#1302));
#1287 = ORIENTED_EDGE('',*,*,#1273,.T.);
#1288 = ORIENTED_EDGE('',*,*,#1289,.T.);
#1289 = EDGE_CURVE('',#1266,#1290,#1292,.T.);
#1290 = VERTEX_POINT('',#1291);
#1291 = CARTESIAN_POINT('',(20.099999999994,-6.228718707881,0.));
#1292 = LINE('',#1293,#1294);
#1293 = CARTESIAN_POINT('',(21.7,-8.999999999993,0.));
#1294 = VECTOR('',#1295,1.);
#1295 = DIRECTION('',(-0.500000000001,0.866025403784,-0.));
#1296 = ORIENTED_EDGE('',*,*,#1297,.F.);
#1297 = EDGE_CURVE('',#210,#1290,#1298,.T.);
#1298 = LINE('',#1299,#1300);
#1299 = CARTESIAN_POINT('',(20.099999999994,-6.228718707881,-3.));
#1300 = VECTOR('',#1301,1.);
#1301 = DIRECTION('',(0.,0.,1.));
#1302 = ORIENTED_EDGE('',*,*,#217,.F.);
#1303 = PLANE('',#1304);
#1304 = AXIS2_PLACEMENT_3D('',#1305,#1306,#1307);
#1305 = CARTESIAN_POINT('',(21.7,-8.999999999993,-3.));
#1306 = DIRECTION('',(-0.866025403784,-0.500000000001,0.));
#1307 = DIRECTION('',(-0.500000000001,0.866025403784,0.));
#1308 = ADVANCED_FACE('',(#1309),#1327,.T.);
#1309 = FACE_BOUND('',#1310,.T.);
#1310 = EDGE_LOOP('',(#1311,#1312,#1320,#1326));
#1311 = ORIENTED_EDGE('',*,*,#1297,.T.);
#1312 = ORIENTED_EDGE('',*,*,#1313,.T.);
#1313 = EDGE_CURVE('',#1290,#1314,#1316,.T.);
#1314 = VERTEX_POINT('',#1315);
#1315 = CARTESIAN_POINT('',(16.900000000015,-6.228718707881,0.));
#1316 = LINE('',#1317,#1318);
#1317 = CARTESIAN_POINT('',(20.099999999994,-6.228718707881,0.));
#1318 = VECTOR('',#1319,1.);
#1319 = DIRECTION('',(-1.,0.,0.));
#1320 = ORIENTED_EDGE('',*,*,#1321,.F.);
#1321 = EDGE_CURVE('',#202,#1314,#1322,.T.);
#1322 = LINE('',#1323,#1324);
#1323 = CARTESIAN_POINT('',(16.900000000015,-6.228718707881,-3.));
#1324 = VECTOR('',#1325,1.);
#1325 = DIRECTION('',(0.,0.,1.));
#1326 = ORIENTED_EDGE('',*,*,#209,.F.);
#1327 = PLANE('',#1328);
#1328 = AXIS2_PLACEMENT_3D('',#1329,#1330,#1331);
#1329 = CARTESIAN_POINT('',(20.099999999994,-6.228718707881,-3.));
#1330 = DIRECTION('',(0.,-1.,0.));
#1331 = DIRECTION('',(-1.,0.,0.));
#1332 = ADVANCED_FACE('',(#1333),#1344,.T.);
#1333 = FACE_BOUND('',#1334,.T.);
#1334 = EDGE_LOOP('',(#1335,#1336,#1342,#1343));
#1335 = ORIENTED_EDGE('',*,*,#1321,.T.);
#1336 = ORIENTED_EDGE('',*,*,#1337,.T.);
#1337 = EDGE_CURVE('',#1314,#1210,#1338,.T.);
#1338 = LINE('',#1339,#1340);
#1339 = CARTESIAN_POINT('',(16.900000000015,-6.228718707881,0.));
#1340 = VECTOR('',#1341,1.);
#1341 = DIRECTION('',(-0.500000000001,-0.866025403784,0.));
#1342 = ORIENTED_EDGE('',*,*,#1209,.F.);
#1343 = ORIENTED_EDGE('',*,*,#201,.F.);
#1344 = PLANE('',#1345);
#1345 = AXIS2_PLACEMENT_3D('',#1346,#1347,#1348);
#1346 = CARTESIAN_POINT('',(16.900000000015,-6.228718707881,-3.));
#1347 = DIRECTION('',(0.866025403784,-0.500000000001,0.));
#1348 = DIRECTION('',(-0.500000000001,-0.866025403784,0.));
#1349 = ADVANCED_FACE('',(#1350),#1375,.T.);
#1350 = FACE_BOUND('',#1351,.T.);
#1351 = EDGE_LOOP('',(#1352,#1360,#1368,#1374));
#1352 = ORIENTED_EDGE('',*,*,#1353,.T.);
#1353 = EDGE_CURVE('',#242,#1354,#1356,.T.);
#1354 = VERTEX_POINT('',#1355);
#1355 = CARTESIAN_POINT('',(27.228718707869,-7.399999999994,0.));
#1356 = LINE('',#1357,#1358);
#1357 = CARTESIAN_POINT('',(27.228718707869,-7.399999999994,-3.));
#1358 = VECTOR('',#1359,1.);
#1359 = DIRECTION('',(0.,0.,1.));
#1360 = ORIENTED_EDGE('',*,*,#1361,.T.);
#1361 = EDGE_CURVE('',#1354,#1362,#1364,.T.);
#1362 = VERTEX_POINT('',#1363);
#1363 = CARTESIAN_POINT('',(27.228718707869,-10.6,0.));
#1364 = LINE('',#1365,#1366);
#1365 = CARTESIAN_POINT('',(27.228718707869,-7.399999999994,0.));
#1366 = VECTOR('',#1367,1.);
#1367 = DIRECTION('',(0.,-1.,0.));
#1368 = ORIENTED_EDGE('',*,*,#1369,.F.);
#1369 = EDGE_CURVE('',#244,#1362,#1370,.T.);
#1370 = LINE('',#1371,#1372);
#1371 = CARTESIAN_POINT('',(27.228718707869,-10.6,-3.));
#1372 = VECTOR('',#1373,1.);
#1373 = DIRECTION('',(0.,0.,1.));
#1374 = ORIENTED_EDGE('',*,*,#241,.F.);
#1375 = PLANE('',#1376);
#1376 = AXIS2_PLACEMENT_3D('',#1377,#1378,#1379);
#1377 = CARTESIAN_POINT('',(27.228718707869,-7.399999999994,-3.));
#1378 = DIRECTION('',(1.,0.,0.));
#1379 = DIRECTION('',(0.,-1.,0.));
#1380 = ADVANCED_FACE('',(#1381),#1399,.T.);
#1381 = FACE_BOUND('',#1382,.T.);
#1382 = EDGE_LOOP('',(#1383,#1384,#1392,#1398));
#1383 = ORIENTED_EDGE('',*,*,#1369,.T.);
#1384 = ORIENTED_EDGE('',*,*,#1385,.T.);
#1385 = EDGE_CURVE('',#1362,#1386,#1388,.T.);
#1386 = VERTEX_POINT('',#1387);
#1387 = CARTESIAN_POINT('',(29.999999999997,-12.2,0.));
#1388 = LINE('',#1389,#1390);
#1389 = CARTESIAN_POINT('',(27.228718707869,-10.6,0.));
#1390 = VECTOR('',#1391,1.);
#1391 = DIRECTION('',(0.866025403787,-0.499999999996,0.));
#1392 = ORIENTED_EDGE('',*,*,#1393,.F.);
#1393 = EDGE_CURVE('',#276,#1386,#1394,.T.);
#1394 = LINE('',#1395,#1396);
#1395 = CARTESIAN_POINT('',(29.999999999997,-12.2,-3.));
#1396 = VECTOR('',#1397,1.);
#1397 = DIRECTION('',(0.,0.,1.));
#1398 = ORIENTED_EDGE('',*,*,#283,.F.);
#1399 = PLANE('',#1400);
#1400 = AXIS2_PLACEMENT_3D('',#1401,#1402,#1403);
#1401 = CARTESIAN_POINT('',(27.228718707869,-10.6,-3.));
#1402 = DIRECTION('',(0.499999999996,0.866025403787,0.));
#1403 = DIRECTION('',(0.866025403787,-0.499999999996,0.));
#1404 = ADVANCED_FACE('',(#1405),#1423,.T.);
#1405 = FACE_BOUND('',#1406,.T.);
#1406 = EDGE_LOOP('',(#1407,#1408,#1416,#1422));
#1407 = ORIENTED_EDGE('',*,*,#1393,.T.);
#1408 = ORIENTED_EDGE('',*,*,#1409,.T.);
#1409 = EDGE_CURVE('',#1386,#1410,#1412,.T.);
#1410 = VERTEX_POINT('',#1411);
#1411 = CARTESIAN_POINT('',(32.771281292129,-10.6,0.));
#1412 = LINE('',#1413,#1414);
#1413 = CARTESIAN_POINT('',(29.999999999997,-12.2,0.));
#1414 = VECTOR('',#1415,1.);
#1415 = DIRECTION('',(0.866025403787,0.499999999996,0.));
#1416 = ORIENTED_EDGE('',*,*,#1417,.F.);
#1417 = EDGE_CURVE('',#268,#1410,#1418,.T.);
#1418 = LINE('',#1419,#1420);
#1419 = CARTESIAN_POINT('',(32.771281292129,-10.6,-3.));
#1420 = VECTOR('',#1421,1.);
#1421 = DIRECTION('',(0.,0.,1.));
#1422 = ORIENTED_EDGE('',*,*,#275,.F.);
#1423 = PLANE('',#1424);
#1424 = AXIS2_PLACEMENT_3D('',#1425,#1426,#1427);
#1425 = CARTESIAN_POINT('',(29.999999999997,-12.2,-3.));
#1426 = DIRECTION('',(-0.499999999996,0.866025403787,0.));
#1427 = DIRECTION('',(0.866025403787,0.499999999996,0.));
#1428 = ADVANCED_FACE('',(#1429),#1447,.T.);
#1429 = FACE_BOUND('',#1430,.T.);
#1430 = EDGE_LOOP('',(#1431,#1432,#1440,#1446));
#1431 = ORIENTED_EDGE('',*,*,#1417,.T.);
#1432 = ORIENTED_EDGE('',*,*,#1433,.T.);
#1433 = EDGE_CURVE('',#1410,#1434,#1436,.T.);
#1434 = VERTEX_POINT('',#1435);
#1435 = CARTESIAN_POINT('',(32.771281292129,-7.399999999994,0.));
#1436 = LINE('',#1437,#1438);
#1437 = CARTESIAN_POINT('',(32.771281292129,-10.6,0.));
#1438 = VECTOR('',#1439,1.);
#1439 = DIRECTION('',(0.,1.,0.));
#1440 = ORIENTED_EDGE('',*,*,#1441,.F.);
#1441 = EDGE_CURVE('',#260,#1434,#1442,.T.);
#1442 = LINE('',#1443,#1444);
#1443 = CARTESIAN_POINT('',(32.771281292129,-7.399999999994,-3.));
#1444 = VECTOR('',#1445,1.);
#1445 = DIRECTION('',(0.,0.,1.));
#1446 = ORIENTED_EDGE('',*,*,#267,.F.);
#1447 = PLANE('',#1448);
#1448 = AXIS2_PLACEMENT_3D('',#1449,#1450,#1451);
#1449 = CARTESIAN_POINT('',(32.771281292129,-10.6,-3.));
#1450 = DIRECTION('',(-1.,0.,0.));
#1451 = DIRECTION('',(0.,1.,0.));
#1452 = ADVANCED_FACE('',(#1453),#1471,.T.);
#1453 = FACE_BOUND('',#1454,.T.);
#1454 = EDGE_LOOP('',(#1455,#1456,#1464,#1470));
#1455 = ORIENTED_EDGE('',*,*,#1441,.T.);
#1456 = ORIENTED_EDGE('',*,*,#1457,.T.);
#1457 = EDGE_CURVE('',#1434,#1458,#1460,.T.);
#1458 = VERTEX_POINT('',#1459);
#1459 = CARTESIAN_POINT('',(29.999999999997,-5.799999999999,0.));
#1460 = LINE('',#1461,#1462);
#1461 = CARTESIAN_POINT('',(32.771281292129,-7.399999999994,0.));
#1462 = VECTOR('',#1463,1.);
#1463 = DIRECTION('',(-0.866025403787,0.499999999996,-0.));
#1464 = ORIENTED_EDGE('',*,*,#1465,.F.);
#1465 = EDGE_CURVE('',#252,#1458,#1466,.T.);
#1466 = LINE('',#1467,#1468);
#1467 = CARTESIAN_POINT('',(29.999999999997,-5.799999999999,-3.));
#1468 = VECTOR('',#1469,1.);
#1469 = DIRECTION('',(0.,0.,1.));
#1470 = ORIENTED_EDGE('',*,*,#259,.F.);
#1471 = PLANE('',#1472);
#1472 = AXIS2_PLACEMENT_3D('',#1473,#1474,#1475);
#1473 = CARTESIAN_POINT('',(32.771281292129,-7.399999999994,-3.));
#1474 = DIRECTION('',(-0.499999999996,-0.866025403787,0.));
#1475 = DIRECTION('',(-0.866025403787,0.499999999996,0.));
#1476 = ADVANCED_FACE('',(#1477),#1488,.T.);
#1477 = FACE_BOUND('',#1478,.T.);
#1478 = EDGE_LOOP('',(#1479,#1480,#1486,#1487));
#1479 = ORIENTED_EDGE('',*,*,#1465,.T.);
#1480 = ORIENTED_EDGE('',*,*,#1481,.T.);
#1481 = EDGE_CURVE('',#1458,#1354,#1482,.T.);
#1482 = LINE('',#1483,#1484);
#1483 = CARTESIAN_POINT('',(29.999999999997,-5.799999999999,0.));
#1484 = VECTOR('',#1485,1.);
#1485 = DIRECTION('',(-0.866025403787,-0.499999999996,0.));
#1486 = ORIENTED_EDGE('',*,*,#1353,.F.);
#1487 = ORIENTED_EDGE('',*,*,#251,.F.);
#1488 = PLANE('',#1489);
#1489 = AXIS2_PLACEMENT_3D('',#1490,#1491,#1492);
#1490 = CARTESIAN_POINT('',(29.999999999997,-5.799999999999,-3.));
#1491 = DIRECTION('',(0.499999999996,-0.866025403787,0.));
#1492 = DIRECTION('',(-0.866025403787,-0.499999999996,0.));
#1493 = ADVANCED_FACE('',(#1494),#1519,.T.);
#1494 = FACE_BOUND('',#1495,.T.);
#1495 = EDGE_LOOP('',(#1496,#1504,#1512,#1518));
#1496 = ORIENTED_EDGE('',*,*,#1497,.T.);
#1497 = EDGE_CURVE('',#292,#1498,#1500,.T.);
#1498 = VERTEX_POINT('',#1499);
#1499 = CARTESIAN_POINT('',(-29.72871870789,7.4,0.));
#1500 = LINE('',#1501,#1502);
#1501 = CARTESIAN_POINT('',(-29.72871870789,7.4,-3.));
#1502 = VECTOR('',#1503,1.);
#1503 = DIRECTION('',(0.,0.,1.));
#1504 = ORIENTED_EDGE('',*,*,#1505,.T.);
#1505 = EDGE_CURVE('',#1498,#1506,#1508,.T.);
#1506 = VERTEX_POINT('',#1507);
#1507 = CARTESIAN_POINT('',(-29.72871870789,10.6,0.));
#1508 = LINE('',#1509,#1510);
#1509 = CARTESIAN_POINT('',(-29.72871870789,7.4,0.));
#1510 = VECTOR('',#1511,1.);
#1511 = DIRECTION('',(0.,1.,0.));
#1512 = ORIENTED_EDGE('',*,*,#1513,.F.);
#1513 = EDGE_CURVE('',#294,#1506,#1514,.T.);
#1514 = LINE('',#1515,#1516);
#1515 = CARTESIAN_POINT('',(-29.72871870789,10.6,-3.));
#1516 = VECTOR('',#1517,1.);
#1517 = DIRECTION('',(0.,0.,1.));
#1518 = ORIENTED_EDGE('',*,*,#291,.F.);
#1519 = PLANE('',#1520);
#1520 = AXIS2_PLACEMENT_3D('',#1521,#1522,#1523);
#1521 = CARTESIAN_POINT('',(-29.72871870789,7.4,-3.));
#1522 = DIRECTION('',(-1.,0.,0.));
#1523 = DIRECTION('',(0.,1.,0.));
#1524 = ADVANCED_FACE('',(#1525),#1543,.T.);
#1525 = FACE_BOUND('',#1526,.T.);
#1526 = EDGE_LOOP('',(#1527,#1528,#1536,#1542));
#1527 = ORIENTED_EDGE('',*,*,#1513,.T.);
#1528 = ORIENTED_EDGE('',*,*,#1529,.T.);
#1529 = EDGE_CURVE('',#1506,#1530,#1532,.T.);
#1530 = VERTEX_POINT('',#1531);
#1531 = CARTESIAN_POINT('',(-32.5,12.2,0.));
#1532 = LINE('',#1533,#1534);
#1533 = CARTESIAN_POINT('',(-29.72871870789,10.6,0.));
#1534 = VECTOR('',#1535,1.);
#1535 = DIRECTION('',(-0.866025403784,0.5,-0.));
#1536 = ORIENTED_EDGE('',*,*,#1537,.F.);
#1537 = EDGE_CURVE('',#326,#1530,#1538,.T.);
#1538 = LINE('',#1539,#1540);
#1539 = CARTESIAN_POINT('',(-32.5,12.2,-3.));
#1540 = VECTOR('',#1541,1.);
#1541 = DIRECTION('',(0.,0.,1.));
#1542 = ORIENTED_EDGE('',*,*,#333,.F.);
#1543 = PLANE('',#1544);
#1544 = AXIS2_PLACEMENT_3D('',#1545,#1546,#1547);
#1545 = CARTESIAN_POINT('',(-29.72871870789,10.6,-3.));
#1546 = DIRECTION('',(-0.5,-0.866025403784,0.));
#1547 = DIRECTION('',(-0.866025403784,0.5,0.));
#1548 = ADVANCED_FACE('',(#1549),#1567,.T.);
#1549 = FACE_BOUND('',#1550,.T.);
#1550 = EDGE_LOOP('',(#1551,#1552,#1560,#1566));
#1551 = ORIENTED_EDGE('',*,*,#1537,.T.);
#1552 = ORIENTED_EDGE('',*,*,#1553,.T.);
#1553 = EDGE_CURVE('',#1530,#1554,#1556,.T.);
#1554 = VERTEX_POINT('',#1555);
#1555 = CARTESIAN_POINT('',(-35.27128129211,10.6,0.));
#1556 = LINE('',#1557,#1558);
#1557 = CARTESIAN_POINT('',(-32.5,12.2,0.));
#1558 = VECTOR('',#1559,1.);
#1559 = DIRECTION('',(-0.866025403784,-0.5,0.));
#1560 = ORIENTED_EDGE('',*,*,#1561,.F.);
#1561 = EDGE_CURVE('',#318,#1554,#1562,.T.);
#1562 = LINE('',#1563,#1564);
#1563 = CARTESIAN_POINT('',(-35.27128129211,10.6,-3.));
#1564 = VECTOR('',#1565,1.);
#1565 = DIRECTION('',(0.,0.,1.));
#1566 = ORIENTED_EDGE('',*,*,#325,.F.);
#1567 = PLANE('',#1568);
#1568 = AXIS2_PLACEMENT_3D('',#1569,#1570,#1571);
#1569 = CARTESIAN_POINT('',(-32.5,12.2,-3.));
#1570 = DIRECTION('',(0.5,-0.866025403784,0.));
#1571 = DIRECTION('',(-0.866025403784,-0.5,0.));
#1572 = ADVANCED_FACE('',(#1573),#1591,.T.);
#1573 = FACE_BOUND('',#1574,.T.);
#1574 = EDGE_LOOP('',(#1575,#1576,#1584,#1590));
#1575 = ORIENTED_EDGE('',*,*,#1561,.T.);
#1576 = ORIENTED_EDGE('',*,*,#1577,.T.);
#1577 = EDGE_CURVE('',#1554,#1578,#1580,.T.);
#1578 = VERTEX_POINT('',#1579);
#1579 = CARTESIAN_POINT('',(-35.27128129211,7.4,0.));
#1580 = LINE('',#1581,#1582);
#1581 = CARTESIAN_POINT('',(-35.27128129211,10.6,0.));
#1582 = VECTOR('',#1583,1.);
#1583 = DIRECTION('',(0.,-1.,0.));
#1584 = ORIENTED_EDGE('',*,*,#1585,.F.);
#1585 = EDGE_CURVE('',#310,#1578,#1586,.T.);
#1586 = LINE('',#1587,#1588);
#1587 = CARTESIAN_POINT('',(-35.27128129211,7.4,-3.));
#1588 = VECTOR('',#1589,1.);
#1589 = DIRECTION('',(0.,0.,1.));
#1590 = ORIENTED_EDGE('',*,*,#317,.F.);
#1591 = PLANE('',#1592);
#1592 = AXIS2_PLACEMENT_3D('',#1593,#1594,#1595);
#1593 = CARTESIAN_POINT('',(-35.27128129211,10.6,-3.));
#1594 = DIRECTION('',(1.,0.,0.));
#1595 = DIRECTION('',(0.,-1.,0.));
#1596 = ADVANCED_FACE('',(#1597),#1615,.T.);
#1597 = FACE_BOUND('',#1598,.T.);
#1598 = EDGE_LOOP('',(#1599,#1600,#1608,#1614));
#1599 = ORIENTED_EDGE('',*,*,#1585,.T.);
#1600 = ORIENTED_EDGE('',*,*,#1601,.T.);
#1601 = EDGE_CURVE('',#1578,#1602,#1604,.T.);
#1602 = VERTEX_POINT('',#1603);
#1603 = CARTESIAN_POINT('',(-32.5,5.8,0.));
#1604 = LINE('',#1605,#1606);
#1605 = CARTESIAN_POINT('',(-35.27128129211,7.4,0.));
#1606 = VECTOR('',#1607,1.);
#1607 = DIRECTION('',(0.866025403784,-0.5,0.));
#1608 = ORIENTED_EDGE('',*,*,#1609,.F.);
#1609 = EDGE_CURVE('',#302,#1602,#1610,.T.);
#1610 = LINE('',#1611,#1612);
#1611 = CARTESIAN_POINT('',(-32.5,5.8,-3.));
#1612 = VECTOR('',#1613,1.);
#1613 = DIRECTION('',(0.,0.,1.));
#1614 = ORIENTED_EDGE('',*,*,#309,.F.);
#1615 = PLANE('',#1616);
#1616 = AXIS2_PLACEMENT_3D('',#1617,#1618,#1619);
#1617 = CARTESIAN_POINT('',(-35.27128129211,7.4,-3.));
#1618 = DIRECTION('',(0.5,0.866025403784,0.));
#1619 = DIRECTION('',(0.866025403784,-0.5,0.));
#1620 = ADVANCED_FACE('',(#1621),#1632,.T.);
#1621 = FACE_BOUND('',#1622,.T.);
#1622 = EDGE_LOOP('',(#1623,#1624,#1630,#1631));
#1623 = ORIENTED_EDGE('',*,*,#1609,.T.);
#1624 = ORIENTED_EDGE('',*,*,#1625,.T.);
#1625 = EDGE_CURVE('',#1602,#1498,#1626,.T.);
#1626 = LINE('',#1627,#1628);
#1627 = CARTESIAN_POINT('',(-32.5,5.8,0.));
#1628 = VECTOR('',#1629,1.);
#1629 = DIRECTION('',(0.866025403784,0.5,0.));
#1630 = ORIENTED_EDGE('',*,*,#1497,.F.);
#1631 = ORIENTED_EDGE('',*,*,#301,.F.);
#1632 = PLANE('',#1633);
#1633 = AXIS2_PLACEMENT_3D('',#1634,#1635,#1636);
#1634 = CARTESIAN_POINT('',(-32.5,5.8,-3.));
#1635 = DIRECTION('',(-0.5,0.866025403784,0.));
#1636 = DIRECTION('',(0.866025403784,0.5,0.));
#1637 = ADVANCED_FACE('',(#1638),#1663,.T.);
#1638 = FACE_BOUND('',#1639,.T.);
#1639 = EDGE_LOOP('',(#1640,#1648,#1656,#1662));
#1640 = ORIENTED_EDGE('',*,*,#1641,.T.);
#1641 = EDGE_CURVE('',#342,#1642,#1644,.T.);
#1642 = VERTEX_POINT('',#1643);
#1643 = CARTESIAN_POINT('',(-17.8,9.,0.));
#1644 = LINE('',#1645,#1646);
#1645 = CARTESIAN_POINT('',(-17.8,9.,-3.));
#1646 = VECTOR('',#1647,1.);
#1647 = DIRECTION('',(0.,0.,1.));
#1648 = ORIENTED_EDGE('',*,*,#1649,.T.);
#1649 = EDGE_CURVE('',#1642,#1650,#1652,.T.);
#1650 = VERTEX_POINT('',#1651);
#1651 = CARTESIAN_POINT('',(-19.4,11.77128129211,0.));
#1652 = LINE('',#1653,#1654);
#1653 = CARTESIAN_POINT('',(-17.8,9.,0.));
#1654 = VECTOR('',#1655,1.);
#1655 = DIRECTION('',(-0.5,0.866025403784,-0.));
#1656 = ORIENTED_EDGE('',*,*,#1657,.F.);
#1657 = EDGE_CURVE('',#344,#1650,#1658,.T.);
#1658 = LINE('',#1659,#1660);
#1659 = CARTESIAN_POINT('',(-19.4,11.77128129211,-3.));
#1660 = VECTOR('',#1661,1.);
#1661 = DIRECTION('',(0.,0.,1.));
#1662 = ORIENTED_EDGE('',*,*,#341,.F.);
#1663 = PLANE('',#1664);
#1664 = AXIS2_PLACEMENT_3D('',#1665,#1666,#1667);
#1665 = CARTESIAN_POINT('',(-17.8,9.,-3.));
#1666 = DIRECTION('',(-0.866025403784,-0.5,0.));
#1667 = DIRECTION('',(-0.5,0.866025403784,0.));
#1668 = ADVANCED_FACE('',(#1669),#1687,.T.);
#1669 = FACE_BOUND('',#1670,.T.);
#1670 = EDGE_LOOP('',(#1671,#1672,#1680,#1686));
#1671 = ORIENTED_EDGE('',*,*,#1657,.T.);
#1672 = ORIENTED_EDGE('',*,*,#1673,.T.);
#1673 = EDGE_CURVE('',#1650,#1674,#1676,.T.);
#1674 = VERTEX_POINT('',#1675);
#1675 = CARTESIAN_POINT('',(-22.6,11.77128129211,0.));
#1676 = LINE('',#1677,#1678);
#1677 = CARTESIAN_POINT('',(-19.4,11.77128129211,0.));
#1678 = VECTOR('',#1679,1.);
#1679 = DIRECTION('',(-1.,0.,0.));
#1680 = ORIENTED_EDGE('',*,*,#1681,.F.);
#1681 = EDGE_CURVE('',#376,#1674,#1682,.T.);
#1682 = LINE('',#1683,#1684);
#1683 = CARTESIAN_POINT('',(-22.6,11.77128129211,-3.));
#1684 = VECTOR('',#1685,1.);
#1685 = DIRECTION('',(0.,0.,1.));
#1686 = ORIENTED_EDGE('',*,*,#383,.F.);
#1687 = PLANE('',#1688);
#1688 = AXIS2_PLACEMENT_3D('',#1689,#1690,#1691);
#1689 = CARTESIAN_POINT('',(-19.4,11.77128129211,-3.));
#1690 = DIRECTION('',(0.,-1.,0.));
#1691 = DIRECTION('',(-1.,0.,0.));
#1692 = ADVANCED_FACE('',(#1693),#1711,.T.);
#1693 = FACE_BOUND('',#1694,.T.);
#1694 = EDGE_LOOP('',(#1695,#1696,#1704,#1710));
#1695 = ORIENTED_EDGE('',*,*,#1681,.T.);
#1696 = ORIENTED_EDGE('',*,*,#1697,.T.);
#1697 = EDGE_CURVE('',#1674,#1698,#1700,.T.);
#1698 = VERTEX_POINT('',#1699);
#1699 = CARTESIAN_POINT('',(-24.2,9.,0.));
#1700 = LINE('',#1701,#1702);
#1701 = CARTESIAN_POINT('',(-22.6,11.77128129211,0.));
#1702 = VECTOR('',#1703,1.);
#1703 = DIRECTION('',(-0.5,-0.866025403784,0.));
#1704 = ORIENTED_EDGE('',*,*,#1705,.F.);
#1705 = EDGE_CURVE('',#368,#1698,#1706,.T.);
#1706 = LINE('',#1707,#1708);
#1707 = CARTESIAN_POINT('',(-24.2,9.,-3.));
#1708 = VECTOR('',#1709,1.);
#1709 = DIRECTION('',(0.,0.,1.));
#1710 = ORIENTED_EDGE('',*,*,#375,.F.);
#1711 = PLANE('',#1712);
#1712 = AXIS2_PLACEMENT_3D('',#1713,#1714,#1715);
#1713 = CARTESIAN_POINT('',(-22.6,11.77128129211,-3.));
#1714 = DIRECTION('',(0.866025403784,-0.5,0.));
#1715 = DIRECTION('',(-0.5,-0.866025403784,0.));
#1716 = ADVANCED_FACE('',(#1717),#1735,.T.);
#1717 = FACE_BOUND('',#1718,.T.);
#1718 = EDGE_LOOP('',(#1719,#1720,#1728,#1734));
#1719 = ORIENTED_EDGE('',*,*,#1705,.T.);
#1720 = ORIENTED_EDGE('',*,*,#1721,.T.);
#1721 = EDGE_CURVE('',#1698,#1722,#1724,.T.);
#1722 = VERTEX_POINT('',#1723);
#1723 = CARTESIAN_POINT('',(-22.6,6.22871870789,0.));
#1724 = LINE('',#1725,#1726);
#1725 = CARTESIAN_POINT('',(-24.2,9.,0.));
#1726 = VECTOR('',#1727,1.);
#1727 = DIRECTION('',(0.5,-0.866025403784,0.));
#1728 = ORIENTED_EDGE('',*,*,#1729,.F.);
#1729 = EDGE_CURVE('',#360,#1722,#1730,.T.);
#1730 = LINE('',#1731,#1732);
#1731 = CARTESIAN_POINT('',(-22.6,6.22871870789,-3.));
#1732 = VECTOR('',#1733,1.);
#1733 = DIRECTION('',(0.,0.,1.));
#1734 = ORIENTED_EDGE('',*,*,#367,.F.);
#1735 = PLANE('',#1736);
#1736 = AXIS2_PLACEMENT_3D('',#1737,#1738,#1739);
#1737 = CARTESIAN_POINT('',(-24.2,9.,-3.));
#1738 = DIRECTION('',(0.866025403784,0.5,0.));
#1739 = DIRECTION('',(0.5,-0.866025403784,0.));
#1740 = ADVANCED_FACE('',(#1741),#1759,.T.);
#1741 = FACE_BOUND('',#1742,.T.);
#1742 = EDGE_LOOP('',(#1743,#1744,#1752,#1758));
#1743 = ORIENTED_EDGE('',*,*,#1729,.T.);
#1744 = ORIENTED_EDGE('',*,*,#1745,.T.);
#1745 = EDGE_CURVE('',#1722,#1746,#1748,.T.);
#1746 = VERTEX_POINT('',#1747);
#1747 = CARTESIAN_POINT('',(-19.4,6.22871870789,0.));
#1748 = LINE('',#1749,#1750);
#1749 = CARTESIAN_POINT('',(-22.6,6.22871870789,0.));
#1750 = VECTOR('',#1751,1.);
#1751 = DIRECTION('',(1.,0.,0.));
#1752 = ORIENTED_EDGE('',*,*,#1753,.F.);
#1753 = EDGE_CURVE('',#352,#1746,#1754,.T.);
#1754 = LINE('',#1755,#1756);
#1755 = CARTESIAN_POINT('',(-19.4,6.22871870789,-3.));
#1756 = VECTOR('',#1757,1.);
#1757 = DIRECTION('',(0.,0.,1.));
#1758 = ORIENTED_EDGE('',*,*,#359,.F.);
#1759 = PLANE('',#1760);
#1760 = AXIS2_PLACEMENT_3D('',#1761,#1762,#1763);
#1761 = CARTESIAN_POINT('',(-22.6,6.22871870789,-3.));
#1762 = DIRECTION('',(0.,1.,0.));
#1763 = DIRECTION('',(1.,0.,0.));
#1764 = ADVANCED_FACE('',(#1765),#1776,.T.);
#1765 = FACE_BOUND('',#1766,.T.);
#1766 = EDGE_LOOP('',(#1767,#1768,#1774,#1775));
#1767 = ORIENTED_EDGE('',*,*,#1753,.T.);
#1768 = ORIENTED_EDGE('',*,*,#1769,.T.);
#1769 = EDGE_CURVE('',#1746,#1642,#1770,.T.);
#1770 = LINE('',#1771,#1772);
#1771 = CARTESIAN_POINT('',(-19.4,6.22871870789,0.));
#1772 = VECTOR('',#1773,1.);
#1773 = DIRECTION('',(0.5,0.866025403784,0.));
#1774 = ORIENTED_EDGE('',*,*,#1641,.F.);
#1775 = ORIENTED_EDGE('',*,*,#351,.F.);
#1776 = PLANE('',#1777);
#1777 = AXIS2_PLACEMENT_3D('',#1778,#1779,#1780);
#1778 = CARTESIAN_POINT('',(-19.4,6.22871870789,-3.));
#1779 = DIRECTION('',(-0.866025403784,0.5,0.));
#1780 = DIRECTION('',(0.5,0.866025403784,0.));
#1781 = ADVANCED_FACE('',(#1782),#1807,.F.);
#1782 = FACE_BOUND('',#1783,.F.);
#1783 = EDGE_LOOP('',(#1784,#1792,#1800,#1806));
#1784 = ORIENTED_EDGE('',*,*,#1785,.T.);
#1785 = EDGE_CURVE('',#392,#1786,#1788,.T.);
#1786 = VERTEX_POINT('',#1787);
#1787 = CARTESIAN_POINT('',(16.899999999952,6.228718707871,0.));
#1788 = LINE('',#1789,#1790);
#1789 = CARTESIAN_POINT('',(16.899999999952,6.228718707871,-3.));
#1790 = VECTOR('',#1791,1.);
#1791 = DIRECTION('',(0.,0.,1.));
#1792 = ORIENTED_EDGE('',*,*,#1793,.T.);
#1793 = EDGE_CURVE('',#1786,#1794,#1796,.T.);
#1794 = VERTEX_POINT('',#1795);
#1795 = CARTESIAN_POINT('',(15.299999999944,9.000000000001,0.));
#1796 = LINE('',#1797,#1798);
#1797 = CARTESIAN_POINT('',(16.899999999952,6.228718707871,0.));
#1798 = VECTOR('',#1799,1.);
#1799 = DIRECTION('',(-0.499999999999,0.866025403785,-0.));
#1800 = ORIENTED_EDGE('',*,*,#1801,.F.);
#1801 = EDGE_CURVE('',#394,#1794,#1802,.T.);
#1802 = LINE('',#1803,#1804);
#1803 = CARTESIAN_POINT('',(15.299999999944,9.000000000001,-3.));
#1804 = VECTOR('',#1805,1.);
#1805 = DIRECTION('',(0.,0.,1.));
#1806 = ORIENTED_EDGE('',*,*,#391,.F.);
#1807 = PLANE('',#1808);
#1808 = AXIS2_PLACEMENT_3D('',#1809,#1810,#1811);
#1809 = CARTESIAN_POINT('',(16.899999999952,6.228718707871,-3.));
#1810 = DIRECTION('',(-0.866025403785,-0.499999999999,0.));
#1811 = DIRECTION('',(-0.499999999999,0.866025403785,0.));
#1812 = ADVANCED_FACE('',(#1813),#1831,.F.);
#1813 = FACE_BOUND('',#1814,.F.);
#1814 = EDGE_LOOP('',(#1815,#1823,#1829,#1830));
#1815 = ORIENTED_EDGE('',*,*,#1816,.T.);
#1816 = EDGE_CURVE('',#426,#1817,#1819,.T.);
#1817 = VERTEX_POINT('',#1818);
#1818 = CARTESIAN_POINT('',(20.099999999972,6.228718707871,0.));
#1819 = LINE('',#1820,#1821);
#1820 = CARTESIAN_POINT('',(20.099999999972,6.228718707871,-3.));
#1821 = VECTOR('',#1822,1.);
#1822 = DIRECTION('',(0.,0.,1.));
#1823 = ORIENTED_EDGE('',*,*,#1824,.T.);
#1824 = EDGE_CURVE('',#1817,#1786,#1825,.T.);
#1825 = LINE('',#1826,#1827);
#1826 = CARTESIAN_POINT('',(20.099999999972,6.228718707871,0.));
#1827 = VECTOR('',#1828,1.);
#1828 = DIRECTION('',(-1.,0.,0.));
#1829 = ORIENTED_EDGE('',*,*,#1785,.F.);
#1830 = ORIENTED_EDGE('',*,*,#433,.F.);
#1831 = PLANE('',#1832);
#1832 = AXIS2_PLACEMENT_3D('',#1833,#1834,#1835);
#1833 = CARTESIAN_POINT('',(20.099999999972,6.228718707871,-3.));
#1834 = DIRECTION('',(0.,-1.,0.));
#1835 = DIRECTION('',(-1.,0.,0.));
#1836 = ADVANCED_FACE('',(#1837),#1855,.F.);
#1837 = FACE_BOUND('',#1838,.F.);
#1838 = EDGE_LOOP('',(#1839,#1847,#1853,#1854));
#1839 = ORIENTED_EDGE('',*,*,#1840,.T.);
#1840 = EDGE_CURVE('',#418,#1841,#1843,.T.);
#1841 = VERTEX_POINT('',#1842);
#1842 = CARTESIAN_POINT('',(21.700000000044,8.999999999968,0.));
#1843 = LINE('',#1844,#1845);
#1844 = CARTESIAN_POINT('',(21.700000000044,8.999999999968,-3.));
#1845 = VECTOR('',#1846,1.);
#1846 = DIRECTION('',(0.,0.,1.));
#1847 = ORIENTED_EDGE('',*,*,#1848,.T.);
#1848 = EDGE_CURVE('',#1841,#1817,#1849,.T.);
#1849 = LINE('',#1850,#1851);
#1850 = CARTESIAN_POINT('',(21.700000000044,8.999999999968,0.));
#1851 = VECTOR('',#1852,1.);
#1852 = DIRECTION('',(-0.500000000018,-0.866025403774,0.));
#1853 = ORIENTED_EDGE('',*,*,#1816,.F.);
#1854 = ORIENTED_EDGE('',*,*,#425,.F.);
#1855 = PLANE('',#1856);
#1856 = AXIS2_PLACEMENT_3D('',#1857,#1858,#1859);
#1857 = CARTESIAN_POINT('',(21.700000000044,8.999999999968,-3.));
#1858 = DIRECTION('',(0.866025403774,-0.500000000018,0.));
#1859 = DIRECTION('',(-0.500000000018,-0.866025403774,0.));
#1860 = ADVANCED_FACE('',(#1861),#1879,.F.);
#1861 = FACE_BOUND('',#1862,.F.);
#1862 = EDGE_LOOP('',(#1863,#1871,#1877,#1878));
#1863 = ORIENTED_EDGE('',*,*,#1864,.T.);
#1864 = EDGE_CURVE('',#410,#1865,#1867,.T.);
#1865 = VERTEX_POINT('',#1866);
#1866 = CARTESIAN_POINT('',(20.100000000025,11.771281292097,0.));
#1867 = LINE('',#1868,#1869);
#1868 = CARTESIAN_POINT('',(20.100000000025,11.771281292097,-3.));
#1869 = VECTOR('',#1870,1.);
#1870 = DIRECTION('',(0.,0.,1.));
#1871 = ORIENTED_EDGE('',*,*,#1872,.T.);
#1872 = EDGE_CURVE('',#1865,#1841,#1873,.T.);
#1873 = LINE('',#1874,#1875);
#1874 = CARTESIAN_POINT('',(20.100000000025,11.771281292097,0.));
#1875 = VECTOR('',#1876,1.);
#1876 = DIRECTION('',(0.500000000002,-0.866025403783,0.));
#1877 = ORIENTED_EDGE('',*,*,#1840,.F.);
#1878 = ORIENTED_EDGE('',*,*,#417,.F.);
#1879 = PLANE('',#1880);
#1880 = AXIS2_PLACEMENT_3D('',#1881,#1882,#1883);
#1881 = CARTESIAN_POINT('',(20.100000000025,11.771281292097,-3.));
#1882 = DIRECTION('',(0.866025403783,0.500000000002,0.));
#1883 = DIRECTION('',(0.500000000002,-0.866025403783,0.));
#1884 = ADVANCED_FACE('',(#1885),#1903,.F.);
#1885 = FACE_BOUND('',#1886,.F.);
#1886 = EDGE_LOOP('',(#1887,#1895,#1901,#1902));
#1887 = ORIENTED_EDGE('',*,*,#1888,.T.);
#1888 = EDGE_CURVE('',#402,#1889,#1891,.T.);
#1889 = VERTEX_POINT('',#1890);
#1890 = CARTESIAN_POINT('',(16.899999999994,11.771281292142,0.));
#1891 = LINE('',#1892,#1893);
#1892 = CARTESIAN_POINT('',(16.899999999994,11.771281292142,-3.));
#1893 = VECTOR('',#1894,1.);
#1894 = DIRECTION('',(0.,0.,1.));
#1895 = ORIENTED_EDGE('',*,*,#1896,.T.);
#1896 = EDGE_CURVE('',#1889,#1865,#1897,.T.);
#1897 = LINE('',#1898,#1899);
#1898 = CARTESIAN_POINT('',(16.899999999994,11.771281292142,0.));
#1899 = VECTOR('',#1900,1.);
#1900 = DIRECTION('',(1.,-1.396771587268E-11,0.));
#1901 = ORIENTED_EDGE('',*,*,#1864,.F.);
#1902 = ORIENTED_EDGE('',*,*,#409,.F.);
#1903 = PLANE('',#1904);
#1904 = AXIS2_PLACEMENT_3D('',#1905,#1906,#1907);
#1905 = CARTESIAN_POINT('',(16.899999999994,11.771281292142,-3.));
#1906 = DIRECTION('',(1.396771587268E-11,1.,0.));
#1907 = DIRECTION('',(1.,-1.396771587268E-11,0.));
#1908 = ADVANCED_FACE('',(#1909),#1920,.F.);
#1909 = FACE_BOUND('',#1910,.F.);
#1910 = EDGE_LOOP('',(#1911,#1912,#1918,#1919));
#1911 = ORIENTED_EDGE('',*,*,#1801,.T.);
#1912 = ORIENTED_EDGE('',*,*,#1913,.T.);
#1913 = EDGE_CURVE('',#1794,#1889,#1914,.T.);
#1914 = LINE('',#1915,#1916);
#1915 = CARTESIAN_POINT('',(15.299999999944,9.000000000001,0.));
#1916 = VECTOR('',#1917,1.);
#1917 = DIRECTION('',(0.500000000008,0.86602540378,0.));
#1918 = ORIENTED_EDGE('',*,*,#1888,.F.);
#1919 = ORIENTED_EDGE('',*,*,#401,.F.);
#1920 = PLANE('',#1921);
#1921 = AXIS2_PLACEMENT_3D('',#1922,#1923,#1924);
#1922 = CARTESIAN_POINT('',(15.299999999944,9.000000000001,-3.));
#1923 = DIRECTION('',(-0.86602540378,0.500000000008,0.));
#1924 = DIRECTION('',(0.500000000008,0.86602540378,0.));
#1925 = ADVANCED_FACE('',(#1926),#1951,.F.);
#1926 = FACE_BOUND('',#1927,.F.);
#1927 = EDGE_LOOP('',(#1928,#1936,#1944,#1950));
#1928 = ORIENTED_EDGE('',*,*,#1929,.T.);
#1929 = EDGE_CURVE('',#442,#1930,#1932,.T.);
#1930 = VERTEX_POINT('',#1931);
#1931 = CARTESIAN_POINT('',(29.999999999997,5.799999999999,0.));
#1932 = LINE('',#1933,#1934);
#1933 = CARTESIAN_POINT('',(29.999999999997,5.799999999999,-3.));
#1934 = VECTOR('',#1935,1.);
#1935 = DIRECTION('',(0.,0.,1.));
#1936 = ORIENTED_EDGE('',*,*,#1937,.T.);
#1937 = EDGE_CURVE('',#1930,#1938,#1940,.T.);
#1938 = VERTEX_POINT('',#1939);
#1939 = CARTESIAN_POINT('',(27.228718707869,7.399999999994,0.));
#1940 = LINE('',#1941,#1942);
#1941 = CARTESIAN_POINT('',(29.999999999997,5.799999999999,0.));
#1942 = VECTOR('',#1943,1.);
#1943 = DIRECTION('',(-0.866025403787,0.499999999996,-0.));
#1944 = ORIENTED_EDGE('',*,*,#1945,.F.);
#1945 = EDGE_CURVE('',#444,#1938,#1946,.T.);
#1946 = LINE('',#1947,#1948);
#1947 = CARTESIAN_POINT('',(27.228718707869,7.399999999994,-3.));
#1948 = VECTOR('',#1949,1.);
#1949 = DIRECTION('',(0.,0.,1.));
#1950 = ORIENTED_EDGE('',*,*,#441,.F.);
#1951 = PLANE('',#1952);
#1952 = AXIS2_PLACEMENT_3D('',#1953,#1954,#1955);
#1953 = CARTESIAN_POINT('',(29.999999999997,5.799999999999,-3.));
#1954 = DIRECTION('',(-0.499999999996,-0.866025403787,0.));
#1955 = DIRECTION('',(-0.866025403787,0.499999999996,0.));
#1956 = ADVANCED_FACE('',(#1957),#1975,.F.);
#1957 = FACE_BOUND('',#1958,.F.);
#1958 = EDGE_LOOP('',(#1959,#1967,#1973,#1974));
#1959 = ORIENTED_EDGE('',*,*,#1960,.T.);
#1960 = EDGE_CURVE('',#476,#1961,#1963,.T.);
#1961 = VERTEX_POINT('',#1962);
#1962 = CARTESIAN_POINT('',(32.771281292129,7.399999999994,0.));
#1963 = LINE('',#1964,#1965);
#1964 = CARTESIAN_POINT('',(32.771281292129,7.399999999994,-3.));
#1965 = VECTOR('',#1966,1.);
#1966 = DIRECTION('',(0.,0.,1.));
#1967 = ORIENTED_EDGE('',*,*,#1968,.T.);
#1968 = EDGE_CURVE('',#1961,#1930,#1969,.T.);
#1969 = LINE('',#1970,#1971);
#1970 = CARTESIAN_POINT('',(32.771281292129,7.399999999994,0.));
#1971 = VECTOR('',#1972,1.);
#1972 = DIRECTION('',(-0.866025403787,-0.499999999996,0.));
#1973 = ORIENTED_EDGE('',*,*,#1929,.F.);
#1974 = ORIENTED_EDGE('',*,*,#483,.F.);
#1975 = PLANE('',#1976);
#1976 = AXIS2_PLACEMENT_3D('',#1977,#1978,#1979);
#1977 = CARTESIAN_POINT('',(32.771281292129,7.399999999994,-3.));
#1978 = DIRECTION('',(0.499999999996,-0.866025403787,0.));
#1979 = DIRECTION('',(-0.866025403787,-0.499999999996,0.));
#1980 = ADVANCED_FACE('',(#1981),#1999,.F.);
#1981 = FACE_BOUND('',#1982,.F.);
#1982 = EDGE_LOOP('',(#1983,#1991,#1997,#1998));
#1983 = ORIENTED_EDGE('',*,*,#1984,.T.);
#1984 = EDGE_CURVE('',#468,#1985,#1987,.T.);
#1985 = VERTEX_POINT('',#1986);
#1986 = CARTESIAN_POINT('',(32.771281292129,10.600000000006,0.));
#1987 = LINE('',#1988,#1989);
#1988 = CARTESIAN_POINT('',(32.771281292129,10.600000000006,-3.));
#1989 = VECTOR('',#1990,1.);
#1990 = DIRECTION('',(0.,0.,1.));
#1991 = ORIENTED_EDGE('',*,*,#1992,.T.);
#1992 = EDGE_CURVE('',#1985,#1961,#1993,.T.);
#1993 = LINE('',#1994,#1995);
#1994 = CARTESIAN_POINT('',(32.771281292129,10.600000000006,0.));
#1995 = VECTOR('',#1996,1.);
#1996 = DIRECTION('',(0.,-1.,0.));
#1997 = ORIENTED_EDGE('',*,*,#1960,.F.);
#1998 = ORIENTED_EDGE('',*,*,#475,.F.);
#1999 = PLANE('',#2000);
#2000 = AXIS2_PLACEMENT_3D('',#2001,#2002,#2003);
#2001 = CARTESIAN_POINT('',(32.771281292129,10.600000000006,-3.));
#2002 = DIRECTION('',(1.,0.,0.));
#2003 = DIRECTION('',(0.,-1.,0.));
#2004 = ADVANCED_FACE('',(#2005),#2023,.F.);
#2005 = FACE_BOUND('',#2006,.F.);
#2006 = EDGE_LOOP('',(#2007,#2015,#2021,#2022));
#2007 = ORIENTED_EDGE('',*,*,#2008,.T.);
#2008 = EDGE_CURVE('',#460,#2009,#2011,.T.);
#2009 = VERTEX_POINT('',#2010);
#2010 = CARTESIAN_POINT('',(29.999999999997,12.200000000001,0.));
#2011 = LINE('',#2012,#2013);
#2012 = CARTESIAN_POINT('',(29.999999999997,12.200000000001,-3.));
#2013 = VECTOR('',#2014,1.);
#2014 = DIRECTION('',(0.,0.,1.));
#2015 = ORIENTED_EDGE('',*,*,#2016,.T.);
#2016 = EDGE_CURVE('',#2009,#1985,#2017,.T.);
#2017 = LINE('',#2018,#2019);
#2018 = CARTESIAN_POINT('',(29.999999999997,12.200000000001,0.));
#2019 = VECTOR('',#2020,1.);
#2020 = DIRECTION('',(0.866025403787,-0.499999999996,0.));
#2021 = ORIENTED_EDGE('',*,*,#1984,.F.);
#2022 = ORIENTED_EDGE('',*,*,#467,.F.);
#2023 = PLANE('',#2024);
#2024 = AXIS2_PLACEMENT_3D('',#2025,#2026,#2027);
#2025 = CARTESIAN_POINT('',(29.999999999997,12.200000000001,-3.));
#2026 = DIRECTION('',(0.499999999996,0.866025403787,0.));
#2027 = DIRECTION('',(0.866025403787,-0.499999999996,0.));
#2028 = ADVANCED_FACE('',(#2029),#2047,.F.);
#2029 = FACE_BOUND('',#2030,.F.);
#2030 = EDGE_LOOP('',(#2031,#2039,#2045,#2046));
#2031 = ORIENTED_EDGE('',*,*,#2032,.T.);
#2032 = EDGE_CURVE('',#452,#2033,#2035,.T.);
#2033 = VERTEX_POINT('',#2034);
#2034 = CARTESIAN_POINT('',(27.228718707869,10.600000000006,0.));
#2035 = LINE('',#2036,#2037);
#2036 = CARTESIAN_POINT('',(27.228718707869,10.600000000006,-3.));
#2037 = VECTOR('',#2038,1.);
#2038 = DIRECTION('',(0.,0.,1.));
#2039 = ORIENTED_EDGE('',*,*,#2040,.T.);
#2040 = EDGE_CURVE('',#2033,#2009,#2041,.T.);
#2041 = LINE('',#2042,#2043);
#2042 = CARTESIAN_POINT('',(27.228718707869,10.600000000006,0.));
#2043 = VECTOR('',#2044,1.);
#2044 = DIRECTION('',(0.866025403787,0.499999999996,0.));
#2045 = ORIENTED_EDGE('',*,*,#2008,.F.);
#2046 = ORIENTED_EDGE('',*,*,#459,.F.);
#2047 = PLANE('',#2048);
#2048 = AXIS2_PLACEMENT_3D('',#2049,#2050,#2051);
#2049 = CARTESIAN_POINT('',(27.228718707869,10.600000000006,-3.));
#2050 = DIRECTION('',(-0.499999999996,0.866025403787,0.));
#2051 = DIRECTION('',(0.866025403787,0.499999999996,0.));
#2052 = ADVANCED_FACE('',(#2053),#2064,.F.);
#2053 = FACE_BOUND('',#2054,.F.);
#2054 = EDGE_LOOP('',(#2055,#2056,#2062,#2063));
#2055 = ORIENTED_EDGE('',*,*,#1945,.T.);
#2056 = ORIENTED_EDGE('',*,*,#2057,.T.);
#2057 = EDGE_CURVE('',#1938,#2033,#2058,.T.);
#2058 = LINE('',#2059,#2060);
#2059 = CARTESIAN_POINT('',(27.228718707869,7.399999999994,0.));
#2060 = VECTOR('',#2061,1.);
#2061 = DIRECTION('',(0.,1.,0.));
#2062 = ORIENTED_EDGE('',*,*,#2032,.F.);
#2063 = ORIENTED_EDGE('',*,*,#451,.F.);
#2064 = PLANE('',#2065);
#2065 = AXIS2_PLACEMENT_3D('',#2066,#2067,#2068);
#2066 = CARTESIAN_POINT('',(27.228718707869,7.399999999994,-3.));
#2067 = DIRECTION('',(-1.,0.,0.));
#2068 = DIRECTION('',(0.,1.,0.));
#2069 = ADVANCED_FACE('',(#2070,#2084,#2095),#2106,.T.);
#2070 = FACE_BOUND('',#2071,.T.);
#2071 = EDGE_LOOP('',(#2072,#2073,#2074,#2075,#2076,#2077));
#2072 = ORIENTED_EDGE('',*,*,#596,.T.);
#2073 = ORIENTED_EDGE('',*,*,#537,.F.);
#2074 = ORIENTED_EDGE('',*,*,#506,.T.);
#2075 = ORIENTED_EDGE('',*,*,#553,.T.);
#2076 = ORIENTED_EDGE('',*,*,#716,.T.);
#2077 = ORIENTED_EDGE('',*,*,#2078,.T.);
#2078 = EDGE_CURVE('',#717,#597,#2079,.T.);
#2079 = CIRCLE('',#2080,303.1);
#2080 = AXIS2_PLACEMENT_3D('',#2081,#2082,#2083);
#2081 = CARTESIAN_POINT('',(275.,0.,15.));
#2082 = DIRECTION('',(0.,0.,-1.));
#2083 = DIRECTION('',(1.,0.,0.));
#2084 = FACE_BOUND('',#2085,.T.);
#2085 = EDGE_LOOP('',(#2086));
#2086 = ORIENTED_EDGE('',*,*,#2087,.F.);
#2087 = EDGE_CURVE('',#2088,#2088,#2090,.T.);
#2088 = VERTEX_POINT('',#2089);
#2089 = CARTESIAN_POINT('',(-30.95,-9.,15.));
#2090 = CIRCLE('',#2091,1.55);
#2091 = AXIS2_PLACEMENT_3D('',#2092,#2093,#2094);
#2092 = CARTESIAN_POINT('',(-32.5,-9.,15.));
#2093 = DIRECTION('',(0.,0.,1.));
#2094 = DIRECTION('',(1.,0.,0.));
#2095 = FACE_BOUND('',#2096,.T.);
#2096 = EDGE_LOOP('',(#2097));
#2097 = ORIENTED_EDGE('',*,*,#2098,.F.);
#2098 = EDGE_CURVE('',#2099,#2099,#2101,.T.);
#2099 = VERTEX_POINT('',#2100);
#2100 = CARTESIAN_POINT('',(-30.95,9.,15.));
#2101 = CIRCLE('',#2102,1.55);
#2102 = AXIS2_PLACEMENT_3D('',#2103,#2104,#2105);
#2103 = CARTESIAN_POINT('',(-32.5,9.,15.));
#2104 = DIRECTION('',(0.,0.,1.));
#2105 = DIRECTION('',(1.,0.,0.));
#2106 = PLANE('',#2107);
#2107 = AXIS2_PLACEMENT_3D('',#2108,#2109,#2110);
#2108 = CARTESIAN_POINT('',(-1.25,0.,15.));
#2109 = DIRECTION('',(0.,0.,1.));
#2110 = DIRECTION('',(1.,0.,0.));
#2111 = ADVANCED_FACE('',(#2112,#2126,#2137),#2148,.T.);
#2112 = FACE_BOUND('',#2113,.T.);
#2113 = EDGE_LOOP('',(#2114,#2115,#2116,#2117,#2124,#2125));
#2114 = ORIENTED_EDGE('',*,*,#906,.F.);
#2115 = ORIENTED_EDGE('',*,*,#863,.F.);
#2116 = ORIENTED_EDGE('',*,*,#578,.F.);
#2117 = ORIENTED_EDGE('',*,*,#2118,.F.);
#2118 = EDGE_CURVE('',#735,#579,#2119,.T.);
#2119 = CIRCLE('',#2120,250.);
#2120 = AXIS2_PLACEMENT_3D('',#2121,#2122,#2123);
#2121 = CARTESIAN_POINT('',(275.,0.,15.));
#2122 = DIRECTION('',(0.,0.,-1.));
#2123 = DIRECTION('',(1.,0.,0.));
#2124 = ORIENTED_EDGE('',*,*,#734,.F.);
#2125 = ORIENTED_EDGE('',*,*,#879,.T.);
#2126 = FACE_BOUND('',#2127,.T.);
#2127 = EDGE_LOOP('',(#2128));
#2128 = ORIENTED_EDGE('',*,*,#2129,.F.);
#2129 = EDGE_CURVE('',#2130,#2130,#2132,.T.);
#2130 = VERTEX_POINT('',#2131);
#2131 = CARTESIAN_POINT('',(31.55,-9.,15.));
#2132 = CIRCLE('',#2133,1.55);
#2133 = AXIS2_PLACEMENT_3D('',#2134,#2135,#2136);
#2134 = CARTESIAN_POINT('',(30.,-9.,15.));
#2135 = DIRECTION('',(0.,0.,1.));
#2136 = DIRECTION('',(1.,0.,0.));
#2137 = FACE_BOUND('',#2138,.T.);
#2138 = EDGE_LOOP('',(#2139));
#2139 = ORIENTED_EDGE('',*,*,#2140,.F.);
#2140 = EDGE_CURVE('',#2141,#2141,#2143,.T.);
#2141 = VERTEX_POINT('',#2142);
#2142 = CARTESIAN_POINT('',(31.55,9.,15.));
#2143 = CIRCLE('',#2144,1.55);
#2144 = AXIS2_PLACEMENT_3D('',#2145,#2146,#2147);
#2145 = CARTESIAN_POINT('',(30.,9.,15.));
#2146 = DIRECTION('',(0.,0.,1.));
#2147 = DIRECTION('',(1.,0.,0.));
#2148 = PLANE('',#2149);
#2149 = AXIS2_PLACEMENT_3D('',#2150,#2151,#2152);
#2150 = CARTESIAN_POINT('',(-1.25,0.,15.));
#2151 = DIRECTION('',(0.,0.,1.));
#2152 = DIRECTION('',(1.,0.,0.));
#2153 = ADVANCED_FACE('',(#2154),#2166,.T.);
#2154 = FACE_BOUND('',#2155,.F.);
#2155 = EDGE_LOOP('',(#2156,#2163,#2164,#2165));
#2156 = ORIENTED_EDGE('',*,*,#2157,.F.);
#2157 = EDGE_CURVE('',#695,#743,#2158,.T.);
#2158 = CIRCLE('',#2159,250.);
#2159 = AXIS2_PLACEMENT_3D('',#2160,#2161,#2162);
#2160 = CARTESIAN_POINT('',(275.,0.,0.));
#2161 = DIRECTION('',(0.,0.,1.));
#2162 = DIRECTION('',(1.,0.,0.));
#2163 = ORIENTED_EDGE('',*,*,#702,.F.);
#2164 = ORIENTED_EDGE('',*,*,#2118,.F.);
#2165 = ORIENTED_EDGE('',*,*,#742,.T.);
#2166 = CYLINDRICAL_SURFACE('',#2167,250.);
#2167 = AXIS2_PLACEMENT_3D('',#2168,#2169,#2170);
#2168 = CARTESIAN_POINT('',(275.,0.,0.));
#2169 = DIRECTION('',(-0.,-0.,-1.));
#2170 = DIRECTION('',(1.,0.,0.));
#2171 = ADVANCED_FACE('',(#2172),#2184,.T.);
#2172 = FACE_BOUND('',#2173,.T.);
#2173 = EDGE_LOOP('',(#2174,#2175,#2182,#2183));
#2174 = ORIENTED_EDGE('',*,*,#694,.F.);
#2175 = ORIENTED_EDGE('',*,*,#2176,.T.);
#2176 = EDGE_CURVE('',#687,#751,#2177,.T.);
#2177 = CIRCLE('',#2178,253.1);
#2178 = AXIS2_PLACEMENT_3D('',#2179,#2180,#2181);
#2179 = CARTESIAN_POINT('',(275.,0.,0.));
#2180 = DIRECTION('',(0.,0.,1.));
#2181 = DIRECTION('',(1.,0.,0.));
#2182 = ORIENTED_EDGE('',*,*,#750,.F.);
#2183 = ORIENTED_EDGE('',*,*,#2157,.F.);
#2184 = PLANE('',#2185);
#2185 = AXIS2_PLACEMENT_3D('',#2186,#2187,#2188);
#2186 = CARTESIAN_POINT('',(275.,1.673091654946E-15,0.));
#2187 = DIRECTION('',(0.,0.,1.));
#2188 = DIRECTION('',(1.,0.,0.));
#2189 = ADVANCED_FACE('',(#2190),#2202,.F.);
#2190 = FACE_BOUND('',#2191,.T.);
#2191 = EDGE_LOOP('',(#2192,#2193,#2194,#2201));
#2192 = ORIENTED_EDGE('',*,*,#2176,.F.);
#2193 = ORIENTED_EDGE('',*,*,#686,.F.);
#2194 = ORIENTED_EDGE('',*,*,#2195,.F.);
#2195 = EDGE_CURVE('',#759,#679,#2196,.T.);
#2196 = CIRCLE('',#2197,253.1);
#2197 = AXIS2_PLACEMENT_3D('',#2198,#2199,#2200);
#2198 = CARTESIAN_POINT('',(275.,0.,15.));
#2199 = DIRECTION('',(0.,0.,-1.));
#2200 = DIRECTION('',(1.,0.,0.));
#2201 = ORIENTED_EDGE('',*,*,#758,.T.);
#2202 = CYLINDRICAL_SURFACE('',#2203,253.1);
#2203 = AXIS2_PLACEMENT_3D('',#2204,#2205,#2206);
#2204 = CARTESIAN_POINT('',(275.,0.,0.));
#2205 = DIRECTION('',(-0.,-0.,-1.));
#2206 = DIRECTION('',(1.,0.,0.));
#2207 = ADVANCED_FACE('',(#2208,#2219,#2230),#2241,.T.);
#2208 = FACE_BOUND('',#2209,.T.);
#2209 = EDGE_LOOP('',(#2210,#2211,#2212,#2218));
#2210 = ORIENTED_EDGE('',*,*,#2195,.T.);
#2211 = ORIENTED_EDGE('',*,*,#678,.F.);
#2212 = ORIENTED_EDGE('',*,*,#2213,.F.);
#2213 = EDGE_CURVE('',#767,#671,#2214,.T.);
#2214 = LINE('',#2215,#2216);
#2215 = CARTESIAN_POINT('',(15.,-17.5,15.));
#2216 = VECTOR('',#2217,1.);
#2217 = DIRECTION('',(0.,1.,0.));
#2218 = ORIENTED_EDGE('',*,*,#766,.F.);
#2219 = FACE_BOUND('',#2220,.T.);
#2220 = EDGE_LOOP('',(#2221));
#2221 = ORIENTED_EDGE('',*,*,#2222,.F.);
#2222 = EDGE_CURVE('',#2223,#2223,#2225,.T.);
#2223 = VERTEX_POINT('',#2224);
#2224 = CARTESIAN_POINT('',(20.05,-9.,15.));
#2225 = CIRCLE('',#2226,1.55);
#2226 = AXIS2_PLACEMENT_3D('',#2227,#2228,#2229);
#2227 = CARTESIAN_POINT('',(18.5,-9.,15.));
#2228 = DIRECTION('',(0.,0.,1.));
#2229 = DIRECTION('',(1.,0.,0.));
#2230 = FACE_BOUND('',#2231,.T.);
#2231 = EDGE_LOOP('',(#2232));
#2232 = ORIENTED_EDGE('',*,*,#2233,.F.);
#2233 = EDGE_CURVE('',#2234,#2234,#2236,.T.);
#2234 = VERTEX_POINT('',#2235);
#2235 = CARTESIAN_POINT('',(20.05,9.,15.));
#2236 = CIRCLE('',#2237,1.55);
#2237 = AXIS2_PLACEMENT_3D('',#2238,#2239,#2240);
#2238 = CARTESIAN_POINT('',(18.5,9.,15.));
#2239 = DIRECTION('',(0.,0.,1.));
#2240 = DIRECTION('',(1.,0.,0.));
#2241 = PLANE('',#2242);
#2242 = AXIS2_PLACEMENT_3D('',#2243,#2244,#2245);
#2243 = CARTESIAN_POINT('',(-1.25,0.,15.));
#2244 = DIRECTION('',(0.,0.,1.));
#2245 = DIRECTION('',(1.,0.,0.));
#2246 = ADVANCED_FACE('',(#2247),#2259,.F.);
#2247 = FACE_BOUND('',#2248,.T.);
#2248 = EDGE_LOOP('',(#2249,#2256,#2257,#2258));
#2249 = ORIENTED_EDGE('',*,*,#2250,.F.);
#2250 = EDGE_CURVE('',#605,#833,#2251,.T.);
#2251 = CIRCLE('',#2252,303.1);
#2252 = AXIS2_PLACEMENT_3D('',#2253,#2254,#2255);
#2253 = CARTESIAN_POINT('',(275.,0.,0.));
#2254 = DIRECTION('',(0.,0.,1.));
#2255 = DIRECTION('',(1.,0.,0.));
#2256 = ORIENTED_EDGE('',*,*,#604,.F.);
#2257 = ORIENTED_EDGE('',*,*,#2078,.F.);
#2258 = ORIENTED_EDGE('',*,*,#840,.T.);
#2259 = CYLINDRICAL_SURFACE('',#2260,303.1);
#2260 = AXIS2_PLACEMENT_3D('',#2261,#2262,#2263);
#2261 = CARTESIAN_POINT('',(275.,0.,0.));
#2262 = DIRECTION('',(-0.,-0.,-1.));
#2263 = DIRECTION('',(1.,0.,0.));
#2264 = ADVANCED_FACE('',(#2265),#2276,.T.);
#2265 = FACE_BOUND('',#2266,.T.);
#2266 = EDGE_LOOP('',(#2267,#2268,#2269,#2270));
#2267 = ORIENTED_EDGE('',*,*,#774,.T.);
#2268 = ORIENTED_EDGE('',*,*,#2213,.T.);
#2269 = ORIENTED_EDGE('',*,*,#670,.F.);
#2270 = ORIENTED_EDGE('',*,*,#2271,.F.);
#2271 = EDGE_CURVE('',#775,#662,#2272,.T.);
#2272 = LINE('',#2273,#2274);
#2273 = CARTESIAN_POINT('',(15.,-17.5,5.));
#2274 = VECTOR('',#2275,1.);
#2275 = DIRECTION('',(0.,1.,0.));
#2276 = PLANE('',#2277);
#2277 = AXIS2_PLACEMENT_3D('',#2278,#2279,#2280);
#2278 = CARTESIAN_POINT('',(15.,-17.5,0.));
#2279 = DIRECTION('',(-1.,0.,0.));
#2280 = DIRECTION('',(0.,1.,0.));
#2281 = ADVANCED_FACE('',(#2282),#2294,.T.);
#2282 = FACE_BOUND('',#2283,.T.);
#2283 = EDGE_LOOP('',(#2284,#2285,#2286,#2287));
#2284 = ORIENTED_EDGE('',*,*,#612,.F.);
#2285 = ORIENTED_EDGE('',*,*,#2250,.T.);
#2286 = ORIENTED_EDGE('',*,*,#832,.F.);
#2287 = ORIENTED_EDGE('',*,*,#2288,.F.);
#2288 = EDGE_CURVE('',#613,#825,#2289,.T.);
#2289 = CIRCLE('',#2290,300.);
#2290 = AXIS2_PLACEMENT_3D('',#2291,#2292,#2293);
#2291 = CARTESIAN_POINT('',(275.,0.,0.));
#2292 = DIRECTION('',(0.,0.,1.));
#2293 = DIRECTION('',(1.,0.,0.));
#2294 = PLANE('',#2295);
#2295 = AXIS2_PLACEMENT_3D('',#2296,#2297,#2298);
#2296 = CARTESIAN_POINT('',(275.,1.673091654946E-15,0.));
#2297 = DIRECTION('',(0.,0.,1.));
#2298 = DIRECTION('',(1.,0.,0.));
#2299 = ADVANCED_FACE('',(#2300),#2311,.F.);
#2300 = FACE_BOUND('',#2301,.F.);
#2301 = EDGE_LOOP('',(#2302,#2303,#2309,#2310));
#2302 = ORIENTED_EDGE('',*,*,#782,.T.);
#2303 = ORIENTED_EDGE('',*,*,#2304,.T.);
#2304 = EDGE_CURVE('',#783,#654,#2305,.T.);
#2305 = LINE('',#2306,#2307);
#2306 = CARTESIAN_POINT('',(10.,-17.5,-8.881784197001E-16));
#2307 = VECTOR('',#2308,1.);
#2308 = DIRECTION('',(0.,1.,0.));
#2309 = ORIENTED_EDGE('',*,*,#661,.F.);
#2310 = ORIENTED_EDGE('',*,*,#2271,.F.);
#2311 = CYLINDRICAL_SURFACE('',#2312,5.);
#2312 = AXIS2_PLACEMENT_3D('',#2313,#2314,#2315);
#2313 = CARTESIAN_POINT('',(10.,-17.5,5.));
#2314 = DIRECTION('',(0.,1.,0.));
#2315 = DIRECTION('',(1.,0.,0.));
#2316 = ADVANCED_FACE('',(#2317),#2329,.T.);
#2317 = FACE_BOUND('',#2318,.F.);
#2318 = EDGE_LOOP('',(#2319,#2320,#2321,#2328));
#2319 = ORIENTED_EDGE('',*,*,#2288,.F.);
#2320 = ORIENTED_EDGE('',*,*,#620,.F.);
#2321 = ORIENTED_EDGE('',*,*,#2322,.F.);
#2322 = EDGE_CURVE('',#817,#621,#2323,.T.);
#2323 = CIRCLE('',#2324,300.);
#2324 = AXIS2_PLACEMENT_3D('',#2325,#2326,#2327);
#2325 = CARTESIAN_POINT('',(275.,0.,15.));
#2326 = DIRECTION('',(0.,0.,-1.));
#2327 = DIRECTION('',(1.,0.,0.));
#2328 = ORIENTED_EDGE('',*,*,#824,.T.);
#2329 = CYLINDRICAL_SURFACE('',#2330,300.);
#2330 = AXIS2_PLACEMENT_3D('',#2331,#2332,#2333);
#2331 = CARTESIAN_POINT('',(275.,0.,0.));
#2332 = DIRECTION('',(-0.,-0.,-1.));
#2333 = DIRECTION('',(1.,0.,0.));
#2334 = ADVANCED_FACE('',(#2335),#2346,.T.);
#2335 = FACE_BOUND('',#2336,.T.);
#2336 = EDGE_LOOP('',(#2337,#2338,#2344,#2345));
#2337 = ORIENTED_EDGE('',*,*,#653,.T.);
#2338 = ORIENTED_EDGE('',*,*,#2339,.F.);
#2339 = EDGE_CURVE('',#792,#645,#2340,.T.);
#2340 = LINE('',#2341,#2342);
#2341 = CARTESIAN_POINT('',(-12.5,-17.5,-8.881784197001E-16));
#2342 = VECTOR('',#2343,1.);
#2343 = DIRECTION('',(0.,1.,0.));
#2344 = ORIENTED_EDGE('',*,*,#791,.T.);
#2345 = ORIENTED_EDGE('',*,*,#2304,.T.);
#2346 = PLANE('',#2347);
#2347 = AXIS2_PLACEMENT_3D('',#2348,#2349,#2350);
#2348 = CARTESIAN_POINT('',(-1.25,0.,0.));
#2349 = DIRECTION('',(0.,0.,1.));
#2350 = DIRECTION('',(1.,0.,0.));
#2351 = ADVANCED_FACE('',(#2352,#2363,#2374),#2385,.T.);
#2352 = FACE_BOUND('',#2353,.T.);
#2353 = EDGE_LOOP('',(#2354,#2355,#2356,#2357));
#2354 = ORIENTED_EDGE('',*,*,#628,.T.);
#2355 = ORIENTED_EDGE('',*,*,#2322,.F.);
#2356 = ORIENTED_EDGE('',*,*,#816,.T.);
#2357 = ORIENTED_EDGE('',*,*,#2358,.T.);
#2358 = EDGE_CURVE('',#809,#629,#2359,.T.);
#2359 = LINE('',#2360,#2361);
#2360 = CARTESIAN_POINT('',(-17.5,-17.5,15.));
#2361 = VECTOR('',#2362,1.);
#2362 = DIRECTION('',(0.,1.,0.));
#2363 = FACE_BOUND('',#2364,.T.);
#2364 = EDGE_LOOP('',(#2365));
#2365 = ORIENTED_EDGE('',*,*,#2366,.F.);
#2366 = EDGE_CURVE('',#2367,#2367,#2369,.T.);
#2367 = VERTEX_POINT('',#2368);
#2368 = CARTESIAN_POINT('',(-19.45,-9.,15.));
#2369 = CIRCLE('',#2370,1.55);
#2370 = AXIS2_PLACEMENT_3D('',#2371,#2372,#2373);
#2371 = CARTESIAN_POINT('',(-21.,-9.,15.));
#2372 = DIRECTION('',(0.,0.,1.));
#2373 = DIRECTION('',(1.,0.,0.));
#2374 = FACE_BOUND('',#2375,.T.);
#2375 = EDGE_LOOP('',(#2376));
#2376 = ORIENTED_EDGE('',*,*,#2377,.F.);
#2377 = EDGE_CURVE('',#2378,#2378,#2380,.T.);
#2378 = VERTEX_POINT('',#2379);
#2379 = CARTESIAN_POINT('',(-19.45,9.,15.));
#2380 = CIRCLE('',#2381,1.55);
#2381 = AXIS2_PLACEMENT_3D('',#2382,#2383,#2384);
#2382 = CARTESIAN_POINT('',(-21.,9.,15.));
#2383 = DIRECTION('',(0.,0.,1.));
#2384 = DIRECTION('',(1.,0.,0.));
#2385 = PLANE('',#2386);
#2386 = AXIS2_PLACEMENT_3D('',#2387,#2388,#2389);
#2387 = CARTESIAN_POINT('',(-1.25,0.,15.));
#2388 = DIRECTION('',(0.,0.,1.));
#2389 = DIRECTION('',(1.,0.,0.));
#2390 = ADVANCED_FACE('',(#2391),#2402,.F.);
#2391 = FACE_BOUND('',#2392,.F.);
#2392 = EDGE_LOOP('',(#2393,#2394,#2400,#2401));
#2393 = ORIENTED_EDGE('',*,*,#799,.T.);
#2394 = ORIENTED_EDGE('',*,*,#2395,.T.);
#2395 = EDGE_CURVE('',#800,#637,#2396,.T.);
#2396 = LINE('',#2397,#2398);
#2397 = CARTESIAN_POINT('',(-17.5,-17.5,5.));
#2398 = VECTOR('',#2399,1.);
#2399 = DIRECTION('',(0.,1.,0.));
#2400 = ORIENTED_EDGE('',*,*,#644,.F.);
#2401 = ORIENTED_EDGE('',*,*,#2339,.F.);
#2402 = CYLINDRICAL_SURFACE('',#2403,5.);
#2403 = AXIS2_PLACEMENT_3D('',#2404,#2405,#2406);
#2404 = CARTESIAN_POINT('',(-12.5,-17.5,5.));
#2405 = DIRECTION('',(0.,1.,0.));
#2406 = DIRECTION('',(0.,0.,-1.));
#2407 = ADVANCED_FACE('',(#2408),#2414,.F.);
#2408 = FACE_BOUND('',#2409,.F.);
#2409 = EDGE_LOOP('',(#2410,#2411,#2412,#2413));
#2410 = ORIENTED_EDGE('',*,*,#808,.T.);
#2411 = ORIENTED_EDGE('',*,*,#2358,.T.);
#2412 = ORIENTED_EDGE('',*,*,#636,.F.);
#2413 = ORIENTED_EDGE('',*,*,#2395,.F.);
#2414 = PLANE('',#2415);
#2415 = AXIS2_PLACEMENT_3D('',#2416,#2417,#2418);
#2416 = CARTESIAN_POINT('',(-17.5,-17.5,0.));
#2417 = DIRECTION('',(-1.,0.,0.));
#2418 = DIRECTION('',(0.,1.,0.));
#2419 = ADVANCED_FACE('',(#2420,#2428),#2439,.F.);
#2420 = FACE_BOUND('',#2421,.F.);
#2421 = EDGE_LOOP('',(#2422,#2423,#2424,#2425,#2426,#2427));
#2422 = ORIENTED_EDGE('',*,*,#1049,.F.);
#2423 = ORIENTED_EDGE('',*,*,#929,.F.);
#2424 = ORIENTED_EDGE('',*,*,#960,.F.);
#2425 = ORIENTED_EDGE('',*,*,#984,.F.);
#2426 = ORIENTED_EDGE('',*,*,#1008,.F.);
#2427 = ORIENTED_EDGE('',*,*,#1032,.F.);
#2428 = FACE_BOUND('',#2429,.F.);
#2429 = EDGE_LOOP('',(#2430));
#2430 = ORIENTED_EDGE('',*,*,#2431,.F.);
#2431 = EDGE_CURVE('',#2432,#2432,#2434,.T.);
#2432 = VERTEX_POINT('',#2433);
#2433 = CARTESIAN_POINT('',(-30.95,-9.,0.));
#2434 = CIRCLE('',#2435,1.55);
#2435 = AXIS2_PLACEMENT_3D('',#2436,#2437,#2438);
#2436 = CARTESIAN_POINT('',(-32.5,-9.,0.));
#2437 = DIRECTION('',(0.,0.,1.));
#2438 = DIRECTION('',(1.,0.,0.));
#2439 = PLANE('',#2440);
#2440 = AXIS2_PLACEMENT_3D('',#2441,#2442,#2443);
#2441 = CARTESIAN_POINT('',(-1.249999999945,9.223559416217E-12,0.));
#2442 = DIRECTION('',(0.,0.,1.));
#2443 = DIRECTION('',(1.,0.,0.));
#2444 = ADVANCED_FACE('',(#2445,#2453),#2464,.F.);
#2445 = FACE_BOUND('',#2446,.F.);
#2446 = EDGE_LOOP('',(#2447,#2448,#2449,#2450,#2451,#2452));
#2447 = ORIENTED_EDGE('',*,*,#1193,.F.);
#2448 = ORIENTED_EDGE('',*,*,#1073,.F.);
#2449 = ORIENTED_EDGE('',*,*,#1104,.F.);
#2450 = ORIENTED_EDGE('',*,*,#1128,.F.);
#2451 = ORIENTED_EDGE('',*,*,#1152,.F.);
#2452 = ORIENTED_EDGE('',*,*,#1176,.F.);
#2453 = FACE_BOUND('',#2454,.F.);
#2454 = EDGE_LOOP('',(#2455));
#2455 = ORIENTED_EDGE('',*,*,#2456,.F.);
#2456 = EDGE_CURVE('',#2457,#2457,#2459,.T.);
#2457 = VERTEX_POINT('',#2458);
#2458 = CARTESIAN_POINT('',(-19.45,-9.,0.));
#2459 = CIRCLE('',#2460,1.55);
#2460 = AXIS2_PLACEMENT_3D('',#2461,#2462,#2463);
#2461 = CARTESIAN_POINT('',(-21.,-9.,0.));
#2462 = DIRECTION('',(0.,0.,1.));
#2463 = DIRECTION('',(1.,0.,0.));
#2464 = PLANE('',#2465);
#2465 = AXIS2_PLACEMENT_3D('',#2466,#2467,#2468);
#2466 = CARTESIAN_POINT('',(-1.249999999945,9.223559416217E-12,0.));
#2467 = DIRECTION('',(0.,0.,1.));
#2468 = DIRECTION('',(1.,0.,0.));
#2469 = ADVANCED_FACE('',(#2470,#2478),#2489,.F.);
#2470 = FACE_BOUND('',#2471,.F.);
#2471 = EDGE_LOOP('',(#2472,#2473,#2474,#2475,#2476,#2477));
#2472 = ORIENTED_EDGE('',*,*,#1217,.T.);
#2473 = ORIENTED_EDGE('',*,*,#1241,.T.);
#2474 = ORIENTED_EDGE('',*,*,#1265,.T.);
#2475 = ORIENTED_EDGE('',*,*,#1289,.T.);
#2476 = ORIENTED_EDGE('',*,*,#1313,.T.);
#2477 = ORIENTED_EDGE('',*,*,#1337,.T.);
#2478 = FACE_BOUND('',#2479,.F.);
#2479 = EDGE_LOOP('',(#2480));
#2480 = ORIENTED_EDGE('',*,*,#2481,.F.);
#2481 = EDGE_CURVE('',#2482,#2482,#2484,.T.);
#2482 = VERTEX_POINT('',#2483);
#2483 = CARTESIAN_POINT('',(20.05,-9.,0.));
#2484 = CIRCLE('',#2485,1.55);
#2485 = AXIS2_PLACEMENT_3D('',#2486,#2487,#2488);
#2486 = CARTESIAN_POINT('',(18.5,-9.,0.));
#2487 = DIRECTION('',(0.,0.,1.));
#2488 = DIRECTION('',(1.,0.,0.));
#2489 = PLANE('',#2490);
#2490 = AXIS2_PLACEMENT_3D('',#2491,#2492,#2493);
#2491 = CARTESIAN_POINT('',(-1.249999999945,9.223559416217E-12,0.));
#2492 = DIRECTION('',(0.,0.,1.));
#2493 = DIRECTION('',(1.,0.,0.));
#2494 = ADVANCED_FACE('',(#2495,#2503),#2514,.F.);
#2495 = FACE_BOUND('',#2496,.F.);
#2496 = EDGE_LOOP('',(#2497,#2498,#2499,#2500,#2501,#2502));
#2497 = ORIENTED_EDGE('',*,*,#1361,.T.);
#2498 = ORIENTED_EDGE('',*,*,#1385,.T.);
#2499 = ORIENTED_EDGE('',*,*,#1409,.T.);
#2500 = ORIENTED_EDGE('',*,*,#1433,.T.);
#2501 = ORIENTED_EDGE('',*,*,#1457,.T.);
#2502 = ORIENTED_EDGE('',*,*,#1481,.T.);
#2503 = FACE_BOUND('',#2504,.F.);
#2504 = EDGE_LOOP('',(#2505));
#2505 = ORIENTED_EDGE('',*,*,#2506,.F.);
#2506 = EDGE_CURVE('',#2507,#2507,#2509,.T.);
#2507 = VERTEX_POINT('',#2508);
#2508 = CARTESIAN_POINT('',(31.55,-9.,0.));
#2509 = CIRCLE('',#2510,1.55);
#2510 = AXIS2_PLACEMENT_3D('',#2511,#2512,#2513);
#2511 = CARTESIAN_POINT('',(30.,-9.,0.));
#2512 = DIRECTION('',(0.,0.,1.));
#2513 = DIRECTION('',(1.,0.,0.));
#2514 = PLANE('',#2515);
#2515 = AXIS2_PLACEMENT_3D('',#2516,#2517,#2518);
#2516 = CARTESIAN_POINT('',(-1.249999999945,9.223559416217E-12,0.));
#2517 = DIRECTION('',(0.,0.,1.));
#2518 = DIRECTION('',(1.,0.,0.));
#2519 = ADVANCED_FACE('',(#2520,#2528),#2539,.F.);
#2520 = FACE_BOUND('',#2521,.F.);
#2521 = EDGE_LOOP('',(#2522,#2523,#2524,#2525,#2526,#2527));
#2522 = ORIENTED_EDGE('',*,*,#1505,.T.);
#2523 = ORIENTED_EDGE('',*,*,#1529,.T.);
#2524 = ORIENTED_EDGE('',*,*,#1553,.T.);
#2525 = ORIENTED_EDGE('',*,*,#1577,.T.);
#2526 = ORIENTED_EDGE('',*,*,#1601,.T.);
#2527 = ORIENTED_EDGE('',*,*,#1625,.T.);
#2528 = FACE_BOUND('',#2529,.F.);
#2529 = EDGE_LOOP('',(#2530));
#2530 = ORIENTED_EDGE('',*,*,#2531,.F.);
#2531 = EDGE_CURVE('',#2532,#2532,#2534,.T.);
#2532 = VERTEX_POINT('',#2533);
#2533 = CARTESIAN_POINT('',(-30.95,9.,0.));
#2534 = CIRCLE('',#2535,1.55);
#2535 = AXIS2_PLACEMENT_3D('',#2536,#2537,#2538);
#2536 = CARTESIAN_POINT('',(-32.5,9.,0.));
#2537 = DIRECTION('',(0.,0.,1.));
#2538 = DIRECTION('',(1.,0.,0.));
#2539 = PLANE('',#2540);
#2540 = AXIS2_PLACEMENT_3D('',#2541,#2542,#2543);
#2541 = CARTESIAN_POINT('',(-1.249999999945,9.223559416217E-12,0.));
#2542 = DIRECTION('',(0.,0.,1.));
#2543 = DIRECTION('',(1.,0.,0.));
#2544 = ADVANCED_FACE('',(#2545,#2553),#2564,.F.);
#2545 = FACE_BOUND('',#2546,.F.);
#2546 = EDGE_LOOP('',(#2547,#2548,#2549,#2550,#2551,#2552));
#2547 = ORIENTED_EDGE('',*,*,#1649,.T.);
#2548 = ORIENTED_EDGE('',*,*,#1673,.T.);
#2549 = ORIENTED_EDGE('',*,*,#1697,.T.);
#2550 = ORIENTED_EDGE('',*,*,#1721,.T.);
#2551 = ORIENTED_EDGE('',*,*,#1745,.T.);
#2552 = ORIENTED_EDGE('',*,*,#1769,.T.);
#2553 = FACE_BOUND('',#2554,.F.);
#2554 = EDGE_LOOP('',(#2555));
#2555 = ORIENTED_EDGE('',*,*,#2556,.F.);
#2556 = EDGE_CURVE('',#2557,#2557,#2559,.T.);
#2557 = VERTEX_POINT('',#2558);
#2558 = CARTESIAN_POINT('',(-19.45,9.,0.));
#2559 = CIRCLE('',#2560,1.55);
#2560 = AXIS2_PLACEMENT_3D('',#2561,#2562,#2563);
#2561 = CARTESIAN_POINT('',(-21.,9.,0.));
#2562 = DIRECTION('',(0.,0.,1.));
#2563 = DIRECTION('',(1.,0.,0.));
#2564 = PLANE('',#2565);
#2565 = AXIS2_PLACEMENT_3D('',#2566,#2567,#2568);
#2566 = CARTESIAN_POINT('',(-1.249999999945,9.223559416217E-12,0.));
#2567 = DIRECTION('',(0.,0.,1.));
#2568 = DIRECTION('',(1.,0.,0.));
#2569 = ADVANCED_FACE('',(#2570,#2578),#2589,.F.);
#2570 = FACE_BOUND('',#2571,.F.);
#2571 = EDGE_LOOP('',(#2572,#2573,#2574,#2575,#2576,#2577));
#2572 = ORIENTED_EDGE('',*,*,#1913,.F.);
#2573 = ORIENTED_EDGE('',*,*,#1793,.F.);
#2574 = ORIENTED_EDGE('',*,*,#1824,.F.);
#2575 = ORIENTED_EDGE('',*,*,#1848,.F.);
#2576 = ORIENTED_EDGE('',*,*,#1872,.F.);
#2577 = ORIENTED_EDGE('',*,*,#1896,.F.);
#2578 = FACE_BOUND('',#2579,.F.);
#2579 = EDGE_LOOP('',(#2580));
#2580 = ORIENTED_EDGE('',*,*,#2581,.F.);
#2581 = EDGE_CURVE('',#2582,#2582,#2584,.T.);
#2582 = VERTEX_POINT('',#2583);
#2583 = CARTESIAN_POINT('',(20.05,9.,0.));
#2584 = CIRCLE('',#2585,1.55);
#2585 = AXIS2_PLACEMENT_3D('',#2586,#2587,#2588);
#2586 = CARTESIAN_POINT('',(18.5,9.,0.));
#2587 = DIRECTION('',(0.,0.,1.));
#2588 = DIRECTION('',(1.,0.,0.));
#2589 = PLANE('',#2590);
#2590 = AXIS2_PLACEMENT_3D('',#2591,#2592,#2593);
#2591 = CARTESIAN_POINT('',(-1.249999999945,9.223559416217E-12,0.));
#2592 = DIRECTION('',(0.,0.,1.));
#2593 = DIRECTION('',(1.,0.,0.));
#2594 = ADVANCED_FACE('',(#2595,#2603),#2614,.F.);
#2595 = FACE_BOUND('',#2596,.F.);
#2596 = EDGE_LOOP('',(#2597,#2598,#2599,#2600,#2601,#2602));
#2597 = ORIENTED_EDGE('',*,*,#2057,.F.);
#2598 = ORIENTED_EDGE('',*,*,#1937,.F.);
#2599 = ORIENTED_EDGE('',*,*,#1968,.F.);
#2600 = ORIENTED_EDGE('',*,*,#1992,.F.);
#2601 = ORIENTED_EDGE('',*,*,#2016,.F.);
#2602 = ORIENTED_EDGE('',*,*,#2040,.F.);
#2603 = FACE_BOUND('',#2604,.F.);
#2604 = EDGE_LOOP('',(#2605));
#2605 = ORIENTED_EDGE('',*,*,#2606,.F.);
#2606 = EDGE_CURVE('',#2607,#2607,#2609,.T.);
#2607 = VERTEX_POINT('',#2608);
#2608 = CARTESIAN_POINT('',(31.55,9.,0.));
#2609 = CIRCLE('',#2610,1.55);
#2610 = AXIS2_PLACEMENT_3D('',#2611,#2612,#2613);
#2611 = CARTESIAN_POINT('',(30.,9.,0.));
#2612 = DIRECTION('',(0.,0.,1.));
#2613 = DIRECTION('',(1.,0.,0.));
#2614 = PLANE('',#2615);
#2615 = AXIS2_PLACEMENT_3D('',#2616,#2617,#2618);
#2616 = CARTESIAN_POINT('',(-1.249999999945,9.223559416217E-12,0.));
#2617 = DIRECTION('',(0.,0.,1.));
#2618 = DIRECTION('',(1.,0.,0.));
#2619 = ADVANCED_FACE('',(#2620),#2631,.F.);
#2620 = FACE_BOUND('',#2621,.F.);
#2621 = EDGE_LOOP('',(#2622,#2628,#2629,#2630));
#2622 = ORIENTED_EDGE('',*,*,#2623,.F.);
#2623 = EDGE_CURVE('',#2088,#2432,#2624,.T.);
#2624 = LINE('',#2625,#2626);
#2625 = CARTESIAN_POINT('',(-30.95,-9.,15.));
#2626 = VECTOR('',#2627,1.);
#2627 = DIRECTION('',(-0.,-0.,-1.));
#2628 = ORIENTED_EDGE('',*,*,#2087,.F.);
#2629 = ORIENTED_EDGE('',*,*,#2623,.T.);
#2630 = ORIENTED_EDGE('',*,*,#2431,.T.);
#2631 = CYLINDRICAL_SURFACE('',#2632,1.55);
#2632 = AXIS2_PLACEMENT_3D('',#2633,#2634,#2635);
#2633 = CARTESIAN_POINT('',(-32.5,-9.,15.));
#2634 = DIRECTION('',(0.,0.,1.));
#2635 = DIRECTION('',(1.,0.,0.));
#2636 = ADVANCED_FACE('',(#2637),#2648,.F.);
#2637 = FACE_BOUND('',#2638,.F.);
#2638 = EDGE_LOOP('',(#2639,#2645,#2646,#2647));
#2639 = ORIENTED_EDGE('',*,*,#2640,.F.);
#2640 = EDGE_CURVE('',#2099,#2532,#2641,.T.);
#2641 = LINE('',#2642,#2643);
#2642 = CARTESIAN_POINT('',(-30.95,9.,15.));
#2643 = VECTOR('',#2644,1.);
#2644 = DIRECTION('',(-0.,-0.,-1.));
#2645 = ORIENTED_EDGE('',*,*,#2098,.F.);
#2646 = ORIENTED_EDGE('',*,*,#2640,.T.);
#2647 = ORIENTED_EDGE('',*,*,#2531,.T.);
#2648 = CYLINDRICAL_SURFACE('',#2649,1.55);
#2649 = AXIS2_PLACEMENT_3D('',#2650,#2651,#2652);
#2650 = CARTESIAN_POINT('',(-32.5,9.,15.));
#2651 = DIRECTION('',(0.,0.,1.));
#2652 = DIRECTION('',(1.,0.,0.));
#2653 = ADVANCED_FACE('',(#2654),#2665,.F.);
#2654 = FACE_BOUND('',#2655,.F.);
#2655 = EDGE_LOOP('',(#2656,#2662,#2663,#2664));
#2656 = ORIENTED_EDGE('',*,*,#2657,.F.);
#2657 = EDGE_CURVE('',#2130,#2507,#2658,.T.);
#2658 = LINE('',#2659,#2660);
#2659 = CARTESIAN_POINT('',(31.55,-9.,15.));
#2660 = VECTOR('',#2661,1.);
#2661 = DIRECTION('',(-0.,-0.,-1.));
#2662 = ORIENTED_EDGE('',*,*,#2129,.F.);
#2663 = ORIENTED_EDGE('',*,*,#2657,.T.);
#2664 = ORIENTED_EDGE('',*,*,#2506,.T.);
#2665 = CYLINDRICAL_SURFACE('',#2666,1.55);
#2666 = AXIS2_PLACEMENT_3D('',#2667,#2668,#2669);
#2667 = CARTESIAN_POINT('',(30.,-9.,15.));
#2668 = DIRECTION('',(0.,0.,1.));
#2669 = DIRECTION('',(1.,0.,0.));
#2670 = ADVANCED_FACE('',(#2671),#2682,.F.);
#2671 = FACE_BOUND('',#2672,.F.);
#2672 = EDGE_LOOP('',(#2673,#2679,#2680,#2681));
#2673 = ORIENTED_EDGE('',*,*,#2674,.F.);
#2674 = EDGE_CURVE('',#2141,#2607,#2675,.T.);
#2675 = LINE('',#2676,#2677);
#2676 = CARTESIAN_POINT('',(31.55,9.,15.));
#2677 = VECTOR('',#2678,1.);
#2678 = DIRECTION('',(-0.,-0.,-1.));
#2679 = ORIENTED_EDGE('',*,*,#2140,.F.);
#2680 = ORIENTED_EDGE('',*,*,#2674,.T.);
#2681 = ORIENTED_EDGE('',*,*,#2606,.T.);
#2682 = CYLINDRICAL_SURFACE('',#2683,1.55);
#2683 = AXIS2_PLACEMENT_3D('',#2684,#2685,#2686);
#2684 = CARTESIAN_POINT('',(30.,9.,15.));
#2685 = DIRECTION('',(0.,0.,1.));
#2686 = DIRECTION('',(1.,0.,0.));
#2687 = ADVANCED_FACE('',(#2688),#2699,.F.);
#2688 = FACE_BOUND('',#2689,.F.);
#2689 = EDGE_LOOP('',(#2690,#2696,#2697,#2698));
#2690 = ORIENTED_EDGE('',*,*,#2691,.F.);
#2691 = EDGE_CURVE('',#2223,#2482,#2692,.T.);
#2692 = LINE('',#2693,#2694);
#2693 = CARTESIAN_POINT('',(20.05,-9.,15.));
#2694 = VECTOR('',#2695,1.);
#2695 = DIRECTION('',(-0.,-0.,-1.));
#2696 = ORIENTED_EDGE('',*,*,#2222,.F.);
#2697 = ORIENTED_EDGE('',*,*,#2691,.T.);
#2698 = ORIENTED_EDGE('',*,*,#2481,.T.);
#2699 = CYLINDRICAL_SURFACE('',#2700,1.55);
#2700 = AXIS2_PLACEMENT_3D('',#2701,#2702,#2703);
#2701 = CARTESIAN_POINT('',(18.5,-9.,15.));
#2702 = DIRECTION('',(0.,0.,1.));
#2703 = DIRECTION('',(1.,0.,0.));
#2704 = ADVANCED_FACE('',(#2705),#2716,.F.);
#2705 = FACE_BOUND('',#2706,.F.);
#2706 = EDGE_LOOP('',(#2707,#2713,#2714,#2715));
#2707 = ORIENTED_EDGE('',*,*,#2708,.F.);
#2708 = EDGE_CURVE('',#2234,#2582,#2709,.T.);
#2709 = LINE('',#2710,#2711);
#2710 = CARTESIAN_POINT('',(20.05,9.,15.));
#2711 = VECTOR('',#2712,1.);
#2712 = DIRECTION('',(-0.,-0.,-1.));
#2713 = ORIENTED_EDGE('',*,*,#2233,.F.);
#2714 = ORIENTED_EDGE('',*,*,#2708,.T.);
#2715 = ORIENTED_EDGE('',*,*,#2581,.T.);
#2716 = CYLINDRICAL_SURFACE('',#2717,1.55);
#2717 = AXIS2_PLACEMENT_3D('',#2718,#2719,#2720);
#2718 = CARTESIAN_POINT('',(18.5,9.,15.));
#2719 = DIRECTION('',(0.,0.,1.));
#2720 = DIRECTION('',(1.,0.,0.));
#2721 = ADVANCED_FACE('',(#2722),#2733,.F.);
#2722 = FACE_BOUND('',#2723,.F.);
#2723 = EDGE_LOOP('',(#2724,#2730,#2731,#2732));
#2724 = ORIENTED_EDGE('',*,*,#2725,.F.);
#2725 = EDGE_CURVE('',#2367,#2457,#2726,.T.);
#2726 = LINE('',#2727,#2728);
#2727 = CARTESIAN_POINT('',(-19.45,-9.,15.));
#2728 = VECTOR('',#2729,1.);
#2729 = DIRECTION('',(-0.,-0.,-1.));
#2730 = ORIENTED_EDGE('',*,*,#2366,.F.);
#2731 = ORIENTED_EDGE('',*,*,#2725,.T.);
#2732 = ORIENTED_EDGE('',*,*,#2456,.T.);
#2733 = CYLINDRICAL_SURFACE('',#2734,1.55);
#2734 = AXIS2_PLACEMENT_3D('',#2735,#2736,#2737);
#2735 = CARTESIAN_POINT('',(-21.,-9.,15.));
#2736 = DIRECTION('',(0.,0.,1.));
#2737 = DIRECTION('',(1.,0.,0.));
#2738 = ADVANCED_FACE('',(#2739),#2750,.F.);
#2739 = FACE_BOUND('',#2740,.F.);
#2740 = EDGE_LOOP('',(#2741,#2747,#2748,#2749));
#2741 = ORIENTED_EDGE('',*,*,#2742,.F.);
#2742 = EDGE_CURVE('',#2378,#2557,#2743,.T.);
#2743 = LINE('',#2744,#2745);
#2744 = CARTESIAN_POINT('',(-19.45,9.,15.));
#2745 = VECTOR('',#2746,1.);
#2746 = DIRECTION('',(-0.,-0.,-1.));
#2747 = ORIENTED_EDGE('',*,*,#2377,.F.);
#2748 = ORIENTED_EDGE('',*,*,#2742,.T.);
#2749 = ORIENTED_EDGE('',*,*,#2556,.T.);
#2750 = CYLINDRICAL_SURFACE('',#2751,1.55);
#2751 = AXIS2_PLACEMENT_3D('',#2752,#2753,#2754);
#2752 = CARTESIAN_POINT('',(-21.,9.,15.));
#2753 = DIRECTION('',(0.,0.,1.));
#2754 = DIRECTION('',(1.,0.,0.));
#2755 = ( GEOMETRIC_REPRESENTATION_CONTEXT(3) 
GLOBAL_UNCERTAINTY_ASSIGNED_CONTEXT((#2759)) 
GLOBAL_UNIT_ASSIGNED_CONTEXT((#2756,#2757,#2758)) REPRESENTATION_CONTEXT
('Context #1','3D Context with UNIT and UNCERTAINTY') );
#2756 = ( LENGTH_UNIT() NAMED_UNIT(*) SI_UNIT(.MILLI.,.METRE.) );
#2757 = ( NAMED_UNIT(*) PLANE_ANGLE_UNIT() SI_UNIT($,.RADIAN.) );
#2758 = ( NAMED_UNIT(*) SI_UNIT($,.STERADIAN.) SOLID_ANGLE_UNIT() );
#2759 = UNCERTAINTY_MEASURE_WITH_UNIT(LENGTH_MEASURE(5.E-05),#2756,
  'distance_accuracy_value','confusion accuracy');
#2760 = PRODUCT_RELATED_PRODUCT_CATEGORY('detail',$,(#7));
#2761 = PRODUCT_CATEGORY_RELATIONSHIP('','',#2762,#2760);
#2762 = PRODUCT_CATEGORY('part',$);
#2763 = CC_DESIGN_PERSON_AND_ORGANIZATION_ASSIGNMENT(#2764,#2767,(#6,#5)
  );
#2764 = PERSON_AND_ORGANIZATION(#2765,#2766);
#2765 = PERSON('IP169.254.190,karol','','karol',$,$,$);
#2766 = ORGANIZATION('IP169.254.190','Unspecified','');
#2767 = PERSON_AND_ORGANIZATION_ROLE('creator');
#2768 = CC_DESIGN_PERSON_AND_ORGANIZATION_ASSIGNMENT(#2764,#2769,(#7));
#2769 = PERSON_AND_ORGANIZATION_ROLE('design_owner');
#2770 = CC_DESIGN_PERSON_AND_ORGANIZATION_ASSIGNMENT(#2764,#2771,(#6));
#2771 = PERSON_AND_ORGANIZATION_ROLE('design_supplier');
#2772 = CC_DESIGN_PERSON_AND_ORGANIZATION_ASSIGNMENT(#2764,#2773,(#2774)
  );
#2773 = PERSON_AND_ORGANIZATION_ROLE('classification_officer');
#2774 = SECURITY_CLASSIFICATION('','',#2775);
#2775 = SECURITY_CLASSIFICATION_LEVEL('unclassified');
#2776 = CC_DESIGN_SECURITY_CLASSIFICATION(#2774,(#6));
#2777 = CC_DESIGN_DATE_AND_TIME_ASSIGNMENT(#2778,#2782,(#5));
#2778 = DATE_AND_TIME(#2779,#2780);
#2779 = CALENDAR_DATE(2026,24,5);
#2780 = LOCAL_TIME(10,48,$,#2781);
#2781 = COORDINATED_UNIVERSAL_TIME_OFFSET(1,$,.AHEAD.);
#2782 = DATE_TIME_ROLE('creation_date');
#2783 = CC_DESIGN_DATE_AND_TIME_ASSIGNMENT(#2778,#2784,(#2774));
#2784 = DATE_TIME_ROLE('classification_date');
#2785 = CC_DESIGN_APPROVAL(#2786,(#6,#5,#2774));
#2786 = APPROVAL(#2787,'');
#2787 = APPROVAL_STATUS('not_yet_approved');
#2788 = APPROVAL_PERSON_ORGANIZATION(#2764,#2786,#2789);
#2789 = APPROVAL_ROLE('approver');
#2790 = APPROVAL_DATE_TIME(#2778,#2786);
#2791 = MECHANICAL_DESIGN_GEOMETRIC_PRESENTATION_REPRESENTATION('',(
    #2792),#2755);
#2792 = STYLED_ITEM('color',(#2793),#15);
#2793 = PRESENTATION_STYLE_ASSIGNMENT((#2794,#2800));
#2794 = SURFACE_STYLE_USAGE(.BOTH.,#2795);
#2795 = SURFACE_SIDE_STYLE('',(#2796));
#2796 = SURFACE_STYLE_FILL_AREA(#2797);
#2797 = FILL_AREA_STYLE('',(#2798));
#2798 = FILL_AREA_STYLE_COLOUR('',#2799);
#2799 = COLOUR_RGB('',0.447058818107,0.474509808674,0.501960817233);
#2800 = CURVE_STYLE('',#2801,POSITIVE_LENGTH_MEASURE(0.1),#2802);
#2801 = DRAUGHTING_PRE_DEFINED_CURVE_FONT('continuous');
#2802 = COLOUR_RGB('',9.803921802644E-02,9.803921802644E-02,
  9.803921802644E-02);
ENDSEC;
END-ISO-10303-21;
