ISO-10303-21;
HEADER;
FILE_DESCRIPTION(('FreeCAD Model'),'2;1');
FILE_NAME('Open CASCADE Shape Model','2026-04-20T18:25:28',(''),(''),
  'Open CASCADE STEP processor 7.8','FreeCAD','Unknown');
FILE_SCHEMA(('CONFIG_CONTROL_DESIGN','SHAPE_APPEARANCE_LAYER_MIM'));
ENDSEC;
DATA;
#1 = APPLICATION_PROTOCOL_DEFINITION('international standard',
  'config_control_design',1994,#2);
#2 = APPLICATION_CONTEXT(
'configuration controlled 3D designs of mechanical parts and assemblies'
  );
#3 = SHAPE_DEFINITION_REPRESENTATION(#4,#10);
#4 = PRODUCT_DEFINITION_SHAPE('','',#5);
#5 = PRODUCT_DEFINITION('design','',#6,#9);
#6 = PRODUCT_DEFINITION_FORMATION_WITH_SPECIFIED_SOURCE('','',#7,
  .NOT_KNOWN.);
#7 = PRODUCT('Body','Body','',(#8));
#8 = MECHANICAL_CONTEXT('',#2,'mechanical');
#9 = DESIGN_CONTEXT('',#2,'design');
#10 = ADVANCED_BREP_SHAPE_REPRESENTATION('',(#11,#15),#4736);
#11 = AXIS2_PLACEMENT_3D('',#12,#13,#14);
#12 = CARTESIAN_POINT('',(0.,0.,0.));
#13 = DIRECTION('',(0.,0.,1.));
#14 = DIRECTION('',(1.,0.,-0.));
#15 = MANIFOLD_SOLID_BREP('',#16);
#16 = CLOSED_SHELL('',(#17,#58,#113,#138,#237,#278,#302,#326,#357,#632,
    #731,#778,#795,#807,#838,#862,#886,#910,#934,#951,#1043,#1068,#1168,
    #1185,#1202,#1224,#1276,#1301,#1326,#1351,#1376,#1457,#1482,#1507,
    #1532,#1557,#1620,#1645,#1669,#1694,#1718,#1750,#1767,#1779,#1797,
    #1807,#1819,#1844,#1869,#1894,#1919,#1937,#1961,#1985,#2018,#2042,
    #2090,#2123,#2148,#2165,#2196,#2220,#2244,#2268,#2292,#2309,#2340,
    #2364,#2388,#2412,#2436,#2453,#2672,#2697,#2789,#2820,#2844,#2868,
    #2892,#2916,#2933,#2958,#3050,#3120,#3132,#3149,#3208,#3225,#3242,
    #3281,#3298,#3315,#3407,#3432,#3531,#3548,#3573,#3593,#3610,#3627,
    #3639,#3656,#3673,#3700,#3718,#3728,#3745,#3757,#3774,#3791,#3803,
    #3828,#3853,#3878,#3903,#3934,#3958,#3982,#4006,#4030,#4047,#4072,
    #4103,#4127,#4151,#4175,#4199,#4216,#4238,#4255,#4272,#4289,#4306,
    #4318,#4349,#4373,#4397,#4421,#4445,#4462,#4493,#4517,#4541,#4565,
    #4589,#4606,#4631,#4648,#4665,#4682,#4699,#4724));
#17 = ADVANCED_FACE('',(#18),#53,.F.);
#18 = FACE_BOUND('',#19,.F.);
#19 = EDGE_LOOP('',(#20,#30,#39,#47));
#20 = ORIENTED_EDGE('',*,*,#21,.T.);
#21 = EDGE_CURVE('',#22,#24,#26,.T.);
#22 = VERTEX_POINT('',#23);
#23 = CARTESIAN_POINT('',(-22.3,5.,28.5));
#24 = VERTEX_POINT('',#25);
#25 = CARTESIAN_POINT('',(-22.3,12.5,28.5));
#26 = LINE('',#27,#28);
#27 = CARTESIAN_POINT('',(-22.3,0.,28.5));
#28 = VECTOR('',#29,1.);
#29 = DIRECTION('',(0.,1.,0.));
#30 = ORIENTED_EDGE('',*,*,#31,.T.);
#31 = EDGE_CURVE('',#24,#32,#34,.T.);
#32 = VERTEX_POINT('',#33);
#33 = CARTESIAN_POINT('',(-17.3,17.5,28.5));
#34 = CIRCLE('',#35,5.);
#35 = AXIS2_PLACEMENT_3D('',#36,#37,#38);
#36 = CARTESIAN_POINT('',(-17.3,12.5,28.5));
#37 = DIRECTION('',(0.,0.,-1.));
#38 = DIRECTION('',(0.,1.,0.));
#39 = ORIENTED_EDGE('',*,*,#40,.F.);
#40 = EDGE_CURVE('',#41,#32,#43,.T.);
#41 = VERTEX_POINT('',#42);
#42 = CARTESIAN_POINT('',(-17.3,5.,28.5));
#43 = LINE('',#44,#45);
#44 = CARTESIAN_POINT('',(-17.3,0.,28.5));
#45 = VECTOR('',#46,1.);
#46 = DIRECTION('',(0.,1.,0.));
#47 = ORIENTED_EDGE('',*,*,#48,.F.);
#48 = EDGE_CURVE('',#22,#41,#49,.T.);
#49 = LINE('',#50,#51);
#50 = CARTESIAN_POINT('',(-17.3,5.,28.5));
#51 = VECTOR('',#52,1.);
#52 = DIRECTION('',(1.,0.,0.));
#53 = PLANE('',#54);
#54 = AXIS2_PLACEMENT_3D('',#55,#56,#57);
#55 = CARTESIAN_POINT('',(-17.3,0.,28.5));
#56 = DIRECTION('',(0.,0.,-1.));
#57 = DIRECTION('',(0.,1.,0.));
#58 = ADVANCED_FACE('',(#59),#108,.F.);
#59 = FACE_BOUND('',#60,.F.);
#60 = EDGE_LOOP('',(#61,#62,#70,#78,#86,#94,#102));
#61 = ORIENTED_EDGE('',*,*,#21,.F.);
#62 = ORIENTED_EDGE('',*,*,#63,.F.);
#63 = EDGE_CURVE('',#64,#22,#66,.T.);
#64 = VERTEX_POINT('',#65);
#65 = CARTESIAN_POINT('',(-22.3,5.,28.48902697423));
#66 = LINE('',#67,#68);
#67 = CARTESIAN_POINT('',(-22.3,5.,44.244513487115));
#68 = VECTOR('',#69,1.);
#69 = DIRECTION('',(0.,0.,1.));
#70 = ORIENTED_EDGE('',*,*,#71,.F.);
#71 = EDGE_CURVE('',#72,#64,#74,.T.);
#72 = VERTEX_POINT('',#73);
#73 = CARTESIAN_POINT('',(-22.3,0.,28.48902697423));
#74 = LINE('',#75,#76);
#75 = CARTESIAN_POINT('',(-22.3,6.875,28.48902697423));
#76 = VECTOR('',#77,1.);
#77 = DIRECTION('',(0.,1.,0.));
#78 = ORIENTED_EDGE('',*,*,#79,.F.);
#79 = EDGE_CURVE('',#80,#72,#82,.T.);
#80 = VERTEX_POINT('',#81);
#81 = CARTESIAN_POINT('',(-22.3,0.,10.));
#82 = LINE('',#83,#84);
#83 = CARTESIAN_POINT('',(-22.3,0.,10.));
#84 = VECTOR('',#85,1.);
#85 = DIRECTION('',(0.,0.,1.));
#86 = ORIENTED_EDGE('',*,*,#87,.F.);
#87 = EDGE_CURVE('',#88,#80,#90,.T.);
#88 = VERTEX_POINT('',#89);
#89 = CARTESIAN_POINT('',(-22.3,5.,10.));
#90 = LINE('',#91,#92);
#91 = CARTESIAN_POINT('',(-22.3,17.5,10.));
#92 = VECTOR('',#93,1.);
#93 = DIRECTION('',(0.,-1.,0.));
#94 = ORIENTED_EDGE('',*,*,#95,.F.);
#95 = EDGE_CURVE('',#96,#88,#98,.T.);
#96 = VERTEX_POINT('',#97);
#97 = CARTESIAN_POINT('',(-22.3,12.5,10.));
#98 = LINE('',#99,#100);
#99 = CARTESIAN_POINT('',(-22.3,17.5,10.));
#100 = VECTOR('',#101,1.);
#101 = DIRECTION('',(0.,-1.,0.));
#102 = ORIENTED_EDGE('',*,*,#103,.F.);
#103 = EDGE_CURVE('',#24,#96,#104,.T.);
#104 = LINE('',#105,#106);
#105 = CARTESIAN_POINT('',(-22.3,12.5,28.5));
#106 = VECTOR('',#107,1.);
#107 = DIRECTION('',(0.,0.,-1.));
#108 = PLANE('',#109);
#109 = AXIS2_PLACEMENT_3D('',#110,#111,#112);
#110 = CARTESIAN_POINT('',(-22.3,8.75,50.));
#111 = DIRECTION('',(1.,0.,0.));
#112 = DIRECTION('',(0.,0.,1.));
#113 = ADVANCED_FACE('',(#114),#133,.T.);
#114 = FACE_BOUND('',#115,.T.);
#115 = EDGE_LOOP('',(#116,#117,#125,#132));
#116 = ORIENTED_EDGE('',*,*,#31,.T.);
#117 = ORIENTED_EDGE('',*,*,#118,.T.);
#118 = EDGE_CURVE('',#32,#119,#121,.T.);
#119 = VERTEX_POINT('',#120);
#120 = CARTESIAN_POINT('',(-17.3,17.5,10.));
#121 = LINE('',#122,#123);
#122 = CARTESIAN_POINT('',(-17.3,17.5,28.5));
#123 = VECTOR('',#124,1.);
#124 = DIRECTION('',(0.,0.,-1.));
#125 = ORIENTED_EDGE('',*,*,#126,.F.);
#126 = EDGE_CURVE('',#96,#119,#127,.T.);
#127 = CIRCLE('',#128,5.);
#128 = AXIS2_PLACEMENT_3D('',#129,#130,#131);
#129 = CARTESIAN_POINT('',(-17.3,12.5,10.));
#130 = DIRECTION('',(0.,0.,-1.));
#131 = DIRECTION('',(0.,1.,0.));
#132 = ORIENTED_EDGE('',*,*,#103,.F.);
#133 = CYLINDRICAL_SURFACE('',#134,5.);
#134 = AXIS2_PLACEMENT_3D('',#135,#136,#137);
#135 = CARTESIAN_POINT('',(-17.3,12.5,28.5));
#136 = DIRECTION('',(0.,0.,-1.));
#137 = DIRECTION('',(-1.,-0.,-0.));
#138 = ADVANCED_FACE('',(#139,#182),#232,.F.);
#139 = FACE_BOUND('',#140,.F.);
#140 = EDGE_LOOP('',(#141,#151,#160,#166,#167,#168,#176));
#141 = ORIENTED_EDGE('',*,*,#142,.T.);
#142 = EDGE_CURVE('',#143,#145,#147,.T.);
#143 = VERTEX_POINT('',#144);
#144 = CARTESIAN_POINT('',(-27.3,5.,38.48902697423));
#145 = VERTEX_POINT('',#146);
#146 = CARTESIAN_POINT('',(-27.3,5.,30.48902697423));
#147 = LINE('',#148,#149);
#148 = CARTESIAN_POINT('',(-27.3,5.,38.48902697423));
#149 = VECTOR('',#150,1.);
#150 = DIRECTION('',(0.,0.,-1.));
#151 = ORIENTED_EDGE('',*,*,#152,.F.);
#152 = EDGE_CURVE('',#153,#145,#155,.T.);
#153 = VERTEX_POINT('',#154);
#154 = CARTESIAN_POINT('',(-25.3,5.,28.48902697423));
#155 = CIRCLE('',#156,2.);
#156 = AXIS2_PLACEMENT_3D('',#157,#158,#159);
#157 = CARTESIAN_POINT('',(-25.3,5.,30.48902697423));
#158 = DIRECTION('',(-0.,1.,0.));
#159 = DIRECTION('',(0.,0.,-1.));
#160 = ORIENTED_EDGE('',*,*,#161,.F.);
#161 = EDGE_CURVE('',#64,#153,#162,.T.);
#162 = LINE('',#163,#164);
#163 = CARTESIAN_POINT('',(-17.3,5.,28.48902697423));
#164 = VECTOR('',#165,1.);
#165 = DIRECTION('',(-1.,0.,0.));
#166 = ORIENTED_EDGE('',*,*,#63,.T.);
#167 = ORIENTED_EDGE('',*,*,#48,.T.);
#168 = ORIENTED_EDGE('',*,*,#169,.F.);
#169 = EDGE_CURVE('',#170,#41,#172,.T.);
#170 = VERTEX_POINT('',#171);
#171 = CARTESIAN_POINT('',(-17.3,5.,38.48902697423));
#172 = LINE('',#173,#174);
#173 = CARTESIAN_POINT('',(-17.3,5.,38.48902697423));
#174 = VECTOR('',#175,1.);
#175 = DIRECTION('',(0.,0.,-1.));
#176 = ORIENTED_EDGE('',*,*,#177,.T.);
#177 = EDGE_CURVE('',#170,#143,#178,.T.);
#178 = LINE('',#179,#180);
#179 = CARTESIAN_POINT('',(-17.3,5.,38.48902697423));
#180 = VECTOR('',#181,1.);
#181 = DIRECTION('',(-1.,0.,0.));
#182 = FACE_BOUND('',#183,.F.);
#183 = EDGE_LOOP('',(#184,#194,#202,#210,#218,#226));
#184 = ORIENTED_EDGE('',*,*,#185,.T.);
#185 = EDGE_CURVE('',#186,#188,#190,.T.);
#186 = VERTEX_POINT('',#187);
#187 = CARTESIAN_POINT('',(-23.9,5.,30.728718707892));
#188 = VERTEX_POINT('',#189);
#189 = CARTESIAN_POINT('',(-25.5,5.,33.499999999984));
#190 = LINE('',#191,#192);
#191 = CARTESIAN_POINT('',(-23.9,5.,30.728718707892));
#192 = VECTOR('',#193,1.);
#193 = DIRECTION('',(-0.500000000002,1.922962686382E-16,0.866025403784)
  );
#194 = ORIENTED_EDGE('',*,*,#195,.T.);
#195 = EDGE_CURVE('',#188,#196,#198,.T.);
#196 = VERTEX_POINT('',#197);
#197 = CARTESIAN_POINT('',(-23.9,5.,36.271281292107));
#198 = LINE('',#199,#200);
#199 = CARTESIAN_POINT('',(-25.5,5.,33.499999999984));
#200 = VECTOR('',#201,1.);
#201 = DIRECTION('',(0.499999999997,1.922962686387E-16,0.866025403786));
#202 = ORIENTED_EDGE('',*,*,#203,.T.);
#203 = EDGE_CURVE('',#196,#204,#206,.T.);
#204 = VERTEX_POINT('',#205);
#205 = CARTESIAN_POINT('',(-20.70000000001,5.,36.271281292121));
#206 = LINE('',#207,#208);
#207 = CARTESIAN_POINT('',(-23.9,5.,36.271281292107));
#208 = VECTOR('',#209,1.);
#209 = DIRECTION('',(1.,1.014672339345E-27,4.569677969377E-12));
#210 = ORIENTED_EDGE('',*,*,#211,.T.);
#211 = EDGE_CURVE('',#204,#212,#214,.T.);
#212 = VERTEX_POINT('',#213);
#213 = CARTESIAN_POINT('',(-19.1,5.,33.500000000014));
#214 = LINE('',#215,#216);
#215 = CARTESIAN_POINT('',(-20.70000000001,5.,36.271281292121));
#216 = VECTOR('',#217,1.);
#217 = DIRECTION('',(0.500000000005,-1.922962686377E-16,-0.866025403782)
  );
#218 = ORIENTED_EDGE('',*,*,#219,.T.);
#219 = EDGE_CURVE('',#212,#220,#222,.T.);
#220 = VERTEX_POINT('',#221);
#221 = CARTESIAN_POINT('',(-20.69999999999,5.,30.728718707892));
#222 = LINE('',#223,#224);
#223 = CARTESIAN_POINT('',(-19.1,5.,33.500000000014));
#224 = VECTOR('',#225,1.);
#225 = DIRECTION('',(-0.499999999998,-1.922962686387E-16,-0.866025403786
    ));
#226 = ORIENTED_EDGE('',*,*,#227,.T.);
#227 = EDGE_CURVE('',#220,#186,#228,.T.);
#228 = LINE('',#229,#230);
#229 = CARTESIAN_POINT('',(-20.69999999999,5.,30.728718707892));
#230 = VECTOR('',#231,1.);
#231 = DIRECTION('',(-1.,0.,0.));
#232 = PLANE('',#233);
#233 = AXIS2_PLACEMENT_3D('',#234,#235,#236);
#234 = CARTESIAN_POINT('',(-17.3,5.,38.48902697423));
#235 = DIRECTION('',(-0.,-1.,-0.));
#236 = DIRECTION('',(0.,0.,-1.));
#237 = ADVANCED_FACE('',(#238),#273,.F.);
#238 = FACE_BOUND('',#239,.F.);
#239 = EDGE_LOOP('',(#240,#241,#249,#257,#265,#272));
#240 = ORIENTED_EDGE('',*,*,#40,.T.);
#241 = ORIENTED_EDGE('',*,*,#242,.T.);
#242 = EDGE_CURVE('',#32,#243,#245,.T.);
#243 = VERTEX_POINT('',#244);
#244 = CARTESIAN_POINT('',(-17.3,17.5,71.5));
#245 = LINE('',#246,#247);
#246 = CARTESIAN_POINT('',(-17.3,17.5,0.));
#247 = VECTOR('',#248,1.);
#248 = DIRECTION('',(0.,0.,1.));
#249 = ORIENTED_EDGE('',*,*,#250,.T.);
#250 = EDGE_CURVE('',#243,#251,#253,.T.);
#251 = VERTEX_POINT('',#252);
#252 = CARTESIAN_POINT('',(-17.3,5.,71.5));
#253 = LINE('',#254,#255);
#254 = CARTESIAN_POINT('',(-17.3,17.5,71.5));
#255 = VECTOR('',#256,1.);
#256 = DIRECTION('',(0.,-1.,0.));
#257 = ORIENTED_EDGE('',*,*,#258,.T.);
#258 = EDGE_CURVE('',#251,#259,#261,.T.);
#259 = VERTEX_POINT('',#260);
#260 = CARTESIAN_POINT('',(-17.3,5.,61.51097302577));
#261 = LINE('',#262,#263);
#262 = CARTESIAN_POINT('',(-17.3,5.,71.51097302577));
#263 = VECTOR('',#264,1.);
#264 = DIRECTION('',(-0.,8.881784197001E-17,-1.));
#265 = ORIENTED_EDGE('',*,*,#266,.T.);
#266 = EDGE_CURVE('',#259,#170,#267,.T.);
#267 = CIRCLE('',#268,12.55);
#268 = AXIS2_PLACEMENT_3D('',#269,#270,#271);
#269 = CARTESIAN_POINT('',(-17.3,0.,50.));
#270 = DIRECTION('',(-1.,0.,0.));
#271 = DIRECTION('',(0.,-1.,0.));
#272 = ORIENTED_EDGE('',*,*,#169,.T.);
#273 = PLANE('',#274);
#274 = AXIS2_PLACEMENT_3D('',#275,#276,#277);
#275 = CARTESIAN_POINT('',(-17.3,17.5,0.));
#276 = DIRECTION('',(1.,0.,0.));
#277 = DIRECTION('',(0.,-1.,0.));
#278 = ADVANCED_FACE('',(#279),#297,.F.);
#279 = FACE_BOUND('',#280,.F.);
#280 = EDGE_LOOP('',(#281,#282,#290,#296));
#281 = ORIENTED_EDGE('',*,*,#95,.T.);
#282 = ORIENTED_EDGE('',*,*,#283,.F.);
#283 = EDGE_CURVE('',#284,#88,#286,.T.);
#284 = VERTEX_POINT('',#285);
#285 = CARTESIAN_POINT('',(-17.3,5.,10.));
#286 = LINE('',#287,#288);
#287 = CARTESIAN_POINT('',(-17.3,5.,10.));
#288 = VECTOR('',#289,1.);
#289 = DIRECTION('',(-1.,0.,0.));
#290 = ORIENTED_EDGE('',*,*,#291,.F.);
#291 = EDGE_CURVE('',#119,#284,#292,.T.);
#292 = LINE('',#293,#294);
#293 = CARTESIAN_POINT('',(-17.3,17.5,10.));
#294 = VECTOR('',#295,1.);
#295 = DIRECTION('',(0.,-1.,0.));
#296 = ORIENTED_EDGE('',*,*,#126,.F.);
#297 = PLANE('',#298);
#298 = AXIS2_PLACEMENT_3D('',#299,#300,#301);
#299 = CARTESIAN_POINT('',(-17.3,17.5,10.));
#300 = DIRECTION('',(0.,0.,1.));
#301 = DIRECTION('',(0.,-1.,0.));
#302 = ADVANCED_FACE('',(#303),#321,.F.);
#303 = FACE_BOUND('',#304,.F.);
#304 = EDGE_LOOP('',(#305,#306,#307,#315));
#305 = ORIENTED_EDGE('',*,*,#71,.T.);
#306 = ORIENTED_EDGE('',*,*,#161,.T.);
#307 = ORIENTED_EDGE('',*,*,#308,.T.);
#308 = EDGE_CURVE('',#153,#309,#311,.T.);
#309 = VERTEX_POINT('',#310);
#310 = CARTESIAN_POINT('',(-25.3,0.,28.48902697423));
#311 = LINE('',#312,#313);
#312 = CARTESIAN_POINT('',(-25.3,5.,28.48902697423));
#313 = VECTOR('',#314,1.);
#314 = DIRECTION('',(0.,-1.,0.));
#315 = ORIENTED_EDGE('',*,*,#316,.F.);
#316 = EDGE_CURVE('',#72,#309,#317,.T.);
#317 = LINE('',#318,#319);
#318 = CARTESIAN_POINT('',(-17.3,0.,28.48902697423));
#319 = VECTOR('',#320,1.);
#320 = DIRECTION('',(-1.,0.,0.));
#321 = PLANE('',#322);
#322 = AXIS2_PLACEMENT_3D('',#323,#324,#325);
#323 = CARTESIAN_POINT('',(-17.3,5.,28.48902697423));
#324 = DIRECTION('',(0.,0.,1.));
#325 = DIRECTION('',(0.,-1.,0.));
#326 = ADVANCED_FACE('',(#327),#352,.F.);
#327 = FACE_BOUND('',#328,.F.);
#328 = EDGE_LOOP('',(#329,#330,#338,#346));
#329 = ORIENTED_EDGE('',*,*,#87,.T.);
#330 = ORIENTED_EDGE('',*,*,#331,.T.);
#331 = EDGE_CURVE('',#80,#332,#334,.T.);
#332 = VERTEX_POINT('',#333);
#333 = CARTESIAN_POINT('',(-25.3,0.,10.));
#334 = LINE('',#335,#336);
#335 = CARTESIAN_POINT('',(-17.3,0.,10.));
#336 = VECTOR('',#337,1.);
#337 = DIRECTION('',(-1.,0.,0.));
#338 = ORIENTED_EDGE('',*,*,#339,.T.);
#339 = EDGE_CURVE('',#332,#340,#342,.T.);
#340 = VERTEX_POINT('',#341);
#341 = CARTESIAN_POINT('',(-25.3,5.,10.));
#342 = LINE('',#343,#344);
#343 = CARTESIAN_POINT('',(-25.3,0.,10.));
#344 = VECTOR('',#345,1.);
#345 = DIRECTION('',(0.,1.,0.));
#346 = ORIENTED_EDGE('',*,*,#347,.F.);
#347 = EDGE_CURVE('',#88,#340,#348,.T.);
#348 = LINE('',#349,#350);
#349 = CARTESIAN_POINT('',(-17.3,5.,10.));
#350 = VECTOR('',#351,1.);
#351 = DIRECTION('',(-1.,0.,0.));
#352 = PLANE('',#353);
#353 = AXIS2_PLACEMENT_3D('',#354,#355,#356);
#354 = CARTESIAN_POINT('',(-17.3,0.,10.));
#355 = DIRECTION('',(0.,0.,-1.));
#356 = DIRECTION('',(0.,1.,0.));
#357 = ADVANCED_FACE('',(#358,#583,#594,#605,#616),#627,.T.);
#358 = FACE_BOUND('',#359,.T.);
#359 = EDGE_LOOP('',(#360,#371,#379,#387,#395,#403,#411,#419,#427,#435,
    #443,#451,#459,#468,#476,#485,#493,#501,#509,#518,#526,#534,#542,
    #550,#558,#565,#566,#567,#568,#577));
#360 = ORIENTED_EDGE('',*,*,#361,.F.);
#361 = EDGE_CURVE('',#362,#364,#366,.T.);
#362 = VERTEX_POINT('',#363);
#363 = CARTESIAN_POINT('',(-25.3,8.881784197001E-16,-4.440892098501E-16)
  );
#364 = VERTEX_POINT('',#365);
#365 = CARTESIAN_POINT('',(-27.3,0.,2.));
#366 = CIRCLE('',#367,2.);
#367 = AXIS2_PLACEMENT_3D('',#368,#369,#370);
#368 = CARTESIAN_POINT('',(-25.3,8.881784197001E-16,2.));
#369 = DIRECTION('',(-0.,1.,0.));
#370 = DIRECTION('',(0.,0.,-1.));
#371 = ORIENTED_EDGE('',*,*,#372,.F.);
#372 = EDGE_CURVE('',#373,#362,#375,.T.);
#373 = VERTEX_POINT('',#374);
#374 = CARTESIAN_POINT('',(-8.,9.797174393179E-16,0.));
#375 = LINE('',#376,#377);
#376 = CARTESIAN_POINT('',(-8.,9.797174393179E-16,0.));
#377 = VECTOR('',#378,1.);
#378 = DIRECTION('',(-1.,0.,0.));
#379 = ORIENTED_EDGE('',*,*,#380,.T.);
#380 = EDGE_CURVE('',#373,#381,#383,.T.);
#381 = VERTEX_POINT('',#382);
#382 = CARTESIAN_POINT('',(-8.,9.797174393179E-16,14.7));
#383 = LINE('',#384,#385);
#384 = CARTESIAN_POINT('',(-8.,9.797174393179E-16,0.));
#385 = VECTOR('',#386,1.);
#386 = DIRECTION('',(0.,0.,1.));
#387 = ORIENTED_EDGE('',*,*,#388,.T.);
#388 = EDGE_CURVE('',#381,#389,#391,.T.);
#389 = VERTEX_POINT('',#390);
#390 = CARTESIAN_POINT('',(-16.05,-8.877150606552E-16,14.7));
#391 = LINE('',#392,#393);
#392 = CARTESIAN_POINT('',(-8.420143102002,5.256331625977E-16,14.7));
#393 = VECTOR('',#394,1.);
#394 = DIRECTION('',(-1.,0.,0.));
#395 = ORIENTED_EDGE('',*,*,#396,.T.);
#396 = EDGE_CURVE('',#389,#397,#399,.T.);
#397 = VERTEX_POINT('',#398);
#398 = CARTESIAN_POINT('',(-16.05,-8.877150606552E-16,23.8));
#399 = LINE('',#400,#401);
#400 = CARTESIAN_POINT('',(-16.05,5.256331625977E-16,23.8));
#401 = VECTOR('',#402,1.);
#402 = DIRECTION('',(0.,0.,1.));
#403 = ORIENTED_EDGE('',*,*,#404,.F.);
#404 = EDGE_CURVE('',#405,#397,#407,.T.);
#405 = VERTEX_POINT('',#406);
#406 = CARTESIAN_POINT('',(-8.,9.797174393179E-16,23.8));
#407 = LINE('',#408,#409);
#408 = CARTESIAN_POINT('',(-8.420143102002,5.256331625977E-16,23.8));
#409 = VECTOR('',#410,1.);
#410 = DIRECTION('',(-1.,0.,0.));
#411 = ORIENTED_EDGE('',*,*,#412,.T.);
#412 = EDGE_CURVE('',#405,#413,#415,.T.);
#413 = VERTEX_POINT('',#414);
#414 = CARTESIAN_POINT('',(-8.,9.797174393179E-16,76.2));
#415 = LINE('',#416,#417);
#416 = CARTESIAN_POINT('',(-8.,9.797174393179E-16,0.));
#417 = VECTOR('',#418,1.);
#418 = DIRECTION('',(0.,0.,1.));
#419 = ORIENTED_EDGE('',*,*,#420,.T.);
#420 = EDGE_CURVE('',#413,#421,#423,.T.);
#421 = VERTEX_POINT('',#422);
#422 = CARTESIAN_POINT('',(-16.05,1.709280098878E-15,76.2));
#423 = LINE('',#424,#425);
#424 = CARTESIAN_POINT('',(-8.420143102002,5.256331625977E-16,76.2));
#425 = VECTOR('',#426,1.);
#426 = DIRECTION('',(-1.,0.,0.));
#427 = ORIENTED_EDGE('',*,*,#428,.F.);
#428 = EDGE_CURVE('',#429,#421,#431,.T.);
#429 = VERTEX_POINT('',#430);
#430 = CARTESIAN_POINT('',(-16.05,1.709280098878E-15,85.3));
#431 = LINE('',#432,#433);
#432 = CARTESIAN_POINT('',(-16.05,5.256331625977E-16,76.2));
#433 = VECTOR('',#434,1.);
#434 = DIRECTION('',(0.,0.,-1.));
#435 = ORIENTED_EDGE('',*,*,#436,.F.);
#436 = EDGE_CURVE('',#437,#429,#439,.T.);
#437 = VERTEX_POINT('',#438);
#438 = CARTESIAN_POINT('',(-8.,9.797174393179E-16,85.3));
#439 = LINE('',#440,#441);
#440 = CARTESIAN_POINT('',(-8.420143102002,5.256331625977E-16,85.3));
#441 = VECTOR('',#442,1.);
#442 = DIRECTION('',(-1.,0.,0.));
#443 = ORIENTED_EDGE('',*,*,#444,.T.);
#444 = EDGE_CURVE('',#437,#445,#447,.T.);
#445 = VERTEX_POINT('',#446);
#446 = CARTESIAN_POINT('',(-8.,9.797174393179E-16,100.));
#447 = LINE('',#448,#449);
#448 = CARTESIAN_POINT('',(-8.,9.797174393179E-16,0.));
#449 = VECTOR('',#450,1.);
#450 = DIRECTION('',(0.,0.,1.));
#451 = ORIENTED_EDGE('',*,*,#452,.T.);
#452 = EDGE_CURVE('',#445,#453,#455,.T.);
#453 = VERTEX_POINT('',#454);
#454 = CARTESIAN_POINT('',(-25.3,8.881784197001E-16,100.));
#455 = LINE('',#456,#457);
#456 = CARTESIAN_POINT('',(-8.,9.797174393179E-16,100.));
#457 = VECTOR('',#458,1.);
#458 = DIRECTION('',(-1.,0.,0.));
#459 = ORIENTED_EDGE('',*,*,#460,.T.);
#460 = EDGE_CURVE('',#453,#461,#463,.T.);
#461 = VERTEX_POINT('',#462);
#462 = CARTESIAN_POINT('',(-27.3,0.,98.));
#463 = CIRCLE('',#464,2.);
#464 = AXIS2_PLACEMENT_3D('',#465,#466,#467);
#465 = CARTESIAN_POINT('',(-25.3,5.256331625977E-16,98.));
#466 = DIRECTION('',(0.,-1.,0.));
#467 = DIRECTION('',(0.,0.,1.));
#468 = ORIENTED_EDGE('',*,*,#469,.F.);
#469 = EDGE_CURVE('',#470,#461,#472,.T.);
#470 = VERTEX_POINT('',#471);
#471 = CARTESIAN_POINT('',(-27.3,0.,92.));
#472 = LINE('',#473,#474);
#473 = CARTESIAN_POINT('',(-27.3,0.,90.));
#474 = VECTOR('',#475,1.);
#475 = DIRECTION('',(0.,0.,1.));
#476 = ORIENTED_EDGE('',*,*,#477,.T.);
#477 = EDGE_CURVE('',#470,#478,#480,.T.);
#478 = VERTEX_POINT('',#479);
#479 = CARTESIAN_POINT('',(-25.3,0.,90.));
#480 = CIRCLE('',#481,2.);
#481 = AXIS2_PLACEMENT_3D('',#482,#483,#484);
#482 = CARTESIAN_POINT('',(-25.3,8.881784197001E-16,92.));
#483 = DIRECTION('',(0.,-1.,0.));
#484 = DIRECTION('',(0.,0.,-1.));
#485 = ORIENTED_EDGE('',*,*,#486,.F.);
#486 = EDGE_CURVE('',#487,#478,#489,.T.);
#487 = VERTEX_POINT('',#488);
#488 = CARTESIAN_POINT('',(-22.3,0.,90.));
#489 = LINE('',#490,#491);
#490 = CARTESIAN_POINT('',(-17.3,0.,90.));
#491 = VECTOR('',#492,1.);
#492 = DIRECTION('',(-1.,0.,0.));
#493 = ORIENTED_EDGE('',*,*,#494,.F.);
#494 = EDGE_CURVE('',#495,#487,#497,.T.);
#495 = VERTEX_POINT('',#496);
#496 = CARTESIAN_POINT('',(-22.3,0.,71.51097302577));
#497 = LINE('',#498,#499);
#498 = CARTESIAN_POINT('',(-22.3,0.,71.5));
#499 = VECTOR('',#500,1.);
#500 = DIRECTION('',(0.,0.,1.));
#501 = ORIENTED_EDGE('',*,*,#502,.T.);
#502 = EDGE_CURVE('',#495,#503,#505,.T.);
#503 = VERTEX_POINT('',#504);
#504 = CARTESIAN_POINT('',(-25.3,0.,71.51097302577));
#505 = LINE('',#506,#507);
#506 = CARTESIAN_POINT('',(-17.3,0.,71.51097302577));
#507 = VECTOR('',#508,1.);
#508 = DIRECTION('',(-1.,0.,0.));
#509 = ORIENTED_EDGE('',*,*,#510,.T.);
#510 = EDGE_CURVE('',#503,#511,#513,.T.);
#511 = VERTEX_POINT('',#512);
#512 = CARTESIAN_POINT('',(-27.3,-7.1628245263E-17,69.51097302577));
#513 = CIRCLE('',#514,2.);
#514 = AXIS2_PLACEMENT_3D('',#515,#516,#517);
#515 = CARTESIAN_POINT('',(-25.3,5.256331625977E-16,69.51097302577));
#516 = DIRECTION('',(0.,-1.,0.));
#517 = DIRECTION('',(0.,0.,1.));
#518 = ORIENTED_EDGE('',*,*,#519,.T.);
#519 = EDGE_CURVE('',#511,#520,#522,.T.);
#520 = VERTEX_POINT('',#521);
#521 = CARTESIAN_POINT('',(-27.3,-4.811520791226E-16,57.55));
#522 = LINE('',#523,#524);
#523 = CARTESIAN_POINT('',(-27.3,0.,71.51097302577));
#524 = VECTOR('',#525,1.);
#525 = DIRECTION('',(0.,-3.58141226315E-17,-1.));
#526 = ORIENTED_EDGE('',*,*,#527,.F.);
#527 = EDGE_CURVE('',#528,#520,#530,.T.);
#528 = VERTEX_POINT('',#529);
#529 = CARTESIAN_POINT('',(-17.3,-4.811520791226E-16,57.55));
#530 = LINE('',#531,#532);
#531 = CARTESIAN_POINT('',(-17.3,-4.811520791226E-16,57.55));
#532 = VECTOR('',#533,1.);
#533 = DIRECTION('',(-1.,0.,0.));
#534 = ORIENTED_EDGE('',*,*,#535,.F.);
#535 = EDGE_CURVE('',#536,#528,#538,.T.);
#536 = VERTEX_POINT('',#537);
#537 = CARTESIAN_POINT('',(-17.3,1.386912500034E-15,42.45));
#538 = LINE('',#539,#540);
#539 = CARTESIAN_POINT('',(-17.3,4.898587247536E-16,0.));
#540 = VECTOR('',#541,1.);
#541 = DIRECTION('',(0.,0.,1.));
#542 = ORIENTED_EDGE('',*,*,#543,.T.);
#543 = EDGE_CURVE('',#536,#544,#546,.T.);
#544 = VERTEX_POINT('',#545);
#545 = CARTESIAN_POINT('',(-27.3,1.386912500034E-15,42.45));
#546 = LINE('',#547,#548);
#547 = CARTESIAN_POINT('',(-17.3,1.386912500034E-15,42.45));
#548 = VECTOR('',#549,1.);
#549 = DIRECTION('',(-1.,0.,0.));
#550 = ORIENTED_EDGE('',*,*,#551,.T.);
#551 = EDGE_CURVE('',#544,#552,#554,.T.);
#552 = VERTEX_POINT('',#553);
#553 = CARTESIAN_POINT('',(-27.3,8.881784197001E-16,30.48902697423));
#554 = LINE('',#555,#556);
#555 = CARTESIAN_POINT('',(-27.3,1.386912500034E-15,42.45));
#556 = VECTOR('',#557,1.);
#557 = DIRECTION('',(0.,-9.934210871079E-17,-1.));
#558 = ORIENTED_EDGE('',*,*,#559,.F.);
#559 = EDGE_CURVE('',#309,#552,#560,.T.);
#560 = CIRCLE('',#561,2.);
#561 = AXIS2_PLACEMENT_3D('',#562,#563,#564);
#562 = CARTESIAN_POINT('',(-25.3,8.881784197001E-16,30.48902697423));
#563 = DIRECTION('',(-0.,1.,0.));
#564 = DIRECTION('',(0.,0.,-1.));
#565 = ORIENTED_EDGE('',*,*,#316,.F.);
#566 = ORIENTED_EDGE('',*,*,#79,.F.);
#567 = ORIENTED_EDGE('',*,*,#331,.T.);
#568 = ORIENTED_EDGE('',*,*,#569,.F.);
#569 = EDGE_CURVE('',#570,#332,#572,.T.);
#570 = VERTEX_POINT('',#571);
#571 = CARTESIAN_POINT('',(-27.3,0.,8.));
#572 = CIRCLE('',#573,2.);
#573 = AXIS2_PLACEMENT_3D('',#574,#575,#576);
#574 = CARTESIAN_POINT('',(-25.3,5.256331625977E-16,8.));
#575 = DIRECTION('',(0.,1.,0.));
#576 = DIRECTION('',(0.,0.,1.));
#577 = ORIENTED_EDGE('',*,*,#578,.F.);
#578 = EDGE_CURVE('',#364,#570,#579,.T.);
#579 = LINE('',#580,#581);
#580 = CARTESIAN_POINT('',(-27.3,0.,0.));
#581 = VECTOR('',#582,1.);
#582 = DIRECTION('',(0.,0.,1.));
#583 = FACE_BOUND('',#584,.T.);
#584 = EDGE_LOOP('',(#585));
#585 = ORIENTED_EDGE('',*,*,#586,.T.);
#586 = EDGE_CURVE('',#587,#587,#589,.T.);
#587 = VERTEX_POINT('',#588);
#588 = CARTESIAN_POINT('',(-23.85,4.440892098501E-16,33.5));
#589 = CIRCLE('',#590,1.55);
#590 = AXIS2_PLACEMENT_3D('',#591,#592,#593);
#591 = CARTESIAN_POINT('',(-22.3,4.440892098501E-16,33.5));
#592 = DIRECTION('',(0.,1.,-2.22044604925E-16));
#593 = DIRECTION('',(-1.,0.,0.));
#594 = FACE_BOUND('',#595,.T.);
#595 = EDGE_LOOP('',(#596));
#596 = ORIENTED_EDGE('',*,*,#597,.T.);
#597 = EDGE_CURVE('',#598,#598,#600,.T.);
#598 = VERTEX_POINT('',#599);
#599 = CARTESIAN_POINT('',(-23.85,4.440892098501E-16,5.));
#600 = CIRCLE('',#601,1.55);
#601 = AXIS2_PLACEMENT_3D('',#602,#603,#604);
#602 = CARTESIAN_POINT('',(-22.3,4.440892098501E-16,5.));
#603 = DIRECTION('',(0.,1.,-2.22044604925E-16));
#604 = DIRECTION('',(-1.,0.,0.));
#605 = FACE_BOUND('',#606,.T.);
#606 = EDGE_LOOP('',(#607));
#607 = ORIENTED_EDGE('',*,*,#608,.T.);
#608 = EDGE_CURVE('',#609,#609,#611,.T.);
#609 = VERTEX_POINT('',#610);
#610 = CARTESIAN_POINT('',(-23.85,4.440892098501E-16,95.));
#611 = CIRCLE('',#612,1.55);
#612 = AXIS2_PLACEMENT_3D('',#613,#614,#615);
#613 = CARTESIAN_POINT('',(-22.3,4.440892098501E-16,95.));
#614 = DIRECTION('',(0.,1.,-2.22044604925E-16));
#615 = DIRECTION('',(-1.,0.,0.));
#616 = FACE_BOUND('',#617,.T.);
#617 = EDGE_LOOP('',(#618));
#618 = ORIENTED_EDGE('',*,*,#619,.T.);
#619 = EDGE_CURVE('',#620,#620,#622,.T.);
#620 = VERTEX_POINT('',#621);
#621 = CARTESIAN_POINT('',(-23.85,4.440892098501E-16,66.5));
#622 = CIRCLE('',#623,1.55);
#623 = AXIS2_PLACEMENT_3D('',#624,#625,#626);
#624 = CARTESIAN_POINT('',(-22.3,4.440892098501E-16,66.5));
#625 = DIRECTION('',(0.,1.,-2.22044604925E-16));
#626 = DIRECTION('',(-1.,0.,0.));
#627 = PLANE('',#628);
#628 = AXIS2_PLACEMENT_3D('',#629,#630,#631);
#629 = CARTESIAN_POINT('',(-17.03328764679,5.769564808831E-16,50.));
#630 = DIRECTION('',(-0.,-1.,-0.));
#631 = DIRECTION('',(0.,0.,-1.));
#632 = ADVANCED_FACE('',(#633,#715),#726,.T.);
#633 = FACE_BOUND('',#634,.T.);
#634 = EDGE_LOOP('',(#635,#636,#637,#645,#653,#661,#669,#677,#685,#693,
    #701,#709));
#635 = ORIENTED_EDGE('',*,*,#118,.F.);
#636 = ORIENTED_EDGE('',*,*,#242,.T.);
#637 = ORIENTED_EDGE('',*,*,#638,.F.);
#638 = EDGE_CURVE('',#639,#243,#641,.T.);
#639 = VERTEX_POINT('',#640);
#640 = CARTESIAN_POINT('',(-17.3,17.5,90.));
#641 = LINE('',#642,#643);
#642 = CARTESIAN_POINT('',(-17.3,17.5,90.));
#643 = VECTOR('',#644,1.);
#644 = DIRECTION('',(0.,0.,-1.));
#645 = ORIENTED_EDGE('',*,*,#646,.T.);
#646 = EDGE_CURVE('',#639,#647,#649,.T.);
#647 = VERTEX_POINT('',#648);
#648 = CARTESIAN_POINT('',(-17.3,17.5,100.));
#649 = LINE('',#650,#651);
#650 = CARTESIAN_POINT('',(-17.3,17.5,0.));
#651 = VECTOR('',#652,1.);
#652 = DIRECTION('',(0.,0.,1.));
#653 = ORIENTED_EDGE('',*,*,#654,.F.);
#654 = EDGE_CURVE('',#655,#647,#657,.T.);
#655 = VERTEX_POINT('',#656);
#656 = CARTESIAN_POINT('',(17.3,17.5,100.));
#657 = LINE('',#658,#659);
#658 = CARTESIAN_POINT('',(17.3,17.5,100.));
#659 = VECTOR('',#660,1.);
#660 = DIRECTION('',(-1.,0.,0.));
#661 = ORIENTED_EDGE('',*,*,#662,.F.);
#662 = EDGE_CURVE('',#663,#655,#665,.T.);
#663 = VERTEX_POINT('',#664);
#664 = CARTESIAN_POINT('',(17.3,17.5,90.));
#665 = LINE('',#666,#667);
#666 = CARTESIAN_POINT('',(17.3,17.5,0.));
#667 = VECTOR('',#668,1.);
#668 = DIRECTION('',(0.,0.,1.));
#669 = ORIENTED_EDGE('',*,*,#670,.F.);
#670 = EDGE_CURVE('',#671,#663,#673,.T.);
#671 = VERTEX_POINT('',#672);
#672 = CARTESIAN_POINT('',(17.3,17.5,71.5));
#673 = LINE('',#674,#675);
#674 = CARTESIAN_POINT('',(17.3,17.5,71.5));
#675 = VECTOR('',#676,1.);
#676 = DIRECTION('',(0.,0.,1.));
#677 = ORIENTED_EDGE('',*,*,#678,.F.);
#678 = EDGE_CURVE('',#679,#671,#681,.T.);
#679 = VERTEX_POINT('',#680);
#680 = CARTESIAN_POINT('',(17.3,17.5,28.5));
#681 = LINE('',#682,#683);
#682 = CARTESIAN_POINT('',(17.3,17.5,0.));
#683 = VECTOR('',#684,1.);
#684 = DIRECTION('',(0.,0.,1.));
#685 = ORIENTED_EDGE('',*,*,#686,.F.);
#686 = EDGE_CURVE('',#687,#679,#689,.T.);
#687 = VERTEX_POINT('',#688);
#688 = CARTESIAN_POINT('',(17.3,17.5,10.));
#689 = LINE('',#690,#691);
#690 = CARTESIAN_POINT('',(17.3,17.5,10.));
#691 = VECTOR('',#692,1.);
#692 = DIRECTION('',(0.,0.,1.));
#693 = ORIENTED_EDGE('',*,*,#694,.F.);
#694 = EDGE_CURVE('',#695,#687,#697,.T.);
#695 = VERTEX_POINT('',#696);
#696 = CARTESIAN_POINT('',(17.3,17.5,0.));
#697 = LINE('',#698,#699);
#698 = CARTESIAN_POINT('',(17.3,17.5,0.));
#699 = VECTOR('',#700,1.);
#700 = DIRECTION('',(0.,0.,1.));
#701 = ORIENTED_EDGE('',*,*,#702,.T.);
#702 = EDGE_CURVE('',#695,#703,#705,.T.);
#703 = VERTEX_POINT('',#704);
#704 = CARTESIAN_POINT('',(-17.3,17.5,0.));
#705 = LINE('',#706,#707);
#706 = CARTESIAN_POINT('',(17.3,17.5,0.));
#707 = VECTOR('',#708,1.);
#708 = DIRECTION('',(-1.,0.,0.));
#709 = ORIENTED_EDGE('',*,*,#710,.T.);
#710 = EDGE_CURVE('',#703,#119,#711,.T.);
#711 = LINE('',#712,#713);
#712 = CARTESIAN_POINT('',(-17.3,17.5,0.));
#713 = VECTOR('',#714,1.);
#714 = DIRECTION('',(0.,0.,1.));
#715 = FACE_BOUND('',#716,.T.);
#716 = EDGE_LOOP('',(#717));
#717 = ORIENTED_EDGE('',*,*,#718,.F.);
#718 = EDGE_CURVE('',#719,#719,#721,.T.);
#719 = VERTEX_POINT('',#720);
#720 = CARTESIAN_POINT('',(-12.5,17.5,50.));
#721 = CIRCLE('',#722,12.5);
#722 = AXIS2_PLACEMENT_3D('',#723,#724,#725);
#723 = CARTESIAN_POINT('',(0.,17.5,50.));
#724 = DIRECTION('',(0.,1.,-2.22044604925E-16));
#725 = DIRECTION('',(-1.,0.,0.));
#726 = PLANE('',#727);
#727 = AXIS2_PLACEMENT_3D('',#728,#729,#730);
#728 = CARTESIAN_POINT('',(9.192014692886E-17,17.5,50.));
#729 = DIRECTION('',(0.,1.,0.));
#730 = DIRECTION('',(0.,0.,1.));
#731 = ADVANCED_FACE('',(#732),#773,.F.);
#732 = FACE_BOUND('',#733,.F.);
#733 = EDGE_LOOP('',(#734,#735,#742,#743,#749,#750,#759,#767));
#734 = ORIENTED_EDGE('',*,*,#519,.T.);
#735 = ORIENTED_EDGE('',*,*,#736,.T.);
#736 = EDGE_CURVE('',#520,#544,#737,.T.);
#737 = CIRCLE('',#738,7.55);
#738 = AXIS2_PLACEMENT_3D('',#739,#740,#741);
#739 = CARTESIAN_POINT('',(-27.3,0.,50.));
#740 = DIRECTION('',(-1.,0.,0.));
#741 = DIRECTION('',(0.,-1.,0.));
#742 = ORIENTED_EDGE('',*,*,#551,.T.);
#743 = ORIENTED_EDGE('',*,*,#744,.F.);
#744 = EDGE_CURVE('',#145,#552,#745,.T.);
#745 = LINE('',#746,#747);
#746 = CARTESIAN_POINT('',(-27.3,5.,30.48902697423));
#747 = VECTOR('',#748,1.);
#748 = DIRECTION('',(0.,-1.,0.));
#749 = ORIENTED_EDGE('',*,*,#142,.F.);
#750 = ORIENTED_EDGE('',*,*,#751,.F.);
#751 = EDGE_CURVE('',#752,#143,#754,.T.);
#752 = VERTEX_POINT('',#753);
#753 = CARTESIAN_POINT('',(-27.3,5.,61.51097302577));
#754 = CIRCLE('',#755,12.55);
#755 = AXIS2_PLACEMENT_3D('',#756,#757,#758);
#756 = CARTESIAN_POINT('',(-27.3,0.,50.));
#757 = DIRECTION('',(-1.,0.,0.));
#758 = DIRECTION('',(0.,-1.,0.));
#759 = ORIENTED_EDGE('',*,*,#760,.F.);
#760 = EDGE_CURVE('',#761,#752,#763,.T.);
#761 = VERTEX_POINT('',#762);
#762 = CARTESIAN_POINT('',(-27.3,5.,69.51097302577));
#763 = LINE('',#764,#765);
#764 = CARTESIAN_POINT('',(-27.3,5.,71.51097302577));
#765 = VECTOR('',#766,1.);
#766 = DIRECTION('',(-0.,8.881784197001E-17,-1.));
#767 = ORIENTED_EDGE('',*,*,#768,.F.);
#768 = EDGE_CURVE('',#511,#761,#769,.T.);
#769 = LINE('',#770,#771);
#770 = CARTESIAN_POINT('',(-27.3,0.,69.51097302577));
#771 = VECTOR('',#772,1.);
#772 = DIRECTION('',(0.,1.,0.));
#773 = PLANE('',#774);
#774 = AXIS2_PLACEMENT_3D('',#775,#776,#777);
#775 = CARTESIAN_POINT('',(-27.3,3.794798837511,50.));
#776 = DIRECTION('',(1.,0.,0.));
#777 = DIRECTION('',(0.,0.,1.));
#778 = ADVANCED_FACE('',(#779),#790,.T.);
#779 = FACE_BOUND('',#780,.F.);
#780 = EDGE_LOOP('',(#781,#787,#788,#789));
#781 = ORIENTED_EDGE('',*,*,#782,.T.);
#782 = EDGE_CURVE('',#259,#752,#783,.T.);
#783 = LINE('',#784,#785);
#784 = CARTESIAN_POINT('',(-17.3,5.,61.51097302577));
#785 = VECTOR('',#786,1.);
#786 = DIRECTION('',(-1.,0.,0.));
#787 = ORIENTED_EDGE('',*,*,#751,.T.);
#788 = ORIENTED_EDGE('',*,*,#177,.F.);
#789 = ORIENTED_EDGE('',*,*,#266,.F.);
#790 = CYLINDRICAL_SURFACE('',#791,12.55);
#791 = AXIS2_PLACEMENT_3D('',#792,#793,#794);
#792 = CARTESIAN_POINT('',(-17.3,0.,50.));
#793 = DIRECTION('',(1.,0.,0.));
#794 = DIRECTION('',(0.,-1.,0.));
#795 = ADVANCED_FACE('',(#796),#802,.T.);
#796 = FACE_BOUND('',#797,.F.);
#797 = EDGE_LOOP('',(#798,#799,#800,#801));
#798 = ORIENTED_EDGE('',*,*,#152,.T.);
#799 = ORIENTED_EDGE('',*,*,#744,.T.);
#800 = ORIENTED_EDGE('',*,*,#559,.F.);
#801 = ORIENTED_EDGE('',*,*,#308,.F.);
#802 = CYLINDRICAL_SURFACE('',#803,2.);
#803 = AXIS2_PLACEMENT_3D('',#804,#805,#806);
#804 = CARTESIAN_POINT('',(-25.3,5.,30.48902697423));
#805 = DIRECTION('',(0.,-1.,0.));
#806 = DIRECTION('',(0.,0.,-1.));
#807 = ADVANCED_FACE('',(#808),#833,.F.);
#808 = FACE_BOUND('',#809,.F.);
#809 = EDGE_LOOP('',(#810,#818,#826,#832));
#810 = ORIENTED_EDGE('',*,*,#811,.T.);
#811 = EDGE_CURVE('',#186,#812,#814,.T.);
#812 = VERTEX_POINT('',#813);
#813 = CARTESIAN_POINT('',(-23.9,3.8,30.728718707892));
#814 = LINE('',#815,#816);
#815 = CARTESIAN_POINT('',(-23.9,5.,30.728718707892));
#816 = VECTOR('',#817,1.);
#817 = DIRECTION('',(0.,-1.,2.22044604925E-16));
#818 = ORIENTED_EDGE('',*,*,#819,.T.);
#819 = EDGE_CURVE('',#812,#820,#822,.T.);
#820 = VERTEX_POINT('',#821);
#821 = CARTESIAN_POINT('',(-25.5,3.8,33.499999999984));
#822 = LINE('',#823,#824);
#823 = CARTESIAN_POINT('',(-23.9,3.8,30.728718707892));
#824 = VECTOR('',#825,1.);
#825 = DIRECTION('',(-0.500000000002,1.922962686382E-16,0.866025403784)
  );
#826 = ORIENTED_EDGE('',*,*,#827,.F.);
#827 = EDGE_CURVE('',#188,#820,#828,.T.);
#828 = LINE('',#829,#830);
#829 = CARTESIAN_POINT('',(-25.5,5.,33.499999999984));
#830 = VECTOR('',#831,1.);
#831 = DIRECTION('',(0.,-1.,2.22044604925E-16));
#832 = ORIENTED_EDGE('',*,*,#185,.F.);
#833 = PLANE('',#834);
#834 = AXIS2_PLACEMENT_3D('',#835,#836,#837);
#835 = CARTESIAN_POINT('',(-23.9,5.,30.728718707892));
#836 = DIRECTION('',(-0.866025403784,-1.110223024629E-16,-0.500000000002
    ));
#837 = DIRECTION('',(-0.500000000002,1.922962686382E-16,0.866025403784)
  );
#838 = ADVANCED_FACE('',(#839),#857,.F.);
#839 = FACE_BOUND('',#840,.F.);
#840 = EDGE_LOOP('',(#841,#849,#855,#856));
#841 = ORIENTED_EDGE('',*,*,#842,.T.);
#842 = EDGE_CURVE('',#220,#843,#845,.T.);
#843 = VERTEX_POINT('',#844);
#844 = CARTESIAN_POINT('',(-20.69999999999,3.8,30.728718707892));
#845 = LINE('',#846,#847);
#846 = CARTESIAN_POINT('',(-20.69999999999,5.,30.728718707892));
#847 = VECTOR('',#848,1.);
#848 = DIRECTION('',(0.,-1.,2.22044604925E-16));
#849 = ORIENTED_EDGE('',*,*,#850,.T.);
#850 = EDGE_CURVE('',#843,#812,#851,.T.);
#851 = LINE('',#852,#853);
#852 = CARTESIAN_POINT('',(-20.69999999999,3.8,30.728718707892));
#853 = VECTOR('',#854,1.);
#854 = DIRECTION('',(-1.,0.,0.));
#855 = ORIENTED_EDGE('',*,*,#811,.F.);
#856 = ORIENTED_EDGE('',*,*,#227,.F.);
#857 = PLANE('',#858);
#858 = AXIS2_PLACEMENT_3D('',#859,#860,#861);
#859 = CARTESIAN_POINT('',(-20.69999999999,5.,30.728718707892));
#860 = DIRECTION('',(-0.,-2.22044604925E-16,-1.));
#861 = DIRECTION('',(-1.,0.,0.));
#862 = ADVANCED_FACE('',(#863),#881,.F.);
#863 = FACE_BOUND('',#864,.F.);
#864 = EDGE_LOOP('',(#865,#866,#874,#880));
#865 = ORIENTED_EDGE('',*,*,#827,.T.);
#866 = ORIENTED_EDGE('',*,*,#867,.T.);
#867 = EDGE_CURVE('',#820,#868,#870,.T.);
#868 = VERTEX_POINT('',#869);
#869 = CARTESIAN_POINT('',(-23.9,3.8,36.271281292107));
#870 = LINE('',#871,#872);
#871 = CARTESIAN_POINT('',(-25.5,3.8,33.499999999984));
#872 = VECTOR('',#873,1.);
#873 = DIRECTION('',(0.499999999997,1.922962686387E-16,0.866025403786));
#874 = ORIENTED_EDGE('',*,*,#875,.F.);
#875 = EDGE_CURVE('',#196,#868,#876,.T.);
#876 = LINE('',#877,#878);
#877 = CARTESIAN_POINT('',(-23.9,5.,36.271281292107));
#878 = VECTOR('',#879,1.);
#879 = DIRECTION('',(0.,-1.,2.22044604925E-16));
#880 = ORIENTED_EDGE('',*,*,#195,.F.);
#881 = PLANE('',#882);
#882 = AXIS2_PLACEMENT_3D('',#883,#884,#885);
#883 = CARTESIAN_POINT('',(-25.5,5.,33.499999999984));
#884 = DIRECTION('',(-0.866025403786,1.110223024618E-16,0.499999999997)
  );
#885 = DIRECTION('',(0.499999999997,1.922962686387E-16,0.866025403786));
#886 = ADVANCED_FACE('',(#887),#905,.F.);
#887 = FACE_BOUND('',#888,.F.);
#888 = EDGE_LOOP('',(#889,#897,#903,#904));
#889 = ORIENTED_EDGE('',*,*,#890,.T.);
#890 = EDGE_CURVE('',#212,#891,#893,.T.);
#891 = VERTEX_POINT('',#892);
#892 = CARTESIAN_POINT('',(-19.1,3.8,33.500000000014));
#893 = LINE('',#894,#895);
#894 = CARTESIAN_POINT('',(-19.1,5.,33.500000000014));
#895 = VECTOR('',#896,1.);
#896 = DIRECTION('',(0.,-1.,2.22044604925E-16));
#897 = ORIENTED_EDGE('',*,*,#898,.T.);
#898 = EDGE_CURVE('',#891,#843,#899,.T.);
#899 = LINE('',#900,#901);
#900 = CARTESIAN_POINT('',(-19.1,3.8,33.500000000014));
#901 = VECTOR('',#902,1.);
#902 = DIRECTION('',(-0.499999999998,-1.922962686387E-16,-0.866025403786
    ));
#903 = ORIENTED_EDGE('',*,*,#842,.F.);
#904 = ORIENTED_EDGE('',*,*,#219,.F.);
#905 = PLANE('',#906);
#906 = AXIS2_PLACEMENT_3D('',#907,#908,#909);
#907 = CARTESIAN_POINT('',(-19.1,5.,33.500000000014));
#908 = DIRECTION('',(0.866025403786,-1.11022302462E-16,-0.499999999998)
  );
#909 = DIRECTION('',(-0.499999999998,-1.922962686387E-16,-0.866025403786
    ));
#910 = ADVANCED_FACE('',(#911),#929,.F.);
#911 = FACE_BOUND('',#912,.F.);
#912 = EDGE_LOOP('',(#913,#914,#922,#928));
#913 = ORIENTED_EDGE('',*,*,#875,.T.);
#914 = ORIENTED_EDGE('',*,*,#915,.T.);
#915 = EDGE_CURVE('',#868,#916,#918,.T.);
#916 = VERTEX_POINT('',#917);
#917 = CARTESIAN_POINT('',(-20.70000000001,3.8,36.271281292121));
#918 = LINE('',#919,#920);
#919 = CARTESIAN_POINT('',(-23.9,3.8,36.271281292107));
#920 = VECTOR('',#921,1.);
#921 = DIRECTION('',(1.,1.014672339345E-27,4.569677969377E-12));
#922 = ORIENTED_EDGE('',*,*,#923,.F.);
#923 = EDGE_CURVE('',#204,#916,#924,.T.);
#924 = LINE('',#925,#926);
#925 = CARTESIAN_POINT('',(-20.70000000001,5.,36.271281292121));
#926 = VECTOR('',#927,1.);
#927 = DIRECTION('',(0.,-1.,2.22044604925E-16));
#928 = ORIENTED_EDGE('',*,*,#203,.F.);
#929 = PLANE('',#930);
#930 = AXIS2_PLACEMENT_3D('',#931,#932,#933);
#931 = CARTESIAN_POINT('',(-23.9,5.,36.271281292107));
#932 = DIRECTION('',(-4.569677969377E-12,2.22044604925E-16,1.));
#933 = DIRECTION('',(1.,1.014672339345E-27,4.569677969377E-12));
#934 = ADVANCED_FACE('',(#935),#946,.F.);
#935 = FACE_BOUND('',#936,.F.);
#936 = EDGE_LOOP('',(#937,#938,#944,#945));
#937 = ORIENTED_EDGE('',*,*,#923,.T.);
#938 = ORIENTED_EDGE('',*,*,#939,.T.);
#939 = EDGE_CURVE('',#916,#891,#940,.T.);
#940 = LINE('',#941,#942);
#941 = CARTESIAN_POINT('',(-20.70000000001,3.8,36.271281292121));
#942 = VECTOR('',#943,1.);
#943 = DIRECTION('',(0.500000000005,-1.922962686377E-16,-0.866025403782)
  );
#944 = ORIENTED_EDGE('',*,*,#890,.F.);
#945 = ORIENTED_EDGE('',*,*,#211,.F.);
#946 = PLANE('',#947);
#947 = AXIS2_PLACEMENT_3D('',#948,#949,#950);
#948 = CARTESIAN_POINT('',(-20.70000000001,5.,36.271281292121));
#949 = DIRECTION('',(0.866025403782,1.110223024636E-16,0.500000000005));
#950 = DIRECTION('',(0.500000000005,-1.922962686377E-16,-0.866025403782)
  );
#951 = ADVANCED_FACE('',(#952,#988),#1038,.F.);
#952 = FACE_BOUND('',#953,.F.);
#953 = EDGE_LOOP('',(#954,#964,#972,#979,#980,#981,#982));
#954 = ORIENTED_EDGE('',*,*,#955,.T.);
#955 = EDGE_CURVE('',#956,#958,#960,.T.);
#956 = VERTEX_POINT('',#957);
#957 = CARTESIAN_POINT('',(-22.3,5.,71.5));
#958 = VERTEX_POINT('',#959);
#959 = CARTESIAN_POINT('',(-22.3,5.,71.51097302577));
#960 = LINE('',#961,#962);
#961 = CARTESIAN_POINT('',(-22.3,5.,60.755486512885));
#962 = VECTOR('',#963,1.);
#963 = DIRECTION('',(0.,-8.881784197001E-17,1.));
#964 = ORIENTED_EDGE('',*,*,#965,.T.);
#965 = EDGE_CURVE('',#958,#966,#968,.T.);
#966 = VERTEX_POINT('',#967);
#967 = CARTESIAN_POINT('',(-25.3,5.,71.51097302577));
#968 = LINE('',#969,#970);
#969 = CARTESIAN_POINT('',(-17.3,5.,71.51097302577));
#970 = VECTOR('',#971,1.);
#971 = DIRECTION('',(-1.,0.,0.));
#972 = ORIENTED_EDGE('',*,*,#973,.T.);
#973 = EDGE_CURVE('',#966,#761,#974,.T.);
#974 = CIRCLE('',#975,2.);
#975 = AXIS2_PLACEMENT_3D('',#976,#977,#978);
#976 = CARTESIAN_POINT('',(-25.3,5.,69.51097302577));
#977 = DIRECTION('',(0.,-1.,0.));
#978 = DIRECTION('',(0.,0.,1.));
#979 = ORIENTED_EDGE('',*,*,#760,.T.);
#980 = ORIENTED_EDGE('',*,*,#782,.F.);
#981 = ORIENTED_EDGE('',*,*,#258,.F.);
#982 = ORIENTED_EDGE('',*,*,#983,.T.);
#983 = EDGE_CURVE('',#251,#956,#984,.T.);
#984 = LINE('',#985,#986);
#985 = CARTESIAN_POINT('',(-17.3,5.,71.5));
#986 = VECTOR('',#987,1.);
#987 = DIRECTION('',(-1.,0.,0.));
#988 = FACE_BOUND('',#989,.F.);
#989 = EDGE_LOOP('',(#990,#1000,#1008,#1016,#1024,#1032));
#990 = ORIENTED_EDGE('',*,*,#991,.T.);
#991 = EDGE_CURVE('',#992,#994,#996,.T.);
#992 = VERTEX_POINT('',#993);
#993 = CARTESIAN_POINT('',(-23.9,5.,63.728718707892));
#994 = VERTEX_POINT('',#995);
#995 = CARTESIAN_POINT('',(-25.5,5.,66.499999999984));
#996 = LINE('',#997,#998);
#997 = CARTESIAN_POINT('',(-23.9,5.,63.728718707892));
#998 = VECTOR('',#999,1.);
#999 = DIRECTION('',(-0.500000000002,1.922962686382E-16,0.866025403784)
  );
#1000 = ORIENTED_EDGE('',*,*,#1001,.T.);
#1001 = EDGE_CURVE('',#994,#1002,#1004,.T.);
#1002 = VERTEX_POINT('',#1003);
#1003 = CARTESIAN_POINT('',(-23.9,5.,69.271281292107));
#1004 = LINE('',#1005,#1006);
#1005 = CARTESIAN_POINT('',(-25.5,5.,66.499999999984));
#1006 = VECTOR('',#1007,1.);
#1007 = DIRECTION('',(0.499999999997,1.922962686387E-16,0.866025403786)
  );
#1008 = ORIENTED_EDGE('',*,*,#1009,.T.);
#1009 = EDGE_CURVE('',#1002,#1010,#1012,.T.);
#1010 = VERTEX_POINT('',#1011);
#1011 = CARTESIAN_POINT('',(-20.70000000001,5.,69.271281292121));
#1012 = LINE('',#1013,#1014);
#1013 = CARTESIAN_POINT('',(-23.9,5.,69.271281292107));
#1014 = VECTOR('',#1015,1.);
#1015 = DIRECTION('',(1.,1.010728034819E-27,4.551914400982E-12));
#1016 = ORIENTED_EDGE('',*,*,#1017,.T.);
#1017 = EDGE_CURVE('',#1010,#1018,#1020,.T.);
#1018 = VERTEX_POINT('',#1019);
#1019 = CARTESIAN_POINT('',(-19.1,5.,66.500000000013));
#1020 = LINE('',#1021,#1022);
#1021 = CARTESIAN_POINT('',(-20.70000000001,5.,69.271281292121));
#1022 = VECTOR('',#1023,1.);
#1023 = DIRECTION('',(0.500000000005,-1.922962686377E-16,-0.866025403782
    ));
#1024 = ORIENTED_EDGE('',*,*,#1025,.T.);
#1025 = EDGE_CURVE('',#1018,#1026,#1028,.T.);
#1026 = VERTEX_POINT('',#1027);
#1027 = CARTESIAN_POINT('',(-20.69999999999,5.,63.728718707892));
#1028 = LINE('',#1029,#1030);
#1029 = CARTESIAN_POINT('',(-19.1,5.,66.500000000013));
#1030 = VECTOR('',#1031,1.);
#1031 = DIRECTION('',(-0.499999999998,-1.922962686387E-16,
    -0.866025403786));
#1032 = ORIENTED_EDGE('',*,*,#1033,.T.);
#1033 = EDGE_CURVE('',#1026,#992,#1034,.T.);
#1034 = LINE('',#1035,#1036);
#1035 = CARTESIAN_POINT('',(-20.69999999999,5.,63.728718707892));
#1036 = VECTOR('',#1037,1.);
#1037 = DIRECTION('',(-1.,0.,0.));
#1038 = PLANE('',#1039);
#1039 = AXIS2_PLACEMENT_3D('',#1040,#1041,#1042);
#1040 = CARTESIAN_POINT('',(-17.3,5.,71.51097302577));
#1041 = DIRECTION('',(-0.,-1.,-8.881784197001E-17));
#1042 = DIRECTION('',(0.,8.881784197001E-17,-1.));
#1043 = ADVANCED_FACE('',(#1044),#1063,.F.);
#1044 = FACE_BOUND('',#1045,.F.);
#1045 = EDGE_LOOP('',(#1046,#1054,#1055,#1056));
#1046 = ORIENTED_EDGE('',*,*,#1047,.T.);
#1047 = EDGE_CURVE('',#1048,#956,#1050,.T.);
#1048 = VERTEX_POINT('',#1049);
#1049 = CARTESIAN_POINT('',(-22.3,12.5,71.5));
#1050 = LINE('',#1051,#1052);
#1051 = CARTESIAN_POINT('',(-22.3,17.5,71.5));
#1052 = VECTOR('',#1053,1.);
#1053 = DIRECTION('',(0.,-1.,0.));
#1054 = ORIENTED_EDGE('',*,*,#983,.F.);
#1055 = ORIENTED_EDGE('',*,*,#250,.F.);
#1056 = ORIENTED_EDGE('',*,*,#1057,.F.);
#1057 = EDGE_CURVE('',#1048,#243,#1058,.T.);
#1058 = CIRCLE('',#1059,5.);
#1059 = AXIS2_PLACEMENT_3D('',#1060,#1061,#1062);
#1060 = CARTESIAN_POINT('',(-17.3,12.5,71.5));
#1061 = DIRECTION('',(0.,0.,-1.));
#1062 = DIRECTION('',(0.,1.,0.));
#1063 = PLANE('',#1064);
#1064 = AXIS2_PLACEMENT_3D('',#1065,#1066,#1067);
#1065 = CARTESIAN_POINT('',(-17.3,17.5,71.5));
#1066 = DIRECTION('',(0.,0.,1.));
#1067 = DIRECTION('',(0.,-1.,0.));
#1068 = ADVANCED_FACE('',(#1069,#1113),#1163,.F.);
#1069 = FACE_BOUND('',#1070,.F.);
#1070 = EDGE_LOOP('',(#1071,#1072,#1073,#1082,#1090,#1099,#1107));
#1071 = ORIENTED_EDGE('',*,*,#283,.T.);
#1072 = ORIENTED_EDGE('',*,*,#347,.T.);
#1073 = ORIENTED_EDGE('',*,*,#1074,.F.);
#1074 = EDGE_CURVE('',#1075,#340,#1077,.T.);
#1075 = VERTEX_POINT('',#1076);
#1076 = CARTESIAN_POINT('',(-27.3,5.,8.));
#1077 = CIRCLE('',#1078,2.);
#1078 = AXIS2_PLACEMENT_3D('',#1079,#1080,#1081);
#1079 = CARTESIAN_POINT('',(-25.3,5.,8.));
#1080 = DIRECTION('',(0.,1.,0.));
#1081 = DIRECTION('',(0.,0.,1.));
#1082 = ORIENTED_EDGE('',*,*,#1083,.T.);
#1083 = EDGE_CURVE('',#1075,#1084,#1086,.T.);
#1084 = VERTEX_POINT('',#1085);
#1085 = CARTESIAN_POINT('',(-27.3,5.,2.));
#1086 = LINE('',#1087,#1088);
#1087 = CARTESIAN_POINT('',(-27.3,5.,10.));
#1088 = VECTOR('',#1089,1.);
#1089 = DIRECTION('',(0.,0.,-1.));
#1090 = ORIENTED_EDGE('',*,*,#1091,.F.);
#1091 = EDGE_CURVE('',#1092,#1084,#1094,.T.);
#1092 = VERTEX_POINT('',#1093);
#1093 = CARTESIAN_POINT('',(-25.3,5.,-4.440892098501E-16));
#1094 = CIRCLE('',#1095,2.);
#1095 = AXIS2_PLACEMENT_3D('',#1096,#1097,#1098);
#1096 = CARTESIAN_POINT('',(-25.3,5.,2.));
#1097 = DIRECTION('',(-0.,1.,0.));
#1098 = DIRECTION('',(0.,0.,-1.));
#1099 = ORIENTED_EDGE('',*,*,#1100,.F.);
#1100 = EDGE_CURVE('',#1101,#1092,#1103,.T.);
#1101 = VERTEX_POINT('',#1102);
#1102 = CARTESIAN_POINT('',(-17.3,5.,0.));
#1103 = LINE('',#1104,#1105);
#1104 = CARTESIAN_POINT('',(-17.3,5.,0.));
#1105 = VECTOR('',#1106,1.);
#1106 = DIRECTION('',(-1.,0.,0.));
#1107 = ORIENTED_EDGE('',*,*,#1108,.F.);
#1108 = EDGE_CURVE('',#284,#1101,#1109,.T.);
#1109 = LINE('',#1110,#1111);
#1110 = CARTESIAN_POINT('',(-17.3,5.,10.));
#1111 = VECTOR('',#1112,1.);
#1112 = DIRECTION('',(0.,0.,-1.));
#1113 = FACE_BOUND('',#1114,.F.);
#1114 = EDGE_LOOP('',(#1115,#1125,#1133,#1141,#1149,#1157));
#1115 = ORIENTED_EDGE('',*,*,#1116,.F.);
#1116 = EDGE_CURVE('',#1117,#1119,#1121,.T.);
#1117 = VERTEX_POINT('',#1118);
#1118 = CARTESIAN_POINT('',(-19.1,5.,4.999999999984));
#1119 = VERTEX_POINT('',#1120);
#1120 = CARTESIAN_POINT('',(-20.69999999999,5.,7.771281292107));
#1121 = LINE('',#1122,#1123);
#1122 = CARTESIAN_POINT('',(-19.1,5.,4.999999999984));
#1123 = VECTOR('',#1124,1.);
#1124 = DIRECTION('',(-0.499999999997,1.922962686387E-16,0.866025403786)
  );
#1125 = ORIENTED_EDGE('',*,*,#1126,.F.);
#1126 = EDGE_CURVE('',#1127,#1117,#1129,.T.);
#1127 = VERTEX_POINT('',#1128);
#1128 = CARTESIAN_POINT('',(-20.69999999999,5.,2.228718707892));
#1129 = LINE('',#1130,#1131);
#1130 = CARTESIAN_POINT('',(-20.69999999999,5.,2.228718707892));
#1131 = VECTOR('',#1132,1.);
#1132 = DIRECTION('',(0.500000000002,1.922962686382E-16,0.866025403784)
  );
#1133 = ORIENTED_EDGE('',*,*,#1134,.F.);
#1134 = EDGE_CURVE('',#1135,#1127,#1137,.T.);
#1135 = VERTEX_POINT('',#1136);
#1136 = CARTESIAN_POINT('',(-23.9,5.,2.228718707892));
#1137 = LINE('',#1138,#1139);
#1138 = CARTESIAN_POINT('',(-23.9,5.,2.228718707892));
#1139 = VECTOR('',#1140,1.);
#1140 = DIRECTION('',(1.,0.,0.));
#1141 = ORIENTED_EDGE('',*,*,#1142,.F.);
#1142 = EDGE_CURVE('',#1143,#1135,#1145,.T.);
#1143 = VERTEX_POINT('',#1144);
#1144 = CARTESIAN_POINT('',(-25.5,5.,5.000000000014));
#1145 = LINE('',#1146,#1147);
#1146 = CARTESIAN_POINT('',(-25.5,5.,5.000000000014));
#1147 = VECTOR('',#1148,1.);
#1148 = DIRECTION('',(0.499999999998,-1.922962686387E-16,-0.866025403786
    ));
#1149 = ORIENTED_EDGE('',*,*,#1150,.F.);
#1150 = EDGE_CURVE('',#1151,#1143,#1153,.T.);
#1151 = VERTEX_POINT('',#1152);
#1152 = CARTESIAN_POINT('',(-23.89999999998,5.,7.771281292121));
#1153 = LINE('',#1154,#1155);
#1154 = CARTESIAN_POINT('',(-23.89999999998,5.,7.771281292121));
#1155 = VECTOR('',#1156,1.);
#1156 = DIRECTION('',(-0.500000000005,-1.922962686377E-16,
    -0.866025403782));
#1157 = ORIENTED_EDGE('',*,*,#1158,.F.);
#1158 = EDGE_CURVE('',#1119,#1151,#1159,.T.);
#1159 = LINE('',#1160,#1161);
#1160 = CARTESIAN_POINT('',(-20.69999999999,5.,7.771281292107));
#1161 = VECTOR('',#1162,1.);
#1162 = DIRECTION('',(-1.,1.014302560796E-27,4.56801263484E-12));
#1163 = PLANE('',#1164);
#1164 = AXIS2_PLACEMENT_3D('',#1165,#1166,#1167);
#1165 = CARTESIAN_POINT('',(-17.3,5.,10.));
#1166 = DIRECTION('',(-0.,-1.,-0.));
#1167 = DIRECTION('',(0.,0.,-1.));
#1168 = ADVANCED_FACE('',(#1169),#1180,.F.);
#1169 = FACE_BOUND('',#1170,.F.);
#1170 = EDGE_LOOP('',(#1171,#1177,#1178,#1179));
#1171 = ORIENTED_EDGE('',*,*,#1172,.F.);
#1172 = EDGE_CURVE('',#703,#1101,#1173,.T.);
#1173 = LINE('',#1174,#1175);
#1174 = CARTESIAN_POINT('',(-17.3,17.5,0.));
#1175 = VECTOR('',#1176,1.);
#1176 = DIRECTION('',(0.,-1.,0.));
#1177 = ORIENTED_EDGE('',*,*,#710,.T.);
#1178 = ORIENTED_EDGE('',*,*,#291,.T.);
#1179 = ORIENTED_EDGE('',*,*,#1108,.T.);
#1180 = PLANE('',#1181);
#1181 = AXIS2_PLACEMENT_3D('',#1182,#1183,#1184);
#1182 = CARTESIAN_POINT('',(-17.3,17.5,0.));
#1183 = DIRECTION('',(1.,0.,0.));
#1184 = DIRECTION('',(0.,-1.,0.));
#1185 = ADVANCED_FACE('',(#1186),#1197,.T.);
#1186 = FACE_BOUND('',#1187,.T.);
#1187 = EDGE_LOOP('',(#1188,#1189,#1190,#1191));
#1188 = ORIENTED_EDGE('',*,*,#569,.T.);
#1189 = ORIENTED_EDGE('',*,*,#339,.T.);
#1190 = ORIENTED_EDGE('',*,*,#1074,.F.);
#1191 = ORIENTED_EDGE('',*,*,#1192,.F.);
#1192 = EDGE_CURVE('',#570,#1075,#1193,.T.);
#1193 = LINE('',#1194,#1195);
#1194 = CARTESIAN_POINT('',(-27.3,0.,8.));
#1195 = VECTOR('',#1196,1.);
#1196 = DIRECTION('',(0.,1.,0.));
#1197 = CYLINDRICAL_SURFACE('',#1198,2.);
#1198 = AXIS2_PLACEMENT_3D('',#1199,#1200,#1201);
#1199 = CARTESIAN_POINT('',(-25.3,0.,8.));
#1200 = DIRECTION('',(0.,1.,0.));
#1201 = DIRECTION('',(-1.,0.,0.));
#1202 = ADVANCED_FACE('',(#1203),#1219,.T.);
#1203 = FACE_BOUND('',#1204,.F.);
#1204 = EDGE_LOOP('',(#1205,#1206,#1212,#1213));
#1205 = ORIENTED_EDGE('',*,*,#1091,.T.);
#1206 = ORIENTED_EDGE('',*,*,#1207,.T.);
#1207 = EDGE_CURVE('',#1084,#364,#1208,.T.);
#1208 = LINE('',#1209,#1210);
#1209 = CARTESIAN_POINT('',(-27.3,5.,2.));
#1210 = VECTOR('',#1211,1.);
#1211 = DIRECTION('',(0.,-1.,0.));
#1212 = ORIENTED_EDGE('',*,*,#361,.F.);
#1213 = ORIENTED_EDGE('',*,*,#1214,.F.);
#1214 = EDGE_CURVE('',#1092,#362,#1215,.T.);
#1215 = LINE('',#1216,#1217);
#1216 = CARTESIAN_POINT('',(-25.3,5.,-4.440892098501E-16));
#1217 = VECTOR('',#1218,1.);
#1218 = DIRECTION('',(0.,-1.,0.));
#1219 = CYLINDRICAL_SURFACE('',#1220,2.);
#1220 = AXIS2_PLACEMENT_3D('',#1221,#1222,#1223);
#1221 = CARTESIAN_POINT('',(-25.3,5.,2.));
#1222 = DIRECTION('',(0.,-1.,0.));
#1223 = DIRECTION('',(0.,0.,-1.));
#1224 = ADVANCED_FACE('',(#1225),#1271,.T.);
#1225 = FACE_BOUND('',#1226,.T.);
#1226 = EDGE_LOOP('',(#1227,#1237,#1244,#1245,#1246,#1247,#1248,#1249,
    #1257,#1265));
#1227 = ORIENTED_EDGE('',*,*,#1228,.F.);
#1228 = EDGE_CURVE('',#1229,#1231,#1233,.T.);
#1229 = VERTEX_POINT('',#1230);
#1230 = CARTESIAN_POINT('',(8.,0.,0.));
#1231 = VERTEX_POINT('',#1232);
#1232 = CARTESIAN_POINT('',(25.3,0.,-4.440892098501E-16));
#1233 = LINE('',#1234,#1235);
#1234 = CARTESIAN_POINT('',(8.,0.,0.));
#1235 = VECTOR('',#1236,1.);
#1236 = DIRECTION('',(1.,0.,0.));
#1237 = ORIENTED_EDGE('',*,*,#1238,.T.);
#1238 = EDGE_CURVE('',#1229,#373,#1239,.T.);
#1239 = CIRCLE('',#1240,8.);
#1240 = AXIS2_PLACEMENT_3D('',#1241,#1242,#1243);
#1241 = CARTESIAN_POINT('',(0.,0.,0.));
#1242 = DIRECTION('',(0.,0.,1.));
#1243 = DIRECTION('',(1.,0.,0.));
#1244 = ORIENTED_EDGE('',*,*,#372,.T.);
#1245 = ORIENTED_EDGE('',*,*,#1214,.F.);
#1246 = ORIENTED_EDGE('',*,*,#1100,.F.);
#1247 = ORIENTED_EDGE('',*,*,#1172,.F.);
#1248 = ORIENTED_EDGE('',*,*,#702,.F.);
#1249 = ORIENTED_EDGE('',*,*,#1250,.T.);
#1250 = EDGE_CURVE('',#695,#1251,#1253,.T.);
#1251 = VERTEX_POINT('',#1252);
#1252 = CARTESIAN_POINT('',(17.3,5.,0.));
#1253 = LINE('',#1254,#1255);
#1254 = CARTESIAN_POINT('',(17.3,17.5,0.));
#1255 = VECTOR('',#1256,1.);
#1256 = DIRECTION('',(0.,-1.,0.));
#1257 = ORIENTED_EDGE('',*,*,#1258,.T.);
#1258 = EDGE_CURVE('',#1251,#1259,#1261,.T.);
#1259 = VERTEX_POINT('',#1260);
#1260 = CARTESIAN_POINT('',(25.3,5.,-4.440892098501E-16));
#1261 = LINE('',#1262,#1263);
#1262 = CARTESIAN_POINT('',(17.3,5.,0.));
#1263 = VECTOR('',#1264,1.);
#1264 = DIRECTION('',(1.,0.,0.));
#1265 = ORIENTED_EDGE('',*,*,#1266,.F.);
#1266 = EDGE_CURVE('',#1231,#1259,#1267,.T.);
#1267 = LINE('',#1268,#1269);
#1268 = CARTESIAN_POINT('',(25.3,0.,-4.440892098501E-16));
#1269 = VECTOR('',#1270,1.);
#1270 = DIRECTION('',(0.,1.,0.));
#1271 = PLANE('',#1272);
#1272 = AXIS2_PLACEMENT_3D('',#1273,#1274,#1275);
#1273 = CARTESIAN_POINT('',(0.,7.375829511724,0.));
#1274 = DIRECTION('',(-0.,-0.,-1.));
#1275 = DIRECTION('',(-1.,0.,0.));
#1276 = ADVANCED_FACE('',(#1277),#1296,.F.);
#1277 = FACE_BOUND('',#1278,.T.);
#1278 = EDGE_LOOP('',(#1279,#1280,#1288,#1295));
#1279 = ORIENTED_EDGE('',*,*,#1238,.F.);
#1280 = ORIENTED_EDGE('',*,*,#1281,.T.);
#1281 = EDGE_CURVE('',#1229,#1282,#1284,.T.);
#1282 = VERTEX_POINT('',#1283);
#1283 = CARTESIAN_POINT('',(8.,0.,14.7));
#1284 = LINE('',#1285,#1286);
#1285 = CARTESIAN_POINT('',(8.,0.,0.));
#1286 = VECTOR('',#1287,1.);
#1287 = DIRECTION('',(0.,0.,1.));
#1288 = ORIENTED_EDGE('',*,*,#1289,.F.);
#1289 = EDGE_CURVE('',#381,#1282,#1290,.T.);
#1290 = CIRCLE('',#1291,8.);
#1291 = AXIS2_PLACEMENT_3D('',#1292,#1293,#1294);
#1292 = CARTESIAN_POINT('',(0.,0.,14.7));
#1293 = DIRECTION('',(0.,0.,-1.));
#1294 = DIRECTION('',(1.,0.,0.));
#1295 = ORIENTED_EDGE('',*,*,#380,.F.);
#1296 = CYLINDRICAL_SURFACE('',#1297,8.);
#1297 = AXIS2_PLACEMENT_3D('',#1298,#1299,#1300);
#1298 = CARTESIAN_POINT('',(0.,0.,0.));
#1299 = DIRECTION('',(-0.,-0.,-1.));
#1300 = DIRECTION('',(1.,0.,0.));
#1301 = ADVANCED_FACE('',(#1302),#1321,.T.);
#1302 = FACE_BOUND('',#1303,.T.);
#1303 = EDGE_LOOP('',(#1304,#1312,#1319,#1320));
#1304 = ORIENTED_EDGE('',*,*,#1305,.F.);
#1305 = EDGE_CURVE('',#1306,#1282,#1308,.T.);
#1306 = VERTEX_POINT('',#1307);
#1307 = CARTESIAN_POINT('',(16.05,4.274358644807E-15,14.7));
#1308 = LINE('',#1309,#1310);
#1309 = CARTESIAN_POINT('',(8.420143102002,5.211746207088E-17,14.7));
#1310 = VECTOR('',#1311,1.);
#1311 = DIRECTION('',(-1.,0.,0.));
#1312 = ORIENTED_EDGE('',*,*,#1313,.T.);
#1313 = EDGE_CURVE('',#1306,#389,#1314,.T.);
#1314 = CIRCLE('',#1315,16.05);
#1315 = AXIS2_PLACEMENT_3D('',#1316,#1317,#1318);
#1316 = CARTESIAN_POINT('',(0.,4.274358644807E-15,14.7));
#1317 = DIRECTION('',(0.,0.,1.));
#1318 = DIRECTION('',(1.,0.,0.));
#1319 = ORIENTED_EDGE('',*,*,#388,.F.);
#1320 = ORIENTED_EDGE('',*,*,#1289,.T.);
#1321 = PLANE('',#1322);
#1322 = AXIS2_PLACEMENT_3D('',#1323,#1324,#1325);
#1323 = CARTESIAN_POINT('',(-1.022385145824E-15,4.146747653219E-15,14.7)
  );
#1324 = DIRECTION('',(0.,0.,1.));
#1325 = DIRECTION('',(1.,0.,0.));
#1326 = ADVANCED_FACE('',(#1327),#1346,.F.);
#1327 = FACE_BOUND('',#1328,.F.);
#1328 = EDGE_LOOP('',(#1329,#1338,#1344,#1345));
#1329 = ORIENTED_EDGE('',*,*,#1330,.F.);
#1330 = EDGE_CURVE('',#1331,#397,#1333,.T.);
#1331 = VERTEX_POINT('',#1332);
#1332 = CARTESIAN_POINT('',(16.05,4.274358644807E-15,23.8));
#1333 = CIRCLE('',#1334,16.05);
#1334 = AXIS2_PLACEMENT_3D('',#1335,#1336,#1337);
#1335 = CARTESIAN_POINT('',(0.,4.274358644807E-15,23.8));
#1336 = DIRECTION('',(0.,0.,1.));
#1337 = DIRECTION('',(1.,0.,0.));
#1338 = ORIENTED_EDGE('',*,*,#1339,.T.);
#1339 = EDGE_CURVE('',#1331,#1306,#1340,.T.);
#1340 = LINE('',#1341,#1342);
#1341 = CARTESIAN_POINT('',(16.05,4.274358644807E-15,23.8));
#1342 = VECTOR('',#1343,1.);
#1343 = DIRECTION('',(-0.,-0.,-1.));
#1344 = ORIENTED_EDGE('',*,*,#1313,.T.);
#1345 = ORIENTED_EDGE('',*,*,#396,.T.);
#1346 = CYLINDRICAL_SURFACE('',#1347,16.05);
#1347 = AXIS2_PLACEMENT_3D('',#1348,#1349,#1350);
#1348 = CARTESIAN_POINT('',(0.,4.274358644807E-15,23.8));
#1349 = DIRECTION('',(0.,0.,1.));
#1350 = DIRECTION('',(1.,0.,0.));
#1351 = ADVANCED_FACE('',(#1352),#1371,.F.);
#1352 = FACE_BOUND('',#1353,.F.);
#1353 = EDGE_LOOP('',(#1354,#1362,#1363,#1364));
#1354 = ORIENTED_EDGE('',*,*,#1355,.F.);
#1355 = EDGE_CURVE('',#1331,#1356,#1358,.T.);
#1356 = VERTEX_POINT('',#1357);
#1357 = CARTESIAN_POINT('',(8.,0.,23.8));
#1358 = LINE('',#1359,#1360);
#1359 = CARTESIAN_POINT('',(8.420143102002,5.211746207088E-17,23.8));
#1360 = VECTOR('',#1361,1.);
#1361 = DIRECTION('',(-1.,0.,0.));
#1362 = ORIENTED_EDGE('',*,*,#1330,.T.);
#1363 = ORIENTED_EDGE('',*,*,#404,.F.);
#1364 = ORIENTED_EDGE('',*,*,#1365,.T.);
#1365 = EDGE_CURVE('',#405,#1356,#1366,.T.);
#1366 = CIRCLE('',#1367,8.);
#1367 = AXIS2_PLACEMENT_3D('',#1368,#1369,#1370);
#1368 = CARTESIAN_POINT('',(0.,0.,23.8));
#1369 = DIRECTION('',(0.,0.,-1.));
#1370 = DIRECTION('',(1.,0.,0.));
#1371 = PLANE('',#1372);
#1372 = AXIS2_PLACEMENT_3D('',#1373,#1374,#1375);
#1373 = CARTESIAN_POINT('',(-1.022385145824E-15,4.146747653219E-15,23.8)
  );
#1374 = DIRECTION('',(0.,0.,1.));
#1375 = DIRECTION('',(1.,0.,0.));
#1376 = ADVANCED_FACE('',(#1377,#1396),#1452,.F.);
#1377 = FACE_BOUND('',#1378,.T.);
#1378 = EDGE_LOOP('',(#1379,#1380,#1381,#1389));
#1379 = ORIENTED_EDGE('',*,*,#412,.F.);
#1380 = ORIENTED_EDGE('',*,*,#1365,.T.);
#1381 = ORIENTED_EDGE('',*,*,#1382,.T.);
#1382 = EDGE_CURVE('',#1356,#1383,#1385,.T.);
#1383 = VERTEX_POINT('',#1384);
#1384 = CARTESIAN_POINT('',(8.,0.,76.2));
#1385 = LINE('',#1386,#1387);
#1386 = CARTESIAN_POINT('',(8.,0.,0.));
#1387 = VECTOR('',#1388,1.);
#1388 = DIRECTION('',(0.,0.,1.));
#1389 = ORIENTED_EDGE('',*,*,#1390,.F.);
#1390 = EDGE_CURVE('',#413,#1383,#1391,.T.);
#1391 = CIRCLE('',#1392,8.);
#1392 = AXIS2_PLACEMENT_3D('',#1393,#1394,#1395);
#1393 = CARTESIAN_POINT('',(0.,0.,76.2));
#1394 = DIRECTION('',(0.,0.,-1.));
#1395 = DIRECTION('',(1.,0.,0.));
#1396 = FACE_BOUND('',#1397,.T.);
#1397 = EDGE_LOOP('',(#1398,#1409,#1418,#1427,#1436,#1445));
#1398 = ORIENTED_EDGE('',*,*,#1399,.F.);
#1399 = EDGE_CURVE('',#1400,#1402,#1404,.T.);
#1400 = VERTEX_POINT('',#1401);
#1401 = CARTESIAN_POINT('',(3.194348579586,7.334585002036,
    49.809902256464));
#1402 = VERTEX_POINT('',#1403);
#1403 = CARTESIAN_POINT('',(1.761803764897,7.803591961013,
    52.671338146696));
#1404 = ELLIPSE('',#1405,17.870296089527,8.);
#1405 = AXIS2_PLACEMENT_3D('',#1406,#1407,#1408);
#1406 = CARTESIAN_POINT('',(0.,0.,56.190452154672));
#1407 = DIRECTION('',(0.894198715698,9.940276481716E-17,0.44767025459));
#1408 = DIRECTION('',(0.44767025459,4.976484561147E-17,-0.894198715698)
  );
#1409 = ORIENTED_EDGE('',*,*,#1410,.F.);
#1410 = EDGE_CURVE('',#1411,#1400,#1413,.T.);
#1411 = VERTEX_POINT('',#1412);
#1412 = CARTESIAN_POINT('',(1.432544814688,7.870693448096,
    47.138564109768));
#1413 = ELLIPSE('',#1414,14.530562659736,8.);
#1414 = AXIS2_PLACEMENT_3D('',#1415,#1416,#1417);
#1415 = CARTESIAN_POINT('',(0.,0.,44.966465442155));
#1416 = DIRECTION('',(0.834793170843,-1.222496940413E-16,-0.55056367653)
  );
#1417 = DIRECTION('',(-0.55056367653,8.062624774249E-17,-0.834793170843)
  );
#1418 = ORIENTED_EDGE('',*,*,#1419,.F.);
#1419 = EDGE_CURVE('',#1420,#1411,#1422,.T.);
#1420 = VERTEX_POINT('',#1421);
#1421 = CARTESIAN_POINT('',(-1.761803764897,7.803591961013,
    47.328661853304));
#1422 = ELLIPSE('',#1423,8.014153547174,8.);
#1423 = AXIS2_PLACEMENT_3D('',#1424,#1425,#1426);
#1424 = CARTESIAN_POINT('',(0.,0.,47.223815775327));
#1425 = DIRECTION('',(-5.940554485507E-02,-2.216524588584E-16,
    -0.998233931121));
#1426 = DIRECTION('',(0.998233931121,3.724585068424E-15,
    -5.940554485507E-02));
#1427 = ORIENTED_EDGE('',*,*,#1428,.F.);
#1428 = EDGE_CURVE('',#1429,#1420,#1431,.T.);
#1429 = VERTEX_POINT('',#1430);
#1430 = CARTESIAN_POINT('',(-3.194348579586,7.334585002036,
    50.190097743536));
#1431 = ELLIPSE('',#1432,17.870296089527,8.);
#1432 = AXIS2_PLACEMENT_3D('',#1433,#1434,#1435);
#1433 = CARTESIAN_POINT('',(0.,0.,43.809547845328));
#1434 = DIRECTION('',(-0.894198715698,-9.940276481716E-17,-0.44767025459
    ));
#1435 = DIRECTION('',(0.44767025459,4.976484561147E-17,-0.894198715698)
  );
#1436 = ORIENTED_EDGE('',*,*,#1437,.F.);
#1437 = EDGE_CURVE('',#1438,#1429,#1440,.T.);
#1438 = VERTEX_POINT('',#1439);
#1439 = CARTESIAN_POINT('',(-1.432544814688,7.870693448096,
    52.861435890232));
#1440 = ELLIPSE('',#1441,14.530562659736,8.);
#1441 = AXIS2_PLACEMENT_3D('',#1442,#1443,#1444);
#1442 = CARTESIAN_POINT('',(0.,0.,55.033534557845));
#1443 = DIRECTION('',(-0.834793170843,1.222496940413E-16,0.55056367653)
  );
#1444 = DIRECTION('',(-0.55056367653,8.062624774249E-17,-0.834793170843)
  );
#1445 = ORIENTED_EDGE('',*,*,#1446,.F.);
#1446 = EDGE_CURVE('',#1402,#1438,#1447,.T.);
#1447 = ELLIPSE('',#1448,8.014153547174,8.);
#1448 = AXIS2_PLACEMENT_3D('',#1449,#1450,#1451);
#1449 = CARTESIAN_POINT('',(0.,0.,52.776184224673));
#1450 = DIRECTION('',(5.940554485507E-02,2.216524588584E-16,
    0.998233931121));
#1451 = DIRECTION('',(0.998233931121,3.724585068424E-15,
    -5.940554485507E-02));
#1452 = CYLINDRICAL_SURFACE('',#1453,8.);
#1453 = AXIS2_PLACEMENT_3D('',#1454,#1455,#1456);
#1454 = CARTESIAN_POINT('',(0.,0.,0.));
#1455 = DIRECTION('',(-0.,-0.,-1.));
#1456 = DIRECTION('',(1.,0.,0.));
#1457 = ADVANCED_FACE('',(#1458),#1477,.T.);
#1458 = FACE_BOUND('',#1459,.T.);
#1459 = EDGE_LOOP('',(#1460,#1468,#1475,#1476));
#1460 = ORIENTED_EDGE('',*,*,#1461,.F.);
#1461 = EDGE_CURVE('',#1462,#1383,#1464,.T.);
#1462 = VERTEX_POINT('',#1463);
#1463 = CARTESIAN_POINT('',(16.05,1.79301018477E-14,76.2));
#1464 = LINE('',#1465,#1466);
#1465 = CARTESIAN_POINT('',(8.420143102002,5.211746207088E-17,76.2));
#1466 = VECTOR('',#1467,1.);
#1467 = DIRECTION('',(-1.,0.,0.));
#1468 = ORIENTED_EDGE('',*,*,#1469,.F.);
#1469 = EDGE_CURVE('',#421,#1462,#1470,.T.);
#1470 = CIRCLE('',#1471,16.05);
#1471 = AXIS2_PLACEMENT_3D('',#1472,#1473,#1474);
#1472 = CARTESIAN_POINT('',(0.,1.79301018477E-14,76.2));
#1473 = DIRECTION('',(0.,0.,-1.));
#1474 = DIRECTION('',(1.,0.,0.));
#1475 = ORIENTED_EDGE('',*,*,#420,.F.);
#1476 = ORIENTED_EDGE('',*,*,#1390,.T.);
#1477 = PLANE('',#1478);
#1478 = AXIS2_PLACEMENT_3D('',#1479,#1480,#1481);
#1479 = CARTESIAN_POINT('',(-1.022385145824E-15,1.795692838703E-14,76.2)
  );
#1480 = DIRECTION('',(0.,0.,1.));
#1481 = DIRECTION('',(1.,0.,0.));
#1482 = ADVANCED_FACE('',(#1483),#1502,.F.);
#1483 = FACE_BOUND('',#1484,.F.);
#1484 = EDGE_LOOP('',(#1485,#1493,#1494,#1495));
#1485 = ORIENTED_EDGE('',*,*,#1486,.F.);
#1486 = EDGE_CURVE('',#1462,#1487,#1489,.T.);
#1487 = VERTEX_POINT('',#1488);
#1488 = CARTESIAN_POINT('',(16.05,1.79301018477E-14,85.3));
#1489 = LINE('',#1490,#1491);
#1490 = CARTESIAN_POINT('',(16.05,1.79301018477E-14,76.2));
#1491 = VECTOR('',#1492,1.);
#1492 = DIRECTION('',(0.,0.,1.));
#1493 = ORIENTED_EDGE('',*,*,#1469,.F.);
#1494 = ORIENTED_EDGE('',*,*,#428,.F.);
#1495 = ORIENTED_EDGE('',*,*,#1496,.T.);
#1496 = EDGE_CURVE('',#429,#1487,#1497,.T.);
#1497 = CIRCLE('',#1498,16.05);
#1498 = AXIS2_PLACEMENT_3D('',#1499,#1500,#1501);
#1499 = CARTESIAN_POINT('',(0.,1.79301018477E-14,85.3));
#1500 = DIRECTION('',(0.,0.,-1.));
#1501 = DIRECTION('',(1.,0.,0.));
#1502 = CYLINDRICAL_SURFACE('',#1503,16.05);
#1503 = AXIS2_PLACEMENT_3D('',#1504,#1505,#1506);
#1504 = CARTESIAN_POINT('',(0.,1.79301018477E-14,76.2));
#1505 = DIRECTION('',(0.,0.,-1.));
#1506 = DIRECTION('',(1.,0.,0.));
#1507 = ADVANCED_FACE('',(#1508),#1527,.F.);
#1508 = FACE_BOUND('',#1509,.F.);
#1509 = EDGE_LOOP('',(#1510,#1518,#1519,#1520));
#1510 = ORIENTED_EDGE('',*,*,#1511,.F.);
#1511 = EDGE_CURVE('',#1487,#1512,#1514,.T.);
#1512 = VERTEX_POINT('',#1513);
#1513 = CARTESIAN_POINT('',(8.,0.,85.3));
#1514 = LINE('',#1515,#1516);
#1515 = CARTESIAN_POINT('',(8.420143102002,5.211746207088E-17,85.3));
#1516 = VECTOR('',#1517,1.);
#1517 = DIRECTION('',(-1.,0.,0.));
#1518 = ORIENTED_EDGE('',*,*,#1496,.F.);
#1519 = ORIENTED_EDGE('',*,*,#436,.F.);
#1520 = ORIENTED_EDGE('',*,*,#1521,.T.);
#1521 = EDGE_CURVE('',#437,#1512,#1522,.T.);
#1522 = CIRCLE('',#1523,8.);
#1523 = AXIS2_PLACEMENT_3D('',#1524,#1525,#1526);
#1524 = CARTESIAN_POINT('',(0.,0.,85.3));
#1525 = DIRECTION('',(0.,0.,-1.));
#1526 = DIRECTION('',(1.,0.,0.));
#1527 = PLANE('',#1528);
#1528 = AXIS2_PLACEMENT_3D('',#1529,#1530,#1531);
#1529 = CARTESIAN_POINT('',(-1.022385145824E-15,1.795692838703E-14,85.3)
  );
#1530 = DIRECTION('',(0.,0.,1.));
#1531 = DIRECTION('',(1.,0.,0.));
#1532 = ADVANCED_FACE('',(#1533),#1552,.F.);
#1533 = FACE_BOUND('',#1534,.T.);
#1534 = EDGE_LOOP('',(#1535,#1536,#1537,#1545));
#1535 = ORIENTED_EDGE('',*,*,#444,.F.);
#1536 = ORIENTED_EDGE('',*,*,#1521,.T.);
#1537 = ORIENTED_EDGE('',*,*,#1538,.T.);
#1538 = EDGE_CURVE('',#1512,#1539,#1541,.T.);
#1539 = VERTEX_POINT('',#1540);
#1540 = CARTESIAN_POINT('',(8.,0.,100.));
#1541 = LINE('',#1542,#1543);
#1542 = CARTESIAN_POINT('',(8.,0.,0.));
#1543 = VECTOR('',#1544,1.);
#1544 = DIRECTION('',(0.,0.,1.));
#1545 = ORIENTED_EDGE('',*,*,#1546,.T.);
#1546 = EDGE_CURVE('',#1539,#445,#1547,.T.);
#1547 = CIRCLE('',#1548,8.);
#1548 = AXIS2_PLACEMENT_3D('',#1549,#1550,#1551);
#1549 = CARTESIAN_POINT('',(0.,0.,100.));
#1550 = DIRECTION('',(0.,0.,1.));
#1551 = DIRECTION('',(1.,0.,0.));
#1552 = CYLINDRICAL_SURFACE('',#1553,8.);
#1553 = AXIS2_PLACEMENT_3D('',#1554,#1555,#1556);
#1554 = CARTESIAN_POINT('',(0.,0.,0.));
#1555 = DIRECTION('',(-0.,-0.,-1.));
#1556 = DIRECTION('',(1.,0.,0.));
#1557 = ADVANCED_FACE('',(#1558),#1615,.T.);
#1558 = FACE_BOUND('',#1559,.T.);
#1559 = EDGE_LOOP('',(#1560,#1568,#1576,#1584,#1590,#1591,#1599,#1607,
    #1613,#1614));
#1560 = ORIENTED_EDGE('',*,*,#1561,.T.);
#1561 = EDGE_CURVE('',#1539,#1562,#1564,.T.);
#1562 = VERTEX_POINT('',#1563);
#1563 = CARTESIAN_POINT('',(25.3,0.,100.));
#1564 = LINE('',#1565,#1566);
#1565 = CARTESIAN_POINT('',(17.3,0.,100.));
#1566 = VECTOR('',#1567,1.);
#1567 = DIRECTION('',(1.,0.,0.));
#1568 = ORIENTED_EDGE('',*,*,#1569,.F.);
#1569 = EDGE_CURVE('',#1570,#1562,#1572,.T.);
#1570 = VERTEX_POINT('',#1571);
#1571 = CARTESIAN_POINT('',(25.3,5.,100.));
#1572 = LINE('',#1573,#1574);
#1573 = CARTESIAN_POINT('',(25.3,5.,100.));
#1574 = VECTOR('',#1575,1.);
#1575 = DIRECTION('',(0.,-1.,0.));
#1576 = ORIENTED_EDGE('',*,*,#1577,.F.);
#1577 = EDGE_CURVE('',#1578,#1570,#1580,.T.);
#1578 = VERTEX_POINT('',#1579);
#1579 = CARTESIAN_POINT('',(17.3,5.,100.));
#1580 = LINE('',#1581,#1582);
#1581 = CARTESIAN_POINT('',(17.3,5.,100.));
#1582 = VECTOR('',#1583,1.);
#1583 = DIRECTION('',(1.,0.,0.));
#1584 = ORIENTED_EDGE('',*,*,#1585,.F.);
#1585 = EDGE_CURVE('',#655,#1578,#1586,.T.);
#1586 = LINE('',#1587,#1588);
#1587 = CARTESIAN_POINT('',(17.3,17.5,100.));
#1588 = VECTOR('',#1589,1.);
#1589 = DIRECTION('',(0.,-1.,0.));
#1590 = ORIENTED_EDGE('',*,*,#654,.T.);
#1591 = ORIENTED_EDGE('',*,*,#1592,.T.);
#1592 = EDGE_CURVE('',#647,#1593,#1595,.T.);
#1593 = VERTEX_POINT('',#1594);
#1594 = CARTESIAN_POINT('',(-17.3,5.,100.));
#1595 = LINE('',#1596,#1597);
#1596 = CARTESIAN_POINT('',(-17.3,17.5,100.));
#1597 = VECTOR('',#1598,1.);
#1598 = DIRECTION('',(0.,-1.,0.));
#1599 = ORIENTED_EDGE('',*,*,#1600,.T.);
#1600 = EDGE_CURVE('',#1593,#1601,#1603,.T.);
#1601 = VERTEX_POINT('',#1602);
#1602 = CARTESIAN_POINT('',(-25.3,5.,100.));
#1603 = LINE('',#1604,#1605);
#1604 = CARTESIAN_POINT('',(-17.3,5.,100.));
#1605 = VECTOR('',#1606,1.);
#1606 = DIRECTION('',(-1.,0.,0.));
#1607 = ORIENTED_EDGE('',*,*,#1608,.F.);
#1608 = EDGE_CURVE('',#453,#1601,#1609,.T.);
#1609 = LINE('',#1610,#1611);
#1610 = CARTESIAN_POINT('',(-25.3,0.,100.));
#1611 = VECTOR('',#1612,1.);
#1612 = DIRECTION('',(0.,1.,0.));
#1613 = ORIENTED_EDGE('',*,*,#452,.F.);
#1614 = ORIENTED_EDGE('',*,*,#1546,.F.);
#1615 = PLANE('',#1616);
#1616 = AXIS2_PLACEMENT_3D('',#1617,#1618,#1619);
#1617 = CARTESIAN_POINT('',(-9.336961048096E-17,7.375829511724,100.));
#1618 = DIRECTION('',(0.,0.,1.));
#1619 = DIRECTION('',(1.,0.,0.));
#1620 = ADVANCED_FACE('',(#1621),#1640,.T.);
#1621 = FACE_BOUND('',#1622,.F.);
#1622 = EDGE_LOOP('',(#1623,#1624,#1632,#1639));
#1623 = ORIENTED_EDGE('',*,*,#460,.T.);
#1624 = ORIENTED_EDGE('',*,*,#1625,.T.);
#1625 = EDGE_CURVE('',#461,#1626,#1628,.T.);
#1626 = VERTEX_POINT('',#1627);
#1627 = CARTESIAN_POINT('',(-27.3,5.,98.));
#1628 = LINE('',#1629,#1630);
#1629 = CARTESIAN_POINT('',(-27.3,0.,98.));
#1630 = VECTOR('',#1631,1.);
#1631 = DIRECTION('',(0.,1.,0.));
#1632 = ORIENTED_EDGE('',*,*,#1633,.F.);
#1633 = EDGE_CURVE('',#1601,#1626,#1634,.T.);
#1634 = CIRCLE('',#1635,2.);
#1635 = AXIS2_PLACEMENT_3D('',#1636,#1637,#1638);
#1636 = CARTESIAN_POINT('',(-25.3,5.,98.));
#1637 = DIRECTION('',(0.,-1.,0.));
#1638 = DIRECTION('',(0.,0.,1.));
#1639 = ORIENTED_EDGE('',*,*,#1608,.F.);
#1640 = CYLINDRICAL_SURFACE('',#1641,2.);
#1641 = AXIS2_PLACEMENT_3D('',#1642,#1643,#1644);
#1642 = CARTESIAN_POINT('',(-25.3,0.,98.));
#1643 = DIRECTION('',(0.,1.,0.));
#1644 = DIRECTION('',(0.,0.,1.));
#1645 = ADVANCED_FACE('',(#1646),#1664,.F.);
#1646 = FACE_BOUND('',#1647,.F.);
#1647 = EDGE_LOOP('',(#1648,#1656,#1657,#1658));
#1648 = ORIENTED_EDGE('',*,*,#1649,.F.);
#1649 = EDGE_CURVE('',#1626,#1650,#1652,.T.);
#1650 = VERTEX_POINT('',#1651);
#1651 = CARTESIAN_POINT('',(-27.3,5.,92.));
#1652 = LINE('',#1653,#1654);
#1653 = CARTESIAN_POINT('',(-27.3,5.,100.));
#1654 = VECTOR('',#1655,1.);
#1655 = DIRECTION('',(0.,0.,-1.));
#1656 = ORIENTED_EDGE('',*,*,#1625,.F.);
#1657 = ORIENTED_EDGE('',*,*,#469,.F.);
#1658 = ORIENTED_EDGE('',*,*,#1659,.F.);
#1659 = EDGE_CURVE('',#1650,#470,#1660,.T.);
#1660 = LINE('',#1661,#1662);
#1661 = CARTESIAN_POINT('',(-27.3,5.,92.));
#1662 = VECTOR('',#1663,1.);
#1663 = DIRECTION('',(0.,-1.,0.));
#1664 = PLANE('',#1665);
#1665 = AXIS2_PLACEMENT_3D('',#1666,#1667,#1668);
#1666 = CARTESIAN_POINT('',(-27.3,3.794798837511,50.));
#1667 = DIRECTION('',(1.,0.,0.));
#1668 = DIRECTION('',(0.,0.,1.));
#1669 = ADVANCED_FACE('',(#1670),#1689,.T.);
#1670 = FACE_BOUND('',#1671,.T.);
#1671 = EDGE_LOOP('',(#1672,#1681,#1687,#1688));
#1672 = ORIENTED_EDGE('',*,*,#1673,.T.);
#1673 = EDGE_CURVE('',#1650,#1674,#1676,.T.);
#1674 = VERTEX_POINT('',#1675);
#1675 = CARTESIAN_POINT('',(-25.3,5.,90.));
#1676 = CIRCLE('',#1677,2.);
#1677 = AXIS2_PLACEMENT_3D('',#1678,#1679,#1680);
#1678 = CARTESIAN_POINT('',(-25.3,5.,92.));
#1679 = DIRECTION('',(0.,-1.,0.));
#1680 = DIRECTION('',(0.,0.,-1.));
#1681 = ORIENTED_EDGE('',*,*,#1682,.T.);
#1682 = EDGE_CURVE('',#1674,#478,#1683,.T.);
#1683 = LINE('',#1684,#1685);
#1684 = CARTESIAN_POINT('',(-25.3,5.,90.));
#1685 = VECTOR('',#1686,1.);
#1686 = DIRECTION('',(0.,-1.,0.));
#1687 = ORIENTED_EDGE('',*,*,#477,.F.);
#1688 = ORIENTED_EDGE('',*,*,#1659,.F.);
#1689 = CYLINDRICAL_SURFACE('',#1690,2.);
#1690 = AXIS2_PLACEMENT_3D('',#1691,#1692,#1693);
#1691 = CARTESIAN_POINT('',(-25.3,5.,92.));
#1692 = DIRECTION('',(0.,-1.,0.));
#1693 = DIRECTION('',(-1.,0.,0.));
#1694 = ADVANCED_FACE('',(#1695),#1713,.F.);
#1695 = FACE_BOUND('',#1696,.F.);
#1696 = EDGE_LOOP('',(#1697,#1705,#1711,#1712));
#1697 = ORIENTED_EDGE('',*,*,#1698,.T.);
#1698 = EDGE_CURVE('',#487,#1699,#1701,.T.);
#1699 = VERTEX_POINT('',#1700);
#1700 = CARTESIAN_POINT('',(-22.3,5.,90.));
#1701 = LINE('',#1702,#1703);
#1702 = CARTESIAN_POINT('',(-22.3,0.,90.));
#1703 = VECTOR('',#1704,1.);
#1704 = DIRECTION('',(0.,1.,0.));
#1705 = ORIENTED_EDGE('',*,*,#1706,.T.);
#1706 = EDGE_CURVE('',#1699,#1674,#1707,.T.);
#1707 = LINE('',#1708,#1709);
#1708 = CARTESIAN_POINT('',(-17.3,5.,90.));
#1709 = VECTOR('',#1710,1.);
#1710 = DIRECTION('',(-1.,0.,0.));
#1711 = ORIENTED_EDGE('',*,*,#1682,.T.);
#1712 = ORIENTED_EDGE('',*,*,#486,.F.);
#1713 = PLANE('',#1714);
#1714 = AXIS2_PLACEMENT_3D('',#1715,#1716,#1717);
#1715 = CARTESIAN_POINT('',(-17.3,5.,90.));
#1716 = DIRECTION('',(0.,0.,1.));
#1717 = DIRECTION('',(0.,-1.,0.));
#1718 = ADVANCED_FACE('',(#1719),#1745,.F.);
#1719 = FACE_BOUND('',#1720,.F.);
#1720 = EDGE_LOOP('',(#1721,#1729,#1730,#1731,#1737,#1738,#1739));
#1721 = ORIENTED_EDGE('',*,*,#1722,.F.);
#1722 = EDGE_CURVE('',#1699,#1723,#1725,.T.);
#1723 = VERTEX_POINT('',#1724);
#1724 = CARTESIAN_POINT('',(-22.3,12.5,90.));
#1725 = LINE('',#1726,#1727);
#1726 = CARTESIAN_POINT('',(-22.3,0.,90.));
#1727 = VECTOR('',#1728,1.);
#1728 = DIRECTION('',(0.,1.,0.));
#1729 = ORIENTED_EDGE('',*,*,#1698,.F.);
#1730 = ORIENTED_EDGE('',*,*,#494,.F.);
#1731 = ORIENTED_EDGE('',*,*,#1732,.F.);
#1732 = EDGE_CURVE('',#958,#495,#1733,.T.);
#1733 = LINE('',#1734,#1735);
#1734 = CARTESIAN_POINT('',(-22.3,4.375,71.51097302577));
#1735 = VECTOR('',#1736,1.);
#1736 = DIRECTION('',(0.,-1.,0.));
#1737 = ORIENTED_EDGE('',*,*,#955,.F.);
#1738 = ORIENTED_EDGE('',*,*,#1047,.F.);
#1739 = ORIENTED_EDGE('',*,*,#1740,.F.);
#1740 = EDGE_CURVE('',#1723,#1048,#1741,.T.);
#1741 = LINE('',#1742,#1743);
#1742 = CARTESIAN_POINT('',(-22.3,12.5,90.));
#1743 = VECTOR('',#1744,1.);
#1744 = DIRECTION('',(0.,0.,-1.));
#1745 = PLANE('',#1746);
#1746 = AXIS2_PLACEMENT_3D('',#1747,#1748,#1749);
#1747 = CARTESIAN_POINT('',(-22.3,8.75,50.));
#1748 = DIRECTION('',(1.,0.,0.));
#1749 = DIRECTION('',(0.,0.,1.));
#1750 = ADVANCED_FACE('',(#1751),#1762,.F.);
#1751 = FACE_BOUND('',#1752,.F.);
#1752 = EDGE_LOOP('',(#1753,#1754,#1755,#1761));
#1753 = ORIENTED_EDGE('',*,*,#1732,.T.);
#1754 = ORIENTED_EDGE('',*,*,#502,.T.);
#1755 = ORIENTED_EDGE('',*,*,#1756,.T.);
#1756 = EDGE_CURVE('',#503,#966,#1757,.T.);
#1757 = LINE('',#1758,#1759);
#1758 = CARTESIAN_POINT('',(-25.3,0.,71.51097302577));
#1759 = VECTOR('',#1760,1.);
#1760 = DIRECTION('',(0.,1.,0.));
#1761 = ORIENTED_EDGE('',*,*,#965,.F.);
#1762 = PLANE('',#1763);
#1763 = AXIS2_PLACEMENT_3D('',#1764,#1765,#1766);
#1764 = CARTESIAN_POINT('',(-17.3,0.,71.51097302577));
#1765 = DIRECTION('',(0.,0.,-1.));
#1766 = DIRECTION('',(0.,1.,0.));
#1767 = ADVANCED_FACE('',(#1768),#1774,.T.);
#1768 = FACE_BOUND('',#1769,.F.);
#1769 = EDGE_LOOP('',(#1770,#1771,#1772,#1773));
#1770 = ORIENTED_EDGE('',*,*,#510,.T.);
#1771 = ORIENTED_EDGE('',*,*,#768,.T.);
#1772 = ORIENTED_EDGE('',*,*,#973,.F.);
#1773 = ORIENTED_EDGE('',*,*,#1756,.F.);
#1774 = CYLINDRICAL_SURFACE('',#1775,2.);
#1775 = AXIS2_PLACEMENT_3D('',#1776,#1777,#1778);
#1776 = CARTESIAN_POINT('',(-25.3,0.,69.51097302577));
#1777 = DIRECTION('',(0.,1.,0.));
#1778 = DIRECTION('',(0.,0.,1.));
#1779 = ADVANCED_FACE('',(#1780),#1792,.F.);
#1780 = FACE_BOUND('',#1781,.T.);
#1781 = EDGE_LOOP('',(#1782,#1783,#1784,#1785));
#1782 = ORIENTED_EDGE('',*,*,#527,.T.);
#1783 = ORIENTED_EDGE('',*,*,#736,.T.);
#1784 = ORIENTED_EDGE('',*,*,#543,.F.);
#1785 = ORIENTED_EDGE('',*,*,#1786,.F.);
#1786 = EDGE_CURVE('',#528,#536,#1787,.T.);
#1787 = CIRCLE('',#1788,7.55);
#1788 = AXIS2_PLACEMENT_3D('',#1789,#1790,#1791);
#1789 = CARTESIAN_POINT('',(-17.3,0.,50.));
#1790 = DIRECTION('',(-1.,0.,0.));
#1791 = DIRECTION('',(0.,-1.,0.));
#1792 = CYLINDRICAL_SURFACE('',#1793,7.55);
#1793 = AXIS2_PLACEMENT_3D('',#1794,#1795,#1796);
#1794 = CARTESIAN_POINT('',(-17.3,0.,50.));
#1795 = DIRECTION('',(1.,0.,0.));
#1796 = DIRECTION('',(0.,-1.,0.));
#1797 = ADVANCED_FACE('',(#1798),#1802,.F.);
#1798 = FACE_BOUND('',#1799,.F.);
#1799 = EDGE_LOOP('',(#1800,#1801));
#1800 = ORIENTED_EDGE('',*,*,#535,.F.);
#1801 = ORIENTED_EDGE('',*,*,#1786,.F.);
#1802 = PLANE('',#1803);
#1803 = AXIS2_PLACEMENT_3D('',#1804,#1805,#1806);
#1804 = CARTESIAN_POINT('',(-17.3,17.5,0.));
#1805 = DIRECTION('',(1.,0.,0.));
#1806 = DIRECTION('',(0.,-1.,0.));
#1807 = ADVANCED_FACE('',(#1808),#1814,.F.);
#1808 = FACE_BOUND('',#1809,.F.);
#1809 = EDGE_LOOP('',(#1810,#1811,#1812,#1813));
#1810 = ORIENTED_EDGE('',*,*,#578,.F.);
#1811 = ORIENTED_EDGE('',*,*,#1207,.F.);
#1812 = ORIENTED_EDGE('',*,*,#1083,.F.);
#1813 = ORIENTED_EDGE('',*,*,#1192,.F.);
#1814 = PLANE('',#1815);
#1815 = AXIS2_PLACEMENT_3D('',#1816,#1817,#1818);
#1816 = CARTESIAN_POINT('',(-27.3,3.794798837511,50.));
#1817 = DIRECTION('',(1.,0.,0.));
#1818 = DIRECTION('',(0.,0.,1.));
#1819 = ADVANCED_FACE('',(#1820),#1839,.F.);
#1820 = FACE_BOUND('',#1821,.F.);
#1821 = EDGE_LOOP('',(#1822,#1831,#1837,#1838));
#1822 = ORIENTED_EDGE('',*,*,#1823,.F.);
#1823 = EDGE_CURVE('',#1824,#1824,#1826,.T.);
#1824 = VERTEX_POINT('',#1825);
#1825 = CARTESIAN_POINT('',(-23.85,3.8,33.5));
#1826 = CIRCLE('',#1827,1.55);
#1827 = AXIS2_PLACEMENT_3D('',#1828,#1829,#1830);
#1828 = CARTESIAN_POINT('',(-22.3,3.8,33.5));
#1829 = DIRECTION('',(0.,1.,-2.22044604925E-16));
#1830 = DIRECTION('',(-1.,0.,0.));
#1831 = ORIENTED_EDGE('',*,*,#1832,.T.);
#1832 = EDGE_CURVE('',#1824,#587,#1833,.T.);
#1833 = LINE('',#1834,#1835);
#1834 = CARTESIAN_POINT('',(-23.85,3.8,33.5));
#1835 = VECTOR('',#1836,1.);
#1836 = DIRECTION('',(0.,-1.,2.22044604925E-16));
#1837 = ORIENTED_EDGE('',*,*,#586,.T.);
#1838 = ORIENTED_EDGE('',*,*,#1832,.F.);
#1839 = CYLINDRICAL_SURFACE('',#1840,1.55);
#1840 = AXIS2_PLACEMENT_3D('',#1841,#1842,#1843);
#1841 = CARTESIAN_POINT('',(-22.3,3.8,33.5));
#1842 = DIRECTION('',(0.,1.,-2.22044604925E-16));
#1843 = DIRECTION('',(-1.,0.,0.));
#1844 = ADVANCED_FACE('',(#1845),#1864,.F.);
#1845 = FACE_BOUND('',#1846,.F.);
#1846 = EDGE_LOOP('',(#1847,#1856,#1862,#1863));
#1847 = ORIENTED_EDGE('',*,*,#1848,.F.);
#1848 = EDGE_CURVE('',#1849,#1849,#1851,.T.);
#1849 = VERTEX_POINT('',#1850);
#1850 = CARTESIAN_POINT('',(-23.85,3.8,5.));
#1851 = CIRCLE('',#1852,1.55);
#1852 = AXIS2_PLACEMENT_3D('',#1853,#1854,#1855);
#1853 = CARTESIAN_POINT('',(-22.3,3.8,5.));
#1854 = DIRECTION('',(0.,1.,-2.22044604925E-16));
#1855 = DIRECTION('',(-1.,0.,0.));
#1856 = ORIENTED_EDGE('',*,*,#1857,.T.);
#1857 = EDGE_CURVE('',#1849,#598,#1858,.T.);
#1858 = LINE('',#1859,#1860);
#1859 = CARTESIAN_POINT('',(-23.85,3.8,5.));
#1860 = VECTOR('',#1861,1.);
#1861 = DIRECTION('',(0.,-1.,2.22044604925E-16));
#1862 = ORIENTED_EDGE('',*,*,#597,.T.);
#1863 = ORIENTED_EDGE('',*,*,#1857,.F.);
#1864 = CYLINDRICAL_SURFACE('',#1865,1.55);
#1865 = AXIS2_PLACEMENT_3D('',#1866,#1867,#1868);
#1866 = CARTESIAN_POINT('',(-22.3,3.8,5.));
#1867 = DIRECTION('',(0.,1.,-2.22044604925E-16));
#1868 = DIRECTION('',(-1.,0.,0.));
#1869 = ADVANCED_FACE('',(#1870),#1889,.F.);
#1870 = FACE_BOUND('',#1871,.F.);
#1871 = EDGE_LOOP('',(#1872,#1881,#1887,#1888));
#1872 = ORIENTED_EDGE('',*,*,#1873,.F.);
#1873 = EDGE_CURVE('',#1874,#1874,#1876,.T.);
#1874 = VERTEX_POINT('',#1875);
#1875 = CARTESIAN_POINT('',(-23.85,3.8,95.));
#1876 = CIRCLE('',#1877,1.55);
#1877 = AXIS2_PLACEMENT_3D('',#1878,#1879,#1880);
#1878 = CARTESIAN_POINT('',(-22.3,3.8,95.));
#1879 = DIRECTION('',(0.,1.,-2.22044604925E-16));
#1880 = DIRECTION('',(-1.,0.,0.));
#1881 = ORIENTED_EDGE('',*,*,#1882,.T.);
#1882 = EDGE_CURVE('',#1874,#609,#1883,.T.);
#1883 = LINE('',#1884,#1885);
#1884 = CARTESIAN_POINT('',(-23.85,3.8,95.));
#1885 = VECTOR('',#1886,1.);
#1886 = DIRECTION('',(0.,-1.,2.22044604925E-16));
#1887 = ORIENTED_EDGE('',*,*,#608,.T.);
#1888 = ORIENTED_EDGE('',*,*,#1882,.F.);
#1889 = CYLINDRICAL_SURFACE('',#1890,1.55);
#1890 = AXIS2_PLACEMENT_3D('',#1891,#1892,#1893);
#1891 = CARTESIAN_POINT('',(-22.3,3.8,95.));
#1892 = DIRECTION('',(0.,1.,-2.22044604925E-16));
#1893 = DIRECTION('',(-1.,0.,0.));
#1894 = ADVANCED_FACE('',(#1895),#1914,.F.);
#1895 = FACE_BOUND('',#1896,.F.);
#1896 = EDGE_LOOP('',(#1897,#1906,#1912,#1913));
#1897 = ORIENTED_EDGE('',*,*,#1898,.F.);
#1898 = EDGE_CURVE('',#1899,#1899,#1901,.T.);
#1899 = VERTEX_POINT('',#1900);
#1900 = CARTESIAN_POINT('',(-23.85,3.8,66.5));
#1901 = CIRCLE('',#1902,1.55);
#1902 = AXIS2_PLACEMENT_3D('',#1903,#1904,#1905);
#1903 = CARTESIAN_POINT('',(-22.3,3.8,66.5));
#1904 = DIRECTION('',(0.,1.,-2.22044604925E-16));
#1905 = DIRECTION('',(-1.,0.,0.));
#1906 = ORIENTED_EDGE('',*,*,#1907,.T.);
#1907 = EDGE_CURVE('',#1899,#620,#1908,.T.);
#1908 = LINE('',#1909,#1910);
#1909 = CARTESIAN_POINT('',(-23.85,3.8,66.5));
#1910 = VECTOR('',#1911,1.);
#1911 = DIRECTION('',(0.,-1.,2.22044604925E-16));
#1912 = ORIENTED_EDGE('',*,*,#619,.T.);
#1913 = ORIENTED_EDGE('',*,*,#1907,.F.);
#1914 = CYLINDRICAL_SURFACE('',#1915,1.55);
#1915 = AXIS2_PLACEMENT_3D('',#1916,#1917,#1918);
#1916 = CARTESIAN_POINT('',(-22.3,3.8,66.5));
#1917 = DIRECTION('',(0.,1.,-2.22044604925E-16));
#1918 = DIRECTION('',(-1.,0.,0.));
#1919 = ADVANCED_FACE('',(#1920),#1932,.T.);
#1920 = FACE_BOUND('',#1921,.T.);
#1921 = EDGE_LOOP('',(#1922,#1929,#1930,#1931));
#1922 = ORIENTED_EDGE('',*,*,#1923,.T.);
#1923 = EDGE_CURVE('',#1723,#639,#1924,.T.);
#1924 = CIRCLE('',#1925,5.);
#1925 = AXIS2_PLACEMENT_3D('',#1926,#1927,#1928);
#1926 = CARTESIAN_POINT('',(-17.3,12.5,90.));
#1927 = DIRECTION('',(0.,0.,-1.));
#1928 = DIRECTION('',(0.,1.,0.));
#1929 = ORIENTED_EDGE('',*,*,#638,.T.);
#1930 = ORIENTED_EDGE('',*,*,#1057,.F.);
#1931 = ORIENTED_EDGE('',*,*,#1740,.F.);
#1932 = CYLINDRICAL_SURFACE('',#1933,5.);
#1933 = AXIS2_PLACEMENT_3D('',#1934,#1935,#1936);
#1934 = CARTESIAN_POINT('',(-17.3,12.5,90.));
#1935 = DIRECTION('',(0.,0.,-1.));
#1936 = DIRECTION('',(-1.,-0.,-0.));
#1937 = ADVANCED_FACE('',(#1938),#1956,.F.);
#1938 = FACE_BOUND('',#1939,.F.);
#1939 = EDGE_LOOP('',(#1940,#1948,#1949,#1950));
#1940 = ORIENTED_EDGE('',*,*,#1941,.T.);
#1941 = EDGE_CURVE('',#1942,#639,#1944,.T.);
#1942 = VERTEX_POINT('',#1943);
#1943 = CARTESIAN_POINT('',(-17.3,5.,90.));
#1944 = LINE('',#1945,#1946);
#1945 = CARTESIAN_POINT('',(-17.3,0.,90.));
#1946 = VECTOR('',#1947,1.);
#1947 = DIRECTION('',(0.,1.,0.));
#1948 = ORIENTED_EDGE('',*,*,#646,.T.);
#1949 = ORIENTED_EDGE('',*,*,#1592,.T.);
#1950 = ORIENTED_EDGE('',*,*,#1951,.T.);
#1951 = EDGE_CURVE('',#1593,#1942,#1952,.T.);
#1952 = LINE('',#1953,#1954);
#1953 = CARTESIAN_POINT('',(-17.3,5.,100.));
#1954 = VECTOR('',#1955,1.);
#1955 = DIRECTION('',(0.,0.,-1.));
#1956 = PLANE('',#1957);
#1957 = AXIS2_PLACEMENT_3D('',#1958,#1959,#1960);
#1958 = CARTESIAN_POINT('',(-17.3,17.5,0.));
#1959 = DIRECTION('',(1.,0.,0.));
#1960 = DIRECTION('',(0.,-1.,0.));
#1961 = ADVANCED_FACE('',(#1962),#1980,.T.);
#1962 = FACE_BOUND('',#1963,.T.);
#1963 = EDGE_LOOP('',(#1964,#1965,#1966,#1974));
#1964 = ORIENTED_EDGE('',*,*,#1250,.F.);
#1965 = ORIENTED_EDGE('',*,*,#694,.T.);
#1966 = ORIENTED_EDGE('',*,*,#1967,.F.);
#1967 = EDGE_CURVE('',#1968,#687,#1970,.T.);
#1968 = VERTEX_POINT('',#1969);
#1969 = CARTESIAN_POINT('',(17.3,5.,10.));
#1970 = LINE('',#1971,#1972);
#1971 = CARTESIAN_POINT('',(17.3,0.,10.));
#1972 = VECTOR('',#1973,1.);
#1973 = DIRECTION('',(0.,1.,0.));
#1974 = ORIENTED_EDGE('',*,*,#1975,.F.);
#1975 = EDGE_CURVE('',#1251,#1968,#1976,.T.);
#1976 = LINE('',#1977,#1978);
#1977 = CARTESIAN_POINT('',(17.3,5.,0.));
#1978 = VECTOR('',#1979,1.);
#1979 = DIRECTION('',(0.,0.,1.));
#1980 = PLANE('',#1981);
#1981 = AXIS2_PLACEMENT_3D('',#1982,#1983,#1984);
#1982 = CARTESIAN_POINT('',(17.3,17.5,0.));
#1983 = DIRECTION('',(1.,0.,0.));
#1984 = DIRECTION('',(0.,-1.,0.));
#1985 = ADVANCED_FACE('',(#1986),#2013,.T.);
#1986 = FACE_BOUND('',#1987,.T.);
#1987 = EDGE_LOOP('',(#1988,#1997,#1998,#2007));
#1988 = ORIENTED_EDGE('',*,*,#1989,.T.);
#1989 = EDGE_CURVE('',#1990,#687,#1992,.T.);
#1990 = VERTEX_POINT('',#1991);
#1991 = CARTESIAN_POINT('',(22.3,12.5,10.));
#1992 = CIRCLE('',#1993,5.);
#1993 = AXIS2_PLACEMENT_3D('',#1994,#1995,#1996);
#1994 = CARTESIAN_POINT('',(17.3,12.5,10.));
#1995 = DIRECTION('',(-0.,0.,1.));
#1996 = DIRECTION('',(0.,-1.,0.));
#1997 = ORIENTED_EDGE('',*,*,#686,.T.);
#1998 = ORIENTED_EDGE('',*,*,#1999,.F.);
#1999 = EDGE_CURVE('',#2000,#679,#2002,.T.);
#2000 = VERTEX_POINT('',#2001);
#2001 = CARTESIAN_POINT('',(22.3,12.5,28.5));
#2002 = CIRCLE('',#2003,5.);
#2003 = AXIS2_PLACEMENT_3D('',#2004,#2005,#2006);
#2004 = CARTESIAN_POINT('',(17.3,12.5,28.5));
#2005 = DIRECTION('',(-0.,0.,1.));
#2006 = DIRECTION('',(0.,-1.,0.));
#2007 = ORIENTED_EDGE('',*,*,#2008,.F.);
#2008 = EDGE_CURVE('',#1990,#2000,#2009,.T.);
#2009 = LINE('',#2010,#2011);
#2010 = CARTESIAN_POINT('',(22.3,12.5,10.));
#2011 = VECTOR('',#2012,1.);
#2012 = DIRECTION('',(0.,0.,1.));
#2013 = CYLINDRICAL_SURFACE('',#2014,5.);
#2014 = AXIS2_PLACEMENT_3D('',#2015,#2016,#2017);
#2015 = CARTESIAN_POINT('',(17.3,12.5,10.));
#2016 = DIRECTION('',(0.,0.,1.));
#2017 = DIRECTION('',(1.,0.,0.));
#2018 = ADVANCED_FACE('',(#2019),#2037,.T.);
#2019 = FACE_BOUND('',#2020,.T.);
#2020 = EDGE_LOOP('',(#2021,#2029,#2030,#2031));
#2021 = ORIENTED_EDGE('',*,*,#2022,.F.);
#2022 = EDGE_CURVE('',#663,#2023,#2025,.T.);
#2023 = VERTEX_POINT('',#2024);
#2024 = CARTESIAN_POINT('',(17.3,5.,90.));
#2025 = LINE('',#2026,#2027);
#2026 = CARTESIAN_POINT('',(17.3,17.5,90.));
#2027 = VECTOR('',#2028,1.);
#2028 = DIRECTION('',(0.,-1.,0.));
#2029 = ORIENTED_EDGE('',*,*,#662,.T.);
#2030 = ORIENTED_EDGE('',*,*,#1585,.T.);
#2031 = ORIENTED_EDGE('',*,*,#2032,.F.);
#2032 = EDGE_CURVE('',#2023,#1578,#2033,.T.);
#2033 = LINE('',#2034,#2035);
#2034 = CARTESIAN_POINT('',(17.3,5.,90.));
#2035 = VECTOR('',#2036,1.);
#2036 = DIRECTION('',(0.,0.,1.));
#2037 = PLANE('',#2038);
#2038 = AXIS2_PLACEMENT_3D('',#2039,#2040,#2041);
#2039 = CARTESIAN_POINT('',(17.3,17.5,0.));
#2040 = DIRECTION('',(1.,0.,0.));
#2041 = DIRECTION('',(0.,-1.,0.));
#2042 = ADVANCED_FACE('',(#2043),#2085,.T.);
#2043 = FACE_BOUND('',#2044,.T.);
#2044 = EDGE_LOOP('',(#2045,#2053,#2054,#2062,#2070,#2079));
#2045 = ORIENTED_EDGE('',*,*,#2046,.F.);
#2046 = EDGE_CURVE('',#679,#2047,#2049,.T.);
#2047 = VERTEX_POINT('',#2048);
#2048 = CARTESIAN_POINT('',(17.3,5.,28.5));
#2049 = LINE('',#2050,#2051);
#2050 = CARTESIAN_POINT('',(17.3,17.5,28.5));
#2051 = VECTOR('',#2052,1.);
#2052 = DIRECTION('',(0.,-1.,0.));
#2053 = ORIENTED_EDGE('',*,*,#678,.T.);
#2054 = ORIENTED_EDGE('',*,*,#2055,.F.);
#2055 = EDGE_CURVE('',#2056,#671,#2058,.T.);
#2056 = VERTEX_POINT('',#2057);
#2057 = CARTESIAN_POINT('',(17.3,5.,71.5));
#2058 = LINE('',#2059,#2060);
#2059 = CARTESIAN_POINT('',(17.3,0.,71.5));
#2060 = VECTOR('',#2061,1.);
#2061 = DIRECTION('',(0.,1.,0.));
#2062 = ORIENTED_EDGE('',*,*,#2063,.T.);
#2063 = EDGE_CURVE('',#2056,#2064,#2066,.T.);
#2064 = VERTEX_POINT('',#2065);
#2065 = CARTESIAN_POINT('',(17.3,5.,61.51097302577));
#2066 = LINE('',#2067,#2068);
#2067 = CARTESIAN_POINT('',(17.3,5.,71.51097302577));
#2068 = VECTOR('',#2069,1.);
#2069 = DIRECTION('',(0.,0.,-1.));
#2070 = ORIENTED_EDGE('',*,*,#2071,.F.);
#2071 = EDGE_CURVE('',#2072,#2064,#2074,.T.);
#2072 = VERTEX_POINT('',#2073);
#2073 = CARTESIAN_POINT('',(17.3,5.,38.48902697423));
#2074 = CIRCLE('',#2075,12.55);
#2075 = AXIS2_PLACEMENT_3D('',#2076,#2077,#2078);
#2076 = CARTESIAN_POINT('',(17.3,0.,50.));
#2077 = DIRECTION('',(1.,0.,0.));
#2078 = DIRECTION('',(0.,1.,0.));
#2079 = ORIENTED_EDGE('',*,*,#2080,.T.);
#2080 = EDGE_CURVE('',#2072,#2047,#2081,.T.);
#2081 = LINE('',#2082,#2083);
#2082 = CARTESIAN_POINT('',(17.3,5.,38.48902697423));
#2083 = VECTOR('',#2084,1.);
#2084 = DIRECTION('',(0.,0.,-1.));
#2085 = PLANE('',#2086);
#2086 = AXIS2_PLACEMENT_3D('',#2087,#2088,#2089);
#2087 = CARTESIAN_POINT('',(17.3,17.5,0.));
#2088 = DIRECTION('',(1.,0.,0.));
#2089 = DIRECTION('',(0.,-1.,0.));
#2090 = ADVANCED_FACE('',(#2091),#2118,.T.);
#2091 = FACE_BOUND('',#2092,.T.);
#2092 = EDGE_LOOP('',(#2093,#2102,#2103,#2112));
#2093 = ORIENTED_EDGE('',*,*,#2094,.T.);
#2094 = EDGE_CURVE('',#2095,#671,#2097,.T.);
#2095 = VERTEX_POINT('',#2096);
#2096 = CARTESIAN_POINT('',(22.3,12.5,71.5));
#2097 = CIRCLE('',#2098,5.);
#2098 = AXIS2_PLACEMENT_3D('',#2099,#2100,#2101);
#2099 = CARTESIAN_POINT('',(17.3,12.5,71.5));
#2100 = DIRECTION('',(-0.,0.,1.));
#2101 = DIRECTION('',(0.,-1.,0.));
#2102 = ORIENTED_EDGE('',*,*,#670,.T.);
#2103 = ORIENTED_EDGE('',*,*,#2104,.F.);
#2104 = EDGE_CURVE('',#2105,#663,#2107,.T.);
#2105 = VERTEX_POINT('',#2106);
#2106 = CARTESIAN_POINT('',(22.3,12.5,90.));
#2107 = CIRCLE('',#2108,5.);
#2108 = AXIS2_PLACEMENT_3D('',#2109,#2110,#2111);
#2109 = CARTESIAN_POINT('',(17.3,12.5,90.));
#2110 = DIRECTION('',(-0.,0.,1.));
#2111 = DIRECTION('',(0.,-1.,0.));
#2112 = ORIENTED_EDGE('',*,*,#2113,.F.);
#2113 = EDGE_CURVE('',#2095,#2105,#2114,.T.);
#2114 = LINE('',#2115,#2116);
#2115 = CARTESIAN_POINT('',(22.3,12.5,71.5));
#2116 = VECTOR('',#2117,1.);
#2117 = DIRECTION('',(0.,0.,1.));
#2118 = CYLINDRICAL_SURFACE('',#2119,5.);
#2119 = AXIS2_PLACEMENT_3D('',#2120,#2121,#2122);
#2120 = CARTESIAN_POINT('',(17.3,12.5,71.5));
#2121 = DIRECTION('',(0.,0.,1.));
#2122 = DIRECTION('',(1.,0.,0.));
#2123 = ADVANCED_FACE('',(#2124),#2143,.T.);
#2124 = FACE_BOUND('',#2125,.F.);
#2125 = EDGE_LOOP('',(#2126,#2134,#2141,#2142));
#2126 = ORIENTED_EDGE('',*,*,#2127,.T.);
#2127 = EDGE_CURVE('',#719,#2128,#2130,.T.);
#2128 = VERTEX_POINT('',#2129);
#2129 = CARTESIAN_POINT('',(-12.5,19.5,50.));
#2130 = LINE('',#2131,#2132);
#2131 = CARTESIAN_POINT('',(-12.5,17.5,50.));
#2132 = VECTOR('',#2133,1.);
#2133 = DIRECTION('',(0.,1.,-2.22044604925E-16));
#2134 = ORIENTED_EDGE('',*,*,#2135,.T.);
#2135 = EDGE_CURVE('',#2128,#2128,#2136,.T.);
#2136 = CIRCLE('',#2137,12.5);
#2137 = AXIS2_PLACEMENT_3D('',#2138,#2139,#2140);
#2138 = CARTESIAN_POINT('',(0.,19.5,50.));
#2139 = DIRECTION('',(0.,1.,-2.22044604925E-16));
#2140 = DIRECTION('',(-1.,0.,0.));
#2141 = ORIENTED_EDGE('',*,*,#2127,.F.);
#2142 = ORIENTED_EDGE('',*,*,#718,.F.);
#2143 = CYLINDRICAL_SURFACE('',#2144,12.5);
#2144 = AXIS2_PLACEMENT_3D('',#2145,#2146,#2147);
#2145 = CARTESIAN_POINT('',(0.,17.5,50.));
#2146 = DIRECTION('',(0.,-1.,2.22044604925E-16));
#2147 = DIRECTION('',(-1.,0.,0.));
#2148 = ADVANCED_FACE('',(#2149,#2157),#2160,.T.);
#2149 = FACE_BOUND('',#2150,.T.);
#2150 = EDGE_LOOP('',(#2151,#2152,#2153,#2154,#2155,#2156));
#2151 = ORIENTED_EDGE('',*,*,#867,.T.);
#2152 = ORIENTED_EDGE('',*,*,#915,.T.);
#2153 = ORIENTED_EDGE('',*,*,#939,.T.);
#2154 = ORIENTED_EDGE('',*,*,#898,.T.);
#2155 = ORIENTED_EDGE('',*,*,#850,.T.);
#2156 = ORIENTED_EDGE('',*,*,#819,.T.);
#2157 = FACE_BOUND('',#2158,.T.);
#2158 = EDGE_LOOP('',(#2159));
#2159 = ORIENTED_EDGE('',*,*,#1823,.F.);
#2160 = PLANE('',#2161);
#2161 = AXIS2_PLACEMENT_3D('',#2162,#2163,#2164);
#2162 = CARTESIAN_POINT('',(-5.284892893679E-13,3.8,50.));
#2163 = DIRECTION('',(0.,1.,0.));
#2164 = DIRECTION('',(0.,0.,1.));
#2165 = ADVANCED_FACE('',(#2166),#2191,.F.);
#2166 = FACE_BOUND('',#2167,.F.);
#2167 = EDGE_LOOP('',(#2168,#2176,#2184,#2190));
#2168 = ORIENTED_EDGE('',*,*,#2169,.T.);
#2169 = EDGE_CURVE('',#992,#2170,#2172,.T.);
#2170 = VERTEX_POINT('',#2171);
#2171 = CARTESIAN_POINT('',(-23.9,3.8,63.728718707892));
#2172 = LINE('',#2173,#2174);
#2173 = CARTESIAN_POINT('',(-23.9,5.,63.728718707892));
#2174 = VECTOR('',#2175,1.);
#2175 = DIRECTION('',(0.,-1.,2.22044604925E-16));
#2176 = ORIENTED_EDGE('',*,*,#2177,.T.);
#2177 = EDGE_CURVE('',#2170,#2178,#2180,.T.);
#2178 = VERTEX_POINT('',#2179);
#2179 = CARTESIAN_POINT('',(-25.5,3.8,66.499999999984));
#2180 = LINE('',#2181,#2182);
#2181 = CARTESIAN_POINT('',(-23.9,3.8,63.728718707892));
#2182 = VECTOR('',#2183,1.);
#2183 = DIRECTION('',(-0.500000000002,1.922962686382E-16,0.866025403784)
  );
#2184 = ORIENTED_EDGE('',*,*,#2185,.F.);
#2185 = EDGE_CURVE('',#994,#2178,#2186,.T.);
#2186 = LINE('',#2187,#2188);
#2187 = CARTESIAN_POINT('',(-25.5,5.,66.499999999984));
#2188 = VECTOR('',#2189,1.);
#2189 = DIRECTION('',(0.,-1.,2.22044604925E-16));
#2190 = ORIENTED_EDGE('',*,*,#991,.F.);
#2191 = PLANE('',#2192);
#2192 = AXIS2_PLACEMENT_3D('',#2193,#2194,#2195);
#2193 = CARTESIAN_POINT('',(-23.9,5.,63.728718707892));
#2194 = DIRECTION('',(-0.866025403784,-1.110223024629E-16,
    -0.500000000002));
#2195 = DIRECTION('',(-0.500000000002,1.922962686382E-16,0.866025403784)
  );
#2196 = ADVANCED_FACE('',(#2197),#2215,.F.);
#2197 = FACE_BOUND('',#2198,.F.);
#2198 = EDGE_LOOP('',(#2199,#2207,#2213,#2214));
#2199 = ORIENTED_EDGE('',*,*,#2200,.T.);
#2200 = EDGE_CURVE('',#1026,#2201,#2203,.T.);
#2201 = VERTEX_POINT('',#2202);
#2202 = CARTESIAN_POINT('',(-20.69999999999,3.8,63.728718707892));
#2203 = LINE('',#2204,#2205);
#2204 = CARTESIAN_POINT('',(-20.69999999999,5.,63.728718707892));
#2205 = VECTOR('',#2206,1.);
#2206 = DIRECTION('',(0.,-1.,2.22044604925E-16));
#2207 = ORIENTED_EDGE('',*,*,#2208,.T.);
#2208 = EDGE_CURVE('',#2201,#2170,#2209,.T.);
#2209 = LINE('',#2210,#2211);
#2210 = CARTESIAN_POINT('',(-20.69999999999,3.8,63.728718707892));
#2211 = VECTOR('',#2212,1.);
#2212 = DIRECTION('',(-1.,0.,0.));
#2213 = ORIENTED_EDGE('',*,*,#2169,.F.);
#2214 = ORIENTED_EDGE('',*,*,#1033,.F.);
#2215 = PLANE('',#2216);
#2216 = AXIS2_PLACEMENT_3D('',#2217,#2218,#2219);
#2217 = CARTESIAN_POINT('',(-20.69999999999,5.,63.728718707892));
#2218 = DIRECTION('',(-0.,-2.22044604925E-16,-1.));
#2219 = DIRECTION('',(-1.,0.,0.));
#2220 = ADVANCED_FACE('',(#2221),#2239,.F.);
#2221 = FACE_BOUND('',#2222,.F.);
#2222 = EDGE_LOOP('',(#2223,#2224,#2232,#2238));
#2223 = ORIENTED_EDGE('',*,*,#2185,.T.);
#2224 = ORIENTED_EDGE('',*,*,#2225,.T.);
#2225 = EDGE_CURVE('',#2178,#2226,#2228,.T.);
#2226 = VERTEX_POINT('',#2227);
#2227 = CARTESIAN_POINT('',(-23.9,3.8,69.271281292107));
#2228 = LINE('',#2229,#2230);
#2229 = CARTESIAN_POINT('',(-25.5,3.8,66.499999999984));
#2230 = VECTOR('',#2231,1.);
#2231 = DIRECTION('',(0.499999999997,1.922962686387E-16,0.866025403786)
  );
#2232 = ORIENTED_EDGE('',*,*,#2233,.F.);
#2233 = EDGE_CURVE('',#1002,#2226,#2234,.T.);
#2234 = LINE('',#2235,#2236);
#2235 = CARTESIAN_POINT('',(-23.9,5.,69.271281292107));
#2236 = VECTOR('',#2237,1.);
#2237 = DIRECTION('',(0.,-1.,2.22044604925E-16));
#2238 = ORIENTED_EDGE('',*,*,#1001,.F.);
#2239 = PLANE('',#2240);
#2240 = AXIS2_PLACEMENT_3D('',#2241,#2242,#2243);
#2241 = CARTESIAN_POINT('',(-25.5,5.,66.499999999984));
#2242 = DIRECTION('',(-0.866025403786,1.110223024618E-16,0.499999999997)
  );
#2243 = DIRECTION('',(0.499999999997,1.922962686387E-16,0.866025403786)
  );
#2244 = ADVANCED_FACE('',(#2245),#2263,.F.);
#2245 = FACE_BOUND('',#2246,.F.);
#2246 = EDGE_LOOP('',(#2247,#2255,#2261,#2262));
#2247 = ORIENTED_EDGE('',*,*,#2248,.T.);
#2248 = EDGE_CURVE('',#1018,#2249,#2251,.T.);
#2249 = VERTEX_POINT('',#2250);
#2250 = CARTESIAN_POINT('',(-19.1,3.8,66.500000000013));
#2251 = LINE('',#2252,#2253);
#2252 = CARTESIAN_POINT('',(-19.1,5.,66.500000000013));
#2253 = VECTOR('',#2254,1.);
#2254 = DIRECTION('',(0.,-1.,2.22044604925E-16));
#2255 = ORIENTED_EDGE('',*,*,#2256,.T.);
#2256 = EDGE_CURVE('',#2249,#2201,#2257,.T.);
#2257 = LINE('',#2258,#2259);
#2258 = CARTESIAN_POINT('',(-19.1,3.8,66.500000000013));
#2259 = VECTOR('',#2260,1.);
#2260 = DIRECTION('',(-0.499999999998,-1.922962686387E-16,
    -0.866025403786));
#2261 = ORIENTED_EDGE('',*,*,#2200,.F.);
#2262 = ORIENTED_EDGE('',*,*,#1025,.F.);
#2263 = PLANE('',#2264);
#2264 = AXIS2_PLACEMENT_3D('',#2265,#2266,#2267);
#2265 = CARTESIAN_POINT('',(-19.1,5.,66.500000000013));
#2266 = DIRECTION('',(0.866025403786,-1.11022302462E-16,-0.499999999998)
  );
#2267 = DIRECTION('',(-0.499999999998,-1.922962686387E-16,
    -0.866025403786));
#2268 = ADVANCED_FACE('',(#2269),#2287,.F.);
#2269 = FACE_BOUND('',#2270,.F.);
#2270 = EDGE_LOOP('',(#2271,#2272,#2280,#2286));
#2271 = ORIENTED_EDGE('',*,*,#2233,.T.);
#2272 = ORIENTED_EDGE('',*,*,#2273,.T.);
#2273 = EDGE_CURVE('',#2226,#2274,#2276,.T.);
#2274 = VERTEX_POINT('',#2275);
#2275 = CARTESIAN_POINT('',(-20.70000000001,3.8,69.271281292121));
#2276 = LINE('',#2277,#2278);
#2277 = CARTESIAN_POINT('',(-23.9,3.8,69.271281292107));
#2278 = VECTOR('',#2279,1.);
#2279 = DIRECTION('',(1.,1.010728034819E-27,4.551914400982E-12));
#2280 = ORIENTED_EDGE('',*,*,#2281,.F.);
#2281 = EDGE_CURVE('',#1010,#2274,#2282,.T.);
#2282 = LINE('',#2283,#2284);
#2283 = CARTESIAN_POINT('',(-20.70000000001,5.,69.271281292121));
#2284 = VECTOR('',#2285,1.);
#2285 = DIRECTION('',(0.,-1.,2.22044604925E-16));
#2286 = ORIENTED_EDGE('',*,*,#1009,.F.);
#2287 = PLANE('',#2288);
#2288 = AXIS2_PLACEMENT_3D('',#2289,#2290,#2291);
#2289 = CARTESIAN_POINT('',(-23.9,5.,69.271281292107));
#2290 = DIRECTION('',(-4.551914400982E-12,2.22044604925E-16,1.));
#2291 = DIRECTION('',(1.,1.010728034819E-27,4.551914400982E-12));
#2292 = ADVANCED_FACE('',(#2293),#2304,.F.);
#2293 = FACE_BOUND('',#2294,.F.);
#2294 = EDGE_LOOP('',(#2295,#2296,#2302,#2303));
#2295 = ORIENTED_EDGE('',*,*,#2281,.T.);
#2296 = ORIENTED_EDGE('',*,*,#2297,.T.);
#2297 = EDGE_CURVE('',#2274,#2249,#2298,.T.);
#2298 = LINE('',#2299,#2300);
#2299 = CARTESIAN_POINT('',(-20.70000000001,3.8,69.271281292121));
#2300 = VECTOR('',#2301,1.);
#2301 = DIRECTION('',(0.500000000005,-1.922962686377E-16,-0.866025403782
    ));
#2302 = ORIENTED_EDGE('',*,*,#2248,.F.);
#2303 = ORIENTED_EDGE('',*,*,#1017,.F.);
#2304 = PLANE('',#2305);
#2305 = AXIS2_PLACEMENT_3D('',#2306,#2307,#2308);
#2306 = CARTESIAN_POINT('',(-20.70000000001,5.,69.271281292121));
#2307 = DIRECTION('',(0.866025403782,1.110223024636E-16,0.500000000005)
  );
#2308 = DIRECTION('',(0.500000000005,-1.922962686377E-16,-0.866025403782
    ));
#2309 = ADVANCED_FACE('',(#2310),#2335,.T.);
#2310 = FACE_BOUND('',#2311,.T.);
#2311 = EDGE_LOOP('',(#2312,#2320,#2328,#2334));
#2312 = ORIENTED_EDGE('',*,*,#2313,.T.);
#2313 = EDGE_CURVE('',#1117,#2314,#2316,.T.);
#2314 = VERTEX_POINT('',#2315);
#2315 = CARTESIAN_POINT('',(-19.1,3.8,4.999999999984));
#2316 = LINE('',#2317,#2318);
#2317 = CARTESIAN_POINT('',(-19.1,5.,4.999999999984));
#2318 = VECTOR('',#2319,1.);
#2319 = DIRECTION('',(0.,-1.,2.22044604925E-16));
#2320 = ORIENTED_EDGE('',*,*,#2321,.T.);
#2321 = EDGE_CURVE('',#2314,#2322,#2324,.T.);
#2322 = VERTEX_POINT('',#2323);
#2323 = CARTESIAN_POINT('',(-20.69999999999,3.8,7.771281292107));
#2324 = LINE('',#2325,#2326);
#2325 = CARTESIAN_POINT('',(-19.1,3.8,4.999999999984));
#2326 = VECTOR('',#2327,1.);
#2327 = DIRECTION('',(-0.499999999997,1.922962686387E-16,0.866025403786)
  );
#2328 = ORIENTED_EDGE('',*,*,#2329,.F.);
#2329 = EDGE_CURVE('',#1119,#2322,#2330,.T.);
#2330 = LINE('',#2331,#2332);
#2331 = CARTESIAN_POINT('',(-20.69999999999,5.,7.771281292107));
#2332 = VECTOR('',#2333,1.);
#2333 = DIRECTION('',(0.,-1.,2.22044604925E-16));
#2334 = ORIENTED_EDGE('',*,*,#1116,.F.);
#2335 = PLANE('',#2336);
#2336 = AXIS2_PLACEMENT_3D('',#2337,#2338,#2339);
#2337 = CARTESIAN_POINT('',(-19.1,5.,4.999999999984));
#2338 = DIRECTION('',(-0.866025403786,-1.110223024618E-16,
    -0.499999999997));
#2339 = DIRECTION('',(-0.499999999997,1.922962686387E-16,0.866025403786)
  );
#2340 = ADVANCED_FACE('',(#2341),#2359,.T.);
#2341 = FACE_BOUND('',#2342,.T.);
#2342 = EDGE_LOOP('',(#2343,#2344,#2352,#2358));
#2343 = ORIENTED_EDGE('',*,*,#2329,.T.);
#2344 = ORIENTED_EDGE('',*,*,#2345,.T.);
#2345 = EDGE_CURVE('',#2322,#2346,#2348,.T.);
#2346 = VERTEX_POINT('',#2347);
#2347 = CARTESIAN_POINT('',(-23.89999999998,3.8,7.771281292121));
#2348 = LINE('',#2349,#2350);
#2349 = CARTESIAN_POINT('',(-20.69999999999,3.8,7.771281292107));
#2350 = VECTOR('',#2351,1.);
#2351 = DIRECTION('',(-1.,1.014302560796E-27,4.56801263484E-12));
#2352 = ORIENTED_EDGE('',*,*,#2353,.F.);
#2353 = EDGE_CURVE('',#1151,#2346,#2354,.T.);
#2354 = LINE('',#2355,#2356);
#2355 = CARTESIAN_POINT('',(-23.89999999998,5.,7.771281292121));
#2356 = VECTOR('',#2357,1.);
#2357 = DIRECTION('',(0.,-1.,2.22044604925E-16));
#2358 = ORIENTED_EDGE('',*,*,#1158,.F.);
#2359 = PLANE('',#2360);
#2360 = AXIS2_PLACEMENT_3D('',#2361,#2362,#2363);
#2361 = CARTESIAN_POINT('',(-20.69999999999,5.,7.771281292107));
#2362 = DIRECTION('',(-4.56801263484E-12,-2.22044604925E-16,-1.));
#2363 = DIRECTION('',(-1.,1.014302560796E-27,4.56801263484E-12));
#2364 = ADVANCED_FACE('',(#2365),#2383,.T.);
#2365 = FACE_BOUND('',#2366,.T.);
#2366 = EDGE_LOOP('',(#2367,#2368,#2376,#2382));
#2367 = ORIENTED_EDGE('',*,*,#2353,.T.);
#2368 = ORIENTED_EDGE('',*,*,#2369,.T.);
#2369 = EDGE_CURVE('',#2346,#2370,#2372,.T.);
#2370 = VERTEX_POINT('',#2371);
#2371 = CARTESIAN_POINT('',(-25.5,3.8,5.000000000014));
#2372 = LINE('',#2373,#2374);
#2373 = CARTESIAN_POINT('',(-23.89999999998,3.8,7.771281292121));
#2374 = VECTOR('',#2375,1.);
#2375 = DIRECTION('',(-0.500000000005,-1.922962686377E-16,
    -0.866025403782));
#2376 = ORIENTED_EDGE('',*,*,#2377,.F.);
#2377 = EDGE_CURVE('',#1143,#2370,#2378,.T.);
#2378 = LINE('',#2379,#2380);
#2379 = CARTESIAN_POINT('',(-25.5,5.,5.000000000014));
#2380 = VECTOR('',#2381,1.);
#2381 = DIRECTION('',(0.,-1.,2.22044604925E-16));
#2382 = ORIENTED_EDGE('',*,*,#1150,.F.);
#2383 = PLANE('',#2384);
#2384 = AXIS2_PLACEMENT_3D('',#2385,#2386,#2387);
#2385 = CARTESIAN_POINT('',(-23.89999999998,5.,7.771281292121));
#2386 = DIRECTION('',(0.866025403782,-1.110223024636E-16,-0.500000000005
    ));
#2387 = DIRECTION('',(-0.500000000005,-1.922962686377E-16,
    -0.866025403782));
#2388 = ADVANCED_FACE('',(#2389),#2407,.T.);
#2389 = FACE_BOUND('',#2390,.T.);
#2390 = EDGE_LOOP('',(#2391,#2392,#2400,#2406));
#2391 = ORIENTED_EDGE('',*,*,#2377,.T.);
#2392 = ORIENTED_EDGE('',*,*,#2393,.T.);
#2393 = EDGE_CURVE('',#2370,#2394,#2396,.T.);
#2394 = VERTEX_POINT('',#2395);
#2395 = CARTESIAN_POINT('',(-23.9,3.8,2.228718707892));
#2396 = LINE('',#2397,#2398);
#2397 = CARTESIAN_POINT('',(-25.5,3.8,5.000000000014));
#2398 = VECTOR('',#2399,1.);
#2399 = DIRECTION('',(0.499999999998,-1.922962686387E-16,-0.866025403786
    ));
#2400 = ORIENTED_EDGE('',*,*,#2401,.F.);
#2401 = EDGE_CURVE('',#1135,#2394,#2402,.T.);
#2402 = LINE('',#2403,#2404);
#2403 = CARTESIAN_POINT('',(-23.9,5.,2.228718707892));
#2404 = VECTOR('',#2405,1.);
#2405 = DIRECTION('',(0.,-1.,2.22044604925E-16));
#2406 = ORIENTED_EDGE('',*,*,#1142,.F.);
#2407 = PLANE('',#2408);
#2408 = AXIS2_PLACEMENT_3D('',#2409,#2410,#2411);
#2409 = CARTESIAN_POINT('',(-25.5,5.,5.000000000014));
#2410 = DIRECTION('',(0.866025403786,1.11022302462E-16,0.499999999998));
#2411 = DIRECTION('',(0.499999999998,-1.922962686387E-16,-0.866025403786
    ));
#2412 = ADVANCED_FACE('',(#2413),#2431,.T.);
#2413 = FACE_BOUND('',#2414,.T.);
#2414 = EDGE_LOOP('',(#2415,#2416,#2424,#2430));
#2415 = ORIENTED_EDGE('',*,*,#2401,.T.);
#2416 = ORIENTED_EDGE('',*,*,#2417,.T.);
#2417 = EDGE_CURVE('',#2394,#2418,#2420,.T.);
#2418 = VERTEX_POINT('',#2419);
#2419 = CARTESIAN_POINT('',(-20.69999999999,3.8,2.228718707892));
#2420 = LINE('',#2421,#2422);
#2421 = CARTESIAN_POINT('',(-23.9,3.8,2.228718707892));
#2422 = VECTOR('',#2423,1.);
#2423 = DIRECTION('',(1.,0.,0.));
#2424 = ORIENTED_EDGE('',*,*,#2425,.F.);
#2425 = EDGE_CURVE('',#1127,#2418,#2426,.T.);
#2426 = LINE('',#2427,#2428);
#2427 = CARTESIAN_POINT('',(-20.69999999999,5.,2.228718707892));
#2428 = VECTOR('',#2429,1.);
#2429 = DIRECTION('',(0.,-1.,2.22044604925E-16));
#2430 = ORIENTED_EDGE('',*,*,#1134,.F.);
#2431 = PLANE('',#2432);
#2432 = AXIS2_PLACEMENT_3D('',#2433,#2434,#2435);
#2433 = CARTESIAN_POINT('',(-23.9,5.,2.228718707892));
#2434 = DIRECTION('',(0.,2.22044604925E-16,1.));
#2435 = DIRECTION('',(1.,0.,0.));
#2436 = ADVANCED_FACE('',(#2437),#2448,.T.);
#2437 = FACE_BOUND('',#2438,.T.);
#2438 = EDGE_LOOP('',(#2439,#2440,#2446,#2447));
#2439 = ORIENTED_EDGE('',*,*,#2425,.T.);
#2440 = ORIENTED_EDGE('',*,*,#2441,.T.);
#2441 = EDGE_CURVE('',#2418,#2314,#2442,.T.);
#2442 = LINE('',#2443,#2444);
#2443 = CARTESIAN_POINT('',(-20.69999999999,3.8,2.228718707892));
#2444 = VECTOR('',#2445,1.);
#2445 = DIRECTION('',(0.500000000002,1.922962686382E-16,0.866025403784)
  );
#2446 = ORIENTED_EDGE('',*,*,#2313,.F.);
#2447 = ORIENTED_EDGE('',*,*,#1126,.F.);
#2448 = PLANE('',#2449);
#2449 = AXIS2_PLACEMENT_3D('',#2450,#2451,#2452);
#2450 = CARTESIAN_POINT('',(-20.69999999999,5.,2.228718707892));
#2451 = DIRECTION('',(-0.866025403784,1.110223024629E-16,0.500000000002)
  );
#2452 = DIRECTION('',(0.500000000002,1.922962686382E-16,0.866025403784)
  );
#2453 = ADVANCED_FACE('',(#2454,#2623,#2634,#2645,#2656),#2667,.T.);
#2454 = FACE_BOUND('',#2455,.T.);
#2455 = EDGE_LOOP('',(#2456,#2457,#2466,#2474,#2483,#2491,#2499,#2507,
    #2516,#2524,#2532,#2540,#2548,#2556,#2565,#2573,#2581,#2589,#2598,
    #2606,#2613,#2614,#2615,#2616,#2617,#2618,#2619,#2620,#2621,#2622));
#2456 = ORIENTED_EDGE('',*,*,#1228,.T.);
#2457 = ORIENTED_EDGE('',*,*,#2458,.T.);
#2458 = EDGE_CURVE('',#1231,#2459,#2461,.T.);
#2459 = VERTEX_POINT('',#2460);
#2460 = CARTESIAN_POINT('',(27.3,0.,2.));
#2461 = CIRCLE('',#2462,2.);
#2462 = AXIS2_PLACEMENT_3D('',#2463,#2464,#2465);
#2463 = CARTESIAN_POINT('',(25.3,5.211746207088E-17,2.));
#2464 = DIRECTION('',(0.,-1.,0.));
#2465 = DIRECTION('',(0.,0.,1.));
#2466 = ORIENTED_EDGE('',*,*,#2467,.F.);
#2467 = EDGE_CURVE('',#2468,#2459,#2470,.T.);
#2468 = VERTEX_POINT('',#2469);
#2469 = CARTESIAN_POINT('',(27.3,0.,8.));
#2470 = LINE('',#2471,#2472);
#2471 = CARTESIAN_POINT('',(27.3,0.,10.));
#2472 = VECTOR('',#2473,1.);
#2473 = DIRECTION('',(0.,0.,-1.));
#2474 = ORIENTED_EDGE('',*,*,#2475,.F.);
#2475 = EDGE_CURVE('',#2476,#2468,#2478,.T.);
#2476 = VERTEX_POINT('',#2477);
#2477 = CARTESIAN_POINT('',(25.3,0.,10.));
#2478 = CIRCLE('',#2479,2.);
#2479 = AXIS2_PLACEMENT_3D('',#2480,#2481,#2482);
#2480 = CARTESIAN_POINT('',(25.3,0.,8.));
#2481 = DIRECTION('',(-0.,1.,0.));
#2482 = DIRECTION('',(0.,0.,-1.));
#2483 = ORIENTED_EDGE('',*,*,#2484,.F.);
#2484 = EDGE_CURVE('',#2485,#2476,#2487,.T.);
#2485 = VERTEX_POINT('',#2486);
#2486 = CARTESIAN_POINT('',(22.3,0.,10.));
#2487 = LINE('',#2488,#2489);
#2488 = CARTESIAN_POINT('',(17.3,0.,10.));
#2489 = VECTOR('',#2490,1.);
#2490 = DIRECTION('',(1.,0.,0.));
#2491 = ORIENTED_EDGE('',*,*,#2492,.F.);
#2492 = EDGE_CURVE('',#2493,#2485,#2495,.T.);
#2493 = VERTEX_POINT('',#2494);
#2494 = CARTESIAN_POINT('',(22.3,0.,28.48902697423));
#2495 = LINE('',#2496,#2497);
#2496 = CARTESIAN_POINT('',(22.3,0.,28.5));
#2497 = VECTOR('',#2498,1.);
#2498 = DIRECTION('',(0.,0.,-1.));
#2499 = ORIENTED_EDGE('',*,*,#2500,.T.);
#2500 = EDGE_CURVE('',#2493,#2501,#2503,.T.);
#2501 = VERTEX_POINT('',#2502);
#2502 = CARTESIAN_POINT('',(25.3,0.,28.48902697423));
#2503 = LINE('',#2504,#2505);
#2504 = CARTESIAN_POINT('',(17.3,0.,28.48902697423));
#2505 = VECTOR('',#2506,1.);
#2506 = DIRECTION('',(1.,0.,0.));
#2507 = ORIENTED_EDGE('',*,*,#2508,.T.);
#2508 = EDGE_CURVE('',#2501,#2509,#2511,.T.);
#2509 = VERTEX_POINT('',#2510);
#2510 = CARTESIAN_POINT('',(27.3,-8.881784197001E-16,30.48902697423));
#2511 = CIRCLE('',#2512,2.);
#2512 = AXIS2_PLACEMENT_3D('',#2513,#2514,#2515);
#2513 = CARTESIAN_POINT('',(25.3,0.,30.48902697423));
#2514 = DIRECTION('',(0.,-1.,0.));
#2515 = DIRECTION('',(0.,0.,-1.));
#2516 = ORIENTED_EDGE('',*,*,#2517,.F.);
#2517 = EDGE_CURVE('',#2518,#2509,#2520,.T.);
#2518 = VERTEX_POINT('',#2519);
#2519 = CARTESIAN_POINT('',(27.3,-1.386912500034E-15,42.45));
#2520 = LINE('',#2521,#2522);
#2521 = CARTESIAN_POINT('',(27.3,-1.386912500034E-15,42.45));
#2522 = VECTOR('',#2523,1.);
#2523 = DIRECTION('',(0.,9.934210871079E-17,-1.));
#2524 = ORIENTED_EDGE('',*,*,#2525,.F.);
#2525 = EDGE_CURVE('',#2526,#2518,#2528,.T.);
#2526 = VERTEX_POINT('',#2527);
#2527 = CARTESIAN_POINT('',(17.3,-1.386912500034E-15,42.45));
#2528 = LINE('',#2529,#2530);
#2529 = CARTESIAN_POINT('',(17.3,-1.386912500034E-15,42.45));
#2530 = VECTOR('',#2531,1.);
#2531 = DIRECTION('',(1.,0.,0.));
#2532 = ORIENTED_EDGE('',*,*,#2533,.T.);
#2533 = EDGE_CURVE('',#2526,#2534,#2536,.T.);
#2534 = VERTEX_POINT('',#2535);
#2535 = CARTESIAN_POINT('',(17.3,2.305760419611E-15,57.55));
#2536 = LINE('',#2537,#2538);
#2537 = CARTESIAN_POINT('',(17.3,0.,0.));
#2538 = VECTOR('',#2539,1.);
#2539 = DIRECTION('',(0.,0.,1.));
#2540 = ORIENTED_EDGE('',*,*,#2541,.T.);
#2541 = EDGE_CURVE('',#2534,#2542,#2544,.T.);
#2542 = VERTEX_POINT('',#2543);
#2543 = CARTESIAN_POINT('',(27.3,2.305760419611E-15,57.55));
#2544 = LINE('',#2545,#2546);
#2545 = CARTESIAN_POINT('',(17.3,2.305760419611E-15,57.55));
#2546 = VECTOR('',#2547,1.);
#2547 = DIRECTION('',(1.,0.,0.));
#2548 = ORIENTED_EDGE('',*,*,#2549,.F.);
#2549 = EDGE_CURVE('',#2550,#2542,#2552,.T.);
#2550 = VERTEX_POINT('',#2551);
#2551 = CARTESIAN_POINT('',(27.3,3.294899282098E-16,69.51097302577));
#2552 = LINE('',#2553,#2554);
#2553 = CARTESIAN_POINT('',(27.3,0.,71.51097302577));
#2554 = VECTOR('',#2555,1.);
#2555 = DIRECTION('',(0.,1.647449641049E-16,-1.));
#2556 = ORIENTED_EDGE('',*,*,#2557,.F.);
#2557 = EDGE_CURVE('',#2558,#2550,#2560,.T.);
#2558 = VERTEX_POINT('',#2559);
#2559 = CARTESIAN_POINT('',(25.3,0.,71.51097302577));
#2560 = CIRCLE('',#2561,2.);
#2561 = AXIS2_PLACEMENT_3D('',#2562,#2563,#2564);
#2562 = CARTESIAN_POINT('',(25.3,5.211746207088E-17,69.51097302577));
#2563 = DIRECTION('',(0.,1.,0.));
#2564 = DIRECTION('',(0.,0.,1.));
#2565 = ORIENTED_EDGE('',*,*,#2566,.F.);
#2566 = EDGE_CURVE('',#2567,#2558,#2569,.T.);
#2567 = VERTEX_POINT('',#2568);
#2568 = CARTESIAN_POINT('',(22.3,0.,71.51097302577));
#2569 = LINE('',#2570,#2571);
#2570 = CARTESIAN_POINT('',(17.3,0.,71.51097302577));
#2571 = VECTOR('',#2572,1.);
#2572 = DIRECTION('',(1.,0.,0.));
#2573 = ORIENTED_EDGE('',*,*,#2574,.F.);
#2574 = EDGE_CURVE('',#2575,#2567,#2577,.T.);
#2575 = VERTEX_POINT('',#2576);
#2576 = CARTESIAN_POINT('',(22.3,0.,90.));
#2577 = LINE('',#2578,#2579);
#2578 = CARTESIAN_POINT('',(22.3,0.,90.));
#2579 = VECTOR('',#2580,1.);
#2580 = DIRECTION('',(0.,0.,-1.));
#2581 = ORIENTED_EDGE('',*,*,#2582,.T.);
#2582 = EDGE_CURVE('',#2575,#2583,#2585,.T.);
#2583 = VERTEX_POINT('',#2584);
#2584 = CARTESIAN_POINT('',(25.3,0.,90.));
#2585 = LINE('',#2586,#2587);
#2586 = CARTESIAN_POINT('',(17.3,0.,90.));
#2587 = VECTOR('',#2588,1.);
#2588 = DIRECTION('',(1.,0.,0.));
#2589 = ORIENTED_EDGE('',*,*,#2590,.T.);
#2590 = EDGE_CURVE('',#2583,#2591,#2593,.T.);
#2591 = VERTEX_POINT('',#2592);
#2592 = CARTESIAN_POINT('',(27.3,0.,92.));
#2593 = CIRCLE('',#2594,2.);
#2594 = AXIS2_PLACEMENT_3D('',#2595,#2596,#2597);
#2595 = CARTESIAN_POINT('',(25.3,5.211746207088E-17,92.));
#2596 = DIRECTION('',(0.,-1.,0.));
#2597 = DIRECTION('',(0.,0.,1.));
#2598 = ORIENTED_EDGE('',*,*,#2599,.F.);
#2599 = EDGE_CURVE('',#2600,#2591,#2602,.T.);
#2600 = VERTEX_POINT('',#2601);
#2601 = CARTESIAN_POINT('',(27.3,0.,98.));
#2602 = LINE('',#2603,#2604);
#2603 = CARTESIAN_POINT('',(27.3,0.,100.));
#2604 = VECTOR('',#2605,1.);
#2605 = DIRECTION('',(0.,0.,-1.));
#2606 = ORIENTED_EDGE('',*,*,#2607,.F.);
#2607 = EDGE_CURVE('',#1562,#2600,#2608,.T.);
#2608 = CIRCLE('',#2609,2.);
#2609 = AXIS2_PLACEMENT_3D('',#2610,#2611,#2612);
#2610 = CARTESIAN_POINT('',(25.3,0.,98.));
#2611 = DIRECTION('',(-0.,1.,0.));
#2612 = DIRECTION('',(0.,0.,-1.));
#2613 = ORIENTED_EDGE('',*,*,#1561,.F.);
#2614 = ORIENTED_EDGE('',*,*,#1538,.F.);
#2615 = ORIENTED_EDGE('',*,*,#1511,.F.);
#2616 = ORIENTED_EDGE('',*,*,#1486,.F.);
#2617 = ORIENTED_EDGE('',*,*,#1461,.T.);
#2618 = ORIENTED_EDGE('',*,*,#1382,.F.);
#2619 = ORIENTED_EDGE('',*,*,#1355,.F.);
#2620 = ORIENTED_EDGE('',*,*,#1339,.T.);
#2621 = ORIENTED_EDGE('',*,*,#1305,.T.);
#2622 = ORIENTED_EDGE('',*,*,#1281,.F.);
#2623 = FACE_BOUND('',#2624,.T.);
#2624 = EDGE_LOOP('',(#2625));
#2625 = ORIENTED_EDGE('',*,*,#2626,.T.);
#2626 = EDGE_CURVE('',#2627,#2627,#2629,.T.);
#2627 = VERTEX_POINT('',#2628);
#2628 = CARTESIAN_POINT('',(20.75,0.,33.5));
#2629 = CIRCLE('',#2630,1.55);
#2630 = AXIS2_PLACEMENT_3D('',#2631,#2632,#2633);
#2631 = CARTESIAN_POINT('',(22.3,0.,33.5));
#2632 = DIRECTION('',(0.,1.,-2.22044604925E-16));
#2633 = DIRECTION('',(-1.,0.,0.));
#2634 = FACE_BOUND('',#2635,.T.);
#2635 = EDGE_LOOP('',(#2636));
#2636 = ORIENTED_EDGE('',*,*,#2637,.T.);
#2637 = EDGE_CURVE('',#2638,#2638,#2640,.T.);
#2638 = VERTEX_POINT('',#2639);
#2639 = CARTESIAN_POINT('',(20.75,0.,5.));
#2640 = CIRCLE('',#2641,1.55);
#2641 = AXIS2_PLACEMENT_3D('',#2642,#2643,#2644);
#2642 = CARTESIAN_POINT('',(22.3,0.,5.));
#2643 = DIRECTION('',(0.,1.,-2.22044604925E-16));
#2644 = DIRECTION('',(-1.,0.,0.));
#2645 = FACE_BOUND('',#2646,.T.);
#2646 = EDGE_LOOP('',(#2647));
#2647 = ORIENTED_EDGE('',*,*,#2648,.T.);
#2648 = EDGE_CURVE('',#2649,#2649,#2651,.T.);
#2649 = VERTEX_POINT('',#2650);
#2650 = CARTESIAN_POINT('',(20.75,0.,95.));
#2651 = CIRCLE('',#2652,1.55);
#2652 = AXIS2_PLACEMENT_3D('',#2653,#2654,#2655);
#2653 = CARTESIAN_POINT('',(22.3,0.,95.));
#2654 = DIRECTION('',(0.,1.,-2.22044604925E-16));
#2655 = DIRECTION('',(-1.,0.,0.));
#2656 = FACE_BOUND('',#2657,.T.);
#2657 = EDGE_LOOP('',(#2658));
#2658 = ORIENTED_EDGE('',*,*,#2659,.T.);
#2659 = EDGE_CURVE('',#2660,#2660,#2662,.T.);
#2660 = VERTEX_POINT('',#2661);
#2661 = CARTESIAN_POINT('',(20.75,0.,66.5));
#2662 = CIRCLE('',#2663,1.55);
#2663 = AXIS2_PLACEMENT_3D('',#2664,#2665,#2666);
#2664 = CARTESIAN_POINT('',(22.3,0.,66.5));
#2665 = DIRECTION('',(0.,1.,-2.22044604925E-16));
#2666 = DIRECTION('',(-1.,0.,0.));
#2667 = PLANE('',#2668);
#2668 = AXIS2_PLACEMENT_3D('',#2669,#2670,#2671);
#2669 = CARTESIAN_POINT('',(17.033287646796,7.191574822967E-16,50.));
#2670 = DIRECTION('',(-0.,-1.,-0.));
#2671 = DIRECTION('',(0.,0.,-1.));
#2672 = ADVANCED_FACE('',(#2673),#2692,.T.);
#2673 = FACE_BOUND('',#2674,.F.);
#2674 = EDGE_LOOP('',(#2675,#2676,#2684,#2691));
#2675 = ORIENTED_EDGE('',*,*,#2458,.T.);
#2676 = ORIENTED_EDGE('',*,*,#2677,.T.);
#2677 = EDGE_CURVE('',#2459,#2678,#2680,.T.);
#2678 = VERTEX_POINT('',#2679);
#2679 = CARTESIAN_POINT('',(27.3,5.,2.));
#2680 = LINE('',#2681,#2682);
#2681 = CARTESIAN_POINT('',(27.3,0.,2.));
#2682 = VECTOR('',#2683,1.);
#2683 = DIRECTION('',(0.,1.,0.));
#2684 = ORIENTED_EDGE('',*,*,#2685,.F.);
#2685 = EDGE_CURVE('',#1259,#2678,#2686,.T.);
#2686 = CIRCLE('',#2687,2.);
#2687 = AXIS2_PLACEMENT_3D('',#2688,#2689,#2690);
#2688 = CARTESIAN_POINT('',(25.3,5.,2.));
#2689 = DIRECTION('',(0.,-1.,0.));
#2690 = DIRECTION('',(0.,0.,1.));
#2691 = ORIENTED_EDGE('',*,*,#1266,.F.);
#2692 = CYLINDRICAL_SURFACE('',#2693,2.);
#2693 = AXIS2_PLACEMENT_3D('',#2694,#2695,#2696);
#2694 = CARTESIAN_POINT('',(25.3,0.,2.));
#2695 = DIRECTION('',(0.,1.,0.));
#2696 = DIRECTION('',(0.,0.,-1.));
#2697 = ADVANCED_FACE('',(#2698,#2734),#2784,.F.);
#2698 = FACE_BOUND('',#2699,.F.);
#2699 = EDGE_LOOP('',(#2700,#2701,#2702,#2710,#2719,#2727,#2733));
#2700 = ORIENTED_EDGE('',*,*,#1258,.T.);
#2701 = ORIENTED_EDGE('',*,*,#2685,.T.);
#2702 = ORIENTED_EDGE('',*,*,#2703,.T.);
#2703 = EDGE_CURVE('',#2678,#2704,#2706,.T.);
#2704 = VERTEX_POINT('',#2705);
#2705 = CARTESIAN_POINT('',(27.3,5.,8.));
#2706 = LINE('',#2707,#2708);
#2707 = CARTESIAN_POINT('',(27.3,5.,0.));
#2708 = VECTOR('',#2709,1.);
#2709 = DIRECTION('',(0.,0.,1.));
#2710 = ORIENTED_EDGE('',*,*,#2711,.F.);
#2711 = EDGE_CURVE('',#2712,#2704,#2714,.T.);
#2712 = VERTEX_POINT('',#2713);
#2713 = CARTESIAN_POINT('',(25.3,5.,10.));
#2714 = CIRCLE('',#2715,2.);
#2715 = AXIS2_PLACEMENT_3D('',#2716,#2717,#2718);
#2716 = CARTESIAN_POINT('',(25.3,5.,8.));
#2717 = DIRECTION('',(-0.,1.,0.));
#2718 = DIRECTION('',(0.,0.,-1.));
#2719 = ORIENTED_EDGE('',*,*,#2720,.F.);
#2720 = EDGE_CURVE('',#2721,#2712,#2723,.T.);
#2721 = VERTEX_POINT('',#2722);
#2722 = CARTESIAN_POINT('',(22.3,5.,10.));
#2723 = LINE('',#2724,#2725);
#2724 = CARTESIAN_POINT('',(17.3,5.,10.));
#2725 = VECTOR('',#2726,1.);
#2726 = DIRECTION('',(1.,0.,0.));
#2727 = ORIENTED_EDGE('',*,*,#2728,.F.);
#2728 = EDGE_CURVE('',#1968,#2721,#2729,.T.);
#2729 = LINE('',#2730,#2731);
#2730 = CARTESIAN_POINT('',(17.3,5.,10.));
#2731 = VECTOR('',#2732,1.);
#2732 = DIRECTION('',(1.,0.,0.));
#2733 = ORIENTED_EDGE('',*,*,#1975,.F.);
#2734 = FACE_BOUND('',#2735,.F.);
#2735 = EDGE_LOOP('',(#2736,#2746,#2754,#2762,#2770,#2778));
#2736 = ORIENTED_EDGE('',*,*,#2737,.T.);
#2737 = EDGE_CURVE('',#2738,#2740,#2742,.T.);
#2738 = VERTEX_POINT('',#2739);
#2739 = CARTESIAN_POINT('',(20.699999999996,5.,2.228718707892));
#2740 = VERTEX_POINT('',#2741);
#2741 = CARTESIAN_POINT('',(19.1,5.,4.999999999984));
#2742 = LINE('',#2743,#2744);
#2743 = CARTESIAN_POINT('',(20.699999999996,5.,2.228718707892));
#2744 = VECTOR('',#2745,1.);
#2745 = DIRECTION('',(-0.500000000002,1.922962686382E-16,0.866025403784)
  );
#2746 = ORIENTED_EDGE('',*,*,#2747,.T.);
#2747 = EDGE_CURVE('',#2740,#2748,#2750,.T.);
#2748 = VERTEX_POINT('',#2749);
#2749 = CARTESIAN_POINT('',(20.699999999994,5.,7.771281292107));
#2750 = LINE('',#2751,#2752);
#2751 = CARTESIAN_POINT('',(19.1,5.,4.999999999984));
#2752 = VECTOR('',#2753,1.);
#2753 = DIRECTION('',(0.499999999997,1.922962686387E-16,0.866025403786)
  );
#2754 = ORIENTED_EDGE('',*,*,#2755,.T.);
#2755 = EDGE_CURVE('',#2748,#2756,#2758,.T.);
#2756 = VERTEX_POINT('',#2757);
#2757 = CARTESIAN_POINT('',(23.899999999981,5.,7.771281292121));
#2758 = LINE('',#2759,#2760);
#2759 = CARTESIAN_POINT('',(20.699999999994,5.,7.771281292107));
#2760 = VECTOR('',#2761,1.);
#2761 = DIRECTION('',(1.,1.014302560796E-27,4.56801263484E-12));
#2762 = ORIENTED_EDGE('',*,*,#2763,.T.);
#2763 = EDGE_CURVE('',#2756,#2764,#2766,.T.);
#2764 = VERTEX_POINT('',#2765);
#2765 = CARTESIAN_POINT('',(25.5,5.,5.000000000014));
#2766 = LINE('',#2767,#2768);
#2767 = CARTESIAN_POINT('',(23.899999999981,5.,7.771281292121));
#2768 = VECTOR('',#2769,1.);
#2769 = DIRECTION('',(0.500000000005,-1.922962686377E-16,-0.866025403782
    ));
#2770 = ORIENTED_EDGE('',*,*,#2771,.T.);
#2771 = EDGE_CURVE('',#2764,#2772,#2774,.T.);
#2772 = VERTEX_POINT('',#2773);
#2773 = CARTESIAN_POINT('',(23.900000000004,5.,2.228718707892));
#2774 = LINE('',#2775,#2776);
#2775 = CARTESIAN_POINT('',(25.5,5.,5.000000000014));
#2776 = VECTOR('',#2777,1.);
#2777 = DIRECTION('',(-0.499999999998,-1.922962686387E-16,
    -0.866025403786));
#2778 = ORIENTED_EDGE('',*,*,#2779,.T.);
#2779 = EDGE_CURVE('',#2772,#2738,#2780,.T.);
#2780 = LINE('',#2781,#2782);
#2781 = CARTESIAN_POINT('',(23.900000000004,5.,2.228718707892));
#2782 = VECTOR('',#2783,1.);
#2783 = DIRECTION('',(-1.,0.,0.));
#2784 = PLANE('',#2785);
#2785 = AXIS2_PLACEMENT_3D('',#2786,#2787,#2788);
#2786 = CARTESIAN_POINT('',(17.3,5.,0.));
#2787 = DIRECTION('',(0.,-1.,0.));
#2788 = DIRECTION('',(0.,0.,1.));
#2789 = ADVANCED_FACE('',(#2790),#2815,.F.);
#2790 = FACE_BOUND('',#2791,.F.);
#2791 = EDGE_LOOP('',(#2792,#2793,#2801,#2809));
#2792 = ORIENTED_EDGE('',*,*,#1399,.F.);
#2793 = ORIENTED_EDGE('',*,*,#2794,.T.);
#2794 = EDGE_CURVE('',#1400,#2795,#2797,.T.);
#2795 = VERTEX_POINT('',#2796);
#2796 = CARTESIAN_POINT('',(3.194348579586,11.,49.809902256464));
#2797 = LINE('',#2798,#2799);
#2798 = CARTESIAN_POINT('',(3.194348579586,1.203973750721E-14,
    49.809902256464));
#2799 = VECTOR('',#2800,1.);
#2800 = DIRECTION('',(0.,1.,-2.22044604925E-16));
#2801 = ORIENTED_EDGE('',*,*,#2802,.T.);
#2802 = EDGE_CURVE('',#2795,#2803,#2805,.T.);
#2803 = VERTEX_POINT('',#2804);
#2804 = CARTESIAN_POINT('',(1.761803764897,11.,52.671338146696));
#2805 = LINE('',#2806,#2807);
#2806 = CARTESIAN_POINT('',(3.194348579586,11.,49.809902256464));
#2807 = VECTOR('',#2808,1.);
#2808 = DIRECTION('',(-0.44767025459,1.985520005515E-16,0.894198715698)
  );
#2809 = ORIENTED_EDGE('',*,*,#2810,.F.);
#2810 = EDGE_CURVE('',#1402,#2803,#2811,.T.);
#2811 = LINE('',#2812,#2813);
#2812 = CARTESIAN_POINT('',(1.761803764897,1.267510390897E-14,
    52.671338146696));
#2813 = VECTOR('',#2814,1.);
#2814 = DIRECTION('',(0.,1.,-2.22044604925E-16));
#2815 = PLANE('',#2816);
#2816 = AXIS2_PLACEMENT_3D('',#2817,#2818,#2819);
#2817 = CARTESIAN_POINT('',(3.194348579586,1.203973750721E-14,
    49.809902256464));
#2818 = DIRECTION('',(0.894198715698,9.940276481716E-17,0.44767025459));
#2819 = DIRECTION('',(-0.44767025459,1.985520005515E-16,0.894198715698)
  );
#2820 = ADVANCED_FACE('',(#2821),#2839,.F.);
#2821 = FACE_BOUND('',#2822,.F.);
#2822 = EDGE_LOOP('',(#2823,#2824,#2832,#2838));
#2823 = ORIENTED_EDGE('',*,*,#1410,.F.);
#2824 = ORIENTED_EDGE('',*,*,#2825,.T.);
#2825 = EDGE_CURVE('',#1411,#2826,#2828,.T.);
#2826 = VERTEX_POINT('',#2827);
#2827 = CARTESIAN_POINT('',(1.432544814688,11.,47.138564109768));
#2828 = LINE('',#2829,#2830);
#2829 = CARTESIAN_POINT('',(1.432544814688,1.14465812838E-14,
    47.138564109768));
#2830 = VECTOR('',#2831,1.);
#2831 = DIRECTION('',(0.,1.,-2.22044604925E-16));
#2832 = ORIENTED_EDGE('',*,*,#2833,.T.);
#2833 = EDGE_CURVE('',#2826,#2795,#2834,.T.);
#2834 = LINE('',#2835,#2836);
#2835 = CARTESIAN_POINT('',(1.432544814688,11.,47.138564109768));
#2836 = VECTOR('',#2837,1.);
#2837 = DIRECTION('',(0.55056367653,1.853613198138E-16,0.834793170843));
#2838 = ORIENTED_EDGE('',*,*,#2794,.F.);
#2839 = PLANE('',#2840);
#2840 = AXIS2_PLACEMENT_3D('',#2841,#2842,#2843);
#2841 = CARTESIAN_POINT('',(1.432544814688,1.14465812838E-14,
    47.138564109768));
#2842 = DIRECTION('',(0.834793170843,-1.222496940413E-16,-0.55056367653)
  );
#2843 = DIRECTION('',(0.55056367653,1.853613198138E-16,0.834793170843));
#2844 = ADVANCED_FACE('',(#2845),#2863,.F.);
#2845 = FACE_BOUND('',#2846,.F.);
#2846 = EDGE_LOOP('',(#2847,#2848,#2849,#2857));
#2847 = ORIENTED_EDGE('',*,*,#1446,.F.);
#2848 = ORIENTED_EDGE('',*,*,#2810,.T.);
#2849 = ORIENTED_EDGE('',*,*,#2850,.T.);
#2850 = EDGE_CURVE('',#2803,#2851,#2853,.T.);
#2851 = VERTEX_POINT('',#2852);
#2852 = CARTESIAN_POINT('',(-1.432544814688,11.,52.861435890232));
#2853 = LINE('',#2854,#2855);
#2854 = CARTESIAN_POINT('',(1.761803764897,11.,52.671338146696));
#2855 = VECTOR('',#2856,1.);
#2856 = DIRECTION('',(-0.998233931121,1.31906807377E-17,
    5.940554485507E-02));
#2857 = ORIENTED_EDGE('',*,*,#2858,.F.);
#2858 = EDGE_CURVE('',#1438,#2851,#2859,.T.);
#2859 = LINE('',#2860,#2861);
#2860 = CARTESIAN_POINT('',(-1.432544814688,1.271731408733E-14,
    52.861435890232));
#2861 = VECTOR('',#2862,1.);
#2862 = DIRECTION('',(0.,1.,-2.22044604925E-16));
#2863 = PLANE('',#2864);
#2864 = AXIS2_PLACEMENT_3D('',#2865,#2866,#2867);
#2865 = CARTESIAN_POINT('',(1.761803764897,1.267510390897E-14,
    52.671338146696));
#2866 = DIRECTION('',(5.940554485507E-02,2.216524588584E-16,
    0.998233931121));
#2867 = DIRECTION('',(-0.998233931121,1.31906807377E-17,
    5.940554485507E-02));
#2868 = ADVANCED_FACE('',(#2869),#2887,.F.);
#2869 = FACE_BOUND('',#2870,.F.);
#2870 = EDGE_LOOP('',(#2871,#2872,#2880,#2886));
#2871 = ORIENTED_EDGE('',*,*,#1419,.F.);
#2872 = ORIENTED_EDGE('',*,*,#2873,.T.);
#2873 = EDGE_CURVE('',#1420,#2874,#2876,.T.);
#2874 = VERTEX_POINT('',#2875);
#2875 = CARTESIAN_POINT('',(-1.761803764897,11.,47.328661853304));
#2876 = LINE('',#2877,#2878);
#2877 = CARTESIAN_POINT('',(-1.761803764897,1.148879146217E-14,
    47.328661853304));
#2878 = VECTOR('',#2879,1.);
#2879 = DIRECTION('',(0.,1.,-2.22044604925E-16));
#2880 = ORIENTED_EDGE('',*,*,#2881,.T.);
#2881 = EDGE_CURVE('',#2874,#2826,#2882,.T.);
#2882 = LINE('',#2883,#2884);
#2883 = CARTESIAN_POINT('',(-1.761803764897,11.,47.328661853304));
#2884 = VECTOR('',#2885,1.);
#2885 = DIRECTION('',(0.998233931121,-1.31906807377E-17,
    -5.940554485507E-02));
#2886 = ORIENTED_EDGE('',*,*,#2825,.F.);
#2887 = PLANE('',#2888);
#2888 = AXIS2_PLACEMENT_3D('',#2889,#2890,#2891);
#2889 = CARTESIAN_POINT('',(-1.761803764897,1.148879146217E-14,
    47.328661853304));
#2890 = DIRECTION('',(-5.940554485507E-02,-2.216524588584E-16,
    -0.998233931121));
#2891 = DIRECTION('',(0.998233931121,-1.31906807377E-17,
    -5.940554485507E-02));
#2892 = ADVANCED_FACE('',(#2893),#2911,.F.);
#2893 = FACE_BOUND('',#2894,.F.);
#2894 = EDGE_LOOP('',(#2895,#2896,#2897,#2905));
#2895 = ORIENTED_EDGE('',*,*,#1437,.F.);
#2896 = ORIENTED_EDGE('',*,*,#2858,.T.);
#2897 = ORIENTED_EDGE('',*,*,#2898,.T.);
#2898 = EDGE_CURVE('',#2851,#2899,#2901,.T.);
#2899 = VERTEX_POINT('',#2900);
#2900 = CARTESIAN_POINT('',(-3.194348579586,11.,50.190097743536));
#2901 = LINE('',#2902,#2903);
#2902 = CARTESIAN_POINT('',(-1.432544814688,11.,52.861435890232));
#2903 = VECTOR('',#2904,1.);
#2904 = DIRECTION('',(-0.55056367653,-1.853613198138E-16,-0.834793170843
    ));
#2905 = ORIENTED_EDGE('',*,*,#2906,.F.);
#2906 = EDGE_CURVE('',#1429,#2899,#2907,.T.);
#2907 = LINE('',#2908,#2909);
#2908 = CARTESIAN_POINT('',(-3.194348579586,1.212415786393E-14,
    50.190097743536));
#2909 = VECTOR('',#2910,1.);
#2910 = DIRECTION('',(0.,1.,-2.22044604925E-16));
#2911 = PLANE('',#2912);
#2912 = AXIS2_PLACEMENT_3D('',#2913,#2914,#2915);
#2913 = CARTESIAN_POINT('',(-1.432544814688,1.271731408733E-14,
    52.861435890232));
#2914 = DIRECTION('',(-0.834793170843,1.222496940413E-16,0.55056367653)
  );
#2915 = DIRECTION('',(-0.55056367653,-1.853613198138E-16,-0.834793170843
    ));
#2916 = ADVANCED_FACE('',(#2917),#2928,.F.);
#2917 = FACE_BOUND('',#2918,.F.);
#2918 = EDGE_LOOP('',(#2919,#2920,#2921,#2927));
#2919 = ORIENTED_EDGE('',*,*,#1428,.F.);
#2920 = ORIENTED_EDGE('',*,*,#2906,.T.);
#2921 = ORIENTED_EDGE('',*,*,#2922,.T.);
#2922 = EDGE_CURVE('',#2899,#2874,#2923,.T.);
#2923 = LINE('',#2924,#2925);
#2924 = CARTESIAN_POINT('',(-3.194348579586,11.,50.190097743536));
#2925 = VECTOR('',#2926,1.);
#2926 = DIRECTION('',(0.44767025459,-1.985520005515E-16,-0.894198715698)
  );
#2927 = ORIENTED_EDGE('',*,*,#2873,.F.);
#2928 = PLANE('',#2929);
#2929 = AXIS2_PLACEMENT_3D('',#2930,#2931,#2932);
#2930 = CARTESIAN_POINT('',(-3.194348579586,1.212415786393E-14,
    50.190097743536));
#2931 = DIRECTION('',(-0.894198715698,-9.940276481716E-17,-0.44767025459
    ));
#2932 = DIRECTION('',(0.44767025459,-1.985520005515E-16,-0.894198715698)
  );
#2933 = ADVANCED_FACE('',(#2934),#2953,.T.);
#2934 = FACE_BOUND('',#2935,.F.);
#2935 = EDGE_LOOP('',(#2936,#2945,#2951,#2952));
#2936 = ORIENTED_EDGE('',*,*,#2937,.T.);
#2937 = EDGE_CURVE('',#1570,#2938,#2940,.T.);
#2938 = VERTEX_POINT('',#2939);
#2939 = CARTESIAN_POINT('',(27.3,5.,98.));
#2940 = CIRCLE('',#2941,2.);
#2941 = AXIS2_PLACEMENT_3D('',#2942,#2943,#2944);
#2942 = CARTESIAN_POINT('',(25.3,5.,98.));
#2943 = DIRECTION('',(-0.,1.,0.));
#2944 = DIRECTION('',(0.,0.,-1.));
#2945 = ORIENTED_EDGE('',*,*,#2946,.T.);
#2946 = EDGE_CURVE('',#2938,#2600,#2947,.T.);
#2947 = LINE('',#2948,#2949);
#2948 = CARTESIAN_POINT('',(27.3,5.,98.));
#2949 = VECTOR('',#2950,1.);
#2950 = DIRECTION('',(0.,-1.,0.));
#2951 = ORIENTED_EDGE('',*,*,#2607,.F.);
#2952 = ORIENTED_EDGE('',*,*,#1569,.F.);
#2953 = CYLINDRICAL_SURFACE('',#2954,2.);
#2954 = AXIS2_PLACEMENT_3D('',#2955,#2956,#2957);
#2955 = CARTESIAN_POINT('',(25.3,5.,98.));
#2956 = DIRECTION('',(0.,-1.,0.));
#2957 = DIRECTION('',(0.,0.,1.));
#2958 = ADVANCED_FACE('',(#2959,#2995),#3045,.F.);
#2959 = FACE_BOUND('',#2960,.F.);
#2960 = EDGE_LOOP('',(#2961,#2969,#2977,#2986,#2992,#2993,#2994));
#2961 = ORIENTED_EDGE('',*,*,#2962,.T.);
#2962 = EDGE_CURVE('',#2023,#2963,#2965,.T.);
#2963 = VERTEX_POINT('',#2964);
#2964 = CARTESIAN_POINT('',(22.3,5.,90.));
#2965 = LINE('',#2966,#2967);
#2966 = CARTESIAN_POINT('',(17.3,5.,90.));
#2967 = VECTOR('',#2968,1.);
#2968 = DIRECTION('',(1.,0.,0.));
#2969 = ORIENTED_EDGE('',*,*,#2970,.T.);
#2970 = EDGE_CURVE('',#2963,#2971,#2973,.T.);
#2971 = VERTEX_POINT('',#2972);
#2972 = CARTESIAN_POINT('',(25.3,5.,90.));
#2973 = LINE('',#2974,#2975);
#2974 = CARTESIAN_POINT('',(17.3,5.,90.));
#2975 = VECTOR('',#2976,1.);
#2976 = DIRECTION('',(1.,0.,0.));
#2977 = ORIENTED_EDGE('',*,*,#2978,.T.);
#2978 = EDGE_CURVE('',#2971,#2979,#2981,.T.);
#2979 = VERTEX_POINT('',#2980);
#2980 = CARTESIAN_POINT('',(27.3,5.,92.));
#2981 = CIRCLE('',#2982,2.);
#2982 = AXIS2_PLACEMENT_3D('',#2983,#2984,#2985);
#2983 = CARTESIAN_POINT('',(25.3,5.,92.));
#2984 = DIRECTION('',(0.,-1.,0.));
#2985 = DIRECTION('',(0.,0.,1.));
#2986 = ORIENTED_EDGE('',*,*,#2987,.T.);
#2987 = EDGE_CURVE('',#2979,#2938,#2988,.T.);
#2988 = LINE('',#2989,#2990);
#2989 = CARTESIAN_POINT('',(27.3,5.,90.));
#2990 = VECTOR('',#2991,1.);
#2991 = DIRECTION('',(0.,0.,1.));
#2992 = ORIENTED_EDGE('',*,*,#2937,.F.);
#2993 = ORIENTED_EDGE('',*,*,#1577,.F.);
#2994 = ORIENTED_EDGE('',*,*,#2032,.F.);
#2995 = FACE_BOUND('',#2996,.F.);
#2996 = EDGE_LOOP('',(#2997,#3007,#3015,#3023,#3031,#3039));
#2997 = ORIENTED_EDGE('',*,*,#2998,.T.);
#2998 = EDGE_CURVE('',#2999,#3001,#3003,.T.);
#2999 = VERTEX_POINT('',#3000);
#3000 = CARTESIAN_POINT('',(20.699999999996,5.,92.228718707892));
#3001 = VERTEX_POINT('',#3002);
#3002 = CARTESIAN_POINT('',(19.1,5.,94.999999999984));
#3003 = LINE('',#3004,#3005);
#3004 = CARTESIAN_POINT('',(20.699999999996,5.,92.228718707892));
#3005 = VECTOR('',#3006,1.);
#3006 = DIRECTION('',(-0.500000000002,1.922962686382E-16,0.866025403784)
  );
#3007 = ORIENTED_EDGE('',*,*,#3008,.T.);
#3008 = EDGE_CURVE('',#3001,#3009,#3011,.T.);
#3009 = VERTEX_POINT('',#3010);
#3010 = CARTESIAN_POINT('',(20.699999999994,5.,97.771281292107));
#3011 = LINE('',#3012,#3013);
#3012 = CARTESIAN_POINT('',(19.1,5.,94.999999999984));
#3013 = VECTOR('',#3014,1.);
#3014 = DIRECTION('',(0.499999999997,1.922962686387E-16,0.866025403786)
  );
#3015 = ORIENTED_EDGE('',*,*,#3016,.T.);
#3016 = EDGE_CURVE('',#3009,#3017,#3019,.T.);
#3017 = VERTEX_POINT('',#3018);
#3018 = CARTESIAN_POINT('',(23.899999999981,5.,97.771281292121));
#3019 = LINE('',#3020,#3021);
#3020 = CARTESIAN_POINT('',(20.699999999994,5.,97.771281292107));
#3021 = VECTOR('',#3022,1.);
#3022 = DIRECTION('',(1.,1.014672339345E-27,4.569677969377E-12));
#3023 = ORIENTED_EDGE('',*,*,#3024,.T.);
#3024 = EDGE_CURVE('',#3017,#3025,#3027,.T.);
#3025 = VERTEX_POINT('',#3026);
#3026 = CARTESIAN_POINT('',(25.5,5.,95.000000000014));
#3027 = LINE('',#3028,#3029);
#3028 = CARTESIAN_POINT('',(23.899999999981,5.,97.771281292121));
#3029 = VECTOR('',#3030,1.);
#3030 = DIRECTION('',(0.500000000005,-1.922962686377E-16,-0.866025403782
    ));
#3031 = ORIENTED_EDGE('',*,*,#3032,.T.);
#3032 = EDGE_CURVE('',#3025,#3033,#3035,.T.);
#3033 = VERTEX_POINT('',#3034);
#3034 = CARTESIAN_POINT('',(23.900000000004,5.,92.228718707892));
#3035 = LINE('',#3036,#3037);
#3036 = CARTESIAN_POINT('',(25.5,5.,95.000000000014));
#3037 = VECTOR('',#3038,1.);
#3038 = DIRECTION('',(-0.499999999998,-1.922962686387E-16,
    -0.866025403786));
#3039 = ORIENTED_EDGE('',*,*,#3040,.T.);
#3040 = EDGE_CURVE('',#3033,#2999,#3041,.T.);
#3041 = LINE('',#3042,#3043);
#3042 = CARTESIAN_POINT('',(23.900000000004,5.,92.228718707892));
#3043 = VECTOR('',#3044,1.);
#3044 = DIRECTION('',(-1.,0.,0.));
#3045 = PLANE('',#3046);
#3046 = AXIS2_PLACEMENT_3D('',#3047,#3048,#3049);
#3047 = CARTESIAN_POINT('',(17.3,5.,90.));
#3048 = DIRECTION('',(0.,-1.,0.));
#3049 = DIRECTION('',(0.,0.,1.));
#3050 = ADVANCED_FACE('',(#3051,#3065),#3115,.F.);
#3051 = FACE_BOUND('',#3052,.F.);
#3052 = EDGE_LOOP('',(#3053,#3054,#3055,#3056,#3057,#3058,#3064));
#3053 = ORIENTED_EDGE('',*,*,#1600,.T.);
#3054 = ORIENTED_EDGE('',*,*,#1633,.T.);
#3055 = ORIENTED_EDGE('',*,*,#1649,.T.);
#3056 = ORIENTED_EDGE('',*,*,#1673,.T.);
#3057 = ORIENTED_EDGE('',*,*,#1706,.F.);
#3058 = ORIENTED_EDGE('',*,*,#3059,.F.);
#3059 = EDGE_CURVE('',#1942,#1699,#3060,.T.);
#3060 = LINE('',#3061,#3062);
#3061 = CARTESIAN_POINT('',(-17.3,5.,90.));
#3062 = VECTOR('',#3063,1.);
#3063 = DIRECTION('',(-1.,0.,0.));
#3064 = ORIENTED_EDGE('',*,*,#1951,.F.);
#3065 = FACE_BOUND('',#3066,.F.);
#3066 = EDGE_LOOP('',(#3067,#3077,#3085,#3093,#3101,#3109));
#3067 = ORIENTED_EDGE('',*,*,#3068,.F.);
#3068 = EDGE_CURVE('',#3069,#3071,#3073,.T.);
#3069 = VERTEX_POINT('',#3070);
#3070 = CARTESIAN_POINT('',(-19.1,5.,94.999999999984));
#3071 = VERTEX_POINT('',#3072);
#3072 = CARTESIAN_POINT('',(-20.69999999999,5.,97.771281292107));
#3073 = LINE('',#3074,#3075);
#3074 = CARTESIAN_POINT('',(-19.1,5.,94.999999999984));
#3075 = VECTOR('',#3076,1.);
#3076 = DIRECTION('',(-0.499999999997,1.922962686387E-16,0.866025403786)
  );
#3077 = ORIENTED_EDGE('',*,*,#3078,.F.);
#3078 = EDGE_CURVE('',#3079,#3069,#3081,.T.);
#3079 = VERTEX_POINT('',#3080);
#3080 = CARTESIAN_POINT('',(-20.69999999999,5.,92.228718707892));
#3081 = LINE('',#3082,#3083);
#3082 = CARTESIAN_POINT('',(-20.69999999999,5.,92.228718707892));
#3083 = VECTOR('',#3084,1.);
#3084 = DIRECTION('',(0.500000000002,1.922962686382E-16,0.866025403784)
  );
#3085 = ORIENTED_EDGE('',*,*,#3086,.F.);
#3086 = EDGE_CURVE('',#3087,#3079,#3089,.T.);
#3087 = VERTEX_POINT('',#3088);
#3088 = CARTESIAN_POINT('',(-23.9,5.,92.228718707892));
#3089 = LINE('',#3090,#3091);
#3090 = CARTESIAN_POINT('',(-23.9,5.,92.228718707892));
#3091 = VECTOR('',#3092,1.);
#3092 = DIRECTION('',(1.,0.,0.));
#3093 = ORIENTED_EDGE('',*,*,#3094,.F.);
#3094 = EDGE_CURVE('',#3095,#3087,#3097,.T.);
#3095 = VERTEX_POINT('',#3096);
#3096 = CARTESIAN_POINT('',(-25.5,5.,95.000000000014));
#3097 = LINE('',#3098,#3099);
#3098 = CARTESIAN_POINT('',(-25.5,5.,95.000000000014));
#3099 = VECTOR('',#3100,1.);
#3100 = DIRECTION('',(0.499999999998,-1.922962686387E-16,-0.866025403786
    ));
#3101 = ORIENTED_EDGE('',*,*,#3102,.F.);
#3102 = EDGE_CURVE('',#3103,#3095,#3105,.T.);
#3103 = VERTEX_POINT('',#3104);
#3104 = CARTESIAN_POINT('',(-23.89999999998,5.,97.771281292121));
#3105 = LINE('',#3106,#3107);
#3106 = CARTESIAN_POINT('',(-23.89999999998,5.,97.771281292121));
#3107 = VECTOR('',#3108,1.);
#3108 = DIRECTION('',(-0.500000000005,-1.922962686377E-16,
    -0.866025403782));
#3109 = ORIENTED_EDGE('',*,*,#3110,.F.);
#3110 = EDGE_CURVE('',#3071,#3103,#3111,.T.);
#3111 = LINE('',#3112,#3113);
#3112 = CARTESIAN_POINT('',(-20.69999999999,5.,97.771281292107));
#3113 = VECTOR('',#3114,1.);
#3114 = DIRECTION('',(-1.,1.014672339345E-27,4.569677969377E-12));
#3115 = PLANE('',#3116);
#3116 = AXIS2_PLACEMENT_3D('',#3117,#3118,#3119);
#3117 = CARTESIAN_POINT('',(-17.3,5.,100.));
#3118 = DIRECTION('',(-0.,-1.,-0.));
#3119 = DIRECTION('',(0.,0.,-1.));
#3120 = ADVANCED_FACE('',(#3121),#3127,.F.);
#3121 = FACE_BOUND('',#3122,.F.);
#3122 = EDGE_LOOP('',(#3123,#3124,#3125,#3126));
#3123 = ORIENTED_EDGE('',*,*,#1722,.T.);
#3124 = ORIENTED_EDGE('',*,*,#1923,.T.);
#3125 = ORIENTED_EDGE('',*,*,#1941,.F.);
#3126 = ORIENTED_EDGE('',*,*,#3059,.T.);
#3127 = PLANE('',#3128);
#3128 = AXIS2_PLACEMENT_3D('',#3129,#3130,#3131);
#3129 = CARTESIAN_POINT('',(-17.3,0.,90.));
#3130 = DIRECTION('',(0.,0.,-1.));
#3131 = DIRECTION('',(0.,1.,0.));
#3132 = ADVANCED_FACE('',(#3133,#3141),#3144,.T.);
#3133 = FACE_BOUND('',#3134,.T.);
#3134 = EDGE_LOOP('',(#3135,#3136,#3137,#3138,#3139,#3140));
#3135 = ORIENTED_EDGE('',*,*,#2321,.F.);
#3136 = ORIENTED_EDGE('',*,*,#2441,.F.);
#3137 = ORIENTED_EDGE('',*,*,#2417,.F.);
#3138 = ORIENTED_EDGE('',*,*,#2393,.F.);
#3139 = ORIENTED_EDGE('',*,*,#2369,.F.);
#3140 = ORIENTED_EDGE('',*,*,#2345,.F.);
#3141 = FACE_BOUND('',#3142,.T.);
#3142 = EDGE_LOOP('',(#3143));
#3143 = ORIENTED_EDGE('',*,*,#1848,.F.);
#3144 = PLANE('',#3145);
#3145 = AXIS2_PLACEMENT_3D('',#3146,#3147,#3148);
#3146 = CARTESIAN_POINT('',(-5.284892893679E-13,3.8,50.));
#3147 = DIRECTION('',(0.,1.,0.));
#3148 = DIRECTION('',(0.,0.,1.));
#3149 = ADVANCED_FACE('',(#3150,#3200),#3203,.T.);
#3150 = FACE_BOUND('',#3151,.T.);
#3151 = EDGE_LOOP('',(#3152,#3162,#3170,#3178,#3186,#3194));
#3152 = ORIENTED_EDGE('',*,*,#3153,.F.);
#3153 = EDGE_CURVE('',#3154,#3156,#3158,.T.);
#3154 = VERTEX_POINT('',#3155);
#3155 = CARTESIAN_POINT('',(-19.1,3.8,94.999999999984));
#3156 = VERTEX_POINT('',#3157);
#3157 = CARTESIAN_POINT('',(-20.69999999999,3.8,97.771281292107));
#3158 = LINE('',#3159,#3160);
#3159 = CARTESIAN_POINT('',(-19.1,3.8,94.999999999984));
#3160 = VECTOR('',#3161,1.);
#3161 = DIRECTION('',(-0.499999999997,1.922962686387E-16,0.866025403786)
  );
#3162 = ORIENTED_EDGE('',*,*,#3163,.F.);
#3163 = EDGE_CURVE('',#3164,#3154,#3166,.T.);
#3164 = VERTEX_POINT('',#3165);
#3165 = CARTESIAN_POINT('',(-20.69999999999,3.8,92.228718707892));
#3166 = LINE('',#3167,#3168);
#3167 = CARTESIAN_POINT('',(-20.69999999999,3.8,92.228718707892));
#3168 = VECTOR('',#3169,1.);
#3169 = DIRECTION('',(0.500000000002,1.922962686382E-16,0.866025403784)
  );
#3170 = ORIENTED_EDGE('',*,*,#3171,.F.);
#3171 = EDGE_CURVE('',#3172,#3164,#3174,.T.);
#3172 = VERTEX_POINT('',#3173);
#3173 = CARTESIAN_POINT('',(-23.9,3.8,92.228718707892));
#3174 = LINE('',#3175,#3176);
#3175 = CARTESIAN_POINT('',(-23.9,3.8,92.228718707892));
#3176 = VECTOR('',#3177,1.);
#3177 = DIRECTION('',(1.,0.,0.));
#3178 = ORIENTED_EDGE('',*,*,#3179,.F.);
#3179 = EDGE_CURVE('',#3180,#3172,#3182,.T.);
#3180 = VERTEX_POINT('',#3181);
#3181 = CARTESIAN_POINT('',(-25.5,3.8,95.000000000014));
#3182 = LINE('',#3183,#3184);
#3183 = CARTESIAN_POINT('',(-25.5,3.8,95.000000000014));
#3184 = VECTOR('',#3185,1.);
#3185 = DIRECTION('',(0.499999999998,-1.922962686387E-16,-0.866025403786
    ));
#3186 = ORIENTED_EDGE('',*,*,#3187,.F.);
#3187 = EDGE_CURVE('',#3188,#3180,#3190,.T.);
#3188 = VERTEX_POINT('',#3189);
#3189 = CARTESIAN_POINT('',(-23.89999999998,3.8,97.771281292121));
#3190 = LINE('',#3191,#3192);
#3191 = CARTESIAN_POINT('',(-23.89999999998,3.8,97.771281292121));
#3192 = VECTOR('',#3193,1.);
#3193 = DIRECTION('',(-0.500000000005,-1.922962686377E-16,
    -0.866025403782));
#3194 = ORIENTED_EDGE('',*,*,#3195,.F.);
#3195 = EDGE_CURVE('',#3156,#3188,#3196,.T.);
#3196 = LINE('',#3197,#3198);
#3197 = CARTESIAN_POINT('',(-20.69999999999,3.8,97.771281292107));
#3198 = VECTOR('',#3199,1.);
#3199 = DIRECTION('',(-1.,1.014672339345E-27,4.569677969377E-12));
#3200 = FACE_BOUND('',#3201,.T.);
#3201 = EDGE_LOOP('',(#3202));
#3202 = ORIENTED_EDGE('',*,*,#1873,.F.);
#3203 = PLANE('',#3204);
#3204 = AXIS2_PLACEMENT_3D('',#3205,#3206,#3207);
#3205 = CARTESIAN_POINT('',(-5.284892893679E-13,3.8,50.));
#3206 = DIRECTION('',(0.,1.,0.));
#3207 = DIRECTION('',(0.,0.,1.));
#3208 = ADVANCED_FACE('',(#3209,#3217),#3220,.T.);
#3209 = FACE_BOUND('',#3210,.T.);
#3210 = EDGE_LOOP('',(#3211,#3212,#3213,#3214,#3215,#3216));
#3211 = ORIENTED_EDGE('',*,*,#2225,.T.);
#3212 = ORIENTED_EDGE('',*,*,#2273,.T.);
#3213 = ORIENTED_EDGE('',*,*,#2297,.T.);
#3214 = ORIENTED_EDGE('',*,*,#2256,.T.);
#3215 = ORIENTED_EDGE('',*,*,#2208,.T.);
#3216 = ORIENTED_EDGE('',*,*,#2177,.T.);
#3217 = FACE_BOUND('',#3218,.T.);
#3218 = EDGE_LOOP('',(#3219));
#3219 = ORIENTED_EDGE('',*,*,#1898,.F.);
#3220 = PLANE('',#3221);
#3221 = AXIS2_PLACEMENT_3D('',#3222,#3223,#3224);
#3222 = CARTESIAN_POINT('',(-5.284892893679E-13,3.8,50.));
#3223 = DIRECTION('',(0.,1.,0.));
#3224 = DIRECTION('',(0.,0.,1.));
#3225 = ADVANCED_FACE('',(#3226),#3237,.F.);
#3226 = FACE_BOUND('',#3227,.F.);
#3227 = EDGE_LOOP('',(#3228,#3234,#3235,#3236));
#3228 = ORIENTED_EDGE('',*,*,#3229,.T.);
#3229 = EDGE_CURVE('',#2721,#1990,#3230,.T.);
#3230 = LINE('',#3231,#3232);
#3231 = CARTESIAN_POINT('',(22.3,0.,10.));
#3232 = VECTOR('',#3233,1.);
#3233 = DIRECTION('',(0.,1.,0.));
#3234 = ORIENTED_EDGE('',*,*,#1989,.T.);
#3235 = ORIENTED_EDGE('',*,*,#1967,.F.);
#3236 = ORIENTED_EDGE('',*,*,#2728,.T.);
#3237 = PLANE('',#3238);
#3238 = AXIS2_PLACEMENT_3D('',#3239,#3240,#3241);
#3239 = CARTESIAN_POINT('',(17.3,0.,10.));
#3240 = DIRECTION('',(0.,0.,1.));
#3241 = DIRECTION('',(0.,1.,0.));
#3242 = ADVANCED_FACE('',(#3243),#3276,.T.);
#3243 = FACE_BOUND('',#3244,.T.);
#3244 = EDGE_LOOP('',(#3245,#3253,#3261,#3267,#3268,#3274,#3275));
#3245 = ORIENTED_EDGE('',*,*,#3246,.T.);
#3246 = EDGE_CURVE('',#2000,#3247,#3249,.T.);
#3247 = VERTEX_POINT('',#3248);
#3248 = CARTESIAN_POINT('',(22.3,5.,28.5));
#3249 = LINE('',#3250,#3251);
#3250 = CARTESIAN_POINT('',(22.3,17.5,28.5));
#3251 = VECTOR('',#3252,1.);
#3252 = DIRECTION('',(0.,-1.,0.));
#3253 = ORIENTED_EDGE('',*,*,#3254,.T.);
#3254 = EDGE_CURVE('',#3247,#3255,#3257,.T.);
#3255 = VERTEX_POINT('',#3256);
#3256 = CARTESIAN_POINT('',(22.3,5.,28.48902697423));
#3257 = LINE('',#3258,#3259);
#3258 = CARTESIAN_POINT('',(22.3,5.,44.244513487115));
#3259 = VECTOR('',#3260,1.);
#3260 = DIRECTION('',(0.,0.,-1.));
#3261 = ORIENTED_EDGE('',*,*,#3262,.T.);
#3262 = EDGE_CURVE('',#3255,#2493,#3263,.T.);
#3263 = LINE('',#3264,#3265);
#3264 = CARTESIAN_POINT('',(22.3,6.875,28.48902697423));
#3265 = VECTOR('',#3266,1.);
#3266 = DIRECTION('',(0.,-1.,0.));
#3267 = ORIENTED_EDGE('',*,*,#2492,.T.);
#3268 = ORIENTED_EDGE('',*,*,#3269,.T.);
#3269 = EDGE_CURVE('',#2485,#2721,#3270,.T.);
#3270 = LINE('',#3271,#3272);
#3271 = CARTESIAN_POINT('',(22.3,0.,10.));
#3272 = VECTOR('',#3273,1.);
#3273 = DIRECTION('',(0.,1.,0.));
#3274 = ORIENTED_EDGE('',*,*,#3229,.T.);
#3275 = ORIENTED_EDGE('',*,*,#2008,.T.);
#3276 = PLANE('',#3277);
#3277 = AXIS2_PLACEMENT_3D('',#3278,#3279,#3280);
#3278 = CARTESIAN_POINT('',(22.3,8.75,50.));
#3279 = DIRECTION('',(1.,0.,0.));
#3280 = DIRECTION('',(0.,0.,1.));
#3281 = ADVANCED_FACE('',(#3282),#3293,.F.);
#3282 = FACE_BOUND('',#3283,.F.);
#3283 = EDGE_LOOP('',(#3284,#3285,#3291,#3292));
#3284 = ORIENTED_EDGE('',*,*,#3246,.T.);
#3285 = ORIENTED_EDGE('',*,*,#3286,.T.);
#3286 = EDGE_CURVE('',#3247,#2047,#3287,.T.);
#3287 = LINE('',#3288,#3289);
#3288 = CARTESIAN_POINT('',(17.3,5.,28.5));
#3289 = VECTOR('',#3290,1.);
#3290 = DIRECTION('',(-1.,0.,0.));
#3291 = ORIENTED_EDGE('',*,*,#2046,.F.);
#3292 = ORIENTED_EDGE('',*,*,#1999,.F.);
#3293 = PLANE('',#3294);
#3294 = AXIS2_PLACEMENT_3D('',#3295,#3296,#3297);
#3295 = CARTESIAN_POINT('',(17.3,17.5,28.5));
#3296 = DIRECTION('',(0.,0.,-1.));
#3297 = DIRECTION('',(0.,-1.,0.));
#3298 = ADVANCED_FACE('',(#3299),#3310,.F.);
#3299 = FACE_BOUND('',#3300,.F.);
#3300 = EDGE_LOOP('',(#3301,#3307,#3308,#3309));
#3301 = ORIENTED_EDGE('',*,*,#3302,.T.);
#3302 = EDGE_CURVE('',#2105,#2963,#3303,.T.);
#3303 = LINE('',#3304,#3305);
#3304 = CARTESIAN_POINT('',(22.3,17.5,90.));
#3305 = VECTOR('',#3306,1.);
#3306 = DIRECTION('',(0.,-1.,0.));
#3307 = ORIENTED_EDGE('',*,*,#2962,.F.);
#3308 = ORIENTED_EDGE('',*,*,#2022,.F.);
#3309 = ORIENTED_EDGE('',*,*,#2104,.F.);
#3310 = PLANE('',#3311);
#3311 = AXIS2_PLACEMENT_3D('',#3312,#3313,#3314);
#3312 = CARTESIAN_POINT('',(17.3,17.5,90.));
#3313 = DIRECTION('',(0.,0.,-1.));
#3314 = DIRECTION('',(0.,-1.,0.));
#3315 = ADVANCED_FACE('',(#3316,#3352),#3402,.T.);
#3316 = FACE_BOUND('',#3317,.T.);
#3317 = EDGE_LOOP('',(#3318,#3328,#3337,#3343,#3344,#3345,#3346));
#3318 = ORIENTED_EDGE('',*,*,#3319,.T.);
#3319 = EDGE_CURVE('',#3320,#3322,#3324,.T.);
#3320 = VERTEX_POINT('',#3321);
#3321 = CARTESIAN_POINT('',(27.3,5.,38.48902697423));
#3322 = VERTEX_POINT('',#3323);
#3323 = CARTESIAN_POINT('',(27.3,5.,30.48902697423));
#3324 = LINE('',#3325,#3326);
#3325 = CARTESIAN_POINT('',(27.3,5.,38.48902697423));
#3326 = VECTOR('',#3327,1.);
#3327 = DIRECTION('',(0.,0.,-1.));
#3328 = ORIENTED_EDGE('',*,*,#3329,.F.);
#3329 = EDGE_CURVE('',#3330,#3322,#3332,.T.);
#3330 = VERTEX_POINT('',#3331);
#3331 = CARTESIAN_POINT('',(25.3,5.,28.48902697423));
#3332 = CIRCLE('',#3333,2.);
#3333 = AXIS2_PLACEMENT_3D('',#3334,#3335,#3336);
#3334 = CARTESIAN_POINT('',(25.3,5.,30.48902697423));
#3335 = DIRECTION('',(0.,-1.,0.));
#3336 = DIRECTION('',(0.,0.,-1.));
#3337 = ORIENTED_EDGE('',*,*,#3338,.F.);
#3338 = EDGE_CURVE('',#3255,#3330,#3339,.T.);
#3339 = LINE('',#3340,#3341);
#3340 = CARTESIAN_POINT('',(17.3,5.,28.48902697423));
#3341 = VECTOR('',#3342,1.);
#3342 = DIRECTION('',(1.,0.,0.));
#3343 = ORIENTED_EDGE('',*,*,#3254,.F.);
#3344 = ORIENTED_EDGE('',*,*,#3286,.T.);
#3345 = ORIENTED_EDGE('',*,*,#2080,.F.);
#3346 = ORIENTED_EDGE('',*,*,#3347,.T.);
#3347 = EDGE_CURVE('',#2072,#3320,#3348,.T.);
#3348 = LINE('',#3349,#3350);
#3349 = CARTESIAN_POINT('',(17.3,5.,38.48902697423));
#3350 = VECTOR('',#3351,1.);
#3351 = DIRECTION('',(1.,0.,0.));
#3352 = FACE_BOUND('',#3353,.T.);
#3353 = EDGE_LOOP('',(#3354,#3364,#3372,#3380,#3388,#3396));
#3354 = ORIENTED_EDGE('',*,*,#3355,.F.);
#3355 = EDGE_CURVE('',#3356,#3358,#3360,.T.);
#3356 = VERTEX_POINT('',#3357);
#3357 = CARTESIAN_POINT('',(19.1,5.,33.499999999984));
#3358 = VERTEX_POINT('',#3359);
#3359 = CARTESIAN_POINT('',(20.699999999994,5.,36.271281292107));
#3360 = LINE('',#3361,#3362);
#3361 = CARTESIAN_POINT('',(19.1,5.,33.499999999984));
#3362 = VECTOR('',#3363,1.);
#3363 = DIRECTION('',(0.499999999997,1.922962686387E-16,0.866025403786)
  );
#3364 = ORIENTED_EDGE('',*,*,#3365,.F.);
#3365 = EDGE_CURVE('',#3366,#3356,#3368,.T.);
#3366 = VERTEX_POINT('',#3367);
#3367 = CARTESIAN_POINT('',(20.699999999996,5.,30.728718707892));
#3368 = LINE('',#3369,#3370);
#3369 = CARTESIAN_POINT('',(20.699999999996,5.,30.728718707892));
#3370 = VECTOR('',#3371,1.);
#3371 = DIRECTION('',(-0.500000000001,1.922962686382E-16,0.866025403784)
  );
#3372 = ORIENTED_EDGE('',*,*,#3373,.F.);
#3373 = EDGE_CURVE('',#3374,#3366,#3376,.T.);
#3374 = VERTEX_POINT('',#3375);
#3375 = CARTESIAN_POINT('',(23.900000000004,5.,30.728718707892));
#3376 = LINE('',#3377,#3378);
#3377 = CARTESIAN_POINT('',(23.900000000004,5.,30.728718707892));
#3378 = VECTOR('',#3379,1.);
#3379 = DIRECTION('',(-1.,0.,0.));
#3380 = ORIENTED_EDGE('',*,*,#3381,.F.);
#3381 = EDGE_CURVE('',#3382,#3374,#3384,.T.);
#3382 = VERTEX_POINT('',#3383);
#3383 = CARTESIAN_POINT('',(25.5,5.,33.500000000014));
#3384 = LINE('',#3385,#3386);
#3385 = CARTESIAN_POINT('',(25.5,5.,33.500000000014));
#3386 = VECTOR('',#3387,1.);
#3387 = DIRECTION('',(-0.499999999998,-1.922962686387E-16,
    -0.866025403786));
#3388 = ORIENTED_EDGE('',*,*,#3389,.F.);
#3389 = EDGE_CURVE('',#3390,#3382,#3392,.T.);
#3390 = VERTEX_POINT('',#3391);
#3391 = CARTESIAN_POINT('',(23.89999999998,5.,36.271281292121));
#3392 = LINE('',#3393,#3394);
#3393 = CARTESIAN_POINT('',(23.89999999998,5.,36.271281292121));
#3394 = VECTOR('',#3395,1.);
#3395 = DIRECTION('',(0.500000000005,-1.922962686377E-16,-0.866025403782
    ));
#3396 = ORIENTED_EDGE('',*,*,#3397,.F.);
#3397 = EDGE_CURVE('',#3358,#3390,#3398,.T.);
#3398 = LINE('',#3399,#3400);
#3399 = CARTESIAN_POINT('',(20.699999999994,5.,36.271281292107));
#3400 = VECTOR('',#3401,1.);
#3401 = DIRECTION('',(1.,1.00826284449E-27,4.540812170737E-12));
#3402 = PLANE('',#3403);
#3403 = AXIS2_PLACEMENT_3D('',#3404,#3405,#3406);
#3404 = CARTESIAN_POINT('',(17.3,5.,38.48902697423));
#3405 = DIRECTION('',(0.,1.,0.));
#3406 = DIRECTION('',(0.,0.,-1.));
#3407 = ADVANCED_FACE('',(#3408),#3427,.T.);
#3408 = FACE_BOUND('',#3409,.F.);
#3409 = EDGE_LOOP('',(#3410,#3411,#3420,#3426));
#3410 = ORIENTED_EDGE('',*,*,#3347,.T.);
#3411 = ORIENTED_EDGE('',*,*,#3412,.T.);
#3412 = EDGE_CURVE('',#3320,#3413,#3415,.T.);
#3413 = VERTEX_POINT('',#3414);
#3414 = CARTESIAN_POINT('',(27.3,5.,61.51097302577));
#3415 = CIRCLE('',#3416,12.55);
#3416 = AXIS2_PLACEMENT_3D('',#3417,#3418,#3419);
#3417 = CARTESIAN_POINT('',(27.3,0.,50.));
#3418 = DIRECTION('',(1.,0.,0.));
#3419 = DIRECTION('',(0.,1.,0.));
#3420 = ORIENTED_EDGE('',*,*,#3421,.F.);
#3421 = EDGE_CURVE('',#2064,#3413,#3422,.T.);
#3422 = LINE('',#3423,#3424);
#3423 = CARTESIAN_POINT('',(17.3,5.,61.51097302577));
#3424 = VECTOR('',#3425,1.);
#3425 = DIRECTION('',(1.,0.,0.));
#3426 = ORIENTED_EDGE('',*,*,#2071,.F.);
#3427 = CYLINDRICAL_SURFACE('',#3428,12.55);
#3428 = AXIS2_PLACEMENT_3D('',#3429,#3430,#3431);
#3429 = CARTESIAN_POINT('',(17.3,0.,50.));
#3430 = DIRECTION('',(-1.,-0.,-0.));
#3431 = DIRECTION('',(0.,1.,0.));
#3432 = ADVANCED_FACE('',(#3433,#3476),#3526,.T.);
#3433 = FACE_BOUND('',#3434,.T.);
#3434 = EDGE_LOOP('',(#3435,#3445,#3453,#3462,#3468,#3469,#3470));
#3435 = ORIENTED_EDGE('',*,*,#3436,.F.);
#3436 = EDGE_CURVE('',#3437,#3439,#3441,.T.);
#3437 = VERTEX_POINT('',#3438);
#3438 = CARTESIAN_POINT('',(22.3,5.,71.51097302577));
#3439 = VERTEX_POINT('',#3440);
#3440 = CARTESIAN_POINT('',(22.3,5.,71.5));
#3441 = LINE('',#3442,#3443);
#3442 = CARTESIAN_POINT('',(22.3,5.,60.755486512885));
#3443 = VECTOR('',#3444,1.);
#3444 = DIRECTION('',(0.,0.,-1.));
#3445 = ORIENTED_EDGE('',*,*,#3446,.T.);
#3446 = EDGE_CURVE('',#3437,#3447,#3449,.T.);
#3447 = VERTEX_POINT('',#3448);
#3448 = CARTESIAN_POINT('',(25.3,5.,71.51097302577));
#3449 = LINE('',#3450,#3451);
#3450 = CARTESIAN_POINT('',(17.3,5.,71.51097302577));
#3451 = VECTOR('',#3452,1.);
#3452 = DIRECTION('',(1.,0.,0.));
#3453 = ORIENTED_EDGE('',*,*,#3454,.T.);
#3454 = EDGE_CURVE('',#3447,#3455,#3457,.T.);
#3455 = VERTEX_POINT('',#3456);
#3456 = CARTESIAN_POINT('',(27.3,5.,69.51097302577));
#3457 = CIRCLE('',#3458,2.);
#3458 = AXIS2_PLACEMENT_3D('',#3459,#3460,#3461);
#3459 = CARTESIAN_POINT('',(25.3,5.,69.51097302577));
#3460 = DIRECTION('',(0.,1.,0.));
#3461 = DIRECTION('',(0.,0.,1.));
#3462 = ORIENTED_EDGE('',*,*,#3463,.T.);
#3463 = EDGE_CURVE('',#3455,#3413,#3464,.T.);
#3464 = LINE('',#3465,#3466);
#3465 = CARTESIAN_POINT('',(27.3,5.,71.51097302577));
#3466 = VECTOR('',#3467,1.);
#3467 = DIRECTION('',(0.,0.,-1.));
#3468 = ORIENTED_EDGE('',*,*,#3421,.F.);
#3469 = ORIENTED_EDGE('',*,*,#2063,.F.);
#3470 = ORIENTED_EDGE('',*,*,#3471,.T.);
#3471 = EDGE_CURVE('',#2056,#3439,#3472,.T.);
#3472 = LINE('',#3473,#3474);
#3473 = CARTESIAN_POINT('',(17.3,5.,71.5));
#3474 = VECTOR('',#3475,1.);
#3475 = DIRECTION('',(1.,0.,0.));
#3476 = FACE_BOUND('',#3477,.T.);
#3477 = EDGE_LOOP('',(#3478,#3488,#3496,#3504,#3512,#3520));
#3478 = ORIENTED_EDGE('',*,*,#3479,.F.);
#3479 = EDGE_CURVE('',#3480,#3482,#3484,.T.);
#3480 = VERTEX_POINT('',#3481);
#3481 = CARTESIAN_POINT('',(19.1,5.,66.499999999984));
#3482 = VERTEX_POINT('',#3483);
#3483 = CARTESIAN_POINT('',(20.699999999994,5.,69.271281292107));
#3484 = LINE('',#3485,#3486);
#3485 = CARTESIAN_POINT('',(19.1,5.,66.499999999984));
#3486 = VECTOR('',#3487,1.);
#3487 = DIRECTION('',(0.499999999997,1.922962686387E-16,0.866025403786)
  );
#3488 = ORIENTED_EDGE('',*,*,#3489,.F.);
#3489 = EDGE_CURVE('',#3490,#3480,#3492,.T.);
#3490 = VERTEX_POINT('',#3491);
#3491 = CARTESIAN_POINT('',(20.699999999996,5.,63.728718707892));
#3492 = LINE('',#3493,#3494);
#3493 = CARTESIAN_POINT('',(20.699999999996,5.,63.728718707892));
#3494 = VECTOR('',#3495,1.);
#3495 = DIRECTION('',(-0.500000000002,1.922962686382E-16,0.866025403784)
  );
#3496 = ORIENTED_EDGE('',*,*,#3497,.F.);
#3497 = EDGE_CURVE('',#3498,#3490,#3500,.T.);
#3498 = VERTEX_POINT('',#3499);
#3499 = CARTESIAN_POINT('',(23.900000000004,5.,63.728718707892));
#3500 = LINE('',#3501,#3502);
#3501 = CARTESIAN_POINT('',(23.900000000004,5.,63.728718707892));
#3502 = VECTOR('',#3503,1.);
#3503 = DIRECTION('',(-1.,0.,0.));
#3504 = ORIENTED_EDGE('',*,*,#3505,.F.);
#3505 = EDGE_CURVE('',#3506,#3498,#3508,.T.);
#3506 = VERTEX_POINT('',#3507);
#3507 = CARTESIAN_POINT('',(25.5,5.,66.500000000014));
#3508 = LINE('',#3509,#3510);
#3509 = CARTESIAN_POINT('',(25.5,5.,66.500000000014));
#3510 = VECTOR('',#3511,1.);
#3511 = DIRECTION('',(-0.499999999998,-1.922962686387E-16,
    -0.866025403786));
#3512 = ORIENTED_EDGE('',*,*,#3513,.F.);
#3513 = EDGE_CURVE('',#3514,#3506,#3516,.T.);
#3514 = VERTEX_POINT('',#3515);
#3515 = CARTESIAN_POINT('',(23.899999999981,5.,69.271281292121));
#3516 = LINE('',#3517,#3518);
#3517 = CARTESIAN_POINT('',(23.899999999981,5.,69.271281292121));
#3518 = VECTOR('',#3519,1.);
#3519 = DIRECTION('',(0.500000000005,-1.922962686377E-16,-0.866025403782
    ));
#3520 = ORIENTED_EDGE('',*,*,#3521,.F.);
#3521 = EDGE_CURVE('',#3482,#3514,#3522,.T.);
#3522 = LINE('',#3523,#3524);
#3523 = CARTESIAN_POINT('',(20.699999999994,5.,69.271281292107));
#3524 = VECTOR('',#3525,1.);
#3525 = DIRECTION('',(1.,1.014672339345E-27,4.569677969377E-12));
#3526 = PLANE('',#3527);
#3527 = AXIS2_PLACEMENT_3D('',#3528,#3529,#3530);
#3528 = CARTESIAN_POINT('',(17.3,5.,71.51097302577));
#3529 = DIRECTION('',(0.,1.,0.));
#3530 = DIRECTION('',(0.,0.,-1.));
#3531 = ADVANCED_FACE('',(#3532),#3543,.F.);
#3532 = FACE_BOUND('',#3533,.F.);
#3533 = EDGE_LOOP('',(#3534,#3540,#3541,#3542));
#3534 = ORIENTED_EDGE('',*,*,#3535,.T.);
#3535 = EDGE_CURVE('',#3439,#2095,#3536,.T.);
#3536 = LINE('',#3537,#3538);
#3537 = CARTESIAN_POINT('',(22.3,0.,71.5));
#3538 = VECTOR('',#3539,1.);
#3539 = DIRECTION('',(0.,1.,0.));
#3540 = ORIENTED_EDGE('',*,*,#2094,.T.);
#3541 = ORIENTED_EDGE('',*,*,#2055,.F.);
#3542 = ORIENTED_EDGE('',*,*,#3471,.T.);
#3543 = PLANE('',#3544);
#3544 = AXIS2_PLACEMENT_3D('',#3545,#3546,#3547);
#3545 = CARTESIAN_POINT('',(17.3,0.,71.5));
#3546 = DIRECTION('',(0.,0.,1.));
#3547 = DIRECTION('',(0.,1.,0.));
#3548 = ADVANCED_FACE('',(#3549),#3568,.T.);
#3549 = FACE_BOUND('',#3550,.T.);
#3550 = EDGE_LOOP('',(#3551,#3552,#3558,#3559,#3565,#3566,#3567));
#3551 = ORIENTED_EDGE('',*,*,#3302,.T.);
#3552 = ORIENTED_EDGE('',*,*,#3553,.T.);
#3553 = EDGE_CURVE('',#2963,#2575,#3554,.T.);
#3554 = LINE('',#3555,#3556);
#3555 = CARTESIAN_POINT('',(22.3,17.5,90.));
#3556 = VECTOR('',#3557,1.);
#3557 = DIRECTION('',(0.,-1.,0.));
#3558 = ORIENTED_EDGE('',*,*,#2574,.T.);
#3559 = ORIENTED_EDGE('',*,*,#3560,.T.);
#3560 = EDGE_CURVE('',#2567,#3437,#3561,.T.);
#3561 = LINE('',#3562,#3563);
#3562 = CARTESIAN_POINT('',(22.3,4.375,71.51097302577));
#3563 = VECTOR('',#3564,1.);
#3564 = DIRECTION('',(0.,1.,0.));
#3565 = ORIENTED_EDGE('',*,*,#3436,.T.);
#3566 = ORIENTED_EDGE('',*,*,#3535,.T.);
#3567 = ORIENTED_EDGE('',*,*,#2113,.T.);
#3568 = PLANE('',#3569);
#3569 = AXIS2_PLACEMENT_3D('',#3570,#3571,#3572);
#3570 = CARTESIAN_POINT('',(22.3,8.75,50.));
#3571 = DIRECTION('',(1.,0.,0.));
#3572 = DIRECTION('',(0.,0.,1.));
#3573 = ADVANCED_FACE('',(#3574,#3577),#3588,.T.);
#3574 = FACE_BOUND('',#3575,.T.);
#3575 = EDGE_LOOP('',(#3576));
#3576 = ORIENTED_EDGE('',*,*,#2135,.T.);
#3577 = FACE_BOUND('',#3578,.T.);
#3578 = EDGE_LOOP('',(#3579));
#3579 = ORIENTED_EDGE('',*,*,#3580,.F.);
#3580 = EDGE_CURVE('',#3581,#3581,#3583,.T.);
#3581 = VERTEX_POINT('',#3582);
#3582 = CARTESIAN_POINT('',(-11.25,19.5,50.));
#3583 = CIRCLE('',#3584,11.25);
#3584 = AXIS2_PLACEMENT_3D('',#3585,#3586,#3587);
#3585 = CARTESIAN_POINT('',(0.,19.5,50.));
#3586 = DIRECTION('',(0.,1.,-2.22044604925E-16));
#3587 = DIRECTION('',(-1.,0.,0.));
#3588 = PLANE('',#3589);
#3589 = AXIS2_PLACEMENT_3D('',#3590,#3591,#3592);
#3590 = CARTESIAN_POINT('',(1.312742527238E-15,19.5,50.));
#3591 = DIRECTION('',(0.,1.,-3.281856318095E-16));
#3592 = DIRECTION('',(0.,3.281856318095E-16,1.));
#3593 = ADVANCED_FACE('',(#3594),#3605,.T.);
#3594 = FACE_BOUND('',#3595,.T.);
#3595 = EDGE_LOOP('',(#3596,#3597,#3603,#3604));
#3596 = ORIENTED_EDGE('',*,*,#2703,.T.);
#3597 = ORIENTED_EDGE('',*,*,#3598,.T.);
#3598 = EDGE_CURVE('',#2704,#2468,#3599,.T.);
#3599 = LINE('',#3600,#3601);
#3600 = CARTESIAN_POINT('',(27.3,5.,8.));
#3601 = VECTOR('',#3602,1.);
#3602 = DIRECTION('',(0.,-1.,0.));
#3603 = ORIENTED_EDGE('',*,*,#2467,.T.);
#3604 = ORIENTED_EDGE('',*,*,#2677,.T.);
#3605 = PLANE('',#3606);
#3606 = AXIS2_PLACEMENT_3D('',#3607,#3608,#3609);
#3607 = CARTESIAN_POINT('',(27.3,3.794798837511,50.));
#3608 = DIRECTION('',(1.,0.,0.));
#3609 = DIRECTION('',(0.,0.,1.));
#3610 = ADVANCED_FACE('',(#3611),#3622,.T.);
#3611 = FACE_BOUND('',#3612,.F.);
#3612 = EDGE_LOOP('',(#3613,#3614,#3615,#3616));
#3613 = ORIENTED_EDGE('',*,*,#2711,.T.);
#3614 = ORIENTED_EDGE('',*,*,#3598,.T.);
#3615 = ORIENTED_EDGE('',*,*,#2475,.F.);
#3616 = ORIENTED_EDGE('',*,*,#3617,.F.);
#3617 = EDGE_CURVE('',#2712,#2476,#3618,.T.);
#3618 = LINE('',#3619,#3620);
#3619 = CARTESIAN_POINT('',(25.3,5.,10.));
#3620 = VECTOR('',#3621,1.);
#3621 = DIRECTION('',(0.,-1.,0.));
#3622 = CYLINDRICAL_SURFACE('',#3623,2.);
#3623 = AXIS2_PLACEMENT_3D('',#3624,#3625,#3626);
#3624 = CARTESIAN_POINT('',(25.3,5.,8.));
#3625 = DIRECTION('',(0.,-1.,0.));
#3626 = DIRECTION('',(0.,0.,1.));
#3627 = ADVANCED_FACE('',(#3628),#3634,.F.);
#3628 = FACE_BOUND('',#3629,.F.);
#3629 = EDGE_LOOP('',(#3630,#3631,#3632,#3633));
#3630 = ORIENTED_EDGE('',*,*,#3269,.T.);
#3631 = ORIENTED_EDGE('',*,*,#2720,.T.);
#3632 = ORIENTED_EDGE('',*,*,#3617,.T.);
#3633 = ORIENTED_EDGE('',*,*,#2484,.F.);
#3634 = PLANE('',#3635);
#3635 = AXIS2_PLACEMENT_3D('',#3636,#3637,#3638);
#3636 = CARTESIAN_POINT('',(17.3,5.,10.));
#3637 = DIRECTION('',(0.,0.,-1.));
#3638 = DIRECTION('',(0.,-1.,0.));
#3639 = ADVANCED_FACE('',(#3640),#3651,.T.);
#3640 = FACE_BOUND('',#3641,.T.);
#3641 = EDGE_LOOP('',(#3642,#3643,#3644,#3650));
#3642 = ORIENTED_EDGE('',*,*,#3262,.F.);
#3643 = ORIENTED_EDGE('',*,*,#3338,.T.);
#3644 = ORIENTED_EDGE('',*,*,#3645,.T.);
#3645 = EDGE_CURVE('',#3330,#2501,#3646,.T.);
#3646 = LINE('',#3647,#3648);
#3647 = CARTESIAN_POINT('',(25.3,5.,28.48902697423));
#3648 = VECTOR('',#3649,1.);
#3649 = DIRECTION('',(0.,-1.,0.));
#3650 = ORIENTED_EDGE('',*,*,#2500,.F.);
#3651 = PLANE('',#3652);
#3652 = AXIS2_PLACEMENT_3D('',#3653,#3654,#3655);
#3653 = CARTESIAN_POINT('',(17.3,5.,28.48902697423));
#3654 = DIRECTION('',(0.,0.,-1.));
#3655 = DIRECTION('',(0.,-1.,0.));
#3656 = ADVANCED_FACE('',(#3657),#3668,.T.);
#3657 = FACE_BOUND('',#3658,.T.);
#3658 = EDGE_LOOP('',(#3659,#3660,#3666,#3667));
#3659 = ORIENTED_EDGE('',*,*,#3329,.T.);
#3660 = ORIENTED_EDGE('',*,*,#3661,.T.);
#3661 = EDGE_CURVE('',#3322,#2509,#3662,.T.);
#3662 = LINE('',#3663,#3664);
#3663 = CARTESIAN_POINT('',(27.3,5.,30.48902697423));
#3664 = VECTOR('',#3665,1.);
#3665 = DIRECTION('',(0.,-1.,0.));
#3666 = ORIENTED_EDGE('',*,*,#2508,.F.);
#3667 = ORIENTED_EDGE('',*,*,#3645,.F.);
#3668 = CYLINDRICAL_SURFACE('',#3669,2.);
#3669 = AXIS2_PLACEMENT_3D('',#3670,#3671,#3672);
#3670 = CARTESIAN_POINT('',(25.3,5.,30.48902697423));
#3671 = DIRECTION('',(0.,-1.,0.));
#3672 = DIRECTION('',(0.,0.,-1.));
#3673 = ADVANCED_FACE('',(#3674),#3695,.T.);
#3674 = FACE_BOUND('',#3675,.T.);
#3675 = EDGE_LOOP('',(#3676,#3677,#3678,#3679,#3685,#3686,#3693,#3694));
#3676 = ORIENTED_EDGE('',*,*,#3319,.F.);
#3677 = ORIENTED_EDGE('',*,*,#3412,.T.);
#3678 = ORIENTED_EDGE('',*,*,#3463,.F.);
#3679 = ORIENTED_EDGE('',*,*,#3680,.F.);
#3680 = EDGE_CURVE('',#2550,#3455,#3681,.T.);
#3681 = LINE('',#3682,#3683);
#3682 = CARTESIAN_POINT('',(27.3,0.,69.51097302577));
#3683 = VECTOR('',#3684,1.);
#3684 = DIRECTION('',(0.,1.,0.));
#3685 = ORIENTED_EDGE('',*,*,#2549,.T.);
#3686 = ORIENTED_EDGE('',*,*,#3687,.F.);
#3687 = EDGE_CURVE('',#2518,#2542,#3688,.T.);
#3688 = CIRCLE('',#3689,7.55);
#3689 = AXIS2_PLACEMENT_3D('',#3690,#3691,#3692);
#3690 = CARTESIAN_POINT('',(27.3,0.,50.));
#3691 = DIRECTION('',(1.,0.,0.));
#3692 = DIRECTION('',(0.,1.,0.));
#3693 = ORIENTED_EDGE('',*,*,#2517,.T.);
#3694 = ORIENTED_EDGE('',*,*,#3661,.F.);
#3695 = PLANE('',#3696);
#3696 = AXIS2_PLACEMENT_3D('',#3697,#3698,#3699);
#3697 = CARTESIAN_POINT('',(27.3,3.794798837511,50.));
#3698 = DIRECTION('',(1.,0.,0.));
#3699 = DIRECTION('',(0.,0.,1.));
#3700 = ADVANCED_FACE('',(#3701),#3713,.F.);
#3701 = FACE_BOUND('',#3702,.T.);
#3702 = EDGE_LOOP('',(#3703,#3704,#3705,#3706));
#3703 = ORIENTED_EDGE('',*,*,#2525,.T.);
#3704 = ORIENTED_EDGE('',*,*,#3687,.T.);
#3705 = ORIENTED_EDGE('',*,*,#2541,.F.);
#3706 = ORIENTED_EDGE('',*,*,#3707,.F.);
#3707 = EDGE_CURVE('',#2526,#2534,#3708,.T.);
#3708 = CIRCLE('',#3709,7.55);
#3709 = AXIS2_PLACEMENT_3D('',#3710,#3711,#3712);
#3710 = CARTESIAN_POINT('',(17.3,0.,50.));
#3711 = DIRECTION('',(1.,0.,0.));
#3712 = DIRECTION('',(0.,1.,0.));
#3713 = CYLINDRICAL_SURFACE('',#3714,7.55);
#3714 = AXIS2_PLACEMENT_3D('',#3715,#3716,#3717);
#3715 = CARTESIAN_POINT('',(17.3,0.,50.));
#3716 = DIRECTION('',(-1.,-0.,-0.));
#3717 = DIRECTION('',(0.,1.,0.));
#3718 = ADVANCED_FACE('',(#3719),#3723,.T.);
#3719 = FACE_BOUND('',#3720,.T.);
#3720 = EDGE_LOOP('',(#3721,#3722));
#3721 = ORIENTED_EDGE('',*,*,#2533,.F.);
#3722 = ORIENTED_EDGE('',*,*,#3707,.T.);
#3723 = PLANE('',#3724);
#3724 = AXIS2_PLACEMENT_3D('',#3725,#3726,#3727);
#3725 = CARTESIAN_POINT('',(17.3,17.5,0.));
#3726 = DIRECTION('',(1.,0.,0.));
#3727 = DIRECTION('',(0.,-1.,0.));
#3728 = ADVANCED_FACE('',(#3729),#3740,.T.);
#3729 = FACE_BOUND('',#3730,.T.);
#3730 = EDGE_LOOP('',(#3731,#3732,#3733,#3734));
#3731 = ORIENTED_EDGE('',*,*,#2557,.T.);
#3732 = ORIENTED_EDGE('',*,*,#3680,.T.);
#3733 = ORIENTED_EDGE('',*,*,#3454,.F.);
#3734 = ORIENTED_EDGE('',*,*,#3735,.F.);
#3735 = EDGE_CURVE('',#2558,#3447,#3736,.T.);
#3736 = LINE('',#3737,#3738);
#3737 = CARTESIAN_POINT('',(25.3,0.,71.51097302577));
#3738 = VECTOR('',#3739,1.);
#3739 = DIRECTION('',(0.,1.,0.));
#3740 = CYLINDRICAL_SURFACE('',#3741,2.);
#3741 = AXIS2_PLACEMENT_3D('',#3742,#3743,#3744);
#3742 = CARTESIAN_POINT('',(25.3,0.,69.51097302577));
#3743 = DIRECTION('',(0.,1.,0.));
#3744 = DIRECTION('',(0.,0.,1.));
#3745 = ADVANCED_FACE('',(#3746),#3752,.T.);
#3746 = FACE_BOUND('',#3747,.T.);
#3747 = EDGE_LOOP('',(#3748,#3749,#3750,#3751));
#3748 = ORIENTED_EDGE('',*,*,#3560,.F.);
#3749 = ORIENTED_EDGE('',*,*,#2566,.T.);
#3750 = ORIENTED_EDGE('',*,*,#3735,.T.);
#3751 = ORIENTED_EDGE('',*,*,#3446,.F.);
#3752 = PLANE('',#3753);
#3753 = AXIS2_PLACEMENT_3D('',#3754,#3755,#3756);
#3754 = CARTESIAN_POINT('',(17.3,0.,71.51097302577));
#3755 = DIRECTION('',(0.,0.,1.));
#3756 = DIRECTION('',(0.,1.,0.));
#3757 = ADVANCED_FACE('',(#3758),#3769,.F.);
#3758 = FACE_BOUND('',#3759,.F.);
#3759 = EDGE_LOOP('',(#3760,#3761,#3762,#3768));
#3760 = ORIENTED_EDGE('',*,*,#3553,.T.);
#3761 = ORIENTED_EDGE('',*,*,#2582,.T.);
#3762 = ORIENTED_EDGE('',*,*,#3763,.T.);
#3763 = EDGE_CURVE('',#2583,#2971,#3764,.T.);
#3764 = LINE('',#3765,#3766);
#3765 = CARTESIAN_POINT('',(25.3,0.,90.));
#3766 = VECTOR('',#3767,1.);
#3767 = DIRECTION('',(0.,1.,0.));
#3768 = ORIENTED_EDGE('',*,*,#2970,.F.);
#3769 = PLANE('',#3770);
#3770 = AXIS2_PLACEMENT_3D('',#3771,#3772,#3773);
#3771 = CARTESIAN_POINT('',(17.3,0.,90.));
#3772 = DIRECTION('',(0.,0.,1.));
#3773 = DIRECTION('',(0.,1.,0.));
#3774 = ADVANCED_FACE('',(#3775),#3786,.T.);
#3775 = FACE_BOUND('',#3776,.F.);
#3776 = EDGE_LOOP('',(#3777,#3778,#3784,#3785));
#3777 = ORIENTED_EDGE('',*,*,#2590,.T.);
#3778 = ORIENTED_EDGE('',*,*,#3779,.T.);
#3779 = EDGE_CURVE('',#2591,#2979,#3780,.T.);
#3780 = LINE('',#3781,#3782);
#3781 = CARTESIAN_POINT('',(27.3,0.,92.));
#3782 = VECTOR('',#3783,1.);
#3783 = DIRECTION('',(0.,1.,0.));
#3784 = ORIENTED_EDGE('',*,*,#2978,.F.);
#3785 = ORIENTED_EDGE('',*,*,#3763,.F.);
#3786 = CYLINDRICAL_SURFACE('',#3787,2.);
#3787 = AXIS2_PLACEMENT_3D('',#3788,#3789,#3790);
#3788 = CARTESIAN_POINT('',(25.3,0.,92.));
#3789 = DIRECTION('',(0.,1.,0.));
#3790 = DIRECTION('',(0.,0.,-1.));
#3791 = ADVANCED_FACE('',(#3792),#3798,.T.);
#3792 = FACE_BOUND('',#3793,.T.);
#3793 = EDGE_LOOP('',(#3794,#3795,#3796,#3797));
#3794 = ORIENTED_EDGE('',*,*,#2599,.T.);
#3795 = ORIENTED_EDGE('',*,*,#3779,.T.);
#3796 = ORIENTED_EDGE('',*,*,#2987,.T.);
#3797 = ORIENTED_EDGE('',*,*,#2946,.T.);
#3798 = PLANE('',#3799);
#3799 = AXIS2_PLACEMENT_3D('',#3800,#3801,#3802);
#3800 = CARTESIAN_POINT('',(27.3,3.794798837511,50.));
#3801 = DIRECTION('',(1.,0.,0.));
#3802 = DIRECTION('',(0.,0.,1.));
#3803 = ADVANCED_FACE('',(#3804),#3823,.F.);
#3804 = FACE_BOUND('',#3805,.F.);
#3805 = EDGE_LOOP('',(#3806,#3815,#3821,#3822));
#3806 = ORIENTED_EDGE('',*,*,#3807,.F.);
#3807 = EDGE_CURVE('',#3808,#3808,#3810,.T.);
#3808 = VERTEX_POINT('',#3809);
#3809 = CARTESIAN_POINT('',(20.75,3.8,33.5));
#3810 = CIRCLE('',#3811,1.55);
#3811 = AXIS2_PLACEMENT_3D('',#3812,#3813,#3814);
#3812 = CARTESIAN_POINT('',(22.3,3.8,33.5));
#3813 = DIRECTION('',(0.,1.,-2.22044604925E-16));
#3814 = DIRECTION('',(-1.,0.,0.));
#3815 = ORIENTED_EDGE('',*,*,#3816,.T.);
#3816 = EDGE_CURVE('',#3808,#2627,#3817,.T.);
#3817 = LINE('',#3818,#3819);
#3818 = CARTESIAN_POINT('',(20.75,3.8,33.5));
#3819 = VECTOR('',#3820,1.);
#3820 = DIRECTION('',(0.,-1.,2.22044604925E-16));
#3821 = ORIENTED_EDGE('',*,*,#2626,.T.);
#3822 = ORIENTED_EDGE('',*,*,#3816,.F.);
#3823 = CYLINDRICAL_SURFACE('',#3824,1.55);
#3824 = AXIS2_PLACEMENT_3D('',#3825,#3826,#3827);
#3825 = CARTESIAN_POINT('',(22.3,3.8,33.5));
#3826 = DIRECTION('',(0.,1.,-2.22044604925E-16));
#3827 = DIRECTION('',(-1.,0.,0.));
#3828 = ADVANCED_FACE('',(#3829),#3848,.F.);
#3829 = FACE_BOUND('',#3830,.F.);
#3830 = EDGE_LOOP('',(#3831,#3840,#3846,#3847));
#3831 = ORIENTED_EDGE('',*,*,#3832,.F.);
#3832 = EDGE_CURVE('',#3833,#3833,#3835,.T.);
#3833 = VERTEX_POINT('',#3834);
#3834 = CARTESIAN_POINT('',(20.75,3.8,5.));
#3835 = CIRCLE('',#3836,1.55);
#3836 = AXIS2_PLACEMENT_3D('',#3837,#3838,#3839);
#3837 = CARTESIAN_POINT('',(22.3,3.8,5.));
#3838 = DIRECTION('',(0.,1.,-2.22044604925E-16));
#3839 = DIRECTION('',(-1.,0.,0.));
#3840 = ORIENTED_EDGE('',*,*,#3841,.T.);
#3841 = EDGE_CURVE('',#3833,#2638,#3842,.T.);
#3842 = LINE('',#3843,#3844);
#3843 = CARTESIAN_POINT('',(20.75,3.8,5.));
#3844 = VECTOR('',#3845,1.);
#3845 = DIRECTION('',(0.,-1.,2.22044604925E-16));
#3846 = ORIENTED_EDGE('',*,*,#2637,.T.);
#3847 = ORIENTED_EDGE('',*,*,#3841,.F.);
#3848 = CYLINDRICAL_SURFACE('',#3849,1.55);
#3849 = AXIS2_PLACEMENT_3D('',#3850,#3851,#3852);
#3850 = CARTESIAN_POINT('',(22.3,3.8,5.));
#3851 = DIRECTION('',(0.,1.,-2.22044604925E-16));
#3852 = DIRECTION('',(-1.,0.,0.));
#3853 = ADVANCED_FACE('',(#3854),#3873,.F.);
#3854 = FACE_BOUND('',#3855,.F.);
#3855 = EDGE_LOOP('',(#3856,#3865,#3871,#3872));
#3856 = ORIENTED_EDGE('',*,*,#3857,.F.);
#3857 = EDGE_CURVE('',#3858,#3858,#3860,.T.);
#3858 = VERTEX_POINT('',#3859);
#3859 = CARTESIAN_POINT('',(20.75,3.8,95.));
#3860 = CIRCLE('',#3861,1.55);
#3861 = AXIS2_PLACEMENT_3D('',#3862,#3863,#3864);
#3862 = CARTESIAN_POINT('',(22.3,3.8,95.));
#3863 = DIRECTION('',(0.,1.,-2.22044604925E-16));
#3864 = DIRECTION('',(-1.,0.,0.));
#3865 = ORIENTED_EDGE('',*,*,#3866,.T.);
#3866 = EDGE_CURVE('',#3858,#2649,#3867,.T.);
#3867 = LINE('',#3868,#3869);
#3868 = CARTESIAN_POINT('',(20.75,3.8,95.));
#3869 = VECTOR('',#3870,1.);
#3870 = DIRECTION('',(0.,-1.,2.22044604925E-16));
#3871 = ORIENTED_EDGE('',*,*,#2648,.T.);
#3872 = ORIENTED_EDGE('',*,*,#3866,.F.);
#3873 = CYLINDRICAL_SURFACE('',#3874,1.55);
#3874 = AXIS2_PLACEMENT_3D('',#3875,#3876,#3877);
#3875 = CARTESIAN_POINT('',(22.3,3.8,95.));
#3876 = DIRECTION('',(0.,1.,-2.22044604925E-16));
#3877 = DIRECTION('',(-1.,0.,0.));
#3878 = ADVANCED_FACE('',(#3879),#3898,.F.);
#3879 = FACE_BOUND('',#3880,.F.);
#3880 = EDGE_LOOP('',(#3881,#3890,#3896,#3897));
#3881 = ORIENTED_EDGE('',*,*,#3882,.F.);
#3882 = EDGE_CURVE('',#3883,#3883,#3885,.T.);
#3883 = VERTEX_POINT('',#3884);
#3884 = CARTESIAN_POINT('',(20.75,3.8,66.5));
#3885 = CIRCLE('',#3886,1.55);
#3886 = AXIS2_PLACEMENT_3D('',#3887,#3888,#3889);
#3887 = CARTESIAN_POINT('',(22.3,3.8,66.5));
#3888 = DIRECTION('',(0.,1.,-2.22044604925E-16));
#3889 = DIRECTION('',(-1.,0.,0.));
#3890 = ORIENTED_EDGE('',*,*,#3891,.T.);
#3891 = EDGE_CURVE('',#3883,#2660,#3892,.T.);
#3892 = LINE('',#3893,#3894);
#3893 = CARTESIAN_POINT('',(20.75,3.8,66.5));
#3894 = VECTOR('',#3895,1.);
#3895 = DIRECTION('',(0.,-1.,2.22044604925E-16));
#3896 = ORIENTED_EDGE('',*,*,#2659,.T.);
#3897 = ORIENTED_EDGE('',*,*,#3891,.F.);
#3898 = CYLINDRICAL_SURFACE('',#3899,1.55);
#3899 = AXIS2_PLACEMENT_3D('',#3900,#3901,#3902);
#3900 = CARTESIAN_POINT('',(22.3,3.8,66.5));
#3901 = DIRECTION('',(0.,1.,-2.22044604925E-16));
#3902 = DIRECTION('',(-1.,0.,0.));
#3903 = ADVANCED_FACE('',(#3904),#3929,.F.);
#3904 = FACE_BOUND('',#3905,.F.);
#3905 = EDGE_LOOP('',(#3906,#3914,#3922,#3928));
#3906 = ORIENTED_EDGE('',*,*,#3907,.T.);
#3907 = EDGE_CURVE('',#2738,#3908,#3910,.T.);
#3908 = VERTEX_POINT('',#3909);
#3909 = CARTESIAN_POINT('',(20.699999999996,3.8,2.228718707892));
#3910 = LINE('',#3911,#3912);
#3911 = CARTESIAN_POINT('',(20.699999999996,5.,2.228718707892));
#3912 = VECTOR('',#3913,1.);
#3913 = DIRECTION('',(0.,-1.,2.22044604925E-16));
#3914 = ORIENTED_EDGE('',*,*,#3915,.T.);
#3915 = EDGE_CURVE('',#3908,#3916,#3918,.T.);
#3916 = VERTEX_POINT('',#3917);
#3917 = CARTESIAN_POINT('',(19.1,3.8,4.999999999984));
#3918 = LINE('',#3919,#3920);
#3919 = CARTESIAN_POINT('',(20.699999999996,3.8,2.228718707892));
#3920 = VECTOR('',#3921,1.);
#3921 = DIRECTION('',(-0.500000000002,1.922962686382E-16,0.866025403784)
  );
#3922 = ORIENTED_EDGE('',*,*,#3923,.F.);
#3923 = EDGE_CURVE('',#2740,#3916,#3924,.T.);
#3924 = LINE('',#3925,#3926);
#3925 = CARTESIAN_POINT('',(19.1,5.,4.999999999984));
#3926 = VECTOR('',#3927,1.);
#3927 = DIRECTION('',(0.,-1.,2.22044604925E-16));
#3928 = ORIENTED_EDGE('',*,*,#2737,.F.);
#3929 = PLANE('',#3930);
#3930 = AXIS2_PLACEMENT_3D('',#3931,#3932,#3933);
#3931 = CARTESIAN_POINT('',(20.699999999996,5.,2.228718707892));
#3932 = DIRECTION('',(-0.866025403784,-1.110223024629E-16,
    -0.500000000002));
#3933 = DIRECTION('',(-0.500000000002,1.922962686382E-16,0.866025403784)
  );
#3934 = ADVANCED_FACE('',(#3935),#3953,.F.);
#3935 = FACE_BOUND('',#3936,.F.);
#3936 = EDGE_LOOP('',(#3937,#3945,#3951,#3952));
#3937 = ORIENTED_EDGE('',*,*,#3938,.T.);
#3938 = EDGE_CURVE('',#2772,#3939,#3941,.T.);
#3939 = VERTEX_POINT('',#3940);
#3940 = CARTESIAN_POINT('',(23.900000000004,3.8,2.228718707892));
#3941 = LINE('',#3942,#3943);
#3942 = CARTESIAN_POINT('',(23.900000000004,5.,2.228718707892));
#3943 = VECTOR('',#3944,1.);
#3944 = DIRECTION('',(0.,-1.,2.22044604925E-16));
#3945 = ORIENTED_EDGE('',*,*,#3946,.T.);
#3946 = EDGE_CURVE('',#3939,#3908,#3947,.T.);
#3947 = LINE('',#3948,#3949);
#3948 = CARTESIAN_POINT('',(23.900000000004,3.8,2.228718707892));
#3949 = VECTOR('',#3950,1.);
#3950 = DIRECTION('',(-1.,0.,0.));
#3951 = ORIENTED_EDGE('',*,*,#3907,.F.);
#3952 = ORIENTED_EDGE('',*,*,#2779,.F.);
#3953 = PLANE('',#3954);
#3954 = AXIS2_PLACEMENT_3D('',#3955,#3956,#3957);
#3955 = CARTESIAN_POINT('',(23.900000000004,5.,2.228718707892));
#3956 = DIRECTION('',(-0.,-2.22044604925E-16,-1.));
#3957 = DIRECTION('',(-1.,0.,0.));
#3958 = ADVANCED_FACE('',(#3959),#3977,.F.);
#3959 = FACE_BOUND('',#3960,.F.);
#3960 = EDGE_LOOP('',(#3961,#3969,#3975,#3976));
#3961 = ORIENTED_EDGE('',*,*,#3962,.T.);
#3962 = EDGE_CURVE('',#2764,#3963,#3965,.T.);
#3963 = VERTEX_POINT('',#3964);
#3964 = CARTESIAN_POINT('',(25.5,3.8,5.000000000014));
#3965 = LINE('',#3966,#3967);
#3966 = CARTESIAN_POINT('',(25.5,5.,5.000000000014));
#3967 = VECTOR('',#3968,1.);
#3968 = DIRECTION('',(0.,-1.,2.22044604925E-16));
#3969 = ORIENTED_EDGE('',*,*,#3970,.T.);
#3970 = EDGE_CURVE('',#3963,#3939,#3971,.T.);
#3971 = LINE('',#3972,#3973);
#3972 = CARTESIAN_POINT('',(25.5,3.8,5.000000000014));
#3973 = VECTOR('',#3974,1.);
#3974 = DIRECTION('',(-0.499999999998,-1.922962686387E-16,
    -0.866025403786));
#3975 = ORIENTED_EDGE('',*,*,#3938,.F.);
#3976 = ORIENTED_EDGE('',*,*,#2771,.F.);
#3977 = PLANE('',#3978);
#3978 = AXIS2_PLACEMENT_3D('',#3979,#3980,#3981);
#3979 = CARTESIAN_POINT('',(25.5,5.,5.000000000014));
#3980 = DIRECTION('',(0.866025403786,-1.11022302462E-16,-0.499999999998)
  );
#3981 = DIRECTION('',(-0.499999999998,-1.922962686387E-16,
    -0.866025403786));
#3982 = ADVANCED_FACE('',(#3983),#4001,.F.);
#3983 = FACE_BOUND('',#3984,.F.);
#3984 = EDGE_LOOP('',(#3985,#3993,#3999,#4000));
#3985 = ORIENTED_EDGE('',*,*,#3986,.T.);
#3986 = EDGE_CURVE('',#2756,#3987,#3989,.T.);
#3987 = VERTEX_POINT('',#3988);
#3988 = CARTESIAN_POINT('',(23.899999999981,3.8,7.771281292121));
#3989 = LINE('',#3990,#3991);
#3990 = CARTESIAN_POINT('',(23.899999999981,5.,7.771281292121));
#3991 = VECTOR('',#3992,1.);
#3992 = DIRECTION('',(0.,-1.,2.22044604925E-16));
#3993 = ORIENTED_EDGE('',*,*,#3994,.T.);
#3994 = EDGE_CURVE('',#3987,#3963,#3995,.T.);
#3995 = LINE('',#3996,#3997);
#3996 = CARTESIAN_POINT('',(23.899999999981,3.8,7.771281292121));
#3997 = VECTOR('',#3998,1.);
#3998 = DIRECTION('',(0.500000000005,-1.922962686377E-16,-0.866025403782
    ));
#3999 = ORIENTED_EDGE('',*,*,#3962,.F.);
#4000 = ORIENTED_EDGE('',*,*,#2763,.F.);
#4001 = PLANE('',#4002);
#4002 = AXIS2_PLACEMENT_3D('',#4003,#4004,#4005);
#4003 = CARTESIAN_POINT('',(23.899999999981,5.,7.771281292121));
#4004 = DIRECTION('',(0.866025403782,1.110223024636E-16,0.500000000005)
  );
#4005 = DIRECTION('',(0.500000000005,-1.922962686377E-16,-0.866025403782
    ));
#4006 = ADVANCED_FACE('',(#4007),#4025,.F.);
#4007 = FACE_BOUND('',#4008,.F.);
#4008 = EDGE_LOOP('',(#4009,#4017,#4023,#4024));
#4009 = ORIENTED_EDGE('',*,*,#4010,.T.);
#4010 = EDGE_CURVE('',#2748,#4011,#4013,.T.);
#4011 = VERTEX_POINT('',#4012);
#4012 = CARTESIAN_POINT('',(20.699999999994,3.8,7.771281292107));
#4013 = LINE('',#4014,#4015);
#4014 = CARTESIAN_POINT('',(20.699999999994,5.,7.771281292107));
#4015 = VECTOR('',#4016,1.);
#4016 = DIRECTION('',(0.,-1.,2.22044604925E-16));
#4017 = ORIENTED_EDGE('',*,*,#4018,.T.);
#4018 = EDGE_CURVE('',#4011,#3987,#4019,.T.);
#4019 = LINE('',#4020,#4021);
#4020 = CARTESIAN_POINT('',(20.699999999994,3.8,7.771281292107));
#4021 = VECTOR('',#4022,1.);
#4022 = DIRECTION('',(1.,1.014302560796E-27,4.56801263484E-12));
#4023 = ORIENTED_EDGE('',*,*,#3986,.F.);
#4024 = ORIENTED_EDGE('',*,*,#2755,.F.);
#4025 = PLANE('',#4026);
#4026 = AXIS2_PLACEMENT_3D('',#4027,#4028,#4029);
#4027 = CARTESIAN_POINT('',(20.699999999994,5.,7.771281292107));
#4028 = DIRECTION('',(-4.56801263484E-12,2.22044604925E-16,1.));
#4029 = DIRECTION('',(1.,1.014302560796E-27,4.56801263484E-12));
#4030 = ADVANCED_FACE('',(#4031),#4042,.F.);
#4031 = FACE_BOUND('',#4032,.F.);
#4032 = EDGE_LOOP('',(#4033,#4034,#4040,#4041));
#4033 = ORIENTED_EDGE('',*,*,#3923,.T.);
#4034 = ORIENTED_EDGE('',*,*,#4035,.T.);
#4035 = EDGE_CURVE('',#3916,#4011,#4036,.T.);
#4036 = LINE('',#4037,#4038);
#4037 = CARTESIAN_POINT('',(19.1,3.8,4.999999999984));
#4038 = VECTOR('',#4039,1.);
#4039 = DIRECTION('',(0.499999999997,1.922962686387E-16,0.866025403786)
  );
#4040 = ORIENTED_EDGE('',*,*,#4010,.F.);
#4041 = ORIENTED_EDGE('',*,*,#2747,.F.);
#4042 = PLANE('',#4043);
#4043 = AXIS2_PLACEMENT_3D('',#4044,#4045,#4046);
#4044 = CARTESIAN_POINT('',(19.1,5.,4.999999999984));
#4045 = DIRECTION('',(-0.866025403786,1.110223024618E-16,0.499999999997)
  );
#4046 = DIRECTION('',(0.499999999997,1.922962686387E-16,0.866025403786)
  );
#4047 = ADVANCED_FACE('',(#4048,#4056),#4067,.F.);
#4048 = FACE_BOUND('',#4049,.F.);
#4049 = EDGE_LOOP('',(#4050,#4051,#4052,#4053,#4054,#4055));
#4050 = ORIENTED_EDGE('',*,*,#2802,.F.);
#4051 = ORIENTED_EDGE('',*,*,#2833,.F.);
#4052 = ORIENTED_EDGE('',*,*,#2881,.F.);
#4053 = ORIENTED_EDGE('',*,*,#2922,.F.);
#4054 = ORIENTED_EDGE('',*,*,#2898,.F.);
#4055 = ORIENTED_EDGE('',*,*,#2850,.F.);
#4056 = FACE_BOUND('',#4057,.F.);
#4057 = EDGE_LOOP('',(#4058));
#4058 = ORIENTED_EDGE('',*,*,#4059,.F.);
#4059 = EDGE_CURVE('',#4060,#4060,#4062,.T.);
#4060 = VERTEX_POINT('',#4061);
#4061 = CARTESIAN_POINT('',(-1.55,11.,50.));
#4062 = CIRCLE('',#4063,1.55);
#4063 = AXIS2_PLACEMENT_3D('',#4064,#4065,#4066);
#4064 = CARTESIAN_POINT('',(0.,11.,50.));
#4065 = DIRECTION('',(0.,1.,-2.22044604925E-16));
#4066 = DIRECTION('',(-1.,0.,0.));
#4067 = PLANE('',#4068);
#4068 = AXIS2_PLACEMENT_3D('',#4069,#4070,#4071);
#4069 = CARTESIAN_POINT('',(0.,11.,50.));
#4070 = DIRECTION('',(0.,1.,0.));
#4071 = DIRECTION('',(0.,0.,1.));
#4072 = ADVANCED_FACE('',(#4073),#4098,.F.);
#4073 = FACE_BOUND('',#4074,.F.);
#4074 = EDGE_LOOP('',(#4075,#4083,#4091,#4097));
#4075 = ORIENTED_EDGE('',*,*,#4076,.T.);
#4076 = EDGE_CURVE('',#2999,#4077,#4079,.T.);
#4077 = VERTEX_POINT('',#4078);
#4078 = CARTESIAN_POINT('',(20.699999999996,3.8,92.228718707892));
#4079 = LINE('',#4080,#4081);
#4080 = CARTESIAN_POINT('',(20.699999999996,5.,92.228718707892));
#4081 = VECTOR('',#4082,1.);
#4082 = DIRECTION('',(0.,-1.,2.22044604925E-16));
#4083 = ORIENTED_EDGE('',*,*,#4084,.T.);
#4084 = EDGE_CURVE('',#4077,#4085,#4087,.T.);
#4085 = VERTEX_POINT('',#4086);
#4086 = CARTESIAN_POINT('',(19.1,3.8,94.999999999984));
#4087 = LINE('',#4088,#4089);
#4088 = CARTESIAN_POINT('',(20.699999999996,3.8,92.228718707892));
#4089 = VECTOR('',#4090,1.);
#4090 = DIRECTION('',(-0.500000000002,1.922962686382E-16,0.866025403784)
  );
#4091 = ORIENTED_EDGE('',*,*,#4092,.F.);
#4092 = EDGE_CURVE('',#3001,#4085,#4093,.T.);
#4093 = LINE('',#4094,#4095);
#4094 = CARTESIAN_POINT('',(19.1,5.,94.999999999984));
#4095 = VECTOR('',#4096,1.);
#4096 = DIRECTION('',(0.,-1.,2.22044604925E-16));
#4097 = ORIENTED_EDGE('',*,*,#2998,.F.);
#4098 = PLANE('',#4099);
#4099 = AXIS2_PLACEMENT_3D('',#4100,#4101,#4102);
#4100 = CARTESIAN_POINT('',(20.699999999996,5.,92.228718707892));
#4101 = DIRECTION('',(-0.866025403784,-1.110223024629E-16,
    -0.500000000002));
#4102 = DIRECTION('',(-0.500000000002,1.922962686382E-16,0.866025403784)
  );
#4103 = ADVANCED_FACE('',(#4104),#4122,.F.);
#4104 = FACE_BOUND('',#4105,.F.);
#4105 = EDGE_LOOP('',(#4106,#4114,#4120,#4121));
#4106 = ORIENTED_EDGE('',*,*,#4107,.T.);
#4107 = EDGE_CURVE('',#3033,#4108,#4110,.T.);
#4108 = VERTEX_POINT('',#4109);
#4109 = CARTESIAN_POINT('',(23.900000000004,3.8,92.228718707892));
#4110 = LINE('',#4111,#4112);
#4111 = CARTESIAN_POINT('',(23.900000000004,5.,92.228718707892));
#4112 = VECTOR('',#4113,1.);
#4113 = DIRECTION('',(0.,-1.,2.22044604925E-16));
#4114 = ORIENTED_EDGE('',*,*,#4115,.T.);
#4115 = EDGE_CURVE('',#4108,#4077,#4116,.T.);
#4116 = LINE('',#4117,#4118);
#4117 = CARTESIAN_POINT('',(23.900000000004,3.8,92.228718707892));
#4118 = VECTOR('',#4119,1.);
#4119 = DIRECTION('',(-1.,0.,0.));
#4120 = ORIENTED_EDGE('',*,*,#4076,.F.);
#4121 = ORIENTED_EDGE('',*,*,#3040,.F.);
#4122 = PLANE('',#4123);
#4123 = AXIS2_PLACEMENT_3D('',#4124,#4125,#4126);
#4124 = CARTESIAN_POINT('',(23.900000000004,5.,92.228718707892));
#4125 = DIRECTION('',(-0.,-2.22044604925E-16,-1.));
#4126 = DIRECTION('',(-1.,0.,0.));
#4127 = ADVANCED_FACE('',(#4128),#4146,.F.);
#4128 = FACE_BOUND('',#4129,.F.);
#4129 = EDGE_LOOP('',(#4130,#4138,#4144,#4145));
#4130 = ORIENTED_EDGE('',*,*,#4131,.T.);
#4131 = EDGE_CURVE('',#3025,#4132,#4134,.T.);
#4132 = VERTEX_POINT('',#4133);
#4133 = CARTESIAN_POINT('',(25.5,3.8,95.000000000014));
#4134 = LINE('',#4135,#4136);
#4135 = CARTESIAN_POINT('',(25.5,5.,95.000000000014));
#4136 = VECTOR('',#4137,1.);
#4137 = DIRECTION('',(0.,-1.,2.22044604925E-16));
#4138 = ORIENTED_EDGE('',*,*,#4139,.T.);
#4139 = EDGE_CURVE('',#4132,#4108,#4140,.T.);
#4140 = LINE('',#4141,#4142);
#4141 = CARTESIAN_POINT('',(25.5,3.8,95.000000000014));
#4142 = VECTOR('',#4143,1.);
#4143 = DIRECTION('',(-0.499999999998,-1.922962686387E-16,
    -0.866025403786));
#4144 = ORIENTED_EDGE('',*,*,#4107,.F.);
#4145 = ORIENTED_EDGE('',*,*,#3032,.F.);
#4146 = PLANE('',#4147);
#4147 = AXIS2_PLACEMENT_3D('',#4148,#4149,#4150);
#4148 = CARTESIAN_POINT('',(25.5,5.,95.000000000014));
#4149 = DIRECTION('',(0.866025403786,-1.11022302462E-16,-0.499999999998)
  );
#4150 = DIRECTION('',(-0.499999999998,-1.922962686387E-16,
    -0.866025403786));
#4151 = ADVANCED_FACE('',(#4152),#4170,.F.);
#4152 = FACE_BOUND('',#4153,.F.);
#4153 = EDGE_LOOP('',(#4154,#4162,#4168,#4169));
#4154 = ORIENTED_EDGE('',*,*,#4155,.T.);
#4155 = EDGE_CURVE('',#3017,#4156,#4158,.T.);
#4156 = VERTEX_POINT('',#4157);
#4157 = CARTESIAN_POINT('',(23.899999999981,3.8,97.771281292121));
#4158 = LINE('',#4159,#4160);
#4159 = CARTESIAN_POINT('',(23.899999999981,5.,97.771281292121));
#4160 = VECTOR('',#4161,1.);
#4161 = DIRECTION('',(0.,-1.,2.22044604925E-16));
#4162 = ORIENTED_EDGE('',*,*,#4163,.T.);
#4163 = EDGE_CURVE('',#4156,#4132,#4164,.T.);
#4164 = LINE('',#4165,#4166);
#4165 = CARTESIAN_POINT('',(23.899999999981,3.8,97.771281292121));
#4166 = VECTOR('',#4167,1.);
#4167 = DIRECTION('',(0.500000000005,-1.922962686377E-16,-0.866025403782
    ));
#4168 = ORIENTED_EDGE('',*,*,#4131,.F.);
#4169 = ORIENTED_EDGE('',*,*,#3024,.F.);
#4170 = PLANE('',#4171);
#4171 = AXIS2_PLACEMENT_3D('',#4172,#4173,#4174);
#4172 = CARTESIAN_POINT('',(23.899999999981,5.,97.771281292121));
#4173 = DIRECTION('',(0.866025403782,1.110223024636E-16,0.500000000005)
  );
#4174 = DIRECTION('',(0.500000000005,-1.922962686377E-16,-0.866025403782
    ));
#4175 = ADVANCED_FACE('',(#4176),#4194,.F.);
#4176 = FACE_BOUND('',#4177,.F.);
#4177 = EDGE_LOOP('',(#4178,#4186,#4192,#4193));
#4178 = ORIENTED_EDGE('',*,*,#4179,.T.);
#4179 = EDGE_CURVE('',#3009,#4180,#4182,.T.);
#4180 = VERTEX_POINT('',#4181);
#4181 = CARTESIAN_POINT('',(20.699999999994,3.8,97.771281292107));
#4182 = LINE('',#4183,#4184);
#4183 = CARTESIAN_POINT('',(20.699999999994,5.,97.771281292107));
#4184 = VECTOR('',#4185,1.);
#4185 = DIRECTION('',(0.,-1.,2.22044604925E-16));
#4186 = ORIENTED_EDGE('',*,*,#4187,.T.);
#4187 = EDGE_CURVE('',#4180,#4156,#4188,.T.);
#4188 = LINE('',#4189,#4190);
#4189 = CARTESIAN_POINT('',(20.699999999994,3.8,97.771281292107));
#4190 = VECTOR('',#4191,1.);
#4191 = DIRECTION('',(1.,1.014672339345E-27,4.569677969377E-12));
#4192 = ORIENTED_EDGE('',*,*,#4155,.F.);
#4193 = ORIENTED_EDGE('',*,*,#3016,.F.);
#4194 = PLANE('',#4195);
#4195 = AXIS2_PLACEMENT_3D('',#4196,#4197,#4198);
#4196 = CARTESIAN_POINT('',(20.699999999994,5.,97.771281292107));
#4197 = DIRECTION('',(-4.569677969377E-12,2.22044604925E-16,1.));
#4198 = DIRECTION('',(1.,1.014672339345E-27,4.569677969377E-12));
#4199 = ADVANCED_FACE('',(#4200),#4211,.F.);
#4200 = FACE_BOUND('',#4201,.F.);
#4201 = EDGE_LOOP('',(#4202,#4203,#4209,#4210));
#4202 = ORIENTED_EDGE('',*,*,#4092,.T.);
#4203 = ORIENTED_EDGE('',*,*,#4204,.T.);
#4204 = EDGE_CURVE('',#4085,#4180,#4205,.T.);
#4205 = LINE('',#4206,#4207);
#4206 = CARTESIAN_POINT('',(19.1,3.8,94.999999999984));
#4207 = VECTOR('',#4208,1.);
#4208 = DIRECTION('',(0.499999999997,1.922962686387E-16,0.866025403786)
  );
#4209 = ORIENTED_EDGE('',*,*,#4179,.F.);
#4210 = ORIENTED_EDGE('',*,*,#3008,.F.);
#4211 = PLANE('',#4212);
#4212 = AXIS2_PLACEMENT_3D('',#4213,#4214,#4215);
#4213 = CARTESIAN_POINT('',(19.1,5.,94.999999999984));
#4214 = DIRECTION('',(-0.866025403786,1.110223024618E-16,0.499999999997)
  );
#4215 = DIRECTION('',(0.499999999997,1.922962686387E-16,0.866025403786)
  );
#4216 = ADVANCED_FACE('',(#4217),#4233,.T.);
#4217 = FACE_BOUND('',#4218,.T.);
#4218 = EDGE_LOOP('',(#4219,#4225,#4226,#4232));
#4219 = ORIENTED_EDGE('',*,*,#4220,.T.);
#4220 = EDGE_CURVE('',#3069,#3154,#4221,.T.);
#4221 = LINE('',#4222,#4223);
#4222 = CARTESIAN_POINT('',(-19.1,5.,94.999999999984));
#4223 = VECTOR('',#4224,1.);
#4224 = DIRECTION('',(0.,-1.,2.22044604925E-16));
#4225 = ORIENTED_EDGE('',*,*,#3153,.T.);
#4226 = ORIENTED_EDGE('',*,*,#4227,.F.);
#4227 = EDGE_CURVE('',#3071,#3156,#4228,.T.);
#4228 = LINE('',#4229,#4230);
#4229 = CARTESIAN_POINT('',(-20.69999999999,5.,97.771281292107));
#4230 = VECTOR('',#4231,1.);
#4231 = DIRECTION('',(0.,-1.,2.22044604925E-16));
#4232 = ORIENTED_EDGE('',*,*,#3068,.F.);
#4233 = PLANE('',#4234);
#4234 = AXIS2_PLACEMENT_3D('',#4235,#4236,#4237);
#4235 = CARTESIAN_POINT('',(-19.1,5.,94.999999999984));
#4236 = DIRECTION('',(-0.866025403786,-1.110223024618E-16,
    -0.499999999997));
#4237 = DIRECTION('',(-0.499999999997,1.922962686387E-16,0.866025403786)
  );
#4238 = ADVANCED_FACE('',(#4239),#4250,.T.);
#4239 = FACE_BOUND('',#4240,.T.);
#4240 = EDGE_LOOP('',(#4241,#4242,#4243,#4249));
#4241 = ORIENTED_EDGE('',*,*,#4227,.T.);
#4242 = ORIENTED_EDGE('',*,*,#3195,.T.);
#4243 = ORIENTED_EDGE('',*,*,#4244,.F.);
#4244 = EDGE_CURVE('',#3103,#3188,#4245,.T.);
#4245 = LINE('',#4246,#4247);
#4246 = CARTESIAN_POINT('',(-23.89999999998,5.,97.771281292121));
#4247 = VECTOR('',#4248,1.);
#4248 = DIRECTION('',(0.,-1.,2.22044604925E-16));
#4249 = ORIENTED_EDGE('',*,*,#3110,.F.);
#4250 = PLANE('',#4251);
#4251 = AXIS2_PLACEMENT_3D('',#4252,#4253,#4254);
#4252 = CARTESIAN_POINT('',(-20.69999999999,5.,97.771281292107));
#4253 = DIRECTION('',(-4.569677969377E-12,-2.22044604925E-16,-1.));
#4254 = DIRECTION('',(-1.,1.014672339345E-27,4.569677969377E-12));
#4255 = ADVANCED_FACE('',(#4256),#4267,.T.);
#4256 = FACE_BOUND('',#4257,.T.);
#4257 = EDGE_LOOP('',(#4258,#4259,#4260,#4266));
#4258 = ORIENTED_EDGE('',*,*,#4244,.T.);
#4259 = ORIENTED_EDGE('',*,*,#3187,.T.);
#4260 = ORIENTED_EDGE('',*,*,#4261,.F.);
#4261 = EDGE_CURVE('',#3095,#3180,#4262,.T.);
#4262 = LINE('',#4263,#4264);
#4263 = CARTESIAN_POINT('',(-25.5,5.,95.000000000014));
#4264 = VECTOR('',#4265,1.);
#4265 = DIRECTION('',(0.,-1.,2.22044604925E-16));
#4266 = ORIENTED_EDGE('',*,*,#3102,.F.);
#4267 = PLANE('',#4268);
#4268 = AXIS2_PLACEMENT_3D('',#4269,#4270,#4271);
#4269 = CARTESIAN_POINT('',(-23.89999999998,5.,97.771281292121));
#4270 = DIRECTION('',(0.866025403782,-1.110223024636E-16,-0.500000000005
    ));
#4271 = DIRECTION('',(-0.500000000005,-1.922962686377E-16,
    -0.866025403782));
#4272 = ADVANCED_FACE('',(#4273),#4284,.T.);
#4273 = FACE_BOUND('',#4274,.T.);
#4274 = EDGE_LOOP('',(#4275,#4276,#4277,#4283));
#4275 = ORIENTED_EDGE('',*,*,#4261,.T.);
#4276 = ORIENTED_EDGE('',*,*,#3179,.T.);
#4277 = ORIENTED_EDGE('',*,*,#4278,.F.);
#4278 = EDGE_CURVE('',#3087,#3172,#4279,.T.);
#4279 = LINE('',#4280,#4281);
#4280 = CARTESIAN_POINT('',(-23.9,5.,92.228718707892));
#4281 = VECTOR('',#4282,1.);
#4282 = DIRECTION('',(0.,-1.,2.22044604925E-16));
#4283 = ORIENTED_EDGE('',*,*,#3094,.F.);
#4284 = PLANE('',#4285);
#4285 = AXIS2_PLACEMENT_3D('',#4286,#4287,#4288);
#4286 = CARTESIAN_POINT('',(-25.5,5.,95.000000000014));
#4287 = DIRECTION('',(0.866025403786,1.11022302462E-16,0.499999999998));
#4288 = DIRECTION('',(0.499999999998,-1.922962686387E-16,-0.866025403786
    ));
#4289 = ADVANCED_FACE('',(#4290),#4301,.T.);
#4290 = FACE_BOUND('',#4291,.T.);
#4291 = EDGE_LOOP('',(#4292,#4293,#4294,#4300));
#4292 = ORIENTED_EDGE('',*,*,#4278,.T.);
#4293 = ORIENTED_EDGE('',*,*,#3171,.T.);
#4294 = ORIENTED_EDGE('',*,*,#4295,.F.);
#4295 = EDGE_CURVE('',#3079,#3164,#4296,.T.);
#4296 = LINE('',#4297,#4298);
#4297 = CARTESIAN_POINT('',(-20.69999999999,5.,92.228718707892));
#4298 = VECTOR('',#4299,1.);
#4299 = DIRECTION('',(0.,-1.,2.22044604925E-16));
#4300 = ORIENTED_EDGE('',*,*,#3086,.F.);
#4301 = PLANE('',#4302);
#4302 = AXIS2_PLACEMENT_3D('',#4303,#4304,#4305);
#4303 = CARTESIAN_POINT('',(-23.9,5.,92.228718707892));
#4304 = DIRECTION('',(0.,2.22044604925E-16,1.));
#4305 = DIRECTION('',(1.,0.,0.));
#4306 = ADVANCED_FACE('',(#4307),#4313,.T.);
#4307 = FACE_BOUND('',#4308,.T.);
#4308 = EDGE_LOOP('',(#4309,#4310,#4311,#4312));
#4309 = ORIENTED_EDGE('',*,*,#4295,.T.);
#4310 = ORIENTED_EDGE('',*,*,#3163,.T.);
#4311 = ORIENTED_EDGE('',*,*,#4220,.F.);
#4312 = ORIENTED_EDGE('',*,*,#3078,.F.);
#4313 = PLANE('',#4314);
#4314 = AXIS2_PLACEMENT_3D('',#4315,#4316,#4317);
#4315 = CARTESIAN_POINT('',(-20.69999999999,5.,92.228718707892));
#4316 = DIRECTION('',(-0.866025403784,1.110223024629E-16,0.500000000002)
  );
#4317 = DIRECTION('',(0.500000000002,1.922962686382E-16,0.866025403784)
  );
#4318 = ADVANCED_FACE('',(#4319),#4344,.F.);
#4319 = FACE_BOUND('',#4320,.F.);
#4320 = EDGE_LOOP('',(#4321,#4329,#4337,#4343));
#4321 = ORIENTED_EDGE('',*,*,#4322,.T.);
#4322 = EDGE_CURVE('',#3356,#4323,#4325,.T.);
#4323 = VERTEX_POINT('',#4324);
#4324 = CARTESIAN_POINT('',(19.1,3.8,33.499999999984));
#4325 = LINE('',#4326,#4327);
#4326 = CARTESIAN_POINT('',(19.1,5.,33.499999999984));
#4327 = VECTOR('',#4328,1.);
#4328 = DIRECTION('',(0.,-1.,2.22044604925E-16));
#4329 = ORIENTED_EDGE('',*,*,#4330,.T.);
#4330 = EDGE_CURVE('',#4323,#4331,#4333,.T.);
#4331 = VERTEX_POINT('',#4332);
#4332 = CARTESIAN_POINT('',(20.699999999994,3.8,36.271281292107));
#4333 = LINE('',#4334,#4335);
#4334 = CARTESIAN_POINT('',(19.1,3.8,33.499999999984));
#4335 = VECTOR('',#4336,1.);
#4336 = DIRECTION('',(0.499999999997,1.922962686387E-16,0.866025403786)
  );
#4337 = ORIENTED_EDGE('',*,*,#4338,.F.);
#4338 = EDGE_CURVE('',#3358,#4331,#4339,.T.);
#4339 = LINE('',#4340,#4341);
#4340 = CARTESIAN_POINT('',(20.699999999994,5.,36.271281292107));
#4341 = VECTOR('',#4342,1.);
#4342 = DIRECTION('',(0.,-1.,2.22044604925E-16));
#4343 = ORIENTED_EDGE('',*,*,#3355,.F.);
#4344 = PLANE('',#4345);
#4345 = AXIS2_PLACEMENT_3D('',#4346,#4347,#4348);
#4346 = CARTESIAN_POINT('',(19.1,5.,33.499999999984));
#4347 = DIRECTION('',(-0.866025403786,1.110223024619E-16,0.499999999997)
  );
#4348 = DIRECTION('',(0.499999999997,1.922962686387E-16,0.866025403786)
  );
#4349 = ADVANCED_FACE('',(#4350),#4368,.F.);
#4350 = FACE_BOUND('',#4351,.F.);
#4351 = EDGE_LOOP('',(#4352,#4360,#4366,#4367));
#4352 = ORIENTED_EDGE('',*,*,#4353,.T.);
#4353 = EDGE_CURVE('',#3366,#4354,#4356,.T.);
#4354 = VERTEX_POINT('',#4355);
#4355 = CARTESIAN_POINT('',(20.699999999996,3.8,30.728718707892));
#4356 = LINE('',#4357,#4358);
#4357 = CARTESIAN_POINT('',(20.699999999996,5.,30.728718707892));
#4358 = VECTOR('',#4359,1.);
#4359 = DIRECTION('',(0.,-1.,2.22044604925E-16));
#4360 = ORIENTED_EDGE('',*,*,#4361,.T.);
#4361 = EDGE_CURVE('',#4354,#4323,#4362,.T.);
#4362 = LINE('',#4363,#4364);
#4363 = CARTESIAN_POINT('',(20.699999999996,3.8,30.728718707892));
#4364 = VECTOR('',#4365,1.);
#4365 = DIRECTION('',(-0.500000000001,1.922962686382E-16,0.866025403784)
  );
#4366 = ORIENTED_EDGE('',*,*,#4322,.F.);
#4367 = ORIENTED_EDGE('',*,*,#3365,.F.);
#4368 = PLANE('',#4369);
#4369 = AXIS2_PLACEMENT_3D('',#4370,#4371,#4372);
#4370 = CARTESIAN_POINT('',(20.699999999996,5.,30.728718707892));
#4371 = DIRECTION('',(-0.866025403784,-1.110223024628E-16,
    -0.500000000001));
#4372 = DIRECTION('',(-0.500000000001,1.922962686382E-16,0.866025403784)
  );
#4373 = ADVANCED_FACE('',(#4374),#4392,.F.);
#4374 = FACE_BOUND('',#4375,.F.);
#4375 = EDGE_LOOP('',(#4376,#4377,#4385,#4391));
#4376 = ORIENTED_EDGE('',*,*,#4338,.T.);
#4377 = ORIENTED_EDGE('',*,*,#4378,.T.);
#4378 = EDGE_CURVE('',#4331,#4379,#4381,.T.);
#4379 = VERTEX_POINT('',#4380);
#4380 = CARTESIAN_POINT('',(23.89999999998,3.8,36.271281292121));
#4381 = LINE('',#4382,#4383);
#4382 = CARTESIAN_POINT('',(20.699999999994,3.8,36.271281292107));
#4383 = VECTOR('',#4384,1.);
#4384 = DIRECTION('',(1.,1.00826284449E-27,4.540812170737E-12));
#4385 = ORIENTED_EDGE('',*,*,#4386,.F.);
#4386 = EDGE_CURVE('',#3390,#4379,#4387,.T.);
#4387 = LINE('',#4388,#4389);
#4388 = CARTESIAN_POINT('',(23.89999999998,5.,36.271281292121));
#4389 = VECTOR('',#4390,1.);
#4390 = DIRECTION('',(0.,-1.,2.22044604925E-16));
#4391 = ORIENTED_EDGE('',*,*,#3397,.F.);
#4392 = PLANE('',#4393);
#4393 = AXIS2_PLACEMENT_3D('',#4394,#4395,#4396);
#4394 = CARTESIAN_POINT('',(20.699999999994,5.,36.271281292107));
#4395 = DIRECTION('',(-4.540812170737E-12,2.22044604925E-16,1.));
#4396 = DIRECTION('',(1.,1.00826284449E-27,4.540812170737E-12));
#4397 = ADVANCED_FACE('',(#4398),#4416,.F.);
#4398 = FACE_BOUND('',#4399,.F.);
#4399 = EDGE_LOOP('',(#4400,#4408,#4414,#4415));
#4400 = ORIENTED_EDGE('',*,*,#4401,.T.);
#4401 = EDGE_CURVE('',#3374,#4402,#4404,.T.);
#4402 = VERTEX_POINT('',#4403);
#4403 = CARTESIAN_POINT('',(23.900000000004,3.8,30.728718707892));
#4404 = LINE('',#4405,#4406);
#4405 = CARTESIAN_POINT('',(23.900000000004,5.,30.728718707892));
#4406 = VECTOR('',#4407,1.);
#4407 = DIRECTION('',(0.,-1.,2.22044604925E-16));
#4408 = ORIENTED_EDGE('',*,*,#4409,.T.);
#4409 = EDGE_CURVE('',#4402,#4354,#4410,.T.);
#4410 = LINE('',#4411,#4412);
#4411 = CARTESIAN_POINT('',(23.900000000004,3.8,30.728718707892));
#4412 = VECTOR('',#4413,1.);
#4413 = DIRECTION('',(-1.,0.,0.));
#4414 = ORIENTED_EDGE('',*,*,#4353,.F.);
#4415 = ORIENTED_EDGE('',*,*,#3373,.F.);
#4416 = PLANE('',#4417);
#4417 = AXIS2_PLACEMENT_3D('',#4418,#4419,#4420);
#4418 = CARTESIAN_POINT('',(23.900000000004,5.,30.728718707892));
#4419 = DIRECTION('',(-0.,-2.22044604925E-16,-1.));
#4420 = DIRECTION('',(-1.,0.,0.));
#4421 = ADVANCED_FACE('',(#4422),#4440,.F.);
#4422 = FACE_BOUND('',#4423,.F.);
#4423 = EDGE_LOOP('',(#4424,#4425,#4433,#4439));
#4424 = ORIENTED_EDGE('',*,*,#4386,.T.);
#4425 = ORIENTED_EDGE('',*,*,#4426,.T.);
#4426 = EDGE_CURVE('',#4379,#4427,#4429,.T.);
#4427 = VERTEX_POINT('',#4428);
#4428 = CARTESIAN_POINT('',(25.5,3.8,33.500000000014));
#4429 = LINE('',#4430,#4431);
#4430 = CARTESIAN_POINT('',(23.89999999998,3.8,36.271281292121));
#4431 = VECTOR('',#4432,1.);
#4432 = DIRECTION('',(0.500000000005,-1.922962686377E-16,-0.866025403782
    ));
#4433 = ORIENTED_EDGE('',*,*,#4434,.F.);
#4434 = EDGE_CURVE('',#3382,#4427,#4435,.T.);
#4435 = LINE('',#4436,#4437);
#4436 = CARTESIAN_POINT('',(25.5,5.,33.500000000014));
#4437 = VECTOR('',#4438,1.);
#4438 = DIRECTION('',(0.,-1.,2.22044604925E-16));
#4439 = ORIENTED_EDGE('',*,*,#3389,.F.);
#4440 = PLANE('',#4441);
#4441 = AXIS2_PLACEMENT_3D('',#4442,#4443,#4444);
#4442 = CARTESIAN_POINT('',(23.89999999998,5.,36.271281292121));
#4443 = DIRECTION('',(0.866025403782,1.110223024636E-16,0.500000000005)
  );
#4444 = DIRECTION('',(0.500000000005,-1.922962686377E-16,-0.866025403782
    ));
#4445 = ADVANCED_FACE('',(#4446),#4457,.F.);
#4446 = FACE_BOUND('',#4447,.F.);
#4447 = EDGE_LOOP('',(#4448,#4449,#4455,#4456));
#4448 = ORIENTED_EDGE('',*,*,#4434,.T.);
#4449 = ORIENTED_EDGE('',*,*,#4450,.T.);
#4450 = EDGE_CURVE('',#4427,#4402,#4451,.T.);
#4451 = LINE('',#4452,#4453);
#4452 = CARTESIAN_POINT('',(25.5,3.8,33.500000000014));
#4453 = VECTOR('',#4454,1.);
#4454 = DIRECTION('',(-0.499999999998,-1.922962686387E-16,
    -0.866025403786));
#4455 = ORIENTED_EDGE('',*,*,#4401,.F.);
#4456 = ORIENTED_EDGE('',*,*,#3381,.F.);
#4457 = PLANE('',#4458);
#4458 = AXIS2_PLACEMENT_3D('',#4459,#4460,#4461);
#4459 = CARTESIAN_POINT('',(25.5,5.,33.500000000014));
#4460 = DIRECTION('',(0.866025403786,-1.11022302462E-16,-0.499999999998)
  );
#4461 = DIRECTION('',(-0.499999999998,-1.922962686387E-16,
    -0.866025403786));
#4462 = ADVANCED_FACE('',(#4463),#4488,.F.);
#4463 = FACE_BOUND('',#4464,.F.);
#4464 = EDGE_LOOP('',(#4465,#4473,#4481,#4487));
#4465 = ORIENTED_EDGE('',*,*,#4466,.T.);
#4466 = EDGE_CURVE('',#3480,#4467,#4469,.T.);
#4467 = VERTEX_POINT('',#4468);
#4468 = CARTESIAN_POINT('',(19.1,3.8,66.499999999984));
#4469 = LINE('',#4470,#4471);
#4470 = CARTESIAN_POINT('',(19.1,5.,66.499999999984));
#4471 = VECTOR('',#4472,1.);
#4472 = DIRECTION('',(0.,-1.,2.22044604925E-16));
#4473 = ORIENTED_EDGE('',*,*,#4474,.T.);
#4474 = EDGE_CURVE('',#4467,#4475,#4477,.T.);
#4475 = VERTEX_POINT('',#4476);
#4476 = CARTESIAN_POINT('',(20.699999999994,3.8,69.271281292107));
#4477 = LINE('',#4478,#4479);
#4478 = CARTESIAN_POINT('',(19.1,3.8,66.499999999984));
#4479 = VECTOR('',#4480,1.);
#4480 = DIRECTION('',(0.499999999997,1.922962686387E-16,0.866025403786)
  );
#4481 = ORIENTED_EDGE('',*,*,#4482,.F.);
#4482 = EDGE_CURVE('',#3482,#4475,#4483,.T.);
#4483 = LINE('',#4484,#4485);
#4484 = CARTESIAN_POINT('',(20.699999999994,5.,69.271281292107));
#4485 = VECTOR('',#4486,1.);
#4486 = DIRECTION('',(0.,-1.,2.22044604925E-16));
#4487 = ORIENTED_EDGE('',*,*,#3479,.F.);
#4488 = PLANE('',#4489);
#4489 = AXIS2_PLACEMENT_3D('',#4490,#4491,#4492);
#4490 = CARTESIAN_POINT('',(19.1,5.,66.499999999984));
#4491 = DIRECTION('',(-0.866025403786,1.110223024618E-16,0.499999999997)
  );
#4492 = DIRECTION('',(0.499999999997,1.922962686387E-16,0.866025403786)
  );
#4493 = ADVANCED_FACE('',(#4494),#4512,.F.);
#4494 = FACE_BOUND('',#4495,.F.);
#4495 = EDGE_LOOP('',(#4496,#4504,#4510,#4511));
#4496 = ORIENTED_EDGE('',*,*,#4497,.T.);
#4497 = EDGE_CURVE('',#3490,#4498,#4500,.T.);
#4498 = VERTEX_POINT('',#4499);
#4499 = CARTESIAN_POINT('',(20.699999999996,3.8,63.728718707892));
#4500 = LINE('',#4501,#4502);
#4501 = CARTESIAN_POINT('',(20.699999999996,5.,63.728718707892));
#4502 = VECTOR('',#4503,1.);
#4503 = DIRECTION('',(0.,-1.,2.22044604925E-16));
#4504 = ORIENTED_EDGE('',*,*,#4505,.T.);
#4505 = EDGE_CURVE('',#4498,#4467,#4506,.T.);
#4506 = LINE('',#4507,#4508);
#4507 = CARTESIAN_POINT('',(20.699999999996,3.8,63.728718707892));
#4508 = VECTOR('',#4509,1.);
#4509 = DIRECTION('',(-0.500000000002,1.922962686382E-16,0.866025403784)
  );
#4510 = ORIENTED_EDGE('',*,*,#4466,.F.);
#4511 = ORIENTED_EDGE('',*,*,#3489,.F.);
#4512 = PLANE('',#4513);
#4513 = AXIS2_PLACEMENT_3D('',#4514,#4515,#4516);
#4514 = CARTESIAN_POINT('',(20.699999999996,5.,63.728718707892));
#4515 = DIRECTION('',(-0.866025403784,-1.110223024629E-16,
    -0.500000000002));
#4516 = DIRECTION('',(-0.500000000002,1.922962686382E-16,0.866025403784)
  );
#4517 = ADVANCED_FACE('',(#4518),#4536,.F.);
#4518 = FACE_BOUND('',#4519,.F.);
#4519 = EDGE_LOOP('',(#4520,#4521,#4529,#4535));
#4520 = ORIENTED_EDGE('',*,*,#4482,.T.);
#4521 = ORIENTED_EDGE('',*,*,#4522,.T.);
#4522 = EDGE_CURVE('',#4475,#4523,#4525,.T.);
#4523 = VERTEX_POINT('',#4524);
#4524 = CARTESIAN_POINT('',(23.899999999981,3.8,69.271281292121));
#4525 = LINE('',#4526,#4527);
#4526 = CARTESIAN_POINT('',(20.699999999994,3.8,69.271281292107));
#4527 = VECTOR('',#4528,1.);
#4528 = DIRECTION('',(1.,1.014672339345E-27,4.569677969377E-12));
#4529 = ORIENTED_EDGE('',*,*,#4530,.F.);
#4530 = EDGE_CURVE('',#3514,#4523,#4531,.T.);
#4531 = LINE('',#4532,#4533);
#4532 = CARTESIAN_POINT('',(23.899999999981,5.,69.271281292121));
#4533 = VECTOR('',#4534,1.);
#4534 = DIRECTION('',(0.,-1.,2.22044604925E-16));
#4535 = ORIENTED_EDGE('',*,*,#3521,.F.);
#4536 = PLANE('',#4537);
#4537 = AXIS2_PLACEMENT_3D('',#4538,#4539,#4540);
#4538 = CARTESIAN_POINT('',(20.699999999994,5.,69.271281292107));
#4539 = DIRECTION('',(-4.569677969377E-12,2.22044604925E-16,1.));
#4540 = DIRECTION('',(1.,1.014672339345E-27,4.569677969377E-12));
#4541 = ADVANCED_FACE('',(#4542),#4560,.F.);
#4542 = FACE_BOUND('',#4543,.F.);
#4543 = EDGE_LOOP('',(#4544,#4552,#4558,#4559));
#4544 = ORIENTED_EDGE('',*,*,#4545,.T.);
#4545 = EDGE_CURVE('',#3498,#4546,#4548,.T.);
#4546 = VERTEX_POINT('',#4547);
#4547 = CARTESIAN_POINT('',(23.900000000004,3.8,63.728718707892));
#4548 = LINE('',#4549,#4550);
#4549 = CARTESIAN_POINT('',(23.900000000004,5.,63.728718707892));
#4550 = VECTOR('',#4551,1.);
#4551 = DIRECTION('',(0.,-1.,2.22044604925E-16));
#4552 = ORIENTED_EDGE('',*,*,#4553,.T.);
#4553 = EDGE_CURVE('',#4546,#4498,#4554,.T.);
#4554 = LINE('',#4555,#4556);
#4555 = CARTESIAN_POINT('',(23.900000000004,3.8,63.728718707892));
#4556 = VECTOR('',#4557,1.);
#4557 = DIRECTION('',(-1.,0.,0.));
#4558 = ORIENTED_EDGE('',*,*,#4497,.F.);
#4559 = ORIENTED_EDGE('',*,*,#3497,.F.);
#4560 = PLANE('',#4561);
#4561 = AXIS2_PLACEMENT_3D('',#4562,#4563,#4564);
#4562 = CARTESIAN_POINT('',(23.900000000004,5.,63.728718707892));
#4563 = DIRECTION('',(-0.,-2.22044604925E-16,-1.));
#4564 = DIRECTION('',(-1.,0.,0.));
#4565 = ADVANCED_FACE('',(#4566),#4584,.F.);
#4566 = FACE_BOUND('',#4567,.F.);
#4567 = EDGE_LOOP('',(#4568,#4569,#4577,#4583));
#4568 = ORIENTED_EDGE('',*,*,#4530,.T.);
#4569 = ORIENTED_EDGE('',*,*,#4570,.T.);
#4570 = EDGE_CURVE('',#4523,#4571,#4573,.T.);
#4571 = VERTEX_POINT('',#4572);
#4572 = CARTESIAN_POINT('',(25.5,3.8,66.500000000014));
#4573 = LINE('',#4574,#4575);
#4574 = CARTESIAN_POINT('',(23.899999999981,3.8,69.271281292121));
#4575 = VECTOR('',#4576,1.);
#4576 = DIRECTION('',(0.500000000005,-1.922962686377E-16,-0.866025403782
    ));
#4577 = ORIENTED_EDGE('',*,*,#4578,.F.);
#4578 = EDGE_CURVE('',#3506,#4571,#4579,.T.);
#4579 = LINE('',#4580,#4581);
#4580 = CARTESIAN_POINT('',(25.5,5.,66.500000000014));
#4581 = VECTOR('',#4582,1.);
#4582 = DIRECTION('',(0.,-1.,2.22044604925E-16));
#4583 = ORIENTED_EDGE('',*,*,#3513,.F.);
#4584 = PLANE('',#4585);
#4585 = AXIS2_PLACEMENT_3D('',#4586,#4587,#4588);
#4586 = CARTESIAN_POINT('',(23.899999999981,5.,69.271281292121));
#4587 = DIRECTION('',(0.866025403782,1.110223024636E-16,0.500000000005)
  );
#4588 = DIRECTION('',(0.500000000005,-1.922962686377E-16,-0.866025403782
    ));
#4589 = ADVANCED_FACE('',(#4590),#4601,.F.);
#4590 = FACE_BOUND('',#4591,.F.);
#4591 = EDGE_LOOP('',(#4592,#4593,#4599,#4600));
#4592 = ORIENTED_EDGE('',*,*,#4578,.T.);
#4593 = ORIENTED_EDGE('',*,*,#4594,.T.);
#4594 = EDGE_CURVE('',#4571,#4546,#4595,.T.);
#4595 = LINE('',#4596,#4597);
#4596 = CARTESIAN_POINT('',(25.5,3.8,66.500000000014));
#4597 = VECTOR('',#4598,1.);
#4598 = DIRECTION('',(-0.499999999998,-1.922962686387E-16,
    -0.866025403786));
#4599 = ORIENTED_EDGE('',*,*,#4545,.F.);
#4600 = ORIENTED_EDGE('',*,*,#3505,.F.);
#4601 = PLANE('',#4602);
#4602 = AXIS2_PLACEMENT_3D('',#4603,#4604,#4605);
#4603 = CARTESIAN_POINT('',(25.5,5.,66.500000000014));
#4604 = DIRECTION('',(0.866025403786,-1.11022302462E-16,-0.499999999998)
  );
#4605 = DIRECTION('',(-0.499999999998,-1.922962686387E-16,
    -0.866025403786));
#4606 = ADVANCED_FACE('',(#4607),#4626,.T.);
#4607 = FACE_BOUND('',#4608,.F.);
#4608 = EDGE_LOOP('',(#4609,#4617,#4624,#4625));
#4609 = ORIENTED_EDGE('',*,*,#4610,.T.);
#4610 = EDGE_CURVE('',#3581,#4611,#4613,.T.);
#4611 = VERTEX_POINT('',#4612);
#4612 = CARTESIAN_POINT('',(-11.25,33.5,50.));
#4613 = LINE('',#4614,#4615);
#4614 = CARTESIAN_POINT('',(-11.25,19.5,50.));
#4615 = VECTOR('',#4616,1.);
#4616 = DIRECTION('',(0.,1.,-2.22044604925E-16));
#4617 = ORIENTED_EDGE('',*,*,#4618,.T.);
#4618 = EDGE_CURVE('',#4611,#4611,#4619,.T.);
#4619 = CIRCLE('',#4620,11.25);
#4620 = AXIS2_PLACEMENT_3D('',#4621,#4622,#4623);
#4621 = CARTESIAN_POINT('',(0.,33.5,50.));
#4622 = DIRECTION('',(0.,1.,-2.22044604925E-16));
#4623 = DIRECTION('',(-1.,0.,0.));
#4624 = ORIENTED_EDGE('',*,*,#4610,.F.);
#4625 = ORIENTED_EDGE('',*,*,#3580,.F.);
#4626 = CYLINDRICAL_SURFACE('',#4627,11.25);
#4627 = AXIS2_PLACEMENT_3D('',#4628,#4629,#4630);
#4628 = CARTESIAN_POINT('',(0.,19.5,50.));
#4629 = DIRECTION('',(0.,-1.,2.22044604925E-16));
#4630 = DIRECTION('',(-1.,0.,0.));
#4631 = ADVANCED_FACE('',(#4632,#4640),#4643,.T.);
#4632 = FACE_BOUND('',#4633,.T.);
#4633 = EDGE_LOOP('',(#4634,#4635,#4636,#4637,#4638,#4639));
#4634 = ORIENTED_EDGE('',*,*,#4330,.T.);
#4635 = ORIENTED_EDGE('',*,*,#4378,.T.);
#4636 = ORIENTED_EDGE('',*,*,#4426,.T.);
#4637 = ORIENTED_EDGE('',*,*,#4450,.T.);
#4638 = ORIENTED_EDGE('',*,*,#4409,.T.);
#4639 = ORIENTED_EDGE('',*,*,#4361,.T.);
#4640 = FACE_BOUND('',#4641,.T.);
#4641 = EDGE_LOOP('',(#4642));
#4642 = ORIENTED_EDGE('',*,*,#3807,.F.);
#4643 = PLANE('',#4644);
#4644 = AXIS2_PLACEMENT_3D('',#4645,#4646,#4647);
#4645 = CARTESIAN_POINT('',(-5.284892893679E-13,3.8,50.));
#4646 = DIRECTION('',(0.,1.,0.));
#4647 = DIRECTION('',(0.,0.,1.));
#4648 = ADVANCED_FACE('',(#4649,#4657),#4660,.T.);
#4649 = FACE_BOUND('',#4650,.T.);
#4650 = EDGE_LOOP('',(#4651,#4652,#4653,#4654,#4655,#4656));
#4651 = ORIENTED_EDGE('',*,*,#4035,.T.);
#4652 = ORIENTED_EDGE('',*,*,#4018,.T.);
#4653 = ORIENTED_EDGE('',*,*,#3994,.T.);
#4654 = ORIENTED_EDGE('',*,*,#3970,.T.);
#4655 = ORIENTED_EDGE('',*,*,#3946,.T.);
#4656 = ORIENTED_EDGE('',*,*,#3915,.T.);
#4657 = FACE_BOUND('',#4658,.T.);
#4658 = EDGE_LOOP('',(#4659));
#4659 = ORIENTED_EDGE('',*,*,#3832,.F.);
#4660 = PLANE('',#4661);
#4661 = AXIS2_PLACEMENT_3D('',#4662,#4663,#4664);
#4662 = CARTESIAN_POINT('',(-5.284892893679E-13,3.8,50.));
#4663 = DIRECTION('',(0.,1.,0.));
#4664 = DIRECTION('',(0.,0.,1.));
#4665 = ADVANCED_FACE('',(#4666,#4674),#4677,.T.);
#4666 = FACE_BOUND('',#4667,.T.);
#4667 = EDGE_LOOP('',(#4668,#4669,#4670,#4671,#4672,#4673));
#4668 = ORIENTED_EDGE('',*,*,#4204,.T.);
#4669 = ORIENTED_EDGE('',*,*,#4187,.T.);
#4670 = ORIENTED_EDGE('',*,*,#4163,.T.);
#4671 = ORIENTED_EDGE('',*,*,#4139,.T.);
#4672 = ORIENTED_EDGE('',*,*,#4115,.T.);
#4673 = ORIENTED_EDGE('',*,*,#4084,.T.);
#4674 = FACE_BOUND('',#4675,.T.);
#4675 = EDGE_LOOP('',(#4676));
#4676 = ORIENTED_EDGE('',*,*,#3857,.F.);
#4677 = PLANE('',#4678);
#4678 = AXIS2_PLACEMENT_3D('',#4679,#4680,#4681);
#4679 = CARTESIAN_POINT('',(-5.284892893679E-13,3.8,50.));
#4680 = DIRECTION('',(0.,1.,0.));
#4681 = DIRECTION('',(0.,0.,1.));
#4682 = ADVANCED_FACE('',(#4683,#4691),#4694,.T.);
#4683 = FACE_BOUND('',#4684,.T.);
#4684 = EDGE_LOOP('',(#4685,#4686,#4687,#4688,#4689,#4690));
#4685 = ORIENTED_EDGE('',*,*,#4474,.T.);
#4686 = ORIENTED_EDGE('',*,*,#4522,.T.);
#4687 = ORIENTED_EDGE('',*,*,#4570,.T.);
#4688 = ORIENTED_EDGE('',*,*,#4594,.T.);
#4689 = ORIENTED_EDGE('',*,*,#4553,.T.);
#4690 = ORIENTED_EDGE('',*,*,#4505,.T.);
#4691 = FACE_BOUND('',#4692,.T.);
#4692 = EDGE_LOOP('',(#4693));
#4693 = ORIENTED_EDGE('',*,*,#3882,.F.);
#4694 = PLANE('',#4695);
#4695 = AXIS2_PLACEMENT_3D('',#4696,#4697,#4698);
#4696 = CARTESIAN_POINT('',(-5.284892893679E-13,3.8,50.));
#4697 = DIRECTION('',(0.,1.,0.));
#4698 = DIRECTION('',(0.,0.,1.));
#4699 = ADVANCED_FACE('',(#4700),#4719,.F.);
#4700 = FACE_BOUND('',#4701,.F.);
#4701 = EDGE_LOOP('',(#4702,#4710,#4717,#4718));
#4702 = ORIENTED_EDGE('',*,*,#4703,.F.);
#4703 = EDGE_CURVE('',#4704,#4060,#4706,.T.);
#4704 = VERTEX_POINT('',#4705);
#4705 = CARTESIAN_POINT('',(-1.55,33.5,50.));
#4706 = LINE('',#4707,#4708);
#4707 = CARTESIAN_POINT('',(-1.55,33.5,50.));
#4708 = VECTOR('',#4709,1.);
#4709 = DIRECTION('',(0.,-1.,2.22044604925E-16));
#4710 = ORIENTED_EDGE('',*,*,#4711,.F.);
#4711 = EDGE_CURVE('',#4704,#4704,#4712,.T.);
#4712 = CIRCLE('',#4713,1.55);
#4713 = AXIS2_PLACEMENT_3D('',#4714,#4715,#4716);
#4714 = CARTESIAN_POINT('',(0.,33.5,50.));
#4715 = DIRECTION('',(0.,1.,-2.22044604925E-16));
#4716 = DIRECTION('',(-1.,0.,0.));
#4717 = ORIENTED_EDGE('',*,*,#4703,.T.);
#4718 = ORIENTED_EDGE('',*,*,#4059,.T.);
#4719 = CYLINDRICAL_SURFACE('',#4720,1.55);
#4720 = AXIS2_PLACEMENT_3D('',#4721,#4722,#4723);
#4721 = CARTESIAN_POINT('',(0.,33.5,50.));
#4722 = DIRECTION('',(0.,1.,-2.22044604925E-16));
#4723 = DIRECTION('',(-1.,0.,0.));
#4724 = ADVANCED_FACE('',(#4725,#4728),#4731,.T.);
#4725 = FACE_BOUND('',#4726,.T.);
#4726 = EDGE_LOOP('',(#4727));
#4727 = ORIENTED_EDGE('',*,*,#4618,.T.);
#4728 = FACE_BOUND('',#4729,.T.);
#4729 = EDGE_LOOP('',(#4730));
#4730 = ORIENTED_EDGE('',*,*,#4711,.F.);
#4731 = PLANE('',#4732);
#4732 = AXIS2_PLACEMENT_3D('',#4733,#4734,#4735);
#4733 = CARTESIAN_POINT('',(9.72401872028E-16,33.5,50.));
#4734 = DIRECTION('',(0.,1.,0.));
#4735 = DIRECTION('',(0.,0.,1.));
#4736 = ( GEOMETRIC_REPRESENTATION_CONTEXT(3) 
GLOBAL_UNCERTAINTY_ASSIGNED_CONTEXT((#4740)) 
GLOBAL_UNIT_ASSIGNED_CONTEXT((#4737,#4738,#4739)) REPRESENTATION_CONTEXT
('Context #1','3D Context with UNIT and UNCERTAINTY') );
#4737 = ( LENGTH_UNIT() NAMED_UNIT(*) SI_UNIT(.MILLI.,.METRE.) );
#4738 = ( NAMED_UNIT(*) PLANE_ANGLE_UNIT() SI_UNIT($,.RADIAN.) );
#4739 = ( NAMED_UNIT(*) SI_UNIT($,.STERADIAN.) SOLID_ANGLE_UNIT() );
#4740 = UNCERTAINTY_MEASURE_WITH_UNIT(LENGTH_MEASURE(2.E-05),#4737,
  'distance_accuracy_value','confusion accuracy');
#4741 = PRODUCT_RELATED_PRODUCT_CATEGORY('detail',$,(#7));
#4742 = PRODUCT_CATEGORY_RELATIONSHIP('','',#4743,#4741);
#4743 = PRODUCT_CATEGORY('part',$);
#4744 = CC_DESIGN_PERSON_AND_ORGANIZATION_ASSIGNMENT(#4745,#4748,(#6,#5)
  );
#4745 = PERSON_AND_ORGANIZATION(#4746,#4747);
#4746 = PERSON('IP169.254.190,karol','','karol',$,$,$);
#4747 = ORGANIZATION('IP169.254.190','Unspecified','');
#4748 = PERSON_AND_ORGANIZATION_ROLE('creator');
#4749 = CC_DESIGN_PERSON_AND_ORGANIZATION_ASSIGNMENT(#4745,#4750,(#7));
#4750 = PERSON_AND_ORGANIZATION_ROLE('design_owner');
#4751 = CC_DESIGN_PERSON_AND_ORGANIZATION_ASSIGNMENT(#4745,#4752,(#6));
#4752 = PERSON_AND_ORGANIZATION_ROLE('design_supplier');
#4753 = CC_DESIGN_PERSON_AND_ORGANIZATION_ASSIGNMENT(#4745,#4754,(#4755)
  );
#4754 = PERSON_AND_ORGANIZATION_ROLE('classification_officer');
#4755 = SECURITY_CLASSIFICATION('','',#4756);
#4756 = SECURITY_CLASSIFICATION_LEVEL('unclassified');
#4757 = CC_DESIGN_SECURITY_CLASSIFICATION(#4755,(#6));
#4758 = CC_DESIGN_DATE_AND_TIME_ASSIGNMENT(#4759,#4763,(#5));
#4759 = DATE_AND_TIME(#4760,#4761);
#4760 = CALENDAR_DATE(2026,20,4);
#4761 = LOCAL_TIME(18,25,$,#4762);
#4762 = COORDINATED_UNIVERSAL_TIME_OFFSET(1,$,.AHEAD.);
#4763 = DATE_TIME_ROLE('creation_date');
#4764 = CC_DESIGN_DATE_AND_TIME_ASSIGNMENT(#4759,#4765,(#4755));
#4765 = DATE_TIME_ROLE('classification_date');
#4766 = CC_DESIGN_APPROVAL(#4767,(#6,#5,#4755));
#4767 = APPROVAL(#4768,'');
#4768 = APPROVAL_STATUS('not_yet_approved');
#4769 = APPROVAL_PERSON_ORGANIZATION(#4745,#4767,#4770);
#4770 = APPROVAL_ROLE('approver');
#4771 = APPROVAL_DATE_TIME(#4759,#4767);
#4772 = MECHANICAL_DESIGN_GEOMETRIC_PRESENTATION_REPRESENTATION('',(
    #4773),#4736);
#4773 = STYLED_ITEM('color',(#4774),#15);
#4774 = PRESENTATION_STYLE_ASSIGNMENT((#4775,#4781));
#4775 = SURFACE_STYLE_USAGE(.BOTH.,#4776);
#4776 = SURFACE_SIDE_STYLE('',(#4777));
#4777 = SURFACE_STYLE_FILL_AREA(#4778);
#4778 = FILL_AREA_STYLE('',(#4779));
#4779 = FILL_AREA_STYLE_COLOUR('',#4780);
#4780 = COLOUR_RGB('',0.447058818107,0.474509808674,0.501960817233);
#4781 = CURVE_STYLE('',#4782,POSITIVE_LENGTH_MEASURE(0.1),#4783);
#4782 = DRAUGHTING_PRE_DEFINED_CURVE_FONT('continuous');
#4783 = COLOUR_RGB('',9.803921802644E-02,9.803921802644E-02,
  9.803921802644E-02);
ENDSEC;
END-ISO-10303-21;
