ISO-10303-21;
HEADER;
FILE_DESCRIPTION(('FreeCAD Model'),'2;1');
FILE_NAME('Open CASCADE Shape Model','2026-04-21T18:54:27',(''),(''),
  'Open CASCADE STEP processor 7.8','FreeCAD','Unknown');
FILE_SCHEMA(('CONFIG_CONTROL_DESIGN','SHAPE_APPEARANCE_LAYER_MIM'));
ENDSEC;
DATA;
#1 = APPLICATION_PROTOCOL_DEFINITION('international standard',
  'config_control_design',1994,#2);
#2 = APPLICATION_CONTEXT(
'configuration controlled 3D designs of mechanical parts and assemblies'
  );
#3 = SHAPE_DEFINITION_REPRESENTATION(#4,#10);
#4 = PRODUCT_DEFINITION_SHAPE('','',#5);
#5 = PRODUCT_DEFINITION('design','',#6,#9);
#6 = PRODUCT_DEFINITION_FORMATION_WITH_SPECIFIED_SOURCE('','',#7,
  .NOT_KNOWN.);
#7 = PRODUCT('Body','Body','',(#8));
#8 = MECHANICAL_CONTEXT('',#2,'mechanical');
#9 = DESIGN_CONTEXT('',#2,'design');
#10 = ADVANCED_BREP_SHAPE_REPRESENTATION('',(#11,#15),#4393);
#11 = AXIS2_PLACEMENT_3D('',#12,#13,#14);
#12 = CARTESIAN_POINT('',(0.,0.,0.));
#13 = DIRECTION('',(0.,0.,1.));
#14 = DIRECTION('',(1.,0.,-0.));
#15 = MANIFOLD_SOLID_BREP('',#16);
#16 = CLOSED_SHELL('',(#17,#81,#113,#138,#237,#261,#285,#316,#591,#632,
    #720,#767,#784,#796,#827,#851,#875,#899,#923,#940,#1040,#1057,#1074,
    #1096,#1148,#1173,#1198,#1223,#1248,#1273,#1298,#1323,#1348,#1373,
    #1436,#1461,#1485,#1510,#1534,#1582,#1606,#1624,#1642,#1652,#1664,
    #1689,#1714,#1739,#1764,#1834,#1852,#1870,#1894,#1918,#1951,#1975,
    #2023,#2056,#2073,#2104,#2128,#2152,#2176,#2200,#2217,#2436,#2461,
    #2553,#2578,#2670,#2740,#2752,#2769,#2828,#2887,#2909,#2926,#2943,
    #2960,#2977,#2989,#3006,#3045,#3062,#3079,#3171,#3196,#3295,#3312,
    #3337,#3354,#3371,#3383,#3400,#3417,#3444,#3462,#3472,#3489,#3501,
    #3518,#3535,#3547,#3572,#3597,#3622,#3647,#3678,#3702,#3726,#3750,
    #3774,#3791,#3822,#3846,#3870,#3894,#3918,#3935,#3957,#3974,#3991,
    #4008,#4025,#4037,#4068,#4092,#4116,#4140,#4164,#4181,#4212,#4236,
    #4260,#4284,#4308,#4325,#4342,#4359,#4376));
#17 = ADVANCED_FACE('',(#18),#76,.F.);
#18 = FACE_BOUND('',#19,.F.);
#19 = EDGE_LOOP('',(#20,#30,#38,#46,#54,#62,#70));
#20 = ORIENTED_EDGE('',*,*,#21,.F.);
#21 = EDGE_CURVE('',#22,#24,#26,.T.);
#22 = VERTEX_POINT('',#23);
#23 = CARTESIAN_POINT('',(-22.3,5.,28.5));
#24 = VERTEX_POINT('',#25);
#25 = CARTESIAN_POINT('',(-22.3,12.5,28.5));
#26 = LINE('',#27,#28);
#27 = CARTESIAN_POINT('',(-22.3,0.,28.5));
#28 = VECTOR('',#29,1.);
#29 = DIRECTION('',(0.,1.,0.));
#30 = ORIENTED_EDGE('',*,*,#31,.F.);
#31 = EDGE_CURVE('',#32,#22,#34,.T.);
#32 = VERTEX_POINT('',#33);
#33 = CARTESIAN_POINT('',(-22.3,5.,28.48902697423));
#34 = LINE('',#35,#36);
#35 = CARTESIAN_POINT('',(-22.3,5.,44.244513487115));
#36 = VECTOR('',#37,1.);
#37 = DIRECTION('',(0.,0.,1.));
#38 = ORIENTED_EDGE('',*,*,#39,.F.);
#39 = EDGE_CURVE('',#40,#32,#42,.T.);
#40 = VERTEX_POINT('',#41);
#41 = CARTESIAN_POINT('',(-22.3,0.,28.48902697423));
#42 = LINE('',#43,#44);
#43 = CARTESIAN_POINT('',(-22.3,6.875,28.48902697423));
#44 = VECTOR('',#45,1.);
#45 = DIRECTION('',(0.,1.,0.));
#46 = ORIENTED_EDGE('',*,*,#47,.F.);
#47 = EDGE_CURVE('',#48,#40,#50,.T.);
#48 = VERTEX_POINT('',#49);
#49 = CARTESIAN_POINT('',(-22.3,0.,10.));
#50 = LINE('',#51,#52);
#51 = CARTESIAN_POINT('',(-22.3,0.,10.));
#52 = VECTOR('',#53,1.);
#53 = DIRECTION('',(0.,0.,1.));
#54 = ORIENTED_EDGE('',*,*,#55,.F.);
#55 = EDGE_CURVE('',#56,#48,#58,.T.);
#56 = VERTEX_POINT('',#57);
#57 = CARTESIAN_POINT('',(-22.3,5.,10.));
#58 = LINE('',#59,#60);
#59 = CARTESIAN_POINT('',(-22.3,17.5,10.));
#60 = VECTOR('',#61,1.);
#61 = DIRECTION('',(0.,-1.,0.));
#62 = ORIENTED_EDGE('',*,*,#63,.F.);
#63 = EDGE_CURVE('',#64,#56,#66,.T.);
#64 = VERTEX_POINT('',#65);
#65 = CARTESIAN_POINT('',(-22.3,12.5,10.));
#66 = LINE('',#67,#68);
#67 = CARTESIAN_POINT('',(-22.3,17.5,10.));
#68 = VECTOR('',#69,1.);
#69 = DIRECTION('',(0.,-1.,0.));
#70 = ORIENTED_EDGE('',*,*,#71,.F.);
#71 = EDGE_CURVE('',#24,#64,#72,.T.);
#72 = LINE('',#73,#74);
#73 = CARTESIAN_POINT('',(-22.3,12.5,28.5));
#74 = VECTOR('',#75,1.);
#75 = DIRECTION('',(0.,0.,-1.));
#76 = PLANE('',#77);
#77 = AXIS2_PLACEMENT_3D('',#78,#79,#80);
#78 = CARTESIAN_POINT('',(-22.3,8.75,50.));
#79 = DIRECTION('',(1.,0.,0.));
#80 = DIRECTION('',(0.,0.,1.));
#81 = ADVANCED_FACE('',(#82),#108,.F.);
#82 = FACE_BOUND('',#83,.F.);
#83 = EDGE_LOOP('',(#84,#85,#94,#102));
#84 = ORIENTED_EDGE('',*,*,#21,.T.);
#85 = ORIENTED_EDGE('',*,*,#86,.T.);
#86 = EDGE_CURVE('',#24,#87,#89,.T.);
#87 = VERTEX_POINT('',#88);
#88 = CARTESIAN_POINT('',(-17.3,17.5,28.5));
#89 = CIRCLE('',#90,5.);
#90 = AXIS2_PLACEMENT_3D('',#91,#92,#93);
#91 = CARTESIAN_POINT('',(-17.3,12.5,28.5));
#92 = DIRECTION('',(0.,0.,-1.));
#93 = DIRECTION('',(0.,1.,0.));
#94 = ORIENTED_EDGE('',*,*,#95,.F.);
#95 = EDGE_CURVE('',#96,#87,#98,.T.);
#96 = VERTEX_POINT('',#97);
#97 = CARTESIAN_POINT('',(-17.3,5.,28.5));
#98 = LINE('',#99,#100);
#99 = CARTESIAN_POINT('',(-17.3,0.,28.5));
#100 = VECTOR('',#101,1.);
#101 = DIRECTION('',(0.,1.,0.));
#102 = ORIENTED_EDGE('',*,*,#103,.F.);
#103 = EDGE_CURVE('',#22,#96,#104,.T.);
#104 = LINE('',#105,#106);
#105 = CARTESIAN_POINT('',(-17.3,5.,28.5));
#106 = VECTOR('',#107,1.);
#107 = DIRECTION('',(1.,0.,0.));
#108 = PLANE('',#109);
#109 = AXIS2_PLACEMENT_3D('',#110,#111,#112);
#110 = CARTESIAN_POINT('',(-17.3,0.,28.5));
#111 = DIRECTION('',(0.,0.,-1.));
#112 = DIRECTION('',(0.,1.,0.));
#113 = ADVANCED_FACE('',(#114),#133,.T.);
#114 = FACE_BOUND('',#115,.T.);
#115 = EDGE_LOOP('',(#116,#117,#125,#132));
#116 = ORIENTED_EDGE('',*,*,#86,.T.);
#117 = ORIENTED_EDGE('',*,*,#118,.T.);
#118 = EDGE_CURVE('',#87,#119,#121,.T.);
#119 = VERTEX_POINT('',#120);
#120 = CARTESIAN_POINT('',(-17.3,17.5,10.));
#121 = LINE('',#122,#123);
#122 = CARTESIAN_POINT('',(-17.3,17.5,28.5));
#123 = VECTOR('',#124,1.);
#124 = DIRECTION('',(0.,0.,-1.));
#125 = ORIENTED_EDGE('',*,*,#126,.F.);
#126 = EDGE_CURVE('',#64,#119,#127,.T.);
#127 = CIRCLE('',#128,5.);
#128 = AXIS2_PLACEMENT_3D('',#129,#130,#131);
#129 = CARTESIAN_POINT('',(-17.3,12.5,10.));
#130 = DIRECTION('',(0.,0.,-1.));
#131 = DIRECTION('',(0.,1.,0.));
#132 = ORIENTED_EDGE('',*,*,#71,.F.);
#133 = CYLINDRICAL_SURFACE('',#134,5.);
#134 = AXIS2_PLACEMENT_3D('',#135,#136,#137);
#135 = CARTESIAN_POINT('',(-17.3,12.5,28.5));
#136 = DIRECTION('',(0.,0.,-1.));
#137 = DIRECTION('',(-1.,-0.,-0.));
#138 = ADVANCED_FACE('',(#139,#182),#232,.F.);
#139 = FACE_BOUND('',#140,.F.);
#140 = EDGE_LOOP('',(#141,#151,#160,#166,#167,#168,#176));
#141 = ORIENTED_EDGE('',*,*,#142,.T.);
#142 = EDGE_CURVE('',#143,#145,#147,.T.);
#143 = VERTEX_POINT('',#144);
#144 = CARTESIAN_POINT('',(-27.3,5.,38.48902697423));
#145 = VERTEX_POINT('',#146);
#146 = CARTESIAN_POINT('',(-27.3,5.,30.48902697423));
#147 = LINE('',#148,#149);
#148 = CARTESIAN_POINT('',(-27.3,5.,38.48902697423));
#149 = VECTOR('',#150,1.);
#150 = DIRECTION('',(0.,0.,-1.));
#151 = ORIENTED_EDGE('',*,*,#152,.F.);
#152 = EDGE_CURVE('',#153,#145,#155,.T.);
#153 = VERTEX_POINT('',#154);
#154 = CARTESIAN_POINT('',(-25.3,5.,28.48902697423));
#155 = CIRCLE('',#156,2.);
#156 = AXIS2_PLACEMENT_3D('',#157,#158,#159);
#157 = CARTESIAN_POINT('',(-25.3,5.,30.48902697423));
#158 = DIRECTION('',(-0.,1.,0.));
#159 = DIRECTION('',(0.,0.,-1.));
#160 = ORIENTED_EDGE('',*,*,#161,.F.);
#161 = EDGE_CURVE('',#32,#153,#162,.T.);
#162 = LINE('',#163,#164);
#163 = CARTESIAN_POINT('',(-17.3,5.,28.48902697423));
#164 = VECTOR('',#165,1.);
#165 = DIRECTION('',(-1.,0.,0.));
#166 = ORIENTED_EDGE('',*,*,#31,.T.);
#167 = ORIENTED_EDGE('',*,*,#103,.T.);
#168 = ORIENTED_EDGE('',*,*,#169,.F.);
#169 = EDGE_CURVE('',#170,#96,#172,.T.);
#170 = VERTEX_POINT('',#171);
#171 = CARTESIAN_POINT('',(-17.3,5.,38.48902697423));
#172 = LINE('',#173,#174);
#173 = CARTESIAN_POINT('',(-17.3,5.,38.48902697423));
#174 = VECTOR('',#175,1.);
#175 = DIRECTION('',(0.,0.,-1.));
#176 = ORIENTED_EDGE('',*,*,#177,.T.);
#177 = EDGE_CURVE('',#170,#143,#178,.T.);
#178 = LINE('',#179,#180);
#179 = CARTESIAN_POINT('',(-17.3,5.,38.48902697423));
#180 = VECTOR('',#181,1.);
#181 = DIRECTION('',(-1.,0.,0.));
#182 = FACE_BOUND('',#183,.F.);
#183 = EDGE_LOOP('',(#184,#194,#202,#210,#218,#226));
#184 = ORIENTED_EDGE('',*,*,#185,.T.);
#185 = EDGE_CURVE('',#186,#188,#190,.T.);
#186 = VERTEX_POINT('',#187);
#187 = CARTESIAN_POINT('',(-23.9,5.,30.728718707892));
#188 = VERTEX_POINT('',#189);
#189 = CARTESIAN_POINT('',(-25.5,5.,33.499999999984));
#190 = LINE('',#191,#192);
#191 = CARTESIAN_POINT('',(-23.9,5.,30.728718707892));
#192 = VECTOR('',#193,1.);
#193 = DIRECTION('',(-0.500000000002,1.922962686382E-16,0.866025403784)
  );
#194 = ORIENTED_EDGE('',*,*,#195,.T.);
#195 = EDGE_CURVE('',#188,#196,#198,.T.);
#196 = VERTEX_POINT('',#197);
#197 = CARTESIAN_POINT('',(-23.9,5.,36.271281292107));
#198 = LINE('',#199,#200);
#199 = CARTESIAN_POINT('',(-25.5,5.,33.499999999984));
#200 = VECTOR('',#201,1.);
#201 = DIRECTION('',(0.499999999997,1.922962686387E-16,0.866025403786));
#202 = ORIENTED_EDGE('',*,*,#203,.T.);
#203 = EDGE_CURVE('',#196,#204,#206,.T.);
#204 = VERTEX_POINT('',#205);
#205 = CARTESIAN_POINT('',(-20.70000000001,5.,36.271281292121));
#206 = LINE('',#207,#208);
#207 = CARTESIAN_POINT('',(-23.9,5.,36.271281292107));
#208 = VECTOR('',#209,1.);
#209 = DIRECTION('',(1.,1.014672339345E-27,4.569677969377E-12));
#210 = ORIENTED_EDGE('',*,*,#211,.T.);
#211 = EDGE_CURVE('',#204,#212,#214,.T.);
#212 = VERTEX_POINT('',#213);
#213 = CARTESIAN_POINT('',(-19.1,5.,33.500000000014));
#214 = LINE('',#215,#216);
#215 = CARTESIAN_POINT('',(-20.70000000001,5.,36.271281292121));
#216 = VECTOR('',#217,1.);
#217 = DIRECTION('',(0.500000000005,-1.922962686377E-16,-0.866025403782)
  );
#218 = ORIENTED_EDGE('',*,*,#219,.T.);
#219 = EDGE_CURVE('',#212,#220,#222,.T.);
#220 = VERTEX_POINT('',#221);
#221 = CARTESIAN_POINT('',(-20.69999999999,5.,30.728718707892));
#222 = LINE('',#223,#224);
#223 = CARTESIAN_POINT('',(-19.1,5.,33.500000000014));
#224 = VECTOR('',#225,1.);
#225 = DIRECTION('',(-0.499999999998,-1.922962686387E-16,-0.866025403786
    ));
#226 = ORIENTED_EDGE('',*,*,#227,.T.);
#227 = EDGE_CURVE('',#220,#186,#228,.T.);
#228 = LINE('',#229,#230);
#229 = CARTESIAN_POINT('',(-20.69999999999,5.,30.728718707892));
#230 = VECTOR('',#231,1.);
#231 = DIRECTION('',(-1.,0.,0.));
#232 = PLANE('',#233);
#233 = AXIS2_PLACEMENT_3D('',#234,#235,#236);
#234 = CARTESIAN_POINT('',(-17.3,5.,38.48902697423));
#235 = DIRECTION('',(-0.,-1.,-0.));
#236 = DIRECTION('',(0.,0.,-1.));
#237 = ADVANCED_FACE('',(#238),#256,.F.);
#238 = FACE_BOUND('',#239,.F.);
#239 = EDGE_LOOP('',(#240,#241,#249,#255));
#240 = ORIENTED_EDGE('',*,*,#63,.T.);
#241 = ORIENTED_EDGE('',*,*,#242,.F.);
#242 = EDGE_CURVE('',#243,#56,#245,.T.);
#243 = VERTEX_POINT('',#244);
#244 = CARTESIAN_POINT('',(-17.3,5.,10.));
#245 = LINE('',#246,#247);
#246 = CARTESIAN_POINT('',(-17.3,5.,10.));
#247 = VECTOR('',#248,1.);
#248 = DIRECTION('',(-1.,0.,0.));
#249 = ORIENTED_EDGE('',*,*,#250,.F.);
#250 = EDGE_CURVE('',#119,#243,#251,.T.);
#251 = LINE('',#252,#253);
#252 = CARTESIAN_POINT('',(-17.3,17.5,10.));
#253 = VECTOR('',#254,1.);
#254 = DIRECTION('',(0.,-1.,0.));
#255 = ORIENTED_EDGE('',*,*,#126,.F.);
#256 = PLANE('',#257);
#257 = AXIS2_PLACEMENT_3D('',#258,#259,#260);
#258 = CARTESIAN_POINT('',(-17.3,17.5,10.));
#259 = DIRECTION('',(0.,0.,1.));
#260 = DIRECTION('',(0.,-1.,0.));
#261 = ADVANCED_FACE('',(#262),#280,.F.);
#262 = FACE_BOUND('',#263,.F.);
#263 = EDGE_LOOP('',(#264,#265,#266,#274));
#264 = ORIENTED_EDGE('',*,*,#39,.T.);
#265 = ORIENTED_EDGE('',*,*,#161,.T.);
#266 = ORIENTED_EDGE('',*,*,#267,.T.);
#267 = EDGE_CURVE('',#153,#268,#270,.T.);
#268 = VERTEX_POINT('',#269);
#269 = CARTESIAN_POINT('',(-25.3,0.,28.48902697423));
#270 = LINE('',#271,#272);
#271 = CARTESIAN_POINT('',(-25.3,5.,28.48902697423));
#272 = VECTOR('',#273,1.);
#273 = DIRECTION('',(0.,-1.,0.));
#274 = ORIENTED_EDGE('',*,*,#275,.F.);
#275 = EDGE_CURVE('',#40,#268,#276,.T.);
#276 = LINE('',#277,#278);
#277 = CARTESIAN_POINT('',(-17.3,0.,28.48902697423));
#278 = VECTOR('',#279,1.);
#279 = DIRECTION('',(-1.,0.,0.));
#280 = PLANE('',#281);
#281 = AXIS2_PLACEMENT_3D('',#282,#283,#284);
#282 = CARTESIAN_POINT('',(-17.3,5.,28.48902697423));
#283 = DIRECTION('',(0.,0.,1.));
#284 = DIRECTION('',(0.,-1.,0.));
#285 = ADVANCED_FACE('',(#286),#311,.F.);
#286 = FACE_BOUND('',#287,.F.);
#287 = EDGE_LOOP('',(#288,#289,#297,#305));
#288 = ORIENTED_EDGE('',*,*,#55,.T.);
#289 = ORIENTED_EDGE('',*,*,#290,.T.);
#290 = EDGE_CURVE('',#48,#291,#293,.T.);
#291 = VERTEX_POINT('',#292);
#292 = CARTESIAN_POINT('',(-25.3,0.,10.));
#293 = LINE('',#294,#295);
#294 = CARTESIAN_POINT('',(-17.3,0.,10.));
#295 = VECTOR('',#296,1.);
#296 = DIRECTION('',(-1.,0.,0.));
#297 = ORIENTED_EDGE('',*,*,#298,.T.);
#298 = EDGE_CURVE('',#291,#299,#301,.T.);
#299 = VERTEX_POINT('',#300);
#300 = CARTESIAN_POINT('',(-25.3,5.,10.));
#301 = LINE('',#302,#303);
#302 = CARTESIAN_POINT('',(-25.3,0.,10.));
#303 = VECTOR('',#304,1.);
#304 = DIRECTION('',(0.,1.,0.));
#305 = ORIENTED_EDGE('',*,*,#306,.F.);
#306 = EDGE_CURVE('',#56,#299,#307,.T.);
#307 = LINE('',#308,#309);
#308 = CARTESIAN_POINT('',(-17.3,5.,10.));
#309 = VECTOR('',#310,1.);
#310 = DIRECTION('',(-1.,0.,0.));
#311 = PLANE('',#312);
#312 = AXIS2_PLACEMENT_3D('',#313,#314,#315);
#313 = CARTESIAN_POINT('',(-17.3,0.,10.));
#314 = DIRECTION('',(0.,0.,-1.));
#315 = DIRECTION('',(0.,1.,0.));
#316 = ADVANCED_FACE('',(#317,#542,#553,#564,#575),#586,.T.);
#317 = FACE_BOUND('',#318,.T.);
#318 = EDGE_LOOP('',(#319,#330,#338,#346,#354,#362,#370,#378,#386,#394,
    #402,#410,#418,#427,#435,#444,#452,#460,#468,#477,#485,#493,#501,
    #509,#517,#524,#525,#526,#527,#536));
#319 = ORIENTED_EDGE('',*,*,#320,.F.);
#320 = EDGE_CURVE('',#321,#323,#325,.T.);
#321 = VERTEX_POINT('',#322);
#322 = CARTESIAN_POINT('',(-25.3,8.881784197001E-16,-4.440892098501E-16)
  );
#323 = VERTEX_POINT('',#324);
#324 = CARTESIAN_POINT('',(-27.3,0.,2.));
#325 = CIRCLE('',#326,2.);
#326 = AXIS2_PLACEMENT_3D('',#327,#328,#329);
#327 = CARTESIAN_POINT('',(-25.3,8.881784197001E-16,2.));
#328 = DIRECTION('',(-0.,1.,0.));
#329 = DIRECTION('',(0.,0.,-1.));
#330 = ORIENTED_EDGE('',*,*,#331,.F.);
#331 = EDGE_CURVE('',#332,#321,#334,.T.);
#332 = VERTEX_POINT('',#333);
#333 = CARTESIAN_POINT('',(-8.,1.E-15,0.));
#334 = LINE('',#335,#336);
#335 = CARTESIAN_POINT('',(-8.,9.8E-16,0.));
#336 = VECTOR('',#337,1.);
#337 = DIRECTION('',(-1.,0.,0.));
#338 = ORIENTED_EDGE('',*,*,#339,.T.);
#339 = EDGE_CURVE('',#332,#340,#342,.T.);
#340 = VERTEX_POINT('',#341);
#341 = CARTESIAN_POINT('',(-8.,9.8E-16,14.7));
#342 = LINE('',#343,#344);
#343 = CARTESIAN_POINT('',(-8.,9.8E-16,0.));
#344 = VECTOR('',#345,1.);
#345 = DIRECTION('',(0.,0.,1.));
#346 = ORIENTED_EDGE('',*,*,#347,.T.);
#347 = EDGE_CURVE('',#340,#348,#350,.T.);
#348 = VERTEX_POINT('',#349);
#349 = CARTESIAN_POINT('',(-16.05,-8.877150606552E-16,14.7));
#350 = LINE('',#351,#352);
#351 = CARTESIAN_POINT('',(-8.420143102002,5.272824707602E-16,14.7));
#352 = VECTOR('',#353,1.);
#353 = DIRECTION('',(-1.,0.,0.));
#354 = ORIENTED_EDGE('',*,*,#355,.T.);
#355 = EDGE_CURVE('',#348,#356,#358,.T.);
#356 = VERTEX_POINT('',#357);
#357 = CARTESIAN_POINT('',(-16.05,-8.877150606552E-16,23.8));
#358 = LINE('',#359,#360);
#359 = CARTESIAN_POINT('',(-16.05,5.272824707602E-16,23.8));
#360 = VECTOR('',#361,1.);
#361 = DIRECTION('',(0.,0.,1.));
#362 = ORIENTED_EDGE('',*,*,#363,.F.);
#363 = EDGE_CURVE('',#364,#356,#366,.T.);
#364 = VERTEX_POINT('',#365);
#365 = CARTESIAN_POINT('',(-8.,9.8E-16,23.8));
#366 = LINE('',#367,#368);
#367 = CARTESIAN_POINT('',(-8.420143102002,5.272824707602E-16,23.8));
#368 = VECTOR('',#369,1.);
#369 = DIRECTION('',(-1.,0.,0.));
#370 = ORIENTED_EDGE('',*,*,#371,.T.);
#371 = EDGE_CURVE('',#364,#372,#374,.T.);
#372 = VERTEX_POINT('',#373);
#373 = CARTESIAN_POINT('',(-8.,9.8E-16,76.2));
#374 = LINE('',#375,#376);
#375 = CARTESIAN_POINT('',(-8.,9.8E-16,0.));
#376 = VECTOR('',#377,1.);
#377 = DIRECTION('',(0.,0.,1.));
#378 = ORIENTED_EDGE('',*,*,#379,.T.);
#379 = EDGE_CURVE('',#372,#380,#382,.T.);
#380 = VERTEX_POINT('',#381);
#381 = CARTESIAN_POINT('',(-16.05,1.709280098878E-15,76.2));
#382 = LINE('',#383,#384);
#383 = CARTESIAN_POINT('',(-8.420143102002,5.272824707602E-16,76.2));
#384 = VECTOR('',#385,1.);
#385 = DIRECTION('',(-1.,0.,0.));
#386 = ORIENTED_EDGE('',*,*,#387,.F.);
#387 = EDGE_CURVE('',#388,#380,#390,.T.);
#388 = VERTEX_POINT('',#389);
#389 = CARTESIAN_POINT('',(-16.05,1.709280098878E-15,85.3));
#390 = LINE('',#391,#392);
#391 = CARTESIAN_POINT('',(-16.05,5.272824707602E-16,76.2));
#392 = VECTOR('',#393,1.);
#393 = DIRECTION('',(0.,0.,-1.));
#394 = ORIENTED_EDGE('',*,*,#395,.F.);
#395 = EDGE_CURVE('',#396,#388,#398,.T.);
#396 = VERTEX_POINT('',#397);
#397 = CARTESIAN_POINT('',(-8.,9.8E-16,85.3));
#398 = LINE('',#399,#400);
#399 = CARTESIAN_POINT('',(-8.420143102002,5.272824707602E-16,85.3));
#400 = VECTOR('',#401,1.);
#401 = DIRECTION('',(-1.,0.,0.));
#402 = ORIENTED_EDGE('',*,*,#403,.T.);
#403 = EDGE_CURVE('',#396,#404,#406,.T.);
#404 = VERTEX_POINT('',#405);
#405 = CARTESIAN_POINT('',(-8.,1.E-15,100.));
#406 = LINE('',#407,#408);
#407 = CARTESIAN_POINT('',(-8.,9.8E-16,0.));
#408 = VECTOR('',#409,1.);
#409 = DIRECTION('',(0.,0.,1.));
#410 = ORIENTED_EDGE('',*,*,#411,.T.);
#411 = EDGE_CURVE('',#404,#412,#414,.T.);
#412 = VERTEX_POINT('',#413);
#413 = CARTESIAN_POINT('',(-25.3,8.881784197001E-16,100.));
#414 = LINE('',#415,#416);
#415 = CARTESIAN_POINT('',(-8.,9.8E-16,100.));
#416 = VECTOR('',#417,1.);
#417 = DIRECTION('',(-1.,0.,0.));
#418 = ORIENTED_EDGE('',*,*,#419,.T.);
#419 = EDGE_CURVE('',#412,#420,#422,.T.);
#420 = VERTEX_POINT('',#421);
#421 = CARTESIAN_POINT('',(-27.3,0.,98.));
#422 = CIRCLE('',#423,2.);
#423 = AXIS2_PLACEMENT_3D('',#424,#425,#426);
#424 = CARTESIAN_POINT('',(-25.3,5.272824707602E-16,98.));
#425 = DIRECTION('',(0.,-1.,0.));
#426 = DIRECTION('',(0.,0.,1.));
#427 = ORIENTED_EDGE('',*,*,#428,.F.);
#428 = EDGE_CURVE('',#429,#420,#431,.T.);
#429 = VERTEX_POINT('',#430);
#430 = CARTESIAN_POINT('',(-27.3,0.,92.));
#431 = LINE('',#432,#433);
#432 = CARTESIAN_POINT('',(-27.3,0.,90.));
#433 = VECTOR('',#434,1.);
#434 = DIRECTION('',(0.,0.,1.));
#435 = ORIENTED_EDGE('',*,*,#436,.T.);
#436 = EDGE_CURVE('',#429,#437,#439,.T.);
#437 = VERTEX_POINT('',#438);
#438 = CARTESIAN_POINT('',(-25.3,0.,90.));
#439 = CIRCLE('',#440,2.);
#440 = AXIS2_PLACEMENT_3D('',#441,#442,#443);
#441 = CARTESIAN_POINT('',(-25.3,8.881784197001E-16,92.));
#442 = DIRECTION('',(0.,-1.,0.));
#443 = DIRECTION('',(0.,0.,-1.));
#444 = ORIENTED_EDGE('',*,*,#445,.F.);
#445 = EDGE_CURVE('',#446,#437,#448,.T.);
#446 = VERTEX_POINT('',#447);
#447 = CARTESIAN_POINT('',(-22.3,0.,90.));
#448 = LINE('',#449,#450);
#449 = CARTESIAN_POINT('',(-17.3,0.,90.));
#450 = VECTOR('',#451,1.);
#451 = DIRECTION('',(-1.,0.,0.));
#452 = ORIENTED_EDGE('',*,*,#453,.F.);
#453 = EDGE_CURVE('',#454,#446,#456,.T.);
#454 = VERTEX_POINT('',#455);
#455 = CARTESIAN_POINT('',(-22.3,0.,71.51097302577));
#456 = LINE('',#457,#458);
#457 = CARTESIAN_POINT('',(-22.3,0.,71.5));
#458 = VECTOR('',#459,1.);
#459 = DIRECTION('',(0.,0.,1.));
#460 = ORIENTED_EDGE('',*,*,#461,.T.);
#461 = EDGE_CURVE('',#454,#462,#464,.T.);
#462 = VERTEX_POINT('',#463);
#463 = CARTESIAN_POINT('',(-25.3,0.,71.51097302577));
#464 = LINE('',#465,#466);
#465 = CARTESIAN_POINT('',(-17.3,0.,71.51097302577));
#466 = VECTOR('',#467,1.);
#467 = DIRECTION('',(-1.,0.,0.));
#468 = ORIENTED_EDGE('',*,*,#469,.T.);
#469 = EDGE_CURVE('',#462,#470,#472,.T.);
#470 = VERTEX_POINT('',#471);
#471 = CARTESIAN_POINT('',(-27.3,-6.622807247386E-17,69.51097302577));
#472 = CIRCLE('',#473,2.);
#473 = AXIS2_PLACEMENT_3D('',#474,#475,#476);
#474 = CARTESIAN_POINT('',(-25.3,5.272824707602E-16,69.51097302577));
#475 = DIRECTION('',(0.,-1.,0.));
#476 = DIRECTION('',(0.,0.,1.));
#477 = ORIENTED_EDGE('',*,*,#478,.T.);
#478 = EDGE_CURVE('',#470,#479,#481,.T.);
#479 = VERTEX_POINT('',#480);
#480 = CARTESIAN_POINT('',(-27.3,-4.623041666781E-16,57.55));
#481 = LINE('',#482,#483);
#482 = CARTESIAN_POINT('',(-27.3,0.,71.51097302577));
#483 = VECTOR('',#484,1.);
#484 = DIRECTION('',(0.,-3.311403623693E-17,-1.));
#485 = ORIENTED_EDGE('',*,*,#486,.F.);
#486 = EDGE_CURVE('',#487,#479,#489,.T.);
#487 = VERTEX_POINT('',#488);
#488 = CARTESIAN_POINT('',(-17.3,-4.623041666781E-16,57.55));
#489 = LINE('',#490,#491);
#490 = CARTESIAN_POINT('',(-17.3,-4.623041666781E-16,57.55));
#491 = VECTOR('',#492,1.);
#492 = DIRECTION('',(-1.,0.,0.));
#493 = ORIENTED_EDGE('',*,*,#494,.F.);
#494 = EDGE_CURVE('',#495,#487,#497,.T.);
#495 = VERTEX_POINT('',#496);
#496 = CARTESIAN_POINT('',(-17.3,1.386912500034E-15,42.45));
#497 = LINE('',#498,#499);
#498 = CARTESIAN_POINT('',(-17.3,4.9E-16,0.));
#499 = VECTOR('',#500,1.);
#500 = DIRECTION('',(0.,0.,1.));
#501 = ORIENTED_EDGE('',*,*,#502,.T.);
#502 = EDGE_CURVE('',#495,#503,#505,.T.);
#503 = VERTEX_POINT('',#504);
#504 = CARTESIAN_POINT('',(-27.3,1.386912500034E-15,42.45));
#505 = LINE('',#506,#507);
#506 = CARTESIAN_POINT('',(-17.3,1.386912500034E-15,42.45));
#507 = VECTOR('',#508,1.);
#508 = DIRECTION('',(-1.,0.,0.));
#509 = ORIENTED_EDGE('',*,*,#510,.T.);
#510 = EDGE_CURVE('',#503,#511,#513,.T.);
#511 = VERTEX_POINT('',#512);
#512 = CARTESIAN_POINT('',(-27.3,8.881784197001E-16,30.48902697423));
#513 = LINE('',#514,#515);
#514 = CARTESIAN_POINT('',(-27.3,1.386912500034E-15,42.45));
#515 = VECTOR('',#516,1.);
#516 = DIRECTION('',(0.,-9.934210871079E-17,-1.));
#517 = ORIENTED_EDGE('',*,*,#518,.F.);
#518 = EDGE_CURVE('',#268,#511,#519,.T.);
#519 = CIRCLE('',#520,2.);
#520 = AXIS2_PLACEMENT_3D('',#521,#522,#523);
#521 = CARTESIAN_POINT('',(-25.3,8.881784197001E-16,30.48902697423));
#522 = DIRECTION('',(-0.,1.,0.));
#523 = DIRECTION('',(0.,0.,-1.));
#524 = ORIENTED_EDGE('',*,*,#275,.F.);
#525 = ORIENTED_EDGE('',*,*,#47,.F.);
#526 = ORIENTED_EDGE('',*,*,#290,.T.);
#527 = ORIENTED_EDGE('',*,*,#528,.F.);
#528 = EDGE_CURVE('',#529,#291,#531,.T.);
#529 = VERTEX_POINT('',#530);
#530 = CARTESIAN_POINT('',(-27.3,0.,8.));
#531 = CIRCLE('',#532,2.);
#532 = AXIS2_PLACEMENT_3D('',#533,#534,#535);
#533 = CARTESIAN_POINT('',(-25.3,5.272824707602E-16,8.));
#534 = DIRECTION('',(0.,1.,0.));
#535 = DIRECTION('',(0.,0.,1.));
#536 = ORIENTED_EDGE('',*,*,#537,.F.);
#537 = EDGE_CURVE('',#323,#529,#538,.T.);
#538 = LINE('',#539,#540);
#539 = CARTESIAN_POINT('',(-27.3,0.,0.));
#540 = VECTOR('',#541,1.);
#541 = DIRECTION('',(0.,0.,1.));
#542 = FACE_BOUND('',#543,.T.);
#543 = EDGE_LOOP('',(#544));
#544 = ORIENTED_EDGE('',*,*,#545,.T.);
#545 = EDGE_CURVE('',#546,#546,#548,.T.);
#546 = VERTEX_POINT('',#547);
#547 = CARTESIAN_POINT('',(-23.85,4.440892098501E-16,5.));
#548 = CIRCLE('',#549,1.55);
#549 = AXIS2_PLACEMENT_3D('',#550,#551,#552);
#550 = CARTESIAN_POINT('',(-22.3,4.440892098501E-16,5.));
#551 = DIRECTION('',(0.,1.,-2.22044604925E-16));
#552 = DIRECTION('',(-1.,0.,0.));
#553 = FACE_BOUND('',#554,.T.);
#554 = EDGE_LOOP('',(#555));
#555 = ORIENTED_EDGE('',*,*,#556,.T.);
#556 = EDGE_CURVE('',#557,#557,#559,.T.);
#557 = VERTEX_POINT('',#558);
#558 = CARTESIAN_POINT('',(-23.85,4.440892098501E-16,33.5));
#559 = CIRCLE('',#560,1.55);
#560 = AXIS2_PLACEMENT_3D('',#561,#562,#563);
#561 = CARTESIAN_POINT('',(-22.3,4.440892098501E-16,33.5));
#562 = DIRECTION('',(0.,1.,-2.22044604925E-16));
#563 = DIRECTION('',(-1.,0.,0.));
#564 = FACE_BOUND('',#565,.T.);
#565 = EDGE_LOOP('',(#566));
#566 = ORIENTED_EDGE('',*,*,#567,.T.);
#567 = EDGE_CURVE('',#568,#568,#570,.T.);
#568 = VERTEX_POINT('',#569);
#569 = CARTESIAN_POINT('',(-23.85,4.440892098501E-16,95.));
#570 = CIRCLE('',#571,1.55);
#571 = AXIS2_PLACEMENT_3D('',#572,#573,#574);
#572 = CARTESIAN_POINT('',(-22.3,4.440892098501E-16,95.));
#573 = DIRECTION('',(0.,1.,-2.22044604925E-16));
#574 = DIRECTION('',(-1.,0.,0.));
#575 = FACE_BOUND('',#576,.T.);
#576 = EDGE_LOOP('',(#577));
#577 = ORIENTED_EDGE('',*,*,#578,.T.);
#578 = EDGE_CURVE('',#579,#579,#581,.T.);
#579 = VERTEX_POINT('',#580);
#580 = CARTESIAN_POINT('',(-23.85,4.440892098501E-16,66.5));
#581 = CIRCLE('',#582,1.55);
#582 = AXIS2_PLACEMENT_3D('',#583,#584,#585);
#583 = CARTESIAN_POINT('',(-22.3,4.440892098501E-16,66.5));
#584 = DIRECTION('',(0.,1.,-2.22044604925E-16));
#585 = DIRECTION('',(-1.,0.,0.));
#586 = PLANE('',#587);
#587 = AXIS2_PLACEMENT_3D('',#588,#589,#590);
#588 = CARTESIAN_POINT('',(-17.03328764679,5.788545283185E-16,50.));
#589 = DIRECTION('',(-0.,-1.,-0.));
#590 = DIRECTION('',(0.,0.,-1.));
#591 = ADVANCED_FACE('',(#592),#627,.F.);
#592 = FACE_BOUND('',#593,.F.);
#593 = EDGE_LOOP('',(#594,#595,#603,#611,#619,#626));
#594 = ORIENTED_EDGE('',*,*,#95,.T.);
#595 = ORIENTED_EDGE('',*,*,#596,.T.);
#596 = EDGE_CURVE('',#87,#597,#599,.T.);
#597 = VERTEX_POINT('',#598);
#598 = CARTESIAN_POINT('',(-17.3,17.5,71.5));
#599 = LINE('',#600,#601);
#600 = CARTESIAN_POINT('',(-17.3,17.5,0.));
#601 = VECTOR('',#602,1.);
#602 = DIRECTION('',(0.,0.,1.));
#603 = ORIENTED_EDGE('',*,*,#604,.T.);
#604 = EDGE_CURVE('',#597,#605,#607,.T.);
#605 = VERTEX_POINT('',#606);
#606 = CARTESIAN_POINT('',(-17.3,5.,71.5));
#607 = LINE('',#608,#609);
#608 = CARTESIAN_POINT('',(-17.3,17.5,71.5));
#609 = VECTOR('',#610,1.);
#610 = DIRECTION('',(0.,-1.,0.));
#611 = ORIENTED_EDGE('',*,*,#612,.T.);
#612 = EDGE_CURVE('',#605,#613,#615,.T.);
#613 = VERTEX_POINT('',#614);
#614 = CARTESIAN_POINT('',(-17.3,5.,61.51097302577));
#615 = LINE('',#616,#617);
#616 = CARTESIAN_POINT('',(-17.3,5.,71.51097302577));
#617 = VECTOR('',#618,1.);
#618 = DIRECTION('',(-0.,8.881784197001E-17,-1.));
#619 = ORIENTED_EDGE('',*,*,#620,.T.);
#620 = EDGE_CURVE('',#613,#170,#621,.T.);
#621 = CIRCLE('',#622,12.55);
#622 = AXIS2_PLACEMENT_3D('',#623,#624,#625);
#623 = CARTESIAN_POINT('',(-17.3,0.,50.));
#624 = DIRECTION('',(-1.,0.,0.));
#625 = DIRECTION('',(0.,-1.,0.));
#626 = ORIENTED_EDGE('',*,*,#169,.T.);
#627 = PLANE('',#628);
#628 = AXIS2_PLACEMENT_3D('',#629,#630,#631);
#629 = CARTESIAN_POINT('',(-17.3,17.5,0.));
#630 = DIRECTION('',(1.,0.,0.));
#631 = DIRECTION('',(0.,-1.,0.));
#632 = ADVANCED_FACE('',(#633),#715,.T.);
#633 = FACE_BOUND('',#634,.T.);
#634 = EDGE_LOOP('',(#635,#636,#637,#645,#653,#661,#669,#677,#685,#693,
    #701,#709));
#635 = ORIENTED_EDGE('',*,*,#118,.F.);
#636 = ORIENTED_EDGE('',*,*,#596,.T.);
#637 = ORIENTED_EDGE('',*,*,#638,.F.);
#638 = EDGE_CURVE('',#639,#597,#641,.T.);
#639 = VERTEX_POINT('',#640);
#640 = CARTESIAN_POINT('',(-17.3,17.5,90.));
#641 = LINE('',#642,#643);
#642 = CARTESIAN_POINT('',(-17.3,17.5,90.));
#643 = VECTOR('',#644,1.);
#644 = DIRECTION('',(0.,0.,-1.));
#645 = ORIENTED_EDGE('',*,*,#646,.T.);
#646 = EDGE_CURVE('',#639,#647,#649,.T.);
#647 = VERTEX_POINT('',#648);
#648 = CARTESIAN_POINT('',(-17.3,17.5,100.));
#649 = LINE('',#650,#651);
#650 = CARTESIAN_POINT('',(-17.3,17.5,0.));
#651 = VECTOR('',#652,1.);
#652 = DIRECTION('',(0.,0.,1.));
#653 = ORIENTED_EDGE('',*,*,#654,.F.);
#654 = EDGE_CURVE('',#655,#647,#657,.T.);
#655 = VERTEX_POINT('',#656);
#656 = CARTESIAN_POINT('',(17.3,17.5,100.));
#657 = LINE('',#658,#659);
#658 = CARTESIAN_POINT('',(17.3,17.5,100.));
#659 = VECTOR('',#660,1.);
#660 = DIRECTION('',(-1.,0.,0.));
#661 = ORIENTED_EDGE('',*,*,#662,.F.);
#662 = EDGE_CURVE('',#663,#655,#665,.T.);
#663 = VERTEX_POINT('',#664);
#664 = CARTESIAN_POINT('',(17.3,17.5,90.));
#665 = LINE('',#666,#667);
#666 = CARTESIAN_POINT('',(17.3,17.5,0.));
#667 = VECTOR('',#668,1.);
#668 = DIRECTION('',(0.,0.,1.));
#669 = ORIENTED_EDGE('',*,*,#670,.F.);
#670 = EDGE_CURVE('',#671,#663,#673,.T.);
#671 = VERTEX_POINT('',#672);
#672 = CARTESIAN_POINT('',(17.3,17.5,71.5));
#673 = LINE('',#674,#675);
#674 = CARTESIAN_POINT('',(17.3,17.5,71.5));
#675 = VECTOR('',#676,1.);
#676 = DIRECTION('',(0.,0.,1.));
#677 = ORIENTED_EDGE('',*,*,#678,.F.);
#678 = EDGE_CURVE('',#679,#671,#681,.T.);
#679 = VERTEX_POINT('',#680);
#680 = CARTESIAN_POINT('',(17.3,17.5,28.5));
#681 = LINE('',#682,#683);
#682 = CARTESIAN_POINT('',(17.3,17.5,0.));
#683 = VECTOR('',#684,1.);
#684 = DIRECTION('',(0.,0.,1.));
#685 = ORIENTED_EDGE('',*,*,#686,.F.);
#686 = EDGE_CURVE('',#687,#679,#689,.T.);
#687 = VERTEX_POINT('',#688);
#688 = CARTESIAN_POINT('',(17.3,17.5,10.));
#689 = LINE('',#690,#691);
#690 = CARTESIAN_POINT('',(17.3,17.5,10.));
#691 = VECTOR('',#692,1.);
#692 = DIRECTION('',(0.,0.,1.));
#693 = ORIENTED_EDGE('',*,*,#694,.F.);
#694 = EDGE_CURVE('',#695,#687,#697,.T.);
#695 = VERTEX_POINT('',#696);
#696 = CARTESIAN_POINT('',(17.3,17.5,0.));
#697 = LINE('',#698,#699);
#698 = CARTESIAN_POINT('',(17.3,17.5,0.));
#699 = VECTOR('',#700,1.);
#700 = DIRECTION('',(0.,0.,1.));
#701 = ORIENTED_EDGE('',*,*,#702,.T.);
#702 = EDGE_CURVE('',#695,#703,#705,.T.);
#703 = VERTEX_POINT('',#704);
#704 = CARTESIAN_POINT('',(-17.3,17.5,0.));
#705 = LINE('',#706,#707);
#706 = CARTESIAN_POINT('',(17.3,17.5,0.));
#707 = VECTOR('',#708,1.);
#708 = DIRECTION('',(-1.,0.,0.));
#709 = ORIENTED_EDGE('',*,*,#710,.T.);
#710 = EDGE_CURVE('',#703,#119,#711,.T.);
#711 = LINE('',#712,#713);
#712 = CARTESIAN_POINT('',(-17.3,17.5,0.));
#713 = VECTOR('',#714,1.);
#714 = DIRECTION('',(0.,0.,1.));
#715 = PLANE('',#716);
#716 = AXIS2_PLACEMENT_3D('',#717,#718,#719);
#717 = CARTESIAN_POINT('',(9.192014692886E-17,17.5,50.));
#718 = DIRECTION('',(0.,1.,0.));
#719 = DIRECTION('',(0.,0.,1.));
#720 = ADVANCED_FACE('',(#721),#762,.F.);
#721 = FACE_BOUND('',#722,.F.);
#722 = EDGE_LOOP('',(#723,#724,#731,#732,#738,#739,#748,#756));
#723 = ORIENTED_EDGE('',*,*,#478,.T.);
#724 = ORIENTED_EDGE('',*,*,#725,.T.);
#725 = EDGE_CURVE('',#479,#503,#726,.T.);
#726 = CIRCLE('',#727,7.55);
#727 = AXIS2_PLACEMENT_3D('',#728,#729,#730);
#728 = CARTESIAN_POINT('',(-27.3,0.,50.));
#729 = DIRECTION('',(-1.,0.,0.));
#730 = DIRECTION('',(0.,-1.,0.));
#731 = ORIENTED_EDGE('',*,*,#510,.T.);
#732 = ORIENTED_EDGE('',*,*,#733,.F.);
#733 = EDGE_CURVE('',#145,#511,#734,.T.);
#734 = LINE('',#735,#736);
#735 = CARTESIAN_POINT('',(-27.3,5.,30.48902697423));
#736 = VECTOR('',#737,1.);
#737 = DIRECTION('',(0.,-1.,0.));
#738 = ORIENTED_EDGE('',*,*,#142,.F.);
#739 = ORIENTED_EDGE('',*,*,#740,.F.);
#740 = EDGE_CURVE('',#741,#143,#743,.T.);
#741 = VERTEX_POINT('',#742);
#742 = CARTESIAN_POINT('',(-27.3,5.,61.51097302577));
#743 = CIRCLE('',#744,12.55);
#744 = AXIS2_PLACEMENT_3D('',#745,#746,#747);
#745 = CARTESIAN_POINT('',(-27.3,0.,50.));
#746 = DIRECTION('',(-1.,0.,0.));
#747 = DIRECTION('',(0.,-1.,0.));
#748 = ORIENTED_EDGE('',*,*,#749,.F.);
#749 = EDGE_CURVE('',#750,#741,#752,.T.);
#750 = VERTEX_POINT('',#751);
#751 = CARTESIAN_POINT('',(-27.3,5.,69.51097302577));
#752 = LINE('',#753,#754);
#753 = CARTESIAN_POINT('',(-27.3,5.,71.51097302577));
#754 = VECTOR('',#755,1.);
#755 = DIRECTION('',(-0.,8.881784197001E-17,-1.));
#756 = ORIENTED_EDGE('',*,*,#757,.F.);
#757 = EDGE_CURVE('',#470,#750,#758,.T.);
#758 = LINE('',#759,#760);
#759 = CARTESIAN_POINT('',(-27.3,0.,69.51097302577));
#760 = VECTOR('',#761,1.);
#761 = DIRECTION('',(0.,1.,0.));
#762 = PLANE('',#763);
#763 = AXIS2_PLACEMENT_3D('',#764,#765,#766);
#764 = CARTESIAN_POINT('',(-27.3,3.794798837511,50.));
#765 = DIRECTION('',(1.,0.,0.));
#766 = DIRECTION('',(0.,0.,1.));
#767 = ADVANCED_FACE('',(#768),#779,.T.);
#768 = FACE_BOUND('',#769,.F.);
#769 = EDGE_LOOP('',(#770,#776,#777,#778));
#770 = ORIENTED_EDGE('',*,*,#771,.T.);
#771 = EDGE_CURVE('',#613,#741,#772,.T.);
#772 = LINE('',#773,#774);
#773 = CARTESIAN_POINT('',(-17.3,5.,61.51097302577));
#774 = VECTOR('',#775,1.);
#775 = DIRECTION('',(-1.,0.,0.));
#776 = ORIENTED_EDGE('',*,*,#740,.T.);
#777 = ORIENTED_EDGE('',*,*,#177,.F.);
#778 = ORIENTED_EDGE('',*,*,#620,.F.);
#779 = CYLINDRICAL_SURFACE('',#780,12.55);
#780 = AXIS2_PLACEMENT_3D('',#781,#782,#783);
#781 = CARTESIAN_POINT('',(-17.3,0.,50.));
#782 = DIRECTION('',(1.,0.,0.));
#783 = DIRECTION('',(0.,-1.,0.));
#784 = ADVANCED_FACE('',(#785),#791,.T.);
#785 = FACE_BOUND('',#786,.F.);
#786 = EDGE_LOOP('',(#787,#788,#789,#790));
#787 = ORIENTED_EDGE('',*,*,#152,.T.);
#788 = ORIENTED_EDGE('',*,*,#733,.T.);
#789 = ORIENTED_EDGE('',*,*,#518,.F.);
#790 = ORIENTED_EDGE('',*,*,#267,.F.);
#791 = CYLINDRICAL_SURFACE('',#792,2.);
#792 = AXIS2_PLACEMENT_3D('',#793,#794,#795);
#793 = CARTESIAN_POINT('',(-25.3,5.,30.48902697423));
#794 = DIRECTION('',(0.,-1.,0.));
#795 = DIRECTION('',(0.,0.,-1.));
#796 = ADVANCED_FACE('',(#797),#822,.F.);
#797 = FACE_BOUND('',#798,.F.);
#798 = EDGE_LOOP('',(#799,#807,#815,#821));
#799 = ORIENTED_EDGE('',*,*,#800,.T.);
#800 = EDGE_CURVE('',#186,#801,#803,.T.);
#801 = VERTEX_POINT('',#802);
#802 = CARTESIAN_POINT('',(-23.9,3.8,30.728718707892));
#803 = LINE('',#804,#805);
#804 = CARTESIAN_POINT('',(-23.9,5.,30.728718707892));
#805 = VECTOR('',#806,1.);
#806 = DIRECTION('',(0.,-1.,2.22044604925E-16));
#807 = ORIENTED_EDGE('',*,*,#808,.T.);
#808 = EDGE_CURVE('',#801,#809,#811,.T.);
#809 = VERTEX_POINT('',#810);
#810 = CARTESIAN_POINT('',(-25.5,3.8,33.499999999984));
#811 = LINE('',#812,#813);
#812 = CARTESIAN_POINT('',(-23.9,3.8,30.728718707892));
#813 = VECTOR('',#814,1.);
#814 = DIRECTION('',(-0.500000000002,1.922962686382E-16,0.866025403784)
  );
#815 = ORIENTED_EDGE('',*,*,#816,.F.);
#816 = EDGE_CURVE('',#188,#809,#817,.T.);
#817 = LINE('',#818,#819);
#818 = CARTESIAN_POINT('',(-25.5,5.,33.499999999984));
#819 = VECTOR('',#820,1.);
#820 = DIRECTION('',(0.,-1.,2.22044604925E-16));
#821 = ORIENTED_EDGE('',*,*,#185,.F.);
#822 = PLANE('',#823);
#823 = AXIS2_PLACEMENT_3D('',#824,#825,#826);
#824 = CARTESIAN_POINT('',(-23.9,5.,30.728718707892));
#825 = DIRECTION('',(-0.866025403784,-1.110223024629E-16,-0.500000000002
    ));
#826 = DIRECTION('',(-0.500000000002,1.922962686382E-16,0.866025403784)
  );
#827 = ADVANCED_FACE('',(#828),#846,.F.);
#828 = FACE_BOUND('',#829,.F.);
#829 = EDGE_LOOP('',(#830,#838,#844,#845));
#830 = ORIENTED_EDGE('',*,*,#831,.T.);
#831 = EDGE_CURVE('',#220,#832,#834,.T.);
#832 = VERTEX_POINT('',#833);
#833 = CARTESIAN_POINT('',(-20.69999999999,3.8,30.728718707892));
#834 = LINE('',#835,#836);
#835 = CARTESIAN_POINT('',(-20.69999999999,5.,30.728718707892));
#836 = VECTOR('',#837,1.);
#837 = DIRECTION('',(0.,-1.,2.22044604925E-16));
#838 = ORIENTED_EDGE('',*,*,#839,.T.);
#839 = EDGE_CURVE('',#832,#801,#840,.T.);
#840 = LINE('',#841,#842);
#841 = CARTESIAN_POINT('',(-20.69999999999,3.8,30.728718707892));
#842 = VECTOR('',#843,1.);
#843 = DIRECTION('',(-1.,0.,0.));
#844 = ORIENTED_EDGE('',*,*,#800,.F.);
#845 = ORIENTED_EDGE('',*,*,#227,.F.);
#846 = PLANE('',#847);
#847 = AXIS2_PLACEMENT_3D('',#848,#849,#850);
#848 = CARTESIAN_POINT('',(-20.69999999999,5.,30.728718707892));
#849 = DIRECTION('',(-0.,-2.22044604925E-16,-1.));
#850 = DIRECTION('',(-1.,0.,0.));
#851 = ADVANCED_FACE('',(#852),#870,.F.);
#852 = FACE_BOUND('',#853,.F.);
#853 = EDGE_LOOP('',(#854,#855,#863,#869));
#854 = ORIENTED_EDGE('',*,*,#816,.T.);
#855 = ORIENTED_EDGE('',*,*,#856,.T.);
#856 = EDGE_CURVE('',#809,#857,#859,.T.);
#857 = VERTEX_POINT('',#858);
#858 = CARTESIAN_POINT('',(-23.9,3.8,36.271281292107));
#859 = LINE('',#860,#861);
#860 = CARTESIAN_POINT('',(-25.5,3.8,33.499999999984));
#861 = VECTOR('',#862,1.);
#862 = DIRECTION('',(0.499999999997,1.922962686387E-16,0.866025403786));
#863 = ORIENTED_EDGE('',*,*,#864,.F.);
#864 = EDGE_CURVE('',#196,#857,#865,.T.);
#865 = LINE('',#866,#867);
#866 = CARTESIAN_POINT('',(-23.9,5.,36.271281292107));
#867 = VECTOR('',#868,1.);
#868 = DIRECTION('',(0.,-1.,2.22044604925E-16));
#869 = ORIENTED_EDGE('',*,*,#195,.F.);
#870 = PLANE('',#871);
#871 = AXIS2_PLACEMENT_3D('',#872,#873,#874);
#872 = CARTESIAN_POINT('',(-25.5,5.,33.499999999984));
#873 = DIRECTION('',(-0.866025403786,1.110223024618E-16,0.499999999997)
  );
#874 = DIRECTION('',(0.499999999997,1.922962686387E-16,0.866025403786));
#875 = ADVANCED_FACE('',(#876),#894,.F.);
#876 = FACE_BOUND('',#877,.F.);
#877 = EDGE_LOOP('',(#878,#886,#892,#893));
#878 = ORIENTED_EDGE('',*,*,#879,.T.);
#879 = EDGE_CURVE('',#212,#880,#882,.T.);
#880 = VERTEX_POINT('',#881);
#881 = CARTESIAN_POINT('',(-19.1,3.8,33.500000000014));
#882 = LINE('',#883,#884);
#883 = CARTESIAN_POINT('',(-19.1,5.,33.500000000014));
#884 = VECTOR('',#885,1.);
#885 = DIRECTION('',(0.,-1.,2.22044604925E-16));
#886 = ORIENTED_EDGE('',*,*,#887,.T.);
#887 = EDGE_CURVE('',#880,#832,#888,.T.);
#888 = LINE('',#889,#890);
#889 = CARTESIAN_POINT('',(-19.1,3.8,33.500000000014));
#890 = VECTOR('',#891,1.);
#891 = DIRECTION('',(-0.499999999998,-1.922962686387E-16,-0.866025403786
    ));
#892 = ORIENTED_EDGE('',*,*,#831,.F.);
#893 = ORIENTED_EDGE('',*,*,#219,.F.);
#894 = PLANE('',#895);
#895 = AXIS2_PLACEMENT_3D('',#896,#897,#898);
#896 = CARTESIAN_POINT('',(-19.1,5.,33.500000000014));
#897 = DIRECTION('',(0.866025403786,-1.11022302462E-16,-0.499999999998)
  );
#898 = DIRECTION('',(-0.499999999998,-1.922962686387E-16,-0.866025403786
    ));
#899 = ADVANCED_FACE('',(#900),#918,.F.);
#900 = FACE_BOUND('',#901,.F.);
#901 = EDGE_LOOP('',(#902,#903,#911,#917));
#902 = ORIENTED_EDGE('',*,*,#864,.T.);
#903 = ORIENTED_EDGE('',*,*,#904,.T.);
#904 = EDGE_CURVE('',#857,#905,#907,.T.);
#905 = VERTEX_POINT('',#906);
#906 = CARTESIAN_POINT('',(-20.70000000001,3.8,36.271281292121));
#907 = LINE('',#908,#909);
#908 = CARTESIAN_POINT('',(-23.9,3.8,36.271281292107));
#909 = VECTOR('',#910,1.);
#910 = DIRECTION('',(1.,1.014672339345E-27,4.569677969377E-12));
#911 = ORIENTED_EDGE('',*,*,#912,.F.);
#912 = EDGE_CURVE('',#204,#905,#913,.T.);
#913 = LINE('',#914,#915);
#914 = CARTESIAN_POINT('',(-20.70000000001,5.,36.271281292121));
#915 = VECTOR('',#916,1.);
#916 = DIRECTION('',(0.,-1.,2.22044604925E-16));
#917 = ORIENTED_EDGE('',*,*,#203,.F.);
#918 = PLANE('',#919);
#919 = AXIS2_PLACEMENT_3D('',#920,#921,#922);
#920 = CARTESIAN_POINT('',(-23.9,5.,36.271281292107));
#921 = DIRECTION('',(-4.569677969377E-12,2.22044604925E-16,1.));
#922 = DIRECTION('',(1.,1.014672339345E-27,4.569677969377E-12));
#923 = ADVANCED_FACE('',(#924),#935,.F.);
#924 = FACE_BOUND('',#925,.F.);
#925 = EDGE_LOOP('',(#926,#927,#933,#934));
#926 = ORIENTED_EDGE('',*,*,#912,.T.);
#927 = ORIENTED_EDGE('',*,*,#928,.T.);
#928 = EDGE_CURVE('',#905,#880,#929,.T.);
#929 = LINE('',#930,#931);
#930 = CARTESIAN_POINT('',(-20.70000000001,3.8,36.271281292121));
#931 = VECTOR('',#932,1.);
#932 = DIRECTION('',(0.500000000005,-1.922962686377E-16,-0.866025403782)
  );
#933 = ORIENTED_EDGE('',*,*,#879,.F.);
#934 = ORIENTED_EDGE('',*,*,#211,.F.);
#935 = PLANE('',#936);
#936 = AXIS2_PLACEMENT_3D('',#937,#938,#939);
#937 = CARTESIAN_POINT('',(-20.70000000001,5.,36.271281292121));
#938 = DIRECTION('',(0.866025403782,1.110223024636E-16,0.500000000005));
#939 = DIRECTION('',(0.500000000005,-1.922962686377E-16,-0.866025403782)
  );
#940 = ADVANCED_FACE('',(#941,#985),#1035,.F.);
#941 = FACE_BOUND('',#942,.F.);
#942 = EDGE_LOOP('',(#943,#944,#945,#954,#962,#971,#979));
#943 = ORIENTED_EDGE('',*,*,#242,.T.);
#944 = ORIENTED_EDGE('',*,*,#306,.T.);
#945 = ORIENTED_EDGE('',*,*,#946,.F.);
#946 = EDGE_CURVE('',#947,#299,#949,.T.);
#947 = VERTEX_POINT('',#948);
#948 = CARTESIAN_POINT('',(-27.3,5.,8.));
#949 = CIRCLE('',#950,2.);
#950 = AXIS2_PLACEMENT_3D('',#951,#952,#953);
#951 = CARTESIAN_POINT('',(-25.3,5.,8.));
#952 = DIRECTION('',(0.,1.,0.));
#953 = DIRECTION('',(0.,0.,1.));
#954 = ORIENTED_EDGE('',*,*,#955,.T.);
#955 = EDGE_CURVE('',#947,#956,#958,.T.);
#956 = VERTEX_POINT('',#957);
#957 = CARTESIAN_POINT('',(-27.3,5.,2.));
#958 = LINE('',#959,#960);
#959 = CARTESIAN_POINT('',(-27.3,5.,10.));
#960 = VECTOR('',#961,1.);
#961 = DIRECTION('',(0.,0.,-1.));
#962 = ORIENTED_EDGE('',*,*,#963,.F.);
#963 = EDGE_CURVE('',#964,#956,#966,.T.);
#964 = VERTEX_POINT('',#965);
#965 = CARTESIAN_POINT('',(-25.3,5.,-4.440892098501E-16));
#966 = CIRCLE('',#967,2.);
#967 = AXIS2_PLACEMENT_3D('',#968,#969,#970);
#968 = CARTESIAN_POINT('',(-25.3,5.,2.));
#969 = DIRECTION('',(-0.,1.,0.));
#970 = DIRECTION('',(0.,0.,-1.));
#971 = ORIENTED_EDGE('',*,*,#972,.F.);
#972 = EDGE_CURVE('',#973,#964,#975,.T.);
#973 = VERTEX_POINT('',#974);
#974 = CARTESIAN_POINT('',(-17.3,5.,0.));
#975 = LINE('',#976,#977);
#976 = CARTESIAN_POINT('',(-17.3,5.,0.));
#977 = VECTOR('',#978,1.);
#978 = DIRECTION('',(-1.,0.,0.));
#979 = ORIENTED_EDGE('',*,*,#980,.F.);
#980 = EDGE_CURVE('',#243,#973,#981,.T.);
#981 = LINE('',#982,#983);
#982 = CARTESIAN_POINT('',(-17.3,5.,10.));
#983 = VECTOR('',#984,1.);
#984 = DIRECTION('',(0.,0.,-1.));
#985 = FACE_BOUND('',#986,.F.);
#986 = EDGE_LOOP('',(#987,#997,#1005,#1013,#1021,#1029));
#987 = ORIENTED_EDGE('',*,*,#988,.F.);
#988 = EDGE_CURVE('',#989,#991,#993,.T.);
#989 = VERTEX_POINT('',#990);
#990 = CARTESIAN_POINT('',(-19.1,5.,4.999999999984));
#991 = VERTEX_POINT('',#992);
#992 = CARTESIAN_POINT('',(-20.69999999999,5.,7.771281292107));
#993 = LINE('',#994,#995);
#994 = CARTESIAN_POINT('',(-19.1,5.,4.999999999984));
#995 = VECTOR('',#996,1.);
#996 = DIRECTION('',(-0.499999999997,1.922962686387E-16,0.866025403786)
  );
#997 = ORIENTED_EDGE('',*,*,#998,.F.);
#998 = EDGE_CURVE('',#999,#989,#1001,.T.);
#999 = VERTEX_POINT('',#1000);
#1000 = CARTESIAN_POINT('',(-20.69999999999,5.,2.228718707892));
#1001 = LINE('',#1002,#1003);
#1002 = CARTESIAN_POINT('',(-20.69999999999,5.,2.228718707892));
#1003 = VECTOR('',#1004,1.);
#1004 = DIRECTION('',(0.500000000002,1.922962686382E-16,0.866025403784)
  );
#1005 = ORIENTED_EDGE('',*,*,#1006,.F.);
#1006 = EDGE_CURVE('',#1007,#999,#1009,.T.);
#1007 = VERTEX_POINT('',#1008);
#1008 = CARTESIAN_POINT('',(-23.9,5.,2.228718707892));
#1009 = LINE('',#1010,#1011);
#1010 = CARTESIAN_POINT('',(-23.9,5.,2.228718707892));
#1011 = VECTOR('',#1012,1.);
#1012 = DIRECTION('',(1.,0.,0.));
#1013 = ORIENTED_EDGE('',*,*,#1014,.F.);
#1014 = EDGE_CURVE('',#1015,#1007,#1017,.T.);
#1015 = VERTEX_POINT('',#1016);
#1016 = CARTESIAN_POINT('',(-25.5,5.,5.000000000014));
#1017 = LINE('',#1018,#1019);
#1018 = CARTESIAN_POINT('',(-25.5,5.,5.000000000014));
#1019 = VECTOR('',#1020,1.);
#1020 = DIRECTION('',(0.499999999998,-1.922962686387E-16,-0.866025403786
    ));
#1021 = ORIENTED_EDGE('',*,*,#1022,.F.);
#1022 = EDGE_CURVE('',#1023,#1015,#1025,.T.);
#1023 = VERTEX_POINT('',#1024);
#1024 = CARTESIAN_POINT('',(-23.89999999998,5.,7.771281292121));
#1025 = LINE('',#1026,#1027);
#1026 = CARTESIAN_POINT('',(-23.89999999998,5.,7.771281292121));
#1027 = VECTOR('',#1028,1.);
#1028 = DIRECTION('',(-0.500000000005,-1.922962686377E-16,
    -0.866025403782));
#1029 = ORIENTED_EDGE('',*,*,#1030,.F.);
#1030 = EDGE_CURVE('',#991,#1023,#1031,.T.);
#1031 = LINE('',#1032,#1033);
#1032 = CARTESIAN_POINT('',(-20.69999999999,5.,7.771281292107));
#1033 = VECTOR('',#1034,1.);
#1034 = DIRECTION('',(-1.,1.014302560796E-27,4.56801263484E-12));
#1035 = PLANE('',#1036);
#1036 = AXIS2_PLACEMENT_3D('',#1037,#1038,#1039);
#1037 = CARTESIAN_POINT('',(-17.3,5.,10.));
#1038 = DIRECTION('',(-0.,-1.,-0.));
#1039 = DIRECTION('',(0.,0.,-1.));
#1040 = ADVANCED_FACE('',(#1041),#1052,.F.);
#1041 = FACE_BOUND('',#1042,.F.);
#1042 = EDGE_LOOP('',(#1043,#1049,#1050,#1051));
#1043 = ORIENTED_EDGE('',*,*,#1044,.F.);
#1044 = EDGE_CURVE('',#703,#973,#1045,.T.);
#1045 = LINE('',#1046,#1047);
#1046 = CARTESIAN_POINT('',(-17.3,17.5,0.));
#1047 = VECTOR('',#1048,1.);
#1048 = DIRECTION('',(0.,-1.,0.));
#1049 = ORIENTED_EDGE('',*,*,#710,.T.);
#1050 = ORIENTED_EDGE('',*,*,#250,.T.);
#1051 = ORIENTED_EDGE('',*,*,#980,.T.);
#1052 = PLANE('',#1053);
#1053 = AXIS2_PLACEMENT_3D('',#1054,#1055,#1056);
#1054 = CARTESIAN_POINT('',(-17.3,17.5,0.));
#1055 = DIRECTION('',(1.,0.,0.));
#1056 = DIRECTION('',(0.,-1.,0.));
#1057 = ADVANCED_FACE('',(#1058),#1069,.T.);
#1058 = FACE_BOUND('',#1059,.T.);
#1059 = EDGE_LOOP('',(#1060,#1061,#1062,#1063));
#1060 = ORIENTED_EDGE('',*,*,#528,.T.);
#1061 = ORIENTED_EDGE('',*,*,#298,.T.);
#1062 = ORIENTED_EDGE('',*,*,#946,.F.);
#1063 = ORIENTED_EDGE('',*,*,#1064,.F.);
#1064 = EDGE_CURVE('',#529,#947,#1065,.T.);
#1065 = LINE('',#1066,#1067);
#1066 = CARTESIAN_POINT('',(-27.3,0.,8.));
#1067 = VECTOR('',#1068,1.);
#1068 = DIRECTION('',(0.,1.,0.));
#1069 = CYLINDRICAL_SURFACE('',#1070,2.);
#1070 = AXIS2_PLACEMENT_3D('',#1071,#1072,#1073);
#1071 = CARTESIAN_POINT('',(-25.3,0.,8.));
#1072 = DIRECTION('',(0.,1.,0.));
#1073 = DIRECTION('',(-1.,0.,0.));
#1074 = ADVANCED_FACE('',(#1075),#1091,.T.);
#1075 = FACE_BOUND('',#1076,.F.);
#1076 = EDGE_LOOP('',(#1077,#1078,#1084,#1085));
#1077 = ORIENTED_EDGE('',*,*,#963,.T.);
#1078 = ORIENTED_EDGE('',*,*,#1079,.T.);
#1079 = EDGE_CURVE('',#956,#323,#1080,.T.);
#1080 = LINE('',#1081,#1082);
#1081 = CARTESIAN_POINT('',(-27.3,5.,2.));
#1082 = VECTOR('',#1083,1.);
#1083 = DIRECTION('',(0.,-1.,0.));
#1084 = ORIENTED_EDGE('',*,*,#320,.F.);
#1085 = ORIENTED_EDGE('',*,*,#1086,.F.);
#1086 = EDGE_CURVE('',#964,#321,#1087,.T.);
#1087 = LINE('',#1088,#1089);
#1088 = CARTESIAN_POINT('',(-25.3,5.,-4.440892098501E-16));
#1089 = VECTOR('',#1090,1.);
#1090 = DIRECTION('',(0.,-1.,0.));
#1091 = CYLINDRICAL_SURFACE('',#1092,2.);
#1092 = AXIS2_PLACEMENT_3D('',#1093,#1094,#1095);
#1093 = CARTESIAN_POINT('',(-25.3,5.,2.));
#1094 = DIRECTION('',(0.,-1.,0.));
#1095 = DIRECTION('',(0.,0.,-1.));
#1096 = ADVANCED_FACE('',(#1097),#1143,.T.);
#1097 = FACE_BOUND('',#1098,.T.);
#1098 = EDGE_LOOP('',(#1099,#1109,#1116,#1117,#1118,#1119,#1120,#1121,
    #1129,#1137));
#1099 = ORIENTED_EDGE('',*,*,#1100,.F.);
#1100 = EDGE_CURVE('',#1101,#1103,#1105,.T.);
#1101 = VERTEX_POINT('',#1102);
#1102 = CARTESIAN_POINT('',(8.,0.,0.));
#1103 = VERTEX_POINT('',#1104);
#1104 = CARTESIAN_POINT('',(25.3,0.,-4.440892098501E-16));
#1105 = LINE('',#1106,#1107);
#1106 = CARTESIAN_POINT('',(8.,0.,0.));
#1107 = VECTOR('',#1108,1.);
#1108 = DIRECTION('',(1.,0.,0.));
#1109 = ORIENTED_EDGE('',*,*,#1110,.T.);
#1110 = EDGE_CURVE('',#1101,#332,#1111,.T.);
#1111 = CIRCLE('',#1112,8.);
#1112 = AXIS2_PLACEMENT_3D('',#1113,#1114,#1115);
#1113 = CARTESIAN_POINT('',(0.,0.,0.));
#1114 = DIRECTION('',(0.,0.,1.));
#1115 = DIRECTION('',(1.,0.,0.));
#1116 = ORIENTED_EDGE('',*,*,#331,.T.);
#1117 = ORIENTED_EDGE('',*,*,#1086,.F.);
#1118 = ORIENTED_EDGE('',*,*,#972,.F.);
#1119 = ORIENTED_EDGE('',*,*,#1044,.F.);
#1120 = ORIENTED_EDGE('',*,*,#702,.F.);
#1121 = ORIENTED_EDGE('',*,*,#1122,.T.);
#1122 = EDGE_CURVE('',#695,#1123,#1125,.T.);
#1123 = VERTEX_POINT('',#1124);
#1124 = CARTESIAN_POINT('',(17.3,5.,0.));
#1125 = LINE('',#1126,#1127);
#1126 = CARTESIAN_POINT('',(17.3,17.5,0.));
#1127 = VECTOR('',#1128,1.);
#1128 = DIRECTION('',(0.,-1.,0.));
#1129 = ORIENTED_EDGE('',*,*,#1130,.T.);
#1130 = EDGE_CURVE('',#1123,#1131,#1133,.T.);
#1131 = VERTEX_POINT('',#1132);
#1132 = CARTESIAN_POINT('',(25.3,5.,-4.440892098501E-16));
#1133 = LINE('',#1134,#1135);
#1134 = CARTESIAN_POINT('',(17.3,5.,0.));
#1135 = VECTOR('',#1136,1.);
#1136 = DIRECTION('',(1.,0.,0.));
#1137 = ORIENTED_EDGE('',*,*,#1138,.F.);
#1138 = EDGE_CURVE('',#1103,#1131,#1139,.T.);
#1139 = LINE('',#1140,#1141);
#1140 = CARTESIAN_POINT('',(25.3,0.,-4.440892098501E-16));
#1141 = VECTOR('',#1142,1.);
#1142 = DIRECTION('',(0.,1.,0.));
#1143 = PLANE('',#1144);
#1144 = AXIS2_PLACEMENT_3D('',#1145,#1146,#1147);
#1145 = CARTESIAN_POINT('',(0.,7.375829511724,0.));
#1146 = DIRECTION('',(-0.,-0.,-1.));
#1147 = DIRECTION('',(-1.,0.,0.));
#1148 = ADVANCED_FACE('',(#1149),#1168,.F.);
#1149 = FACE_BOUND('',#1150,.T.);
#1150 = EDGE_LOOP('',(#1151,#1152,#1160,#1167));
#1151 = ORIENTED_EDGE('',*,*,#1110,.F.);
#1152 = ORIENTED_EDGE('',*,*,#1153,.T.);
#1153 = EDGE_CURVE('',#1101,#1154,#1156,.T.);
#1154 = VERTEX_POINT('',#1155);
#1155 = CARTESIAN_POINT('',(8.,0.,14.7));
#1156 = LINE('',#1157,#1158);
#1157 = CARTESIAN_POINT('',(8.,0.,0.));
#1158 = VECTOR('',#1159,1.);
#1159 = DIRECTION('',(0.,0.,1.));
#1160 = ORIENTED_EDGE('',*,*,#1161,.F.);
#1161 = EDGE_CURVE('',#340,#1154,#1162,.T.);
#1162 = CIRCLE('',#1163,8.);
#1163 = AXIS2_PLACEMENT_3D('',#1164,#1165,#1166);
#1164 = CARTESIAN_POINT('',(0.,0.,14.7));
#1165 = DIRECTION('',(0.,0.,-1.));
#1166 = DIRECTION('',(1.,0.,0.));
#1167 = ORIENTED_EDGE('',*,*,#339,.F.);
#1168 = CYLINDRICAL_SURFACE('',#1169,8.);
#1169 = AXIS2_PLACEMENT_3D('',#1170,#1171,#1172);
#1170 = CARTESIAN_POINT('',(0.,0.,0.));
#1171 = DIRECTION('',(-0.,-0.,-1.));
#1172 = DIRECTION('',(1.,0.,0.));
#1173 = ADVANCED_FACE('',(#1174),#1193,.T.);
#1174 = FACE_BOUND('',#1175,.T.);
#1175 = EDGE_LOOP('',(#1176,#1184,#1191,#1192));
#1176 = ORIENTED_EDGE('',*,*,#1177,.F.);
#1177 = EDGE_CURVE('',#1178,#1154,#1180,.T.);
#1178 = VERTEX_POINT('',#1179);
#1179 = CARTESIAN_POINT('',(16.05,4.274358644807E-15,14.7));
#1180 = LINE('',#1181,#1182);
#1181 = CARTESIAN_POINT('',(8.420143102002,5.211746207088E-17,14.7));
#1182 = VECTOR('',#1183,1.);
#1183 = DIRECTION('',(-1.,0.,0.));
#1184 = ORIENTED_EDGE('',*,*,#1185,.T.);
#1185 = EDGE_CURVE('',#1178,#348,#1186,.T.);
#1186 = CIRCLE('',#1187,16.05);
#1187 = AXIS2_PLACEMENT_3D('',#1188,#1189,#1190);
#1188 = CARTESIAN_POINT('',(0.,4.274358644807E-15,14.7));
#1189 = DIRECTION('',(0.,0.,1.));
#1190 = DIRECTION('',(1.,0.,0.));
#1191 = ORIENTED_EDGE('',*,*,#347,.F.);
#1192 = ORIENTED_EDGE('',*,*,#1161,.T.);
#1193 = PLANE('',#1194);
#1194 = AXIS2_PLACEMENT_3D('',#1195,#1196,#1197);
#1195 = CARTESIAN_POINT('',(-1.022385145824E-15,4.146747653219E-15,14.7)
  );
#1196 = DIRECTION('',(0.,0.,1.));
#1197 = DIRECTION('',(1.,0.,0.));
#1198 = ADVANCED_FACE('',(#1199),#1218,.F.);
#1199 = FACE_BOUND('',#1200,.F.);
#1200 = EDGE_LOOP('',(#1201,#1210,#1216,#1217));
#1201 = ORIENTED_EDGE('',*,*,#1202,.F.);
#1202 = EDGE_CURVE('',#1203,#356,#1205,.T.);
#1203 = VERTEX_POINT('',#1204);
#1204 = CARTESIAN_POINT('',(16.05,4.274358644807E-15,23.8));
#1205 = CIRCLE('',#1206,16.05);
#1206 = AXIS2_PLACEMENT_3D('',#1207,#1208,#1209);
#1207 = CARTESIAN_POINT('',(0.,4.274358644807E-15,23.8));
#1208 = DIRECTION('',(0.,0.,1.));
#1209 = DIRECTION('',(1.,0.,0.));
#1210 = ORIENTED_EDGE('',*,*,#1211,.T.);
#1211 = EDGE_CURVE('',#1203,#1178,#1212,.T.);
#1212 = LINE('',#1213,#1214);
#1213 = CARTESIAN_POINT('',(16.05,4.274358644807E-15,23.8));
#1214 = VECTOR('',#1215,1.);
#1215 = DIRECTION('',(-0.,-0.,-1.));
#1216 = ORIENTED_EDGE('',*,*,#1185,.T.);
#1217 = ORIENTED_EDGE('',*,*,#355,.T.);
#1218 = CYLINDRICAL_SURFACE('',#1219,16.05);
#1219 = AXIS2_PLACEMENT_3D('',#1220,#1221,#1222);
#1220 = CARTESIAN_POINT('',(0.,4.274358644807E-15,23.8));
#1221 = DIRECTION('',(0.,0.,1.));
#1222 = DIRECTION('',(1.,0.,0.));
#1223 = ADVANCED_FACE('',(#1224),#1243,.F.);
#1224 = FACE_BOUND('',#1225,.F.);
#1225 = EDGE_LOOP('',(#1226,#1234,#1235,#1236));
#1226 = ORIENTED_EDGE('',*,*,#1227,.F.);
#1227 = EDGE_CURVE('',#1203,#1228,#1230,.T.);
#1228 = VERTEX_POINT('',#1229);
#1229 = CARTESIAN_POINT('',(8.,0.,23.8));
#1230 = LINE('',#1231,#1232);
#1231 = CARTESIAN_POINT('',(8.420143102002,5.211746207088E-17,23.8));
#1232 = VECTOR('',#1233,1.);
#1233 = DIRECTION('',(-1.,0.,0.));
#1234 = ORIENTED_EDGE('',*,*,#1202,.T.);
#1235 = ORIENTED_EDGE('',*,*,#363,.F.);
#1236 = ORIENTED_EDGE('',*,*,#1237,.T.);
#1237 = EDGE_CURVE('',#364,#1228,#1238,.T.);
#1238 = CIRCLE('',#1239,8.);
#1239 = AXIS2_PLACEMENT_3D('',#1240,#1241,#1242);
#1240 = CARTESIAN_POINT('',(0.,0.,23.8));
#1241 = DIRECTION('',(0.,0.,-1.));
#1242 = DIRECTION('',(1.,0.,0.));
#1243 = PLANE('',#1244);
#1244 = AXIS2_PLACEMENT_3D('',#1245,#1246,#1247);
#1245 = CARTESIAN_POINT('',(-1.022385145824E-15,4.146747653219E-15,23.8)
  );
#1246 = DIRECTION('',(0.,0.,1.));
#1247 = DIRECTION('',(1.,0.,0.));
#1248 = ADVANCED_FACE('',(#1249),#1268,.F.);
#1249 = FACE_BOUND('',#1250,.T.);
#1250 = EDGE_LOOP('',(#1251,#1252,#1253,#1261));
#1251 = ORIENTED_EDGE('',*,*,#371,.F.);
#1252 = ORIENTED_EDGE('',*,*,#1237,.T.);
#1253 = ORIENTED_EDGE('',*,*,#1254,.T.);
#1254 = EDGE_CURVE('',#1228,#1255,#1257,.T.);
#1255 = VERTEX_POINT('',#1256);
#1256 = CARTESIAN_POINT('',(8.,0.,76.2));
#1257 = LINE('',#1258,#1259);
#1258 = CARTESIAN_POINT('',(8.,0.,0.));
#1259 = VECTOR('',#1260,1.);
#1260 = DIRECTION('',(0.,0.,1.));
#1261 = ORIENTED_EDGE('',*,*,#1262,.F.);
#1262 = EDGE_CURVE('',#372,#1255,#1263,.T.);
#1263 = CIRCLE('',#1264,8.);
#1264 = AXIS2_PLACEMENT_3D('',#1265,#1266,#1267);
#1265 = CARTESIAN_POINT('',(0.,0.,76.2));
#1266 = DIRECTION('',(0.,0.,-1.));
#1267 = DIRECTION('',(1.,0.,0.));
#1268 = CYLINDRICAL_SURFACE('',#1269,8.);
#1269 = AXIS2_PLACEMENT_3D('',#1270,#1271,#1272);
#1270 = CARTESIAN_POINT('',(0.,0.,0.));
#1271 = DIRECTION('',(-0.,-0.,-1.));
#1272 = DIRECTION('',(1.,0.,0.));
#1273 = ADVANCED_FACE('',(#1274),#1293,.T.);
#1274 = FACE_BOUND('',#1275,.T.);
#1275 = EDGE_LOOP('',(#1276,#1284,#1291,#1292));
#1276 = ORIENTED_EDGE('',*,*,#1277,.F.);
#1277 = EDGE_CURVE('',#1278,#1255,#1280,.T.);
#1278 = VERTEX_POINT('',#1279);
#1279 = CARTESIAN_POINT('',(16.05,1.79301018477E-14,76.2));
#1280 = LINE('',#1281,#1282);
#1281 = CARTESIAN_POINT('',(8.420143102002,5.211746207088E-17,76.2));
#1282 = VECTOR('',#1283,1.);
#1283 = DIRECTION('',(-1.,0.,0.));
#1284 = ORIENTED_EDGE('',*,*,#1285,.F.);
#1285 = EDGE_CURVE('',#380,#1278,#1286,.T.);
#1286 = CIRCLE('',#1287,16.05);
#1287 = AXIS2_PLACEMENT_3D('',#1288,#1289,#1290);
#1288 = CARTESIAN_POINT('',(0.,1.79301018477E-14,76.2));
#1289 = DIRECTION('',(0.,0.,-1.));
#1290 = DIRECTION('',(1.,0.,0.));
#1291 = ORIENTED_EDGE('',*,*,#379,.F.);
#1292 = ORIENTED_EDGE('',*,*,#1262,.T.);
#1293 = PLANE('',#1294);
#1294 = AXIS2_PLACEMENT_3D('',#1295,#1296,#1297);
#1295 = CARTESIAN_POINT('',(-1.022385145824E-15,1.795692838703E-14,76.2)
  );
#1296 = DIRECTION('',(0.,0.,1.));
#1297 = DIRECTION('',(1.,0.,0.));
#1298 = ADVANCED_FACE('',(#1299),#1318,.F.);
#1299 = FACE_BOUND('',#1300,.F.);
#1300 = EDGE_LOOP('',(#1301,#1309,#1310,#1311));
#1301 = ORIENTED_EDGE('',*,*,#1302,.F.);
#1302 = EDGE_CURVE('',#1278,#1303,#1305,.T.);
#1303 = VERTEX_POINT('',#1304);
#1304 = CARTESIAN_POINT('',(16.05,1.79301018477E-14,85.3));
#1305 = LINE('',#1306,#1307);
#1306 = CARTESIAN_POINT('',(16.05,1.79301018477E-14,76.2));
#1307 = VECTOR('',#1308,1.);
#1308 = DIRECTION('',(0.,0.,1.));
#1309 = ORIENTED_EDGE('',*,*,#1285,.F.);
#1310 = ORIENTED_EDGE('',*,*,#387,.F.);
#1311 = ORIENTED_EDGE('',*,*,#1312,.T.);
#1312 = EDGE_CURVE('',#388,#1303,#1313,.T.);
#1313 = CIRCLE('',#1314,16.05);
#1314 = AXIS2_PLACEMENT_3D('',#1315,#1316,#1317);
#1315 = CARTESIAN_POINT('',(0.,1.79301018477E-14,85.3));
#1316 = DIRECTION('',(0.,0.,-1.));
#1317 = DIRECTION('',(1.,0.,0.));
#1318 = CYLINDRICAL_SURFACE('',#1319,16.05);
#1319 = AXIS2_PLACEMENT_3D('',#1320,#1321,#1322);
#1320 = CARTESIAN_POINT('',(0.,1.79301018477E-14,76.2));
#1321 = DIRECTION('',(0.,0.,-1.));
#1322 = DIRECTION('',(1.,0.,0.));
#1323 = ADVANCED_FACE('',(#1324),#1343,.F.);
#1324 = FACE_BOUND('',#1325,.F.);
#1325 = EDGE_LOOP('',(#1326,#1334,#1335,#1336));
#1326 = ORIENTED_EDGE('',*,*,#1327,.F.);
#1327 = EDGE_CURVE('',#1303,#1328,#1330,.T.);
#1328 = VERTEX_POINT('',#1329);
#1329 = CARTESIAN_POINT('',(8.,0.,85.3));
#1330 = LINE('',#1331,#1332);
#1331 = CARTESIAN_POINT('',(8.420143102002,5.211746207088E-17,85.3));
#1332 = VECTOR('',#1333,1.);
#1333 = DIRECTION('',(-1.,0.,0.));
#1334 = ORIENTED_EDGE('',*,*,#1312,.F.);
#1335 = ORIENTED_EDGE('',*,*,#395,.F.);
#1336 = ORIENTED_EDGE('',*,*,#1337,.T.);
#1337 = EDGE_CURVE('',#396,#1328,#1338,.T.);
#1338 = CIRCLE('',#1339,8.);
#1339 = AXIS2_PLACEMENT_3D('',#1340,#1341,#1342);
#1340 = CARTESIAN_POINT('',(0.,0.,85.3));
#1341 = DIRECTION('',(0.,0.,-1.));
#1342 = DIRECTION('',(1.,0.,0.));
#1343 = PLANE('',#1344);
#1344 = AXIS2_PLACEMENT_3D('',#1345,#1346,#1347);
#1345 = CARTESIAN_POINT('',(-1.022385145824E-15,1.795692838703E-14,85.3)
  );
#1346 = DIRECTION('',(0.,0.,1.));
#1347 = DIRECTION('',(1.,0.,0.));
#1348 = ADVANCED_FACE('',(#1349),#1368,.F.);
#1349 = FACE_BOUND('',#1350,.T.);
#1350 = EDGE_LOOP('',(#1351,#1352,#1353,#1361));
#1351 = ORIENTED_EDGE('',*,*,#403,.F.);
#1352 = ORIENTED_EDGE('',*,*,#1337,.T.);
#1353 = ORIENTED_EDGE('',*,*,#1354,.T.);
#1354 = EDGE_CURVE('',#1328,#1355,#1357,.T.);
#1355 = VERTEX_POINT('',#1356);
#1356 = CARTESIAN_POINT('',(8.,0.,100.));
#1357 = LINE('',#1358,#1359);
#1358 = CARTESIAN_POINT('',(8.,0.,0.));
#1359 = VECTOR('',#1360,1.);
#1360 = DIRECTION('',(0.,0.,1.));
#1361 = ORIENTED_EDGE('',*,*,#1362,.T.);
#1362 = EDGE_CURVE('',#1355,#404,#1363,.T.);
#1363 = CIRCLE('',#1364,8.);
#1364 = AXIS2_PLACEMENT_3D('',#1365,#1366,#1367);
#1365 = CARTESIAN_POINT('',(0.,0.,100.));
#1366 = DIRECTION('',(0.,0.,1.));
#1367 = DIRECTION('',(1.,0.,0.));
#1368 = CYLINDRICAL_SURFACE('',#1369,8.);
#1369 = AXIS2_PLACEMENT_3D('',#1370,#1371,#1372);
#1370 = CARTESIAN_POINT('',(0.,0.,0.));
#1371 = DIRECTION('',(-0.,-0.,-1.));
#1372 = DIRECTION('',(1.,0.,0.));
#1373 = ADVANCED_FACE('',(#1374),#1431,.T.);
#1374 = FACE_BOUND('',#1375,.T.);
#1375 = EDGE_LOOP('',(#1376,#1384,#1392,#1400,#1406,#1407,#1415,#1423,
    #1429,#1430));
#1376 = ORIENTED_EDGE('',*,*,#1377,.T.);
#1377 = EDGE_CURVE('',#1355,#1378,#1380,.T.);
#1378 = VERTEX_POINT('',#1379);
#1379 = CARTESIAN_POINT('',(25.3,0.,100.));
#1380 = LINE('',#1381,#1382);
#1381 = CARTESIAN_POINT('',(17.3,0.,100.));
#1382 = VECTOR('',#1383,1.);
#1383 = DIRECTION('',(1.,0.,0.));
#1384 = ORIENTED_EDGE('',*,*,#1385,.F.);
#1385 = EDGE_CURVE('',#1386,#1378,#1388,.T.);
#1386 = VERTEX_POINT('',#1387);
#1387 = CARTESIAN_POINT('',(25.3,5.,100.));
#1388 = LINE('',#1389,#1390);
#1389 = CARTESIAN_POINT('',(25.3,5.,100.));
#1390 = VECTOR('',#1391,1.);
#1391 = DIRECTION('',(0.,-1.,0.));
#1392 = ORIENTED_EDGE('',*,*,#1393,.F.);
#1393 = EDGE_CURVE('',#1394,#1386,#1396,.T.);
#1394 = VERTEX_POINT('',#1395);
#1395 = CARTESIAN_POINT('',(17.3,5.,100.));
#1396 = LINE('',#1397,#1398);
#1397 = CARTESIAN_POINT('',(17.3,5.,100.));
#1398 = VECTOR('',#1399,1.);
#1399 = DIRECTION('',(1.,0.,0.));
#1400 = ORIENTED_EDGE('',*,*,#1401,.F.);
#1401 = EDGE_CURVE('',#655,#1394,#1402,.T.);
#1402 = LINE('',#1403,#1404);
#1403 = CARTESIAN_POINT('',(17.3,17.5,100.));
#1404 = VECTOR('',#1405,1.);
#1405 = DIRECTION('',(0.,-1.,0.));
#1406 = ORIENTED_EDGE('',*,*,#654,.T.);
#1407 = ORIENTED_EDGE('',*,*,#1408,.T.);
#1408 = EDGE_CURVE('',#647,#1409,#1411,.T.);
#1409 = VERTEX_POINT('',#1410);
#1410 = CARTESIAN_POINT('',(-17.3,5.,100.));
#1411 = LINE('',#1412,#1413);
#1412 = CARTESIAN_POINT('',(-17.3,17.5,100.));
#1413 = VECTOR('',#1414,1.);
#1414 = DIRECTION('',(0.,-1.,0.));
#1415 = ORIENTED_EDGE('',*,*,#1416,.T.);
#1416 = EDGE_CURVE('',#1409,#1417,#1419,.T.);
#1417 = VERTEX_POINT('',#1418);
#1418 = CARTESIAN_POINT('',(-25.3,5.,100.));
#1419 = LINE('',#1420,#1421);
#1420 = CARTESIAN_POINT('',(-17.3,5.,100.));
#1421 = VECTOR('',#1422,1.);
#1422 = DIRECTION('',(-1.,0.,0.));
#1423 = ORIENTED_EDGE('',*,*,#1424,.F.);
#1424 = EDGE_CURVE('',#412,#1417,#1425,.T.);
#1425 = LINE('',#1426,#1427);
#1426 = CARTESIAN_POINT('',(-25.3,0.,100.));
#1427 = VECTOR('',#1428,1.);
#1428 = DIRECTION('',(0.,1.,0.));
#1429 = ORIENTED_EDGE('',*,*,#411,.F.);
#1430 = ORIENTED_EDGE('',*,*,#1362,.F.);
#1431 = PLANE('',#1432);
#1432 = AXIS2_PLACEMENT_3D('',#1433,#1434,#1435);
#1433 = CARTESIAN_POINT('',(-9.336961048096E-17,7.375829511724,100.));
#1434 = DIRECTION('',(0.,0.,1.));
#1435 = DIRECTION('',(1.,0.,0.));
#1436 = ADVANCED_FACE('',(#1437),#1456,.T.);
#1437 = FACE_BOUND('',#1438,.F.);
#1438 = EDGE_LOOP('',(#1439,#1440,#1448,#1455));
#1439 = ORIENTED_EDGE('',*,*,#419,.T.);
#1440 = ORIENTED_EDGE('',*,*,#1441,.T.);
#1441 = EDGE_CURVE('',#420,#1442,#1444,.T.);
#1442 = VERTEX_POINT('',#1443);
#1443 = CARTESIAN_POINT('',(-27.3,5.,98.));
#1444 = LINE('',#1445,#1446);
#1445 = CARTESIAN_POINT('',(-27.3,0.,98.));
#1446 = VECTOR('',#1447,1.);
#1447 = DIRECTION('',(0.,1.,0.));
#1448 = ORIENTED_EDGE('',*,*,#1449,.F.);
#1449 = EDGE_CURVE('',#1417,#1442,#1450,.T.);
#1450 = CIRCLE('',#1451,2.);
#1451 = AXIS2_PLACEMENT_3D('',#1452,#1453,#1454);
#1452 = CARTESIAN_POINT('',(-25.3,5.,98.));
#1453 = DIRECTION('',(0.,-1.,0.));
#1454 = DIRECTION('',(0.,0.,1.));
#1455 = ORIENTED_EDGE('',*,*,#1424,.F.);
#1456 = CYLINDRICAL_SURFACE('',#1457,2.);
#1457 = AXIS2_PLACEMENT_3D('',#1458,#1459,#1460);
#1458 = CARTESIAN_POINT('',(-25.3,0.,98.));
#1459 = DIRECTION('',(0.,1.,0.));
#1460 = DIRECTION('',(0.,0.,1.));
#1461 = ADVANCED_FACE('',(#1462),#1480,.F.);
#1462 = FACE_BOUND('',#1463,.F.);
#1463 = EDGE_LOOP('',(#1464,#1472,#1473,#1474));
#1464 = ORIENTED_EDGE('',*,*,#1465,.F.);
#1465 = EDGE_CURVE('',#1442,#1466,#1468,.T.);
#1466 = VERTEX_POINT('',#1467);
#1467 = CARTESIAN_POINT('',(-27.3,5.,92.));
#1468 = LINE('',#1469,#1470);
#1469 = CARTESIAN_POINT('',(-27.3,5.,100.));
#1470 = VECTOR('',#1471,1.);
#1471 = DIRECTION('',(0.,0.,-1.));
#1472 = ORIENTED_EDGE('',*,*,#1441,.F.);
#1473 = ORIENTED_EDGE('',*,*,#428,.F.);
#1474 = ORIENTED_EDGE('',*,*,#1475,.F.);
#1475 = EDGE_CURVE('',#1466,#429,#1476,.T.);
#1476 = LINE('',#1477,#1478);
#1477 = CARTESIAN_POINT('',(-27.3,5.,92.));
#1478 = VECTOR('',#1479,1.);
#1479 = DIRECTION('',(0.,-1.,0.));
#1480 = PLANE('',#1481);
#1481 = AXIS2_PLACEMENT_3D('',#1482,#1483,#1484);
#1482 = CARTESIAN_POINT('',(-27.3,3.794798837511,50.));
#1483 = DIRECTION('',(1.,0.,0.));
#1484 = DIRECTION('',(0.,0.,1.));
#1485 = ADVANCED_FACE('',(#1486),#1505,.T.);
#1486 = FACE_BOUND('',#1487,.T.);
#1487 = EDGE_LOOP('',(#1488,#1497,#1503,#1504));
#1488 = ORIENTED_EDGE('',*,*,#1489,.T.);
#1489 = EDGE_CURVE('',#1466,#1490,#1492,.T.);
#1490 = VERTEX_POINT('',#1491);
#1491 = CARTESIAN_POINT('',(-25.3,5.,90.));
#1492 = CIRCLE('',#1493,2.);
#1493 = AXIS2_PLACEMENT_3D('',#1494,#1495,#1496);
#1494 = CARTESIAN_POINT('',(-25.3,5.,92.));
#1495 = DIRECTION('',(0.,-1.,0.));
#1496 = DIRECTION('',(0.,0.,-1.));
#1497 = ORIENTED_EDGE('',*,*,#1498,.T.);
#1498 = EDGE_CURVE('',#1490,#437,#1499,.T.);
#1499 = LINE('',#1500,#1501);
#1500 = CARTESIAN_POINT('',(-25.3,5.,90.));
#1501 = VECTOR('',#1502,1.);
#1502 = DIRECTION('',(0.,-1.,0.));
#1503 = ORIENTED_EDGE('',*,*,#436,.F.);
#1504 = ORIENTED_EDGE('',*,*,#1475,.F.);
#1505 = CYLINDRICAL_SURFACE('',#1506,2.);
#1506 = AXIS2_PLACEMENT_3D('',#1507,#1508,#1509);
#1507 = CARTESIAN_POINT('',(-25.3,5.,92.));
#1508 = DIRECTION('',(0.,-1.,0.));
#1509 = DIRECTION('',(-1.,0.,0.));
#1510 = ADVANCED_FACE('',(#1511),#1529,.F.);
#1511 = FACE_BOUND('',#1512,.F.);
#1512 = EDGE_LOOP('',(#1513,#1521,#1527,#1528));
#1513 = ORIENTED_EDGE('',*,*,#1514,.T.);
#1514 = EDGE_CURVE('',#446,#1515,#1517,.T.);
#1515 = VERTEX_POINT('',#1516);
#1516 = CARTESIAN_POINT('',(-22.3,5.,90.));
#1517 = LINE('',#1518,#1519);
#1518 = CARTESIAN_POINT('',(-22.3,0.,90.));
#1519 = VECTOR('',#1520,1.);
#1520 = DIRECTION('',(0.,1.,0.));
#1521 = ORIENTED_EDGE('',*,*,#1522,.T.);
#1522 = EDGE_CURVE('',#1515,#1490,#1523,.T.);
#1523 = LINE('',#1524,#1525);
#1524 = CARTESIAN_POINT('',(-17.3,5.,90.));
#1525 = VECTOR('',#1526,1.);
#1526 = DIRECTION('',(-1.,0.,0.));
#1527 = ORIENTED_EDGE('',*,*,#1498,.T.);
#1528 = ORIENTED_EDGE('',*,*,#445,.F.);
#1529 = PLANE('',#1530);
#1530 = AXIS2_PLACEMENT_3D('',#1531,#1532,#1533);
#1531 = CARTESIAN_POINT('',(-17.3,5.,90.));
#1532 = DIRECTION('',(0.,0.,1.));
#1533 = DIRECTION('',(0.,-1.,0.));
#1534 = ADVANCED_FACE('',(#1535),#1577,.F.);
#1535 = FACE_BOUND('',#1536,.F.);
#1536 = EDGE_LOOP('',(#1537,#1545,#1546,#1547,#1555,#1563,#1571));
#1537 = ORIENTED_EDGE('',*,*,#1538,.F.);
#1538 = EDGE_CURVE('',#1515,#1539,#1541,.T.);
#1539 = VERTEX_POINT('',#1540);
#1540 = CARTESIAN_POINT('',(-22.3,12.5,90.));
#1541 = LINE('',#1542,#1543);
#1542 = CARTESIAN_POINT('',(-22.3,0.,90.));
#1543 = VECTOR('',#1544,1.);
#1544 = DIRECTION('',(0.,1.,0.));
#1545 = ORIENTED_EDGE('',*,*,#1514,.F.);
#1546 = ORIENTED_EDGE('',*,*,#453,.F.);
#1547 = ORIENTED_EDGE('',*,*,#1548,.F.);
#1548 = EDGE_CURVE('',#1549,#454,#1551,.T.);
#1549 = VERTEX_POINT('',#1550);
#1550 = CARTESIAN_POINT('',(-22.3,5.,71.51097302577));
#1551 = LINE('',#1552,#1553);
#1552 = CARTESIAN_POINT('',(-22.3,4.375,71.51097302577));
#1553 = VECTOR('',#1554,1.);
#1554 = DIRECTION('',(0.,-1.,0.));
#1555 = ORIENTED_EDGE('',*,*,#1556,.F.);
#1556 = EDGE_CURVE('',#1557,#1549,#1559,.T.);
#1557 = VERTEX_POINT('',#1558);
#1558 = CARTESIAN_POINT('',(-22.3,5.,71.5));
#1559 = LINE('',#1560,#1561);
#1560 = CARTESIAN_POINT('',(-22.3,5.,60.755486512885));
#1561 = VECTOR('',#1562,1.);
#1562 = DIRECTION('',(0.,-8.881784197001E-17,1.));
#1563 = ORIENTED_EDGE('',*,*,#1564,.F.);
#1564 = EDGE_CURVE('',#1565,#1557,#1567,.T.);
#1565 = VERTEX_POINT('',#1566);
#1566 = CARTESIAN_POINT('',(-22.3,12.5,71.5));
#1567 = LINE('',#1568,#1569);
#1568 = CARTESIAN_POINT('',(-22.3,17.5,71.5));
#1569 = VECTOR('',#1570,1.);
#1570 = DIRECTION('',(0.,-1.,0.));
#1571 = ORIENTED_EDGE('',*,*,#1572,.F.);
#1572 = EDGE_CURVE('',#1539,#1565,#1573,.T.);
#1573 = LINE('',#1574,#1575);
#1574 = CARTESIAN_POINT('',(-22.3,12.5,90.));
#1575 = VECTOR('',#1576,1.);
#1576 = DIRECTION('',(0.,0.,-1.));
#1577 = PLANE('',#1578);
#1578 = AXIS2_PLACEMENT_3D('',#1579,#1580,#1581);
#1579 = CARTESIAN_POINT('',(-22.3,8.75,50.));
#1580 = DIRECTION('',(1.,0.,0.));
#1581 = DIRECTION('',(0.,0.,1.));
#1582 = ADVANCED_FACE('',(#1583),#1601,.F.);
#1583 = FACE_BOUND('',#1584,.F.);
#1584 = EDGE_LOOP('',(#1585,#1586,#1587,#1595));
#1585 = ORIENTED_EDGE('',*,*,#1548,.T.);
#1586 = ORIENTED_EDGE('',*,*,#461,.T.);
#1587 = ORIENTED_EDGE('',*,*,#1588,.T.);
#1588 = EDGE_CURVE('',#462,#1589,#1591,.T.);
#1589 = VERTEX_POINT('',#1590);
#1590 = CARTESIAN_POINT('',(-25.3,5.,71.51097302577));
#1591 = LINE('',#1592,#1593);
#1592 = CARTESIAN_POINT('',(-25.3,0.,71.51097302577));
#1593 = VECTOR('',#1594,1.);
#1594 = DIRECTION('',(0.,1.,0.));
#1595 = ORIENTED_EDGE('',*,*,#1596,.F.);
#1596 = EDGE_CURVE('',#1549,#1589,#1597,.T.);
#1597 = LINE('',#1598,#1599);
#1598 = CARTESIAN_POINT('',(-17.3,5.,71.51097302577));
#1599 = VECTOR('',#1600,1.);
#1600 = DIRECTION('',(-1.,0.,0.));
#1601 = PLANE('',#1602);
#1602 = AXIS2_PLACEMENT_3D('',#1603,#1604,#1605);
#1603 = CARTESIAN_POINT('',(-17.3,0.,71.51097302577));
#1604 = DIRECTION('',(0.,0.,-1.));
#1605 = DIRECTION('',(0.,1.,0.));
#1606 = ADVANCED_FACE('',(#1607),#1619,.T.);
#1607 = FACE_BOUND('',#1608,.F.);
#1608 = EDGE_LOOP('',(#1609,#1610,#1611,#1618));
#1609 = ORIENTED_EDGE('',*,*,#469,.T.);
#1610 = ORIENTED_EDGE('',*,*,#757,.T.);
#1611 = ORIENTED_EDGE('',*,*,#1612,.F.);
#1612 = EDGE_CURVE('',#1589,#750,#1613,.T.);
#1613 = CIRCLE('',#1614,2.);
#1614 = AXIS2_PLACEMENT_3D('',#1615,#1616,#1617);
#1615 = CARTESIAN_POINT('',(-25.3,5.,69.51097302577));
#1616 = DIRECTION('',(0.,-1.,0.));
#1617 = DIRECTION('',(0.,0.,1.));
#1618 = ORIENTED_EDGE('',*,*,#1588,.F.);
#1619 = CYLINDRICAL_SURFACE('',#1620,2.);
#1620 = AXIS2_PLACEMENT_3D('',#1621,#1622,#1623);
#1621 = CARTESIAN_POINT('',(-25.3,0.,69.51097302577));
#1622 = DIRECTION('',(0.,1.,0.));
#1623 = DIRECTION('',(0.,0.,1.));
#1624 = ADVANCED_FACE('',(#1625),#1637,.F.);
#1625 = FACE_BOUND('',#1626,.T.);
#1626 = EDGE_LOOP('',(#1627,#1628,#1629,#1630));
#1627 = ORIENTED_EDGE('',*,*,#486,.T.);
#1628 = ORIENTED_EDGE('',*,*,#725,.T.);
#1629 = ORIENTED_EDGE('',*,*,#502,.F.);
#1630 = ORIENTED_EDGE('',*,*,#1631,.F.);
#1631 = EDGE_CURVE('',#487,#495,#1632,.T.);
#1632 = CIRCLE('',#1633,7.55);
#1633 = AXIS2_PLACEMENT_3D('',#1634,#1635,#1636);
#1634 = CARTESIAN_POINT('',(-17.3,0.,50.));
#1635 = DIRECTION('',(-1.,0.,0.));
#1636 = DIRECTION('',(0.,-1.,0.));
#1637 = CYLINDRICAL_SURFACE('',#1638,7.55);
#1638 = AXIS2_PLACEMENT_3D('',#1639,#1640,#1641);
#1639 = CARTESIAN_POINT('',(-17.3,0.,50.));
#1640 = DIRECTION('',(1.,0.,0.));
#1641 = DIRECTION('',(0.,-1.,0.));
#1642 = ADVANCED_FACE('',(#1643),#1647,.F.);
#1643 = FACE_BOUND('',#1644,.F.);
#1644 = EDGE_LOOP('',(#1645,#1646));
#1645 = ORIENTED_EDGE('',*,*,#494,.F.);
#1646 = ORIENTED_EDGE('',*,*,#1631,.F.);
#1647 = PLANE('',#1648);
#1648 = AXIS2_PLACEMENT_3D('',#1649,#1650,#1651);
#1649 = CARTESIAN_POINT('',(-17.3,17.5,0.));
#1650 = DIRECTION('',(1.,0.,0.));
#1651 = DIRECTION('',(0.,-1.,0.));
#1652 = ADVANCED_FACE('',(#1653),#1659,.F.);
#1653 = FACE_BOUND('',#1654,.F.);
#1654 = EDGE_LOOP('',(#1655,#1656,#1657,#1658));
#1655 = ORIENTED_EDGE('',*,*,#537,.F.);
#1656 = ORIENTED_EDGE('',*,*,#1079,.F.);
#1657 = ORIENTED_EDGE('',*,*,#955,.F.);
#1658 = ORIENTED_EDGE('',*,*,#1064,.F.);
#1659 = PLANE('',#1660);
#1660 = AXIS2_PLACEMENT_3D('',#1661,#1662,#1663);
#1661 = CARTESIAN_POINT('',(-27.3,3.794798837511,50.));
#1662 = DIRECTION('',(1.,0.,0.));
#1663 = DIRECTION('',(0.,0.,1.));
#1664 = ADVANCED_FACE('',(#1665),#1684,.F.);
#1665 = FACE_BOUND('',#1666,.F.);
#1666 = EDGE_LOOP('',(#1667,#1676,#1682,#1683));
#1667 = ORIENTED_EDGE('',*,*,#1668,.F.);
#1668 = EDGE_CURVE('',#1669,#1669,#1671,.T.);
#1669 = VERTEX_POINT('',#1670);
#1670 = CARTESIAN_POINT('',(-23.85,3.8,5.));
#1671 = CIRCLE('',#1672,1.55);
#1672 = AXIS2_PLACEMENT_3D('',#1673,#1674,#1675);
#1673 = CARTESIAN_POINT('',(-22.3,3.8,5.));
#1674 = DIRECTION('',(0.,1.,-2.22044604925E-16));
#1675 = DIRECTION('',(-1.,0.,0.));
#1676 = ORIENTED_EDGE('',*,*,#1677,.T.);
#1677 = EDGE_CURVE('',#1669,#546,#1678,.T.);
#1678 = LINE('',#1679,#1680);
#1679 = CARTESIAN_POINT('',(-23.85,3.8,5.));
#1680 = VECTOR('',#1681,1.);
#1681 = DIRECTION('',(0.,-1.,2.22044604925E-16));
#1682 = ORIENTED_EDGE('',*,*,#545,.T.);
#1683 = ORIENTED_EDGE('',*,*,#1677,.F.);
#1684 = CYLINDRICAL_SURFACE('',#1685,1.55);
#1685 = AXIS2_PLACEMENT_3D('',#1686,#1687,#1688);
#1686 = CARTESIAN_POINT('',(-22.3,3.8,5.));
#1687 = DIRECTION('',(0.,1.,-2.22044604925E-16));
#1688 = DIRECTION('',(-1.,0.,0.));
#1689 = ADVANCED_FACE('',(#1690),#1709,.F.);
#1690 = FACE_BOUND('',#1691,.F.);
#1691 = EDGE_LOOP('',(#1692,#1701,#1707,#1708));
#1692 = ORIENTED_EDGE('',*,*,#1693,.F.);
#1693 = EDGE_CURVE('',#1694,#1694,#1696,.T.);
#1694 = VERTEX_POINT('',#1695);
#1695 = CARTESIAN_POINT('',(-23.85,3.8,33.5));
#1696 = CIRCLE('',#1697,1.55);
#1697 = AXIS2_PLACEMENT_3D('',#1698,#1699,#1700);
#1698 = CARTESIAN_POINT('',(-22.3,3.8,33.5));
#1699 = DIRECTION('',(0.,1.,-2.22044604925E-16));
#1700 = DIRECTION('',(-1.,0.,0.));
#1701 = ORIENTED_EDGE('',*,*,#1702,.T.);
#1702 = EDGE_CURVE('',#1694,#557,#1703,.T.);
#1703 = LINE('',#1704,#1705);
#1704 = CARTESIAN_POINT('',(-23.85,3.8,33.5));
#1705 = VECTOR('',#1706,1.);
#1706 = DIRECTION('',(0.,-1.,2.22044604925E-16));
#1707 = ORIENTED_EDGE('',*,*,#556,.T.);
#1708 = ORIENTED_EDGE('',*,*,#1702,.F.);
#1709 = CYLINDRICAL_SURFACE('',#1710,1.55);
#1710 = AXIS2_PLACEMENT_3D('',#1711,#1712,#1713);
#1711 = CARTESIAN_POINT('',(-22.3,3.8,33.5));
#1712 = DIRECTION('',(0.,1.,-2.22044604925E-16));
#1713 = DIRECTION('',(-1.,0.,0.));
#1714 = ADVANCED_FACE('',(#1715),#1734,.F.);
#1715 = FACE_BOUND('',#1716,.F.);
#1716 = EDGE_LOOP('',(#1717,#1726,#1732,#1733));
#1717 = ORIENTED_EDGE('',*,*,#1718,.F.);
#1718 = EDGE_CURVE('',#1719,#1719,#1721,.T.);
#1719 = VERTEX_POINT('',#1720);
#1720 = CARTESIAN_POINT('',(-23.85,3.8,95.));
#1721 = CIRCLE('',#1722,1.55);
#1722 = AXIS2_PLACEMENT_3D('',#1723,#1724,#1725);
#1723 = CARTESIAN_POINT('',(-22.3,3.8,95.));
#1724 = DIRECTION('',(0.,1.,-2.22044604925E-16));
#1725 = DIRECTION('',(-1.,0.,0.));
#1726 = ORIENTED_EDGE('',*,*,#1727,.T.);
#1727 = EDGE_CURVE('',#1719,#568,#1728,.T.);
#1728 = LINE('',#1729,#1730);
#1729 = CARTESIAN_POINT('',(-23.85,3.8,95.));
#1730 = VECTOR('',#1731,1.);
#1731 = DIRECTION('',(0.,-1.,2.22044604925E-16));
#1732 = ORIENTED_EDGE('',*,*,#567,.T.);
#1733 = ORIENTED_EDGE('',*,*,#1727,.F.);
#1734 = CYLINDRICAL_SURFACE('',#1735,1.55);
#1735 = AXIS2_PLACEMENT_3D('',#1736,#1737,#1738);
#1736 = CARTESIAN_POINT('',(-22.3,3.8,95.));
#1737 = DIRECTION('',(0.,1.,-2.22044604925E-16));
#1738 = DIRECTION('',(-1.,0.,0.));
#1739 = ADVANCED_FACE('',(#1740),#1759,.F.);
#1740 = FACE_BOUND('',#1741,.F.);
#1741 = EDGE_LOOP('',(#1742,#1751,#1757,#1758));
#1742 = ORIENTED_EDGE('',*,*,#1743,.F.);
#1743 = EDGE_CURVE('',#1744,#1744,#1746,.T.);
#1744 = VERTEX_POINT('',#1745);
#1745 = CARTESIAN_POINT('',(-23.85,3.8,66.5));
#1746 = CIRCLE('',#1747,1.55);
#1747 = AXIS2_PLACEMENT_3D('',#1748,#1749,#1750);
#1748 = CARTESIAN_POINT('',(-22.3,3.8,66.5));
#1749 = DIRECTION('',(0.,1.,-2.22044604925E-16));
#1750 = DIRECTION('',(-1.,0.,0.));
#1751 = ORIENTED_EDGE('',*,*,#1752,.T.);
#1752 = EDGE_CURVE('',#1744,#579,#1753,.T.);
#1753 = LINE('',#1754,#1755);
#1754 = CARTESIAN_POINT('',(-23.85,3.8,66.5));
#1755 = VECTOR('',#1756,1.);
#1756 = DIRECTION('',(0.,-1.,2.22044604925E-16));
#1757 = ORIENTED_EDGE('',*,*,#578,.T.);
#1758 = ORIENTED_EDGE('',*,*,#1752,.F.);
#1759 = CYLINDRICAL_SURFACE('',#1760,1.55);
#1760 = AXIS2_PLACEMENT_3D('',#1761,#1762,#1763);
#1761 = CARTESIAN_POINT('',(-22.3,3.8,66.5));
#1762 = DIRECTION('',(0.,1.,-2.22044604925E-16));
#1763 = DIRECTION('',(-1.,0.,0.));
#1764 = ADVANCED_FACE('',(#1765,#1779),#1829,.F.);
#1765 = FACE_BOUND('',#1766,.F.);
#1766 = EDGE_LOOP('',(#1767,#1768,#1769,#1770,#1771,#1772,#1773));
#1767 = ORIENTED_EDGE('',*,*,#1556,.T.);
#1768 = ORIENTED_EDGE('',*,*,#1596,.T.);
#1769 = ORIENTED_EDGE('',*,*,#1612,.T.);
#1770 = ORIENTED_EDGE('',*,*,#749,.T.);
#1771 = ORIENTED_EDGE('',*,*,#771,.F.);
#1772 = ORIENTED_EDGE('',*,*,#612,.F.);
#1773 = ORIENTED_EDGE('',*,*,#1774,.T.);
#1774 = EDGE_CURVE('',#605,#1557,#1775,.T.);
#1775 = LINE('',#1776,#1777);
#1776 = CARTESIAN_POINT('',(-17.3,5.,71.5));
#1777 = VECTOR('',#1778,1.);
#1778 = DIRECTION('',(-1.,0.,0.));
#1779 = FACE_BOUND('',#1780,.F.);
#1780 = EDGE_LOOP('',(#1781,#1791,#1799,#1807,#1815,#1823));
#1781 = ORIENTED_EDGE('',*,*,#1782,.T.);
#1782 = EDGE_CURVE('',#1783,#1785,#1787,.T.);
#1783 = VERTEX_POINT('',#1784);
#1784 = CARTESIAN_POINT('',(-23.9,5.,63.728718707892));
#1785 = VERTEX_POINT('',#1786);
#1786 = CARTESIAN_POINT('',(-25.5,5.,66.499999999984));
#1787 = LINE('',#1788,#1789);
#1788 = CARTESIAN_POINT('',(-23.9,5.,63.728718707892));
#1789 = VECTOR('',#1790,1.);
#1790 = DIRECTION('',(-0.500000000002,1.922962686382E-16,0.866025403784)
  );
#1791 = ORIENTED_EDGE('',*,*,#1792,.T.);
#1792 = EDGE_CURVE('',#1785,#1793,#1795,.T.);
#1793 = VERTEX_POINT('',#1794);
#1794 = CARTESIAN_POINT('',(-23.9,5.,69.271281292107));
#1795 = LINE('',#1796,#1797);
#1796 = CARTESIAN_POINT('',(-25.5,5.,66.499999999984));
#1797 = VECTOR('',#1798,1.);
#1798 = DIRECTION('',(0.499999999997,1.922962686387E-16,0.866025403786)
  );
#1799 = ORIENTED_EDGE('',*,*,#1800,.T.);
#1800 = EDGE_CURVE('',#1793,#1801,#1803,.T.);
#1801 = VERTEX_POINT('',#1802);
#1802 = CARTESIAN_POINT('',(-20.70000000001,5.,69.271281292121));
#1803 = LINE('',#1804,#1805);
#1804 = CARTESIAN_POINT('',(-23.9,5.,69.271281292107));
#1805 = VECTOR('',#1806,1.);
#1806 = DIRECTION('',(1.,1.010728034819E-27,4.551914400982E-12));
#1807 = ORIENTED_EDGE('',*,*,#1808,.T.);
#1808 = EDGE_CURVE('',#1801,#1809,#1811,.T.);
#1809 = VERTEX_POINT('',#1810);
#1810 = CARTESIAN_POINT('',(-19.1,5.,66.500000000013));
#1811 = LINE('',#1812,#1813);
#1812 = CARTESIAN_POINT('',(-20.70000000001,5.,69.271281292121));
#1813 = VECTOR('',#1814,1.);
#1814 = DIRECTION('',(0.500000000005,-1.922962686377E-16,-0.866025403782
    ));
#1815 = ORIENTED_EDGE('',*,*,#1816,.T.);
#1816 = EDGE_CURVE('',#1809,#1817,#1819,.T.);
#1817 = VERTEX_POINT('',#1818);
#1818 = CARTESIAN_POINT('',(-20.69999999999,5.,63.728718707892));
#1819 = LINE('',#1820,#1821);
#1820 = CARTESIAN_POINT('',(-19.1,5.,66.500000000013));
#1821 = VECTOR('',#1822,1.);
#1822 = DIRECTION('',(-0.499999999998,-1.922962686387E-16,
    -0.866025403786));
#1823 = ORIENTED_EDGE('',*,*,#1824,.T.);
#1824 = EDGE_CURVE('',#1817,#1783,#1825,.T.);
#1825 = LINE('',#1826,#1827);
#1826 = CARTESIAN_POINT('',(-20.69999999999,5.,63.728718707892));
#1827 = VECTOR('',#1828,1.);
#1828 = DIRECTION('',(-1.,0.,0.));
#1829 = PLANE('',#1830);
#1830 = AXIS2_PLACEMENT_3D('',#1831,#1832,#1833);
#1831 = CARTESIAN_POINT('',(-17.3,5.,71.51097302577));
#1832 = DIRECTION('',(-0.,-1.,-8.881784197001E-17));
#1833 = DIRECTION('',(0.,8.881784197001E-17,-1.));
#1834 = ADVANCED_FACE('',(#1835),#1847,.F.);
#1835 = FACE_BOUND('',#1836,.F.);
#1836 = EDGE_LOOP('',(#1837,#1838,#1839,#1840));
#1837 = ORIENTED_EDGE('',*,*,#1564,.T.);
#1838 = ORIENTED_EDGE('',*,*,#1774,.F.);
#1839 = ORIENTED_EDGE('',*,*,#604,.F.);
#1840 = ORIENTED_EDGE('',*,*,#1841,.F.);
#1841 = EDGE_CURVE('',#1565,#597,#1842,.T.);
#1842 = CIRCLE('',#1843,5.);
#1843 = AXIS2_PLACEMENT_3D('',#1844,#1845,#1846);
#1844 = CARTESIAN_POINT('',(-17.3,12.5,71.5));
#1845 = DIRECTION('',(0.,0.,-1.));
#1846 = DIRECTION('',(0.,1.,0.));
#1847 = PLANE('',#1848);
#1848 = AXIS2_PLACEMENT_3D('',#1849,#1850,#1851);
#1849 = CARTESIAN_POINT('',(-17.3,17.5,71.5));
#1850 = DIRECTION('',(0.,0.,1.));
#1851 = DIRECTION('',(0.,-1.,0.));
#1852 = ADVANCED_FACE('',(#1853),#1865,.T.);
#1853 = FACE_BOUND('',#1854,.T.);
#1854 = EDGE_LOOP('',(#1855,#1862,#1863,#1864));
#1855 = ORIENTED_EDGE('',*,*,#1856,.T.);
#1856 = EDGE_CURVE('',#1539,#639,#1857,.T.);
#1857 = CIRCLE('',#1858,5.);
#1858 = AXIS2_PLACEMENT_3D('',#1859,#1860,#1861);
#1859 = CARTESIAN_POINT('',(-17.3,12.5,90.));
#1860 = DIRECTION('',(0.,0.,-1.));
#1861 = DIRECTION('',(0.,1.,0.));
#1862 = ORIENTED_EDGE('',*,*,#638,.T.);
#1863 = ORIENTED_EDGE('',*,*,#1841,.F.);
#1864 = ORIENTED_EDGE('',*,*,#1572,.F.);
#1865 = CYLINDRICAL_SURFACE('',#1866,5.);
#1866 = AXIS2_PLACEMENT_3D('',#1867,#1868,#1869);
#1867 = CARTESIAN_POINT('',(-17.3,12.5,90.));
#1868 = DIRECTION('',(0.,0.,-1.));
#1869 = DIRECTION('',(-1.,-0.,-0.));
#1870 = ADVANCED_FACE('',(#1871),#1889,.F.);
#1871 = FACE_BOUND('',#1872,.F.);
#1872 = EDGE_LOOP('',(#1873,#1881,#1882,#1883));
#1873 = ORIENTED_EDGE('',*,*,#1874,.T.);
#1874 = EDGE_CURVE('',#1875,#639,#1877,.T.);
#1875 = VERTEX_POINT('',#1876);
#1876 = CARTESIAN_POINT('',(-17.3,5.,90.));
#1877 = LINE('',#1878,#1879);
#1878 = CARTESIAN_POINT('',(-17.3,0.,90.));
#1879 = VECTOR('',#1880,1.);
#1880 = DIRECTION('',(0.,1.,0.));
#1881 = ORIENTED_EDGE('',*,*,#646,.T.);
#1882 = ORIENTED_EDGE('',*,*,#1408,.T.);
#1883 = ORIENTED_EDGE('',*,*,#1884,.T.);
#1884 = EDGE_CURVE('',#1409,#1875,#1885,.T.);
#1885 = LINE('',#1886,#1887);
#1886 = CARTESIAN_POINT('',(-17.3,5.,100.));
#1887 = VECTOR('',#1888,1.);
#1888 = DIRECTION('',(0.,0.,-1.));
#1889 = PLANE('',#1890);
#1890 = AXIS2_PLACEMENT_3D('',#1891,#1892,#1893);
#1891 = CARTESIAN_POINT('',(-17.3,17.5,0.));
#1892 = DIRECTION('',(1.,0.,0.));
#1893 = DIRECTION('',(0.,-1.,0.));
#1894 = ADVANCED_FACE('',(#1895),#1913,.T.);
#1895 = FACE_BOUND('',#1896,.T.);
#1896 = EDGE_LOOP('',(#1897,#1898,#1899,#1907));
#1897 = ORIENTED_EDGE('',*,*,#1122,.F.);
#1898 = ORIENTED_EDGE('',*,*,#694,.T.);
#1899 = ORIENTED_EDGE('',*,*,#1900,.F.);
#1900 = EDGE_CURVE('',#1901,#687,#1903,.T.);
#1901 = VERTEX_POINT('',#1902);
#1902 = CARTESIAN_POINT('',(17.3,5.,10.));
#1903 = LINE('',#1904,#1905);
#1904 = CARTESIAN_POINT('',(17.3,0.,10.));
#1905 = VECTOR('',#1906,1.);
#1906 = DIRECTION('',(0.,1.,0.));
#1907 = ORIENTED_EDGE('',*,*,#1908,.F.);
#1908 = EDGE_CURVE('',#1123,#1901,#1909,.T.);
#1909 = LINE('',#1910,#1911);
#1910 = CARTESIAN_POINT('',(17.3,5.,0.));
#1911 = VECTOR('',#1912,1.);
#1912 = DIRECTION('',(0.,0.,1.));
#1913 = PLANE('',#1914);
#1914 = AXIS2_PLACEMENT_3D('',#1915,#1916,#1917);
#1915 = CARTESIAN_POINT('',(17.3,17.5,0.));
#1916 = DIRECTION('',(1.,0.,0.));
#1917 = DIRECTION('',(0.,-1.,0.));
#1918 = ADVANCED_FACE('',(#1919),#1946,.T.);
#1919 = FACE_BOUND('',#1920,.T.);
#1920 = EDGE_LOOP('',(#1921,#1930,#1931,#1940));
#1921 = ORIENTED_EDGE('',*,*,#1922,.T.);
#1922 = EDGE_CURVE('',#1923,#687,#1925,.T.);
#1923 = VERTEX_POINT('',#1924);
#1924 = CARTESIAN_POINT('',(22.3,12.5,10.));
#1925 = CIRCLE('',#1926,5.);
#1926 = AXIS2_PLACEMENT_3D('',#1927,#1928,#1929);
#1927 = CARTESIAN_POINT('',(17.3,12.5,10.));
#1928 = DIRECTION('',(-0.,0.,1.));
#1929 = DIRECTION('',(0.,-1.,0.));
#1930 = ORIENTED_EDGE('',*,*,#686,.T.);
#1931 = ORIENTED_EDGE('',*,*,#1932,.F.);
#1932 = EDGE_CURVE('',#1933,#679,#1935,.T.);
#1933 = VERTEX_POINT('',#1934);
#1934 = CARTESIAN_POINT('',(22.3,12.5,28.5));
#1935 = CIRCLE('',#1936,5.);
#1936 = AXIS2_PLACEMENT_3D('',#1937,#1938,#1939);
#1937 = CARTESIAN_POINT('',(17.3,12.5,28.5));
#1938 = DIRECTION('',(-0.,0.,1.));
#1939 = DIRECTION('',(0.,-1.,0.));
#1940 = ORIENTED_EDGE('',*,*,#1941,.F.);
#1941 = EDGE_CURVE('',#1923,#1933,#1942,.T.);
#1942 = LINE('',#1943,#1944);
#1943 = CARTESIAN_POINT('',(22.3,12.5,10.));
#1944 = VECTOR('',#1945,1.);
#1945 = DIRECTION('',(0.,0.,1.));
#1946 = CYLINDRICAL_SURFACE('',#1947,5.);
#1947 = AXIS2_PLACEMENT_3D('',#1948,#1949,#1950);
#1948 = CARTESIAN_POINT('',(17.3,12.5,10.));
#1949 = DIRECTION('',(0.,0.,1.));
#1950 = DIRECTION('',(1.,0.,0.));
#1951 = ADVANCED_FACE('',(#1952),#1970,.T.);
#1952 = FACE_BOUND('',#1953,.T.);
#1953 = EDGE_LOOP('',(#1954,#1962,#1963,#1964));
#1954 = ORIENTED_EDGE('',*,*,#1955,.F.);
#1955 = EDGE_CURVE('',#663,#1956,#1958,.T.);
#1956 = VERTEX_POINT('',#1957);
#1957 = CARTESIAN_POINT('',(17.3,5.,90.));
#1958 = LINE('',#1959,#1960);
#1959 = CARTESIAN_POINT('',(17.3,17.5,90.));
#1960 = VECTOR('',#1961,1.);
#1961 = DIRECTION('',(0.,-1.,0.));
#1962 = ORIENTED_EDGE('',*,*,#662,.T.);
#1963 = ORIENTED_EDGE('',*,*,#1401,.T.);
#1964 = ORIENTED_EDGE('',*,*,#1965,.F.);
#1965 = EDGE_CURVE('',#1956,#1394,#1966,.T.);
#1966 = LINE('',#1967,#1968);
#1967 = CARTESIAN_POINT('',(17.3,5.,90.));
#1968 = VECTOR('',#1969,1.);
#1969 = DIRECTION('',(0.,0.,1.));
#1970 = PLANE('',#1971);
#1971 = AXIS2_PLACEMENT_3D('',#1972,#1973,#1974);
#1972 = CARTESIAN_POINT('',(17.3,17.5,0.));
#1973 = DIRECTION('',(1.,0.,0.));
#1974 = DIRECTION('',(0.,-1.,0.));
#1975 = ADVANCED_FACE('',(#1976),#2018,.T.);
#1976 = FACE_BOUND('',#1977,.T.);
#1977 = EDGE_LOOP('',(#1978,#1986,#1987,#1995,#2003,#2012));
#1978 = ORIENTED_EDGE('',*,*,#1979,.F.);
#1979 = EDGE_CURVE('',#679,#1980,#1982,.T.);
#1980 = VERTEX_POINT('',#1981);
#1981 = CARTESIAN_POINT('',(17.3,5.,28.5));
#1982 = LINE('',#1983,#1984);
#1983 = CARTESIAN_POINT('',(17.3,17.5,28.5));
#1984 = VECTOR('',#1985,1.);
#1985 = DIRECTION('',(0.,-1.,0.));
#1986 = ORIENTED_EDGE('',*,*,#678,.T.);
#1987 = ORIENTED_EDGE('',*,*,#1988,.F.);
#1988 = EDGE_CURVE('',#1989,#671,#1991,.T.);
#1989 = VERTEX_POINT('',#1990);
#1990 = CARTESIAN_POINT('',(17.3,5.,71.5));
#1991 = LINE('',#1992,#1993);
#1992 = CARTESIAN_POINT('',(17.3,0.,71.5));
#1993 = VECTOR('',#1994,1.);
#1994 = DIRECTION('',(0.,1.,0.));
#1995 = ORIENTED_EDGE('',*,*,#1996,.T.);
#1996 = EDGE_CURVE('',#1989,#1997,#1999,.T.);
#1997 = VERTEX_POINT('',#1998);
#1998 = CARTESIAN_POINT('',(17.3,5.,61.51097302577));
#1999 = LINE('',#2000,#2001);
#2000 = CARTESIAN_POINT('',(17.3,5.,71.51097302577));
#2001 = VECTOR('',#2002,1.);
#2002 = DIRECTION('',(0.,0.,-1.));
#2003 = ORIENTED_EDGE('',*,*,#2004,.F.);
#2004 = EDGE_CURVE('',#2005,#1997,#2007,.T.);
#2005 = VERTEX_POINT('',#2006);
#2006 = CARTESIAN_POINT('',(17.3,5.,38.48902697423));
#2007 = CIRCLE('',#2008,12.55);
#2008 = AXIS2_PLACEMENT_3D('',#2009,#2010,#2011);
#2009 = CARTESIAN_POINT('',(17.3,0.,50.));
#2010 = DIRECTION('',(1.,0.,0.));
#2011 = DIRECTION('',(0.,1.,0.));
#2012 = ORIENTED_EDGE('',*,*,#2013,.T.);
#2013 = EDGE_CURVE('',#2005,#1980,#2014,.T.);
#2014 = LINE('',#2015,#2016);
#2015 = CARTESIAN_POINT('',(17.3,5.,38.48902697423));
#2016 = VECTOR('',#2017,1.);
#2017 = DIRECTION('',(0.,0.,-1.));
#2018 = PLANE('',#2019);
#2019 = AXIS2_PLACEMENT_3D('',#2020,#2021,#2022);
#2020 = CARTESIAN_POINT('',(17.3,17.5,0.));
#2021 = DIRECTION('',(1.,0.,0.));
#2022 = DIRECTION('',(0.,-1.,0.));
#2023 = ADVANCED_FACE('',(#2024),#2051,.T.);
#2024 = FACE_BOUND('',#2025,.T.);
#2025 = EDGE_LOOP('',(#2026,#2035,#2036,#2045));
#2026 = ORIENTED_EDGE('',*,*,#2027,.T.);
#2027 = EDGE_CURVE('',#2028,#671,#2030,.T.);
#2028 = VERTEX_POINT('',#2029);
#2029 = CARTESIAN_POINT('',(22.3,12.5,71.5));
#2030 = CIRCLE('',#2031,5.);
#2031 = AXIS2_PLACEMENT_3D('',#2032,#2033,#2034);
#2032 = CARTESIAN_POINT('',(17.3,12.5,71.5));
#2033 = DIRECTION('',(-0.,0.,1.));
#2034 = DIRECTION('',(0.,-1.,0.));
#2035 = ORIENTED_EDGE('',*,*,#670,.T.);
#2036 = ORIENTED_EDGE('',*,*,#2037,.F.);
#2037 = EDGE_CURVE('',#2038,#663,#2040,.T.);
#2038 = VERTEX_POINT('',#2039);
#2039 = CARTESIAN_POINT('',(22.3,12.5,90.));
#2040 = CIRCLE('',#2041,5.);
#2041 = AXIS2_PLACEMENT_3D('',#2042,#2043,#2044);
#2042 = CARTESIAN_POINT('',(17.3,12.5,90.));
#2043 = DIRECTION('',(-0.,0.,1.));
#2044 = DIRECTION('',(0.,-1.,0.));
#2045 = ORIENTED_EDGE('',*,*,#2046,.F.);
#2046 = EDGE_CURVE('',#2028,#2038,#2047,.T.);
#2047 = LINE('',#2048,#2049);
#2048 = CARTESIAN_POINT('',(22.3,12.5,71.5));
#2049 = VECTOR('',#2050,1.);
#2050 = DIRECTION('',(0.,0.,1.));
#2051 = CYLINDRICAL_SURFACE('',#2052,5.);
#2052 = AXIS2_PLACEMENT_3D('',#2053,#2054,#2055);
#2053 = CARTESIAN_POINT('',(17.3,12.5,71.5));
#2054 = DIRECTION('',(0.,0.,1.));
#2055 = DIRECTION('',(1.,0.,0.));
#2056 = ADVANCED_FACE('',(#2057,#2065),#2068,.T.);
#2057 = FACE_BOUND('',#2058,.T.);
#2058 = EDGE_LOOP('',(#2059,#2060,#2061,#2062,#2063,#2064));
#2059 = ORIENTED_EDGE('',*,*,#856,.T.);
#2060 = ORIENTED_EDGE('',*,*,#904,.T.);
#2061 = ORIENTED_EDGE('',*,*,#928,.T.);
#2062 = ORIENTED_EDGE('',*,*,#887,.T.);
#2063 = ORIENTED_EDGE('',*,*,#839,.T.);
#2064 = ORIENTED_EDGE('',*,*,#808,.T.);
#2065 = FACE_BOUND('',#2066,.T.);
#2066 = EDGE_LOOP('',(#2067));
#2067 = ORIENTED_EDGE('',*,*,#1693,.F.);
#2068 = PLANE('',#2069);
#2069 = AXIS2_PLACEMENT_3D('',#2070,#2071,#2072);
#2070 = CARTESIAN_POINT('',(-5.284892893679E-13,3.8,50.));
#2071 = DIRECTION('',(0.,1.,0.));
#2072 = DIRECTION('',(0.,0.,1.));
#2073 = ADVANCED_FACE('',(#2074),#2099,.T.);
#2074 = FACE_BOUND('',#2075,.T.);
#2075 = EDGE_LOOP('',(#2076,#2084,#2092,#2098));
#2076 = ORIENTED_EDGE('',*,*,#2077,.T.);
#2077 = EDGE_CURVE('',#989,#2078,#2080,.T.);
#2078 = VERTEX_POINT('',#2079);
#2079 = CARTESIAN_POINT('',(-19.1,3.8,4.999999999984));
#2080 = LINE('',#2081,#2082);
#2081 = CARTESIAN_POINT('',(-19.1,5.,4.999999999984));
#2082 = VECTOR('',#2083,1.);
#2083 = DIRECTION('',(0.,-1.,2.22044604925E-16));
#2084 = ORIENTED_EDGE('',*,*,#2085,.T.);
#2085 = EDGE_CURVE('',#2078,#2086,#2088,.T.);
#2086 = VERTEX_POINT('',#2087);
#2087 = CARTESIAN_POINT('',(-20.69999999999,3.8,7.771281292107));
#2088 = LINE('',#2089,#2090);
#2089 = CARTESIAN_POINT('',(-19.1,3.8,4.999999999984));
#2090 = VECTOR('',#2091,1.);
#2091 = DIRECTION('',(-0.499999999997,1.922962686387E-16,0.866025403786)
  );
#2092 = ORIENTED_EDGE('',*,*,#2093,.F.);
#2093 = EDGE_CURVE('',#991,#2086,#2094,.T.);
#2094 = LINE('',#2095,#2096);
#2095 = CARTESIAN_POINT('',(-20.69999999999,5.,7.771281292107));
#2096 = VECTOR('',#2097,1.);
#2097 = DIRECTION('',(0.,-1.,2.22044604925E-16));
#2098 = ORIENTED_EDGE('',*,*,#988,.F.);
#2099 = PLANE('',#2100);
#2100 = AXIS2_PLACEMENT_3D('',#2101,#2102,#2103);
#2101 = CARTESIAN_POINT('',(-19.1,5.,4.999999999984));
#2102 = DIRECTION('',(-0.866025403786,-1.110223024618E-16,
    -0.499999999997));
#2103 = DIRECTION('',(-0.499999999997,1.922962686387E-16,0.866025403786)
  );
#2104 = ADVANCED_FACE('',(#2105),#2123,.T.);
#2105 = FACE_BOUND('',#2106,.T.);
#2106 = EDGE_LOOP('',(#2107,#2108,#2116,#2122));
#2107 = ORIENTED_EDGE('',*,*,#2093,.T.);
#2108 = ORIENTED_EDGE('',*,*,#2109,.T.);
#2109 = EDGE_CURVE('',#2086,#2110,#2112,.T.);
#2110 = VERTEX_POINT('',#2111);
#2111 = CARTESIAN_POINT('',(-23.89999999998,3.8,7.771281292121));
#2112 = LINE('',#2113,#2114);
#2113 = CARTESIAN_POINT('',(-20.69999999999,3.8,7.771281292107));
#2114 = VECTOR('',#2115,1.);
#2115 = DIRECTION('',(-1.,1.014302560796E-27,4.56801263484E-12));
#2116 = ORIENTED_EDGE('',*,*,#2117,.F.);
#2117 = EDGE_CURVE('',#1023,#2110,#2118,.T.);
#2118 = LINE('',#2119,#2120);
#2119 = CARTESIAN_POINT('',(-23.89999999998,5.,7.771281292121));
#2120 = VECTOR('',#2121,1.);
#2121 = DIRECTION('',(0.,-1.,2.22044604925E-16));
#2122 = ORIENTED_EDGE('',*,*,#1030,.F.);
#2123 = PLANE('',#2124);
#2124 = AXIS2_PLACEMENT_3D('',#2125,#2126,#2127);
#2125 = CARTESIAN_POINT('',(-20.69999999999,5.,7.771281292107));
#2126 = DIRECTION('',(-4.56801263484E-12,-2.22044604925E-16,-1.));
#2127 = DIRECTION('',(-1.,1.014302560796E-27,4.56801263484E-12));
#2128 = ADVANCED_FACE('',(#2129),#2147,.T.);
#2129 = FACE_BOUND('',#2130,.T.);
#2130 = EDGE_LOOP('',(#2131,#2132,#2140,#2146));
#2131 = ORIENTED_EDGE('',*,*,#2117,.T.);
#2132 = ORIENTED_EDGE('',*,*,#2133,.T.);
#2133 = EDGE_CURVE('',#2110,#2134,#2136,.T.);
#2134 = VERTEX_POINT('',#2135);
#2135 = CARTESIAN_POINT('',(-25.5,3.8,5.000000000014));
#2136 = LINE('',#2137,#2138);
#2137 = CARTESIAN_POINT('',(-23.89999999998,3.8,7.771281292121));
#2138 = VECTOR('',#2139,1.);
#2139 = DIRECTION('',(-0.500000000005,-1.922962686377E-16,
    -0.866025403782));
#2140 = ORIENTED_EDGE('',*,*,#2141,.F.);
#2141 = EDGE_CURVE('',#1015,#2134,#2142,.T.);
#2142 = LINE('',#2143,#2144);
#2143 = CARTESIAN_POINT('',(-25.5,5.,5.000000000014));
#2144 = VECTOR('',#2145,1.);
#2145 = DIRECTION('',(0.,-1.,2.22044604925E-16));
#2146 = ORIENTED_EDGE('',*,*,#1022,.F.);
#2147 = PLANE('',#2148);
#2148 = AXIS2_PLACEMENT_3D('',#2149,#2150,#2151);
#2149 = CARTESIAN_POINT('',(-23.89999999998,5.,7.771281292121));
#2150 = DIRECTION('',(0.866025403782,-1.110223024636E-16,-0.500000000005
    ));
#2151 = DIRECTION('',(-0.500000000005,-1.922962686377E-16,
    -0.866025403782));
#2152 = ADVANCED_FACE('',(#2153),#2171,.T.);
#2153 = FACE_BOUND('',#2154,.T.);
#2154 = EDGE_LOOP('',(#2155,#2156,#2164,#2170));
#2155 = ORIENTED_EDGE('',*,*,#2141,.T.);
#2156 = ORIENTED_EDGE('',*,*,#2157,.T.);
#2157 = EDGE_CURVE('',#2134,#2158,#2160,.T.);
#2158 = VERTEX_POINT('',#2159);
#2159 = CARTESIAN_POINT('',(-23.9,3.8,2.228718707892));
#2160 = LINE('',#2161,#2162);
#2161 = CARTESIAN_POINT('',(-25.5,3.8,5.000000000014));
#2162 = VECTOR('',#2163,1.);
#2163 = DIRECTION('',(0.499999999998,-1.922962686387E-16,-0.866025403786
    ));
#2164 = ORIENTED_EDGE('',*,*,#2165,.F.);
#2165 = EDGE_CURVE('',#1007,#2158,#2166,.T.);
#2166 = LINE('',#2167,#2168);
#2167 = CARTESIAN_POINT('',(-23.9,5.,2.228718707892));
#2168 = VECTOR('',#2169,1.);
#2169 = DIRECTION('',(0.,-1.,2.22044604925E-16));
#2170 = ORIENTED_EDGE('',*,*,#1014,.F.);
#2171 = PLANE('',#2172);
#2172 = AXIS2_PLACEMENT_3D('',#2173,#2174,#2175);
#2173 = CARTESIAN_POINT('',(-25.5,5.,5.000000000014));
#2174 = DIRECTION('',(0.866025403786,1.11022302462E-16,0.499999999998));
#2175 = DIRECTION('',(0.499999999998,-1.922962686387E-16,-0.866025403786
    ));
#2176 = ADVANCED_FACE('',(#2177),#2195,.T.);
#2177 = FACE_BOUND('',#2178,.T.);
#2178 = EDGE_LOOP('',(#2179,#2180,#2188,#2194));
#2179 = ORIENTED_EDGE('',*,*,#2165,.T.);
#2180 = ORIENTED_EDGE('',*,*,#2181,.T.);
#2181 = EDGE_CURVE('',#2158,#2182,#2184,.T.);
#2182 = VERTEX_POINT('',#2183);
#2183 = CARTESIAN_POINT('',(-20.69999999999,3.8,2.228718707892));
#2184 = LINE('',#2185,#2186);
#2185 = CARTESIAN_POINT('',(-23.9,3.8,2.228718707892));
#2186 = VECTOR('',#2187,1.);
#2187 = DIRECTION('',(1.,0.,0.));
#2188 = ORIENTED_EDGE('',*,*,#2189,.F.);
#2189 = EDGE_CURVE('',#999,#2182,#2190,.T.);
#2190 = LINE('',#2191,#2192);
#2191 = CARTESIAN_POINT('',(-20.69999999999,5.,2.228718707892));
#2192 = VECTOR('',#2193,1.);
#2193 = DIRECTION('',(0.,-1.,2.22044604925E-16));
#2194 = ORIENTED_EDGE('',*,*,#1006,.F.);
#2195 = PLANE('',#2196);
#2196 = AXIS2_PLACEMENT_3D('',#2197,#2198,#2199);
#2197 = CARTESIAN_POINT('',(-23.9,5.,2.228718707892));
#2198 = DIRECTION('',(0.,2.22044604925E-16,1.));
#2199 = DIRECTION('',(1.,0.,0.));
#2200 = ADVANCED_FACE('',(#2201),#2212,.T.);
#2201 = FACE_BOUND('',#2202,.T.);
#2202 = EDGE_LOOP('',(#2203,#2204,#2210,#2211));
#2203 = ORIENTED_EDGE('',*,*,#2189,.T.);
#2204 = ORIENTED_EDGE('',*,*,#2205,.T.);
#2205 = EDGE_CURVE('',#2182,#2078,#2206,.T.);
#2206 = LINE('',#2207,#2208);
#2207 = CARTESIAN_POINT('',(-20.69999999999,3.8,2.228718707892));
#2208 = VECTOR('',#2209,1.);
#2209 = DIRECTION('',(0.500000000002,1.922962686382E-16,0.866025403784)
  );
#2210 = ORIENTED_EDGE('',*,*,#2077,.F.);
#2211 = ORIENTED_EDGE('',*,*,#998,.F.);
#2212 = PLANE('',#2213);
#2213 = AXIS2_PLACEMENT_3D('',#2214,#2215,#2216);
#2214 = CARTESIAN_POINT('',(-20.69999999999,5.,2.228718707892));
#2215 = DIRECTION('',(-0.866025403784,1.110223024629E-16,0.500000000002)
  );
#2216 = DIRECTION('',(0.500000000002,1.922962686382E-16,0.866025403784)
  );
#2217 = ADVANCED_FACE('',(#2218,#2387,#2398,#2409,#2420),#2431,.T.);
#2218 = FACE_BOUND('',#2219,.T.);
#2219 = EDGE_LOOP('',(#2220,#2221,#2230,#2238,#2247,#2255,#2263,#2271,
    #2280,#2288,#2296,#2304,#2312,#2320,#2329,#2337,#2345,#2353,#2362,
    #2370,#2377,#2378,#2379,#2380,#2381,#2382,#2383,#2384,#2385,#2386));
#2220 = ORIENTED_EDGE('',*,*,#1100,.T.);
#2221 = ORIENTED_EDGE('',*,*,#2222,.T.);
#2222 = EDGE_CURVE('',#1103,#2223,#2225,.T.);
#2223 = VERTEX_POINT('',#2224);
#2224 = CARTESIAN_POINT('',(27.3,0.,2.));
#2225 = CIRCLE('',#2226,2.);
#2226 = AXIS2_PLACEMENT_3D('',#2227,#2228,#2229);
#2227 = CARTESIAN_POINT('',(25.3,5.211746207088E-17,2.));
#2228 = DIRECTION('',(0.,-1.,0.));
#2229 = DIRECTION('',(0.,0.,1.));
#2230 = ORIENTED_EDGE('',*,*,#2231,.F.);
#2231 = EDGE_CURVE('',#2232,#2223,#2234,.T.);
#2232 = VERTEX_POINT('',#2233);
#2233 = CARTESIAN_POINT('',(27.3,0.,8.));
#2234 = LINE('',#2235,#2236);
#2235 = CARTESIAN_POINT('',(27.3,0.,10.));
#2236 = VECTOR('',#2237,1.);
#2237 = DIRECTION('',(0.,0.,-1.));
#2238 = ORIENTED_EDGE('',*,*,#2239,.F.);
#2239 = EDGE_CURVE('',#2240,#2232,#2242,.T.);
#2240 = VERTEX_POINT('',#2241);
#2241 = CARTESIAN_POINT('',(25.3,0.,10.));
#2242 = CIRCLE('',#2243,2.);
#2243 = AXIS2_PLACEMENT_3D('',#2244,#2245,#2246);
#2244 = CARTESIAN_POINT('',(25.3,0.,8.));
#2245 = DIRECTION('',(-0.,1.,0.));
#2246 = DIRECTION('',(0.,0.,-1.));
#2247 = ORIENTED_EDGE('',*,*,#2248,.F.);
#2248 = EDGE_CURVE('',#2249,#2240,#2251,.T.);
#2249 = VERTEX_POINT('',#2250);
#2250 = CARTESIAN_POINT('',(22.3,0.,10.));
#2251 = LINE('',#2252,#2253);
#2252 = CARTESIAN_POINT('',(17.3,0.,10.));
#2253 = VECTOR('',#2254,1.);
#2254 = DIRECTION('',(1.,0.,0.));
#2255 = ORIENTED_EDGE('',*,*,#2256,.F.);
#2256 = EDGE_CURVE('',#2257,#2249,#2259,.T.);
#2257 = VERTEX_POINT('',#2258);
#2258 = CARTESIAN_POINT('',(22.3,0.,28.48902697423));
#2259 = LINE('',#2260,#2261);
#2260 = CARTESIAN_POINT('',(22.3,0.,28.5));
#2261 = VECTOR('',#2262,1.);
#2262 = DIRECTION('',(0.,0.,-1.));
#2263 = ORIENTED_EDGE('',*,*,#2264,.T.);
#2264 = EDGE_CURVE('',#2257,#2265,#2267,.T.);
#2265 = VERTEX_POINT('',#2266);
#2266 = CARTESIAN_POINT('',(25.3,0.,28.48902697423));
#2267 = LINE('',#2268,#2269);
#2268 = CARTESIAN_POINT('',(17.3,0.,28.48902697423));
#2269 = VECTOR('',#2270,1.);
#2270 = DIRECTION('',(1.,0.,0.));
#2271 = ORIENTED_EDGE('',*,*,#2272,.T.);
#2272 = EDGE_CURVE('',#2265,#2273,#2275,.T.);
#2273 = VERTEX_POINT('',#2274);
#2274 = CARTESIAN_POINT('',(27.3,-8.881784197001E-16,30.48902697423));
#2275 = CIRCLE('',#2276,2.);
#2276 = AXIS2_PLACEMENT_3D('',#2277,#2278,#2279);
#2277 = CARTESIAN_POINT('',(25.3,0.,30.48902697423));
#2278 = DIRECTION('',(0.,-1.,0.));
#2279 = DIRECTION('',(0.,0.,-1.));
#2280 = ORIENTED_EDGE('',*,*,#2281,.F.);
#2281 = EDGE_CURVE('',#2282,#2273,#2284,.T.);
#2282 = VERTEX_POINT('',#2283);
#2283 = CARTESIAN_POINT('',(27.3,-1.386912500034E-15,42.45));
#2284 = LINE('',#2285,#2286);
#2285 = CARTESIAN_POINT('',(27.3,-1.386912500034E-15,42.45));
#2286 = VECTOR('',#2287,1.);
#2287 = DIRECTION('',(0.,9.934210871079E-17,-1.));
#2288 = ORIENTED_EDGE('',*,*,#2289,.F.);
#2289 = EDGE_CURVE('',#2290,#2282,#2292,.T.);
#2290 = VERTEX_POINT('',#2291);
#2291 = CARTESIAN_POINT('',(17.3,-1.386912500034E-15,42.45));
#2292 = LINE('',#2293,#2294);
#2293 = CARTESIAN_POINT('',(17.3,-1.386912500034E-15,42.45));
#2294 = VECTOR('',#2295,1.);
#2295 = DIRECTION('',(1.,0.,0.));
#2296 = ORIENTED_EDGE('',*,*,#2297,.T.);
#2297 = EDGE_CURVE('',#2290,#2298,#2300,.T.);
#2298 = VERTEX_POINT('',#2299);
#2299 = CARTESIAN_POINT('',(17.3,2.305760419611E-15,57.55));
#2300 = LINE('',#2301,#2302);
#2301 = CARTESIAN_POINT('',(17.3,0.,0.));
#2302 = VECTOR('',#2303,1.);
#2303 = DIRECTION('',(0.,0.,1.));
#2304 = ORIENTED_EDGE('',*,*,#2305,.T.);
#2305 = EDGE_CURVE('',#2298,#2306,#2308,.T.);
#2306 = VERTEX_POINT('',#2307);
#2307 = CARTESIAN_POINT('',(27.3,2.305760419611E-15,57.55));
#2308 = LINE('',#2309,#2310);
#2309 = CARTESIAN_POINT('',(17.3,2.305760419611E-15,57.55));
#2310 = VECTOR('',#2311,1.);
#2311 = DIRECTION('',(1.,0.,0.));
#2312 = ORIENTED_EDGE('',*,*,#2313,.F.);
#2313 = EDGE_CURVE('',#2314,#2306,#2316,.T.);
#2314 = VERTEX_POINT('',#2315);
#2315 = CARTESIAN_POINT('',(27.3,3.294899282098E-16,69.51097302577));
#2316 = LINE('',#2317,#2318);
#2317 = CARTESIAN_POINT('',(27.3,0.,71.51097302577));
#2318 = VECTOR('',#2319,1.);
#2319 = DIRECTION('',(0.,1.647449641049E-16,-1.));
#2320 = ORIENTED_EDGE('',*,*,#2321,.F.);
#2321 = EDGE_CURVE('',#2322,#2314,#2324,.T.);
#2322 = VERTEX_POINT('',#2323);
#2323 = CARTESIAN_POINT('',(25.3,0.,71.51097302577));
#2324 = CIRCLE('',#2325,2.);
#2325 = AXIS2_PLACEMENT_3D('',#2326,#2327,#2328);
#2326 = CARTESIAN_POINT('',(25.3,5.211746207088E-17,69.51097302577));
#2327 = DIRECTION('',(0.,1.,0.));
#2328 = DIRECTION('',(0.,0.,1.));
#2329 = ORIENTED_EDGE('',*,*,#2330,.F.);
#2330 = EDGE_CURVE('',#2331,#2322,#2333,.T.);
#2331 = VERTEX_POINT('',#2332);
#2332 = CARTESIAN_POINT('',(22.3,0.,71.51097302577));
#2333 = LINE('',#2334,#2335);
#2334 = CARTESIAN_POINT('',(17.3,0.,71.51097302577));
#2335 = VECTOR('',#2336,1.);
#2336 = DIRECTION('',(1.,0.,0.));
#2337 = ORIENTED_EDGE('',*,*,#2338,.F.);
#2338 = EDGE_CURVE('',#2339,#2331,#2341,.T.);
#2339 = VERTEX_POINT('',#2340);
#2340 = CARTESIAN_POINT('',(22.3,0.,90.));
#2341 = LINE('',#2342,#2343);
#2342 = CARTESIAN_POINT('',(22.3,0.,90.));
#2343 = VECTOR('',#2344,1.);
#2344 = DIRECTION('',(0.,0.,-1.));
#2345 = ORIENTED_EDGE('',*,*,#2346,.T.);
#2346 = EDGE_CURVE('',#2339,#2347,#2349,.T.);
#2347 = VERTEX_POINT('',#2348);
#2348 = CARTESIAN_POINT('',(25.3,0.,90.));
#2349 = LINE('',#2350,#2351);
#2350 = CARTESIAN_POINT('',(17.3,0.,90.));
#2351 = VECTOR('',#2352,1.);
#2352 = DIRECTION('',(1.,0.,0.));
#2353 = ORIENTED_EDGE('',*,*,#2354,.T.);
#2354 = EDGE_CURVE('',#2347,#2355,#2357,.T.);
#2355 = VERTEX_POINT('',#2356);
#2356 = CARTESIAN_POINT('',(27.3,0.,92.));
#2357 = CIRCLE('',#2358,2.);
#2358 = AXIS2_PLACEMENT_3D('',#2359,#2360,#2361);
#2359 = CARTESIAN_POINT('',(25.3,5.211746207088E-17,92.));
#2360 = DIRECTION('',(0.,-1.,0.));
#2361 = DIRECTION('',(0.,0.,1.));
#2362 = ORIENTED_EDGE('',*,*,#2363,.F.);
#2363 = EDGE_CURVE('',#2364,#2355,#2366,.T.);
#2364 = VERTEX_POINT('',#2365);
#2365 = CARTESIAN_POINT('',(27.3,0.,98.));
#2366 = LINE('',#2367,#2368);
#2367 = CARTESIAN_POINT('',(27.3,0.,100.));
#2368 = VECTOR('',#2369,1.);
#2369 = DIRECTION('',(0.,0.,-1.));
#2370 = ORIENTED_EDGE('',*,*,#2371,.F.);
#2371 = EDGE_CURVE('',#1378,#2364,#2372,.T.);
#2372 = CIRCLE('',#2373,2.);
#2373 = AXIS2_PLACEMENT_3D('',#2374,#2375,#2376);
#2374 = CARTESIAN_POINT('',(25.3,0.,98.));
#2375 = DIRECTION('',(-0.,1.,0.));
#2376 = DIRECTION('',(0.,0.,-1.));
#2377 = ORIENTED_EDGE('',*,*,#1377,.F.);
#2378 = ORIENTED_EDGE('',*,*,#1354,.F.);
#2379 = ORIENTED_EDGE('',*,*,#1327,.F.);
#2380 = ORIENTED_EDGE('',*,*,#1302,.F.);
#2381 = ORIENTED_EDGE('',*,*,#1277,.T.);
#2382 = ORIENTED_EDGE('',*,*,#1254,.F.);
#2383 = ORIENTED_EDGE('',*,*,#1227,.F.);
#2384 = ORIENTED_EDGE('',*,*,#1211,.T.);
#2385 = ORIENTED_EDGE('',*,*,#1177,.T.);
#2386 = ORIENTED_EDGE('',*,*,#1153,.F.);
#2387 = FACE_BOUND('',#2388,.T.);
#2388 = EDGE_LOOP('',(#2389));
#2389 = ORIENTED_EDGE('',*,*,#2390,.T.);
#2390 = EDGE_CURVE('',#2391,#2391,#2393,.T.);
#2391 = VERTEX_POINT('',#2392);
#2392 = CARTESIAN_POINT('',(20.75,0.,5.));
#2393 = CIRCLE('',#2394,1.55);
#2394 = AXIS2_PLACEMENT_3D('',#2395,#2396,#2397);
#2395 = CARTESIAN_POINT('',(22.3,0.,5.));
#2396 = DIRECTION('',(0.,1.,-2.22044604925E-16));
#2397 = DIRECTION('',(-1.,0.,0.));
#2398 = FACE_BOUND('',#2399,.T.);
#2399 = EDGE_LOOP('',(#2400));
#2400 = ORIENTED_EDGE('',*,*,#2401,.T.);
#2401 = EDGE_CURVE('',#2402,#2402,#2404,.T.);
#2402 = VERTEX_POINT('',#2403);
#2403 = CARTESIAN_POINT('',(20.75,0.,33.5));
#2404 = CIRCLE('',#2405,1.55);
#2405 = AXIS2_PLACEMENT_3D('',#2406,#2407,#2408);
#2406 = CARTESIAN_POINT('',(22.3,0.,33.5));
#2407 = DIRECTION('',(0.,1.,-2.22044604925E-16));
#2408 = DIRECTION('',(-1.,0.,0.));
#2409 = FACE_BOUND('',#2410,.T.);
#2410 = EDGE_LOOP('',(#2411));
#2411 = ORIENTED_EDGE('',*,*,#2412,.T.);
#2412 = EDGE_CURVE('',#2413,#2413,#2415,.T.);
#2413 = VERTEX_POINT('',#2414);
#2414 = CARTESIAN_POINT('',(20.75,0.,95.));
#2415 = CIRCLE('',#2416,1.55);
#2416 = AXIS2_PLACEMENT_3D('',#2417,#2418,#2419);
#2417 = CARTESIAN_POINT('',(22.3,0.,95.));
#2418 = DIRECTION('',(0.,1.,-2.22044604925E-16));
#2419 = DIRECTION('',(-1.,0.,0.));
#2420 = FACE_BOUND('',#2421,.T.);
#2421 = EDGE_LOOP('',(#2422));
#2422 = ORIENTED_EDGE('',*,*,#2423,.T.);
#2423 = EDGE_CURVE('',#2424,#2424,#2426,.T.);
#2424 = VERTEX_POINT('',#2425);
#2425 = CARTESIAN_POINT('',(20.75,0.,66.5));
#2426 = CIRCLE('',#2427,1.55);
#2427 = AXIS2_PLACEMENT_3D('',#2428,#2429,#2430);
#2428 = CARTESIAN_POINT('',(22.3,0.,66.5));
#2429 = DIRECTION('',(0.,1.,-2.22044604925E-16));
#2430 = DIRECTION('',(-1.,0.,0.));
#2431 = PLANE('',#2432);
#2432 = AXIS2_PLACEMENT_3D('',#2433,#2434,#2435);
#2433 = CARTESIAN_POINT('',(17.033287646796,7.191574822967E-16,50.));
#2434 = DIRECTION('',(-0.,-1.,-0.));
#2435 = DIRECTION('',(0.,0.,-1.));
#2436 = ADVANCED_FACE('',(#2437),#2456,.T.);
#2437 = FACE_BOUND('',#2438,.F.);
#2438 = EDGE_LOOP('',(#2439,#2440,#2448,#2455));
#2439 = ORIENTED_EDGE('',*,*,#2222,.T.);
#2440 = ORIENTED_EDGE('',*,*,#2441,.T.);
#2441 = EDGE_CURVE('',#2223,#2442,#2444,.T.);
#2442 = VERTEX_POINT('',#2443);
#2443 = CARTESIAN_POINT('',(27.3,5.,2.));
#2444 = LINE('',#2445,#2446);
#2445 = CARTESIAN_POINT('',(27.3,0.,2.));
#2446 = VECTOR('',#2447,1.);
#2447 = DIRECTION('',(0.,1.,0.));
#2448 = ORIENTED_EDGE('',*,*,#2449,.F.);
#2449 = EDGE_CURVE('',#1131,#2442,#2450,.T.);
#2450 = CIRCLE('',#2451,2.);
#2451 = AXIS2_PLACEMENT_3D('',#2452,#2453,#2454);
#2452 = CARTESIAN_POINT('',(25.3,5.,2.));
#2453 = DIRECTION('',(0.,-1.,0.));
#2454 = DIRECTION('',(0.,0.,1.));
#2455 = ORIENTED_EDGE('',*,*,#1138,.F.);
#2456 = CYLINDRICAL_SURFACE('',#2457,2.);
#2457 = AXIS2_PLACEMENT_3D('',#2458,#2459,#2460);
#2458 = CARTESIAN_POINT('',(25.3,0.,2.));
#2459 = DIRECTION('',(0.,1.,0.));
#2460 = DIRECTION('',(0.,0.,-1.));
#2461 = ADVANCED_FACE('',(#2462,#2498),#2548,.F.);
#2462 = FACE_BOUND('',#2463,.F.);
#2463 = EDGE_LOOP('',(#2464,#2465,#2466,#2474,#2483,#2491,#2497));
#2464 = ORIENTED_EDGE('',*,*,#1130,.T.);
#2465 = ORIENTED_EDGE('',*,*,#2449,.T.);
#2466 = ORIENTED_EDGE('',*,*,#2467,.T.);
#2467 = EDGE_CURVE('',#2442,#2468,#2470,.T.);
#2468 = VERTEX_POINT('',#2469);
#2469 = CARTESIAN_POINT('',(27.3,5.,8.));
#2470 = LINE('',#2471,#2472);
#2471 = CARTESIAN_POINT('',(27.3,5.,0.));
#2472 = VECTOR('',#2473,1.);
#2473 = DIRECTION('',(0.,0.,1.));
#2474 = ORIENTED_EDGE('',*,*,#2475,.F.);
#2475 = EDGE_CURVE('',#2476,#2468,#2478,.T.);
#2476 = VERTEX_POINT('',#2477);
#2477 = CARTESIAN_POINT('',(25.3,5.,10.));
#2478 = CIRCLE('',#2479,2.);
#2479 = AXIS2_PLACEMENT_3D('',#2480,#2481,#2482);
#2480 = CARTESIAN_POINT('',(25.3,5.,8.));
#2481 = DIRECTION('',(-0.,1.,0.));
#2482 = DIRECTION('',(0.,0.,-1.));
#2483 = ORIENTED_EDGE('',*,*,#2484,.F.);
#2484 = EDGE_CURVE('',#2485,#2476,#2487,.T.);
#2485 = VERTEX_POINT('',#2486);
#2486 = CARTESIAN_POINT('',(22.3,5.,10.));
#2487 = LINE('',#2488,#2489);
#2488 = CARTESIAN_POINT('',(17.3,5.,10.));
#2489 = VECTOR('',#2490,1.);
#2490 = DIRECTION('',(1.,0.,0.));
#2491 = ORIENTED_EDGE('',*,*,#2492,.F.);
#2492 = EDGE_CURVE('',#1901,#2485,#2493,.T.);
#2493 = LINE('',#2494,#2495);
#2494 = CARTESIAN_POINT('',(17.3,5.,10.));
#2495 = VECTOR('',#2496,1.);
#2496 = DIRECTION('',(1.,0.,0.));
#2497 = ORIENTED_EDGE('',*,*,#1908,.F.);
#2498 = FACE_BOUND('',#2499,.F.);
#2499 = EDGE_LOOP('',(#2500,#2510,#2518,#2526,#2534,#2542));
#2500 = ORIENTED_EDGE('',*,*,#2501,.T.);
#2501 = EDGE_CURVE('',#2502,#2504,#2506,.T.);
#2502 = VERTEX_POINT('',#2503);
#2503 = CARTESIAN_POINT('',(20.699999999996,5.,2.228718707892));
#2504 = VERTEX_POINT('',#2505);
#2505 = CARTESIAN_POINT('',(19.1,5.,4.999999999984));
#2506 = LINE('',#2507,#2508);
#2507 = CARTESIAN_POINT('',(20.699999999996,5.,2.228718707892));
#2508 = VECTOR('',#2509,1.);
#2509 = DIRECTION('',(-0.500000000002,1.922962686382E-16,0.866025403784)
  );
#2510 = ORIENTED_EDGE('',*,*,#2511,.T.);
#2511 = EDGE_CURVE('',#2504,#2512,#2514,.T.);
#2512 = VERTEX_POINT('',#2513);
#2513 = CARTESIAN_POINT('',(20.699999999994,5.,7.771281292107));
#2514 = LINE('',#2515,#2516);
#2515 = CARTESIAN_POINT('',(19.1,5.,4.999999999984));
#2516 = VECTOR('',#2517,1.);
#2517 = DIRECTION('',(0.499999999997,1.922962686387E-16,0.866025403786)
  );
#2518 = ORIENTED_EDGE('',*,*,#2519,.T.);
#2519 = EDGE_CURVE('',#2512,#2520,#2522,.T.);
#2520 = VERTEX_POINT('',#2521);
#2521 = CARTESIAN_POINT('',(23.899999999981,5.,7.771281292121));
#2522 = LINE('',#2523,#2524);
#2523 = CARTESIAN_POINT('',(20.699999999994,5.,7.771281292107));
#2524 = VECTOR('',#2525,1.);
#2525 = DIRECTION('',(1.,1.014302560796E-27,4.56801263484E-12));
#2526 = ORIENTED_EDGE('',*,*,#2527,.T.);
#2527 = EDGE_CURVE('',#2520,#2528,#2530,.T.);
#2528 = VERTEX_POINT('',#2529);
#2529 = CARTESIAN_POINT('',(25.5,5.,5.000000000014));
#2530 = LINE('',#2531,#2532);
#2531 = CARTESIAN_POINT('',(23.899999999981,5.,7.771281292121));
#2532 = VECTOR('',#2533,1.);
#2533 = DIRECTION('',(0.500000000005,-1.922962686377E-16,-0.866025403782
    ));
#2534 = ORIENTED_EDGE('',*,*,#2535,.T.);
#2535 = EDGE_CURVE('',#2528,#2536,#2538,.T.);
#2536 = VERTEX_POINT('',#2537);
#2537 = CARTESIAN_POINT('',(23.900000000004,5.,2.228718707892));
#2538 = LINE('',#2539,#2540);
#2539 = CARTESIAN_POINT('',(25.5,5.,5.000000000014));
#2540 = VECTOR('',#2541,1.);
#2541 = DIRECTION('',(-0.499999999998,-1.922962686387E-16,
    -0.866025403786));
#2542 = ORIENTED_EDGE('',*,*,#2543,.T.);
#2543 = EDGE_CURVE('',#2536,#2502,#2544,.T.);
#2544 = LINE('',#2545,#2546);
#2545 = CARTESIAN_POINT('',(23.900000000004,5.,2.228718707892));
#2546 = VECTOR('',#2547,1.);
#2547 = DIRECTION('',(-1.,0.,0.));
#2548 = PLANE('',#2549);
#2549 = AXIS2_PLACEMENT_3D('',#2550,#2551,#2552);
#2550 = CARTESIAN_POINT('',(17.3,5.,0.));
#2551 = DIRECTION('',(0.,-1.,0.));
#2552 = DIRECTION('',(0.,0.,1.));
#2553 = ADVANCED_FACE('',(#2554),#2573,.T.);
#2554 = FACE_BOUND('',#2555,.F.);
#2555 = EDGE_LOOP('',(#2556,#2565,#2571,#2572));
#2556 = ORIENTED_EDGE('',*,*,#2557,.T.);
#2557 = EDGE_CURVE('',#1386,#2558,#2560,.T.);
#2558 = VERTEX_POINT('',#2559);
#2559 = CARTESIAN_POINT('',(27.3,5.,98.));
#2560 = CIRCLE('',#2561,2.);
#2561 = AXIS2_PLACEMENT_3D('',#2562,#2563,#2564);
#2562 = CARTESIAN_POINT('',(25.3,5.,98.));
#2563 = DIRECTION('',(-0.,1.,0.));
#2564 = DIRECTION('',(0.,0.,-1.));
#2565 = ORIENTED_EDGE('',*,*,#2566,.T.);
#2566 = EDGE_CURVE('',#2558,#2364,#2567,.T.);
#2567 = LINE('',#2568,#2569);
#2568 = CARTESIAN_POINT('',(27.3,5.,98.));
#2569 = VECTOR('',#2570,1.);
#2570 = DIRECTION('',(0.,-1.,0.));
#2571 = ORIENTED_EDGE('',*,*,#2371,.F.);
#2572 = ORIENTED_EDGE('',*,*,#1385,.F.);
#2573 = CYLINDRICAL_SURFACE('',#2574,2.);
#2574 = AXIS2_PLACEMENT_3D('',#2575,#2576,#2577);
#2575 = CARTESIAN_POINT('',(25.3,5.,98.));
#2576 = DIRECTION('',(0.,-1.,0.));
#2577 = DIRECTION('',(0.,0.,1.));
#2578 = ADVANCED_FACE('',(#2579,#2615),#2665,.F.);
#2579 = FACE_BOUND('',#2580,.F.);
#2580 = EDGE_LOOP('',(#2581,#2589,#2597,#2606,#2612,#2613,#2614));
#2581 = ORIENTED_EDGE('',*,*,#2582,.T.);
#2582 = EDGE_CURVE('',#1956,#2583,#2585,.T.);
#2583 = VERTEX_POINT('',#2584);
#2584 = CARTESIAN_POINT('',(22.3,5.,90.));
#2585 = LINE('',#2586,#2587);
#2586 = CARTESIAN_POINT('',(17.3,5.,90.));
#2587 = VECTOR('',#2588,1.);
#2588 = DIRECTION('',(1.,0.,0.));
#2589 = ORIENTED_EDGE('',*,*,#2590,.T.);
#2590 = EDGE_CURVE('',#2583,#2591,#2593,.T.);
#2591 = VERTEX_POINT('',#2592);
#2592 = CARTESIAN_POINT('',(25.3,5.,90.));
#2593 = LINE('',#2594,#2595);
#2594 = CARTESIAN_POINT('',(17.3,5.,90.));
#2595 = VECTOR('',#2596,1.);
#2596 = DIRECTION('',(1.,0.,0.));
#2597 = ORIENTED_EDGE('',*,*,#2598,.T.);
#2598 = EDGE_CURVE('',#2591,#2599,#2601,.T.);
#2599 = VERTEX_POINT('',#2600);
#2600 = CARTESIAN_POINT('',(27.3,5.,92.));
#2601 = CIRCLE('',#2602,2.);
#2602 = AXIS2_PLACEMENT_3D('',#2603,#2604,#2605);
#2603 = CARTESIAN_POINT('',(25.3,5.,92.));
#2604 = DIRECTION('',(0.,-1.,0.));
#2605 = DIRECTION('',(0.,0.,1.));
#2606 = ORIENTED_EDGE('',*,*,#2607,.T.);
#2607 = EDGE_CURVE('',#2599,#2558,#2608,.T.);
#2608 = LINE('',#2609,#2610);
#2609 = CARTESIAN_POINT('',(27.3,5.,90.));
#2610 = VECTOR('',#2611,1.);
#2611 = DIRECTION('',(0.,0.,1.));
#2612 = ORIENTED_EDGE('',*,*,#2557,.F.);
#2613 = ORIENTED_EDGE('',*,*,#1393,.F.);
#2614 = ORIENTED_EDGE('',*,*,#1965,.F.);
#2615 = FACE_BOUND('',#2616,.F.);
#2616 = EDGE_LOOP('',(#2617,#2627,#2635,#2643,#2651,#2659));
#2617 = ORIENTED_EDGE('',*,*,#2618,.T.);
#2618 = EDGE_CURVE('',#2619,#2621,#2623,.T.);
#2619 = VERTEX_POINT('',#2620);
#2620 = CARTESIAN_POINT('',(20.699999999996,5.,92.228718707892));
#2621 = VERTEX_POINT('',#2622);
#2622 = CARTESIAN_POINT('',(19.1,5.,94.999999999984));
#2623 = LINE('',#2624,#2625);
#2624 = CARTESIAN_POINT('',(20.699999999996,5.,92.228718707892));
#2625 = VECTOR('',#2626,1.);
#2626 = DIRECTION('',(-0.500000000002,1.922962686382E-16,0.866025403784)
  );
#2627 = ORIENTED_EDGE('',*,*,#2628,.T.);
#2628 = EDGE_CURVE('',#2621,#2629,#2631,.T.);
#2629 = VERTEX_POINT('',#2630);
#2630 = CARTESIAN_POINT('',(20.699999999994,5.,97.771281292107));
#2631 = LINE('',#2632,#2633);
#2632 = CARTESIAN_POINT('',(19.1,5.,94.999999999984));
#2633 = VECTOR('',#2634,1.);
#2634 = DIRECTION('',(0.499999999997,1.922962686387E-16,0.866025403786)
  );
#2635 = ORIENTED_EDGE('',*,*,#2636,.T.);
#2636 = EDGE_CURVE('',#2629,#2637,#2639,.T.);
#2637 = VERTEX_POINT('',#2638);
#2638 = CARTESIAN_POINT('',(23.899999999981,5.,97.771281292121));
#2639 = LINE('',#2640,#2641);
#2640 = CARTESIAN_POINT('',(20.699999999994,5.,97.771281292107));
#2641 = VECTOR('',#2642,1.);
#2642 = DIRECTION('',(1.,1.014672339345E-27,4.569677969377E-12));
#2643 = ORIENTED_EDGE('',*,*,#2644,.T.);
#2644 = EDGE_CURVE('',#2637,#2645,#2647,.T.);
#2645 = VERTEX_POINT('',#2646);
#2646 = CARTESIAN_POINT('',(25.5,5.,95.000000000014));
#2647 = LINE('',#2648,#2649);
#2648 = CARTESIAN_POINT('',(23.899999999981,5.,97.771281292121));
#2649 = VECTOR('',#2650,1.);
#2650 = DIRECTION('',(0.500000000005,-1.922962686377E-16,-0.866025403782
    ));
#2651 = ORIENTED_EDGE('',*,*,#2652,.T.);
#2652 = EDGE_CURVE('',#2645,#2653,#2655,.T.);
#2653 = VERTEX_POINT('',#2654);
#2654 = CARTESIAN_POINT('',(23.900000000004,5.,92.228718707892));
#2655 = LINE('',#2656,#2657);
#2656 = CARTESIAN_POINT('',(25.5,5.,95.000000000014));
#2657 = VECTOR('',#2658,1.);
#2658 = DIRECTION('',(-0.499999999998,-1.922962686387E-16,
    -0.866025403786));
#2659 = ORIENTED_EDGE('',*,*,#2660,.T.);
#2660 = EDGE_CURVE('',#2653,#2619,#2661,.T.);
#2661 = LINE('',#2662,#2663);
#2662 = CARTESIAN_POINT('',(23.900000000004,5.,92.228718707892));
#2663 = VECTOR('',#2664,1.);
#2664 = DIRECTION('',(-1.,0.,0.));
#2665 = PLANE('',#2666);
#2666 = AXIS2_PLACEMENT_3D('',#2667,#2668,#2669);
#2667 = CARTESIAN_POINT('',(17.3,5.,90.));
#2668 = DIRECTION('',(0.,-1.,0.));
#2669 = DIRECTION('',(0.,0.,1.));
#2670 = ADVANCED_FACE('',(#2671,#2685),#2735,.F.);
#2671 = FACE_BOUND('',#2672,.F.);
#2672 = EDGE_LOOP('',(#2673,#2674,#2675,#2676,#2677,#2678,#2684));
#2673 = ORIENTED_EDGE('',*,*,#1416,.T.);
#2674 = ORIENTED_EDGE('',*,*,#1449,.T.);
#2675 = ORIENTED_EDGE('',*,*,#1465,.T.);
#2676 = ORIENTED_EDGE('',*,*,#1489,.T.);
#2677 = ORIENTED_EDGE('',*,*,#1522,.F.);
#2678 = ORIENTED_EDGE('',*,*,#2679,.F.);
#2679 = EDGE_CURVE('',#1875,#1515,#2680,.T.);
#2680 = LINE('',#2681,#2682);
#2681 = CARTESIAN_POINT('',(-17.3,5.,90.));
#2682 = VECTOR('',#2683,1.);
#2683 = DIRECTION('',(-1.,0.,0.));
#2684 = ORIENTED_EDGE('',*,*,#1884,.F.);
#2685 = FACE_BOUND('',#2686,.F.);
#2686 = EDGE_LOOP('',(#2687,#2697,#2705,#2713,#2721,#2729));
#2687 = ORIENTED_EDGE('',*,*,#2688,.F.);
#2688 = EDGE_CURVE('',#2689,#2691,#2693,.T.);
#2689 = VERTEX_POINT('',#2690);
#2690 = CARTESIAN_POINT('',(-19.1,5.,94.999999999984));
#2691 = VERTEX_POINT('',#2692);
#2692 = CARTESIAN_POINT('',(-20.69999999999,5.,97.771281292107));
#2693 = LINE('',#2694,#2695);
#2694 = CARTESIAN_POINT('',(-19.1,5.,94.999999999984));
#2695 = VECTOR('',#2696,1.);
#2696 = DIRECTION('',(-0.499999999997,1.922962686387E-16,0.866025403786)
  );
#2697 = ORIENTED_EDGE('',*,*,#2698,.F.);
#2698 = EDGE_CURVE('',#2699,#2689,#2701,.T.);
#2699 = VERTEX_POINT('',#2700);
#2700 = CARTESIAN_POINT('',(-20.69999999999,5.,92.228718707892));
#2701 = LINE('',#2702,#2703);
#2702 = CARTESIAN_POINT('',(-20.69999999999,5.,92.228718707892));
#2703 = VECTOR('',#2704,1.);
#2704 = DIRECTION('',(0.500000000002,1.922962686382E-16,0.866025403784)
  );
#2705 = ORIENTED_EDGE('',*,*,#2706,.F.);
#2706 = EDGE_CURVE('',#2707,#2699,#2709,.T.);
#2707 = VERTEX_POINT('',#2708);
#2708 = CARTESIAN_POINT('',(-23.9,5.,92.228718707892));
#2709 = LINE('',#2710,#2711);
#2710 = CARTESIAN_POINT('',(-23.9,5.,92.228718707892));
#2711 = VECTOR('',#2712,1.);
#2712 = DIRECTION('',(1.,0.,0.));
#2713 = ORIENTED_EDGE('',*,*,#2714,.F.);
#2714 = EDGE_CURVE('',#2715,#2707,#2717,.T.);
#2715 = VERTEX_POINT('',#2716);
#2716 = CARTESIAN_POINT('',(-25.5,5.,95.000000000014));
#2717 = LINE('',#2718,#2719);
#2718 = CARTESIAN_POINT('',(-25.5,5.,95.000000000014));
#2719 = VECTOR('',#2720,1.);
#2720 = DIRECTION('',(0.499999999998,-1.922962686387E-16,-0.866025403786
    ));
#2721 = ORIENTED_EDGE('',*,*,#2722,.F.);
#2722 = EDGE_CURVE('',#2723,#2715,#2725,.T.);
#2723 = VERTEX_POINT('',#2724);
#2724 = CARTESIAN_POINT('',(-23.89999999998,5.,97.771281292121));
#2725 = LINE('',#2726,#2727);
#2726 = CARTESIAN_POINT('',(-23.89999999998,5.,97.771281292121));
#2727 = VECTOR('',#2728,1.);
#2728 = DIRECTION('',(-0.500000000005,-1.922962686377E-16,
    -0.866025403782));
#2729 = ORIENTED_EDGE('',*,*,#2730,.F.);
#2730 = EDGE_CURVE('',#2691,#2723,#2731,.T.);
#2731 = LINE('',#2732,#2733);
#2732 = CARTESIAN_POINT('',(-20.69999999999,5.,97.771281292107));
#2733 = VECTOR('',#2734,1.);
#2734 = DIRECTION('',(-1.,1.014672339345E-27,4.569677969377E-12));
#2735 = PLANE('',#2736);
#2736 = AXIS2_PLACEMENT_3D('',#2737,#2738,#2739);
#2737 = CARTESIAN_POINT('',(-17.3,5.,100.));
#2738 = DIRECTION('',(-0.,-1.,-0.));
#2739 = DIRECTION('',(0.,0.,-1.));
#2740 = ADVANCED_FACE('',(#2741),#2747,.F.);
#2741 = FACE_BOUND('',#2742,.F.);
#2742 = EDGE_LOOP('',(#2743,#2744,#2745,#2746));
#2743 = ORIENTED_EDGE('',*,*,#1538,.T.);
#2744 = ORIENTED_EDGE('',*,*,#1856,.T.);
#2745 = ORIENTED_EDGE('',*,*,#1874,.F.);
#2746 = ORIENTED_EDGE('',*,*,#2679,.T.);
#2747 = PLANE('',#2748);
#2748 = AXIS2_PLACEMENT_3D('',#2749,#2750,#2751);
#2749 = CARTESIAN_POINT('',(-17.3,0.,90.));
#2750 = DIRECTION('',(0.,0.,-1.));
#2751 = DIRECTION('',(0.,1.,0.));
#2752 = ADVANCED_FACE('',(#2753,#2761),#2764,.T.);
#2753 = FACE_BOUND('',#2754,.T.);
#2754 = EDGE_LOOP('',(#2755,#2756,#2757,#2758,#2759,#2760));
#2755 = ORIENTED_EDGE('',*,*,#2085,.F.);
#2756 = ORIENTED_EDGE('',*,*,#2205,.F.);
#2757 = ORIENTED_EDGE('',*,*,#2181,.F.);
#2758 = ORIENTED_EDGE('',*,*,#2157,.F.);
#2759 = ORIENTED_EDGE('',*,*,#2133,.F.);
#2760 = ORIENTED_EDGE('',*,*,#2109,.F.);
#2761 = FACE_BOUND('',#2762,.T.);
#2762 = EDGE_LOOP('',(#2763));
#2763 = ORIENTED_EDGE('',*,*,#1668,.F.);
#2764 = PLANE('',#2765);
#2765 = AXIS2_PLACEMENT_3D('',#2766,#2767,#2768);
#2766 = CARTESIAN_POINT('',(-5.284892893679E-13,3.8,50.));
#2767 = DIRECTION('',(0.,1.,0.));
#2768 = DIRECTION('',(0.,0.,1.));
#2769 = ADVANCED_FACE('',(#2770,#2820),#2823,.T.);
#2770 = FACE_BOUND('',#2771,.T.);
#2771 = EDGE_LOOP('',(#2772,#2782,#2790,#2798,#2806,#2814));
#2772 = ORIENTED_EDGE('',*,*,#2773,.F.);
#2773 = EDGE_CURVE('',#2774,#2776,#2778,.T.);
#2774 = VERTEX_POINT('',#2775);
#2775 = CARTESIAN_POINT('',(-19.1,3.8,94.999999999984));
#2776 = VERTEX_POINT('',#2777);
#2777 = CARTESIAN_POINT('',(-20.69999999999,3.8,97.771281292107));
#2778 = LINE('',#2779,#2780);
#2779 = CARTESIAN_POINT('',(-19.1,3.8,94.999999999984));
#2780 = VECTOR('',#2781,1.);
#2781 = DIRECTION('',(-0.499999999997,1.922962686387E-16,0.866025403786)
  );
#2782 = ORIENTED_EDGE('',*,*,#2783,.F.);
#2783 = EDGE_CURVE('',#2784,#2774,#2786,.T.);
#2784 = VERTEX_POINT('',#2785);
#2785 = CARTESIAN_POINT('',(-20.69999999999,3.8,92.228718707892));
#2786 = LINE('',#2787,#2788);
#2787 = CARTESIAN_POINT('',(-20.69999999999,3.8,92.228718707892));
#2788 = VECTOR('',#2789,1.);
#2789 = DIRECTION('',(0.500000000002,1.922962686382E-16,0.866025403784)
  );
#2790 = ORIENTED_EDGE('',*,*,#2791,.F.);
#2791 = EDGE_CURVE('',#2792,#2784,#2794,.T.);
#2792 = VERTEX_POINT('',#2793);
#2793 = CARTESIAN_POINT('',(-23.9,3.8,92.228718707892));
#2794 = LINE('',#2795,#2796);
#2795 = CARTESIAN_POINT('',(-23.9,3.8,92.228718707892));
#2796 = VECTOR('',#2797,1.);
#2797 = DIRECTION('',(1.,0.,0.));
#2798 = ORIENTED_EDGE('',*,*,#2799,.F.);
#2799 = EDGE_CURVE('',#2800,#2792,#2802,.T.);
#2800 = VERTEX_POINT('',#2801);
#2801 = CARTESIAN_POINT('',(-25.5,3.8,95.000000000014));
#2802 = LINE('',#2803,#2804);
#2803 = CARTESIAN_POINT('',(-25.5,3.8,95.000000000014));
#2804 = VECTOR('',#2805,1.);
#2805 = DIRECTION('',(0.499999999998,-1.922962686387E-16,-0.866025403786
    ));
#2806 = ORIENTED_EDGE('',*,*,#2807,.F.);
#2807 = EDGE_CURVE('',#2808,#2800,#2810,.T.);
#2808 = VERTEX_POINT('',#2809);
#2809 = CARTESIAN_POINT('',(-23.89999999998,3.8,97.771281292121));
#2810 = LINE('',#2811,#2812);
#2811 = CARTESIAN_POINT('',(-23.89999999998,3.8,97.771281292121));
#2812 = VECTOR('',#2813,1.);
#2813 = DIRECTION('',(-0.500000000005,-1.922962686377E-16,
    -0.866025403782));
#2814 = ORIENTED_EDGE('',*,*,#2815,.F.);
#2815 = EDGE_CURVE('',#2776,#2808,#2816,.T.);
#2816 = LINE('',#2817,#2818);
#2817 = CARTESIAN_POINT('',(-20.69999999999,3.8,97.771281292107));
#2818 = VECTOR('',#2819,1.);
#2819 = DIRECTION('',(-1.,1.014672339345E-27,4.569677969377E-12));
#2820 = FACE_BOUND('',#2821,.T.);
#2821 = EDGE_LOOP('',(#2822));
#2822 = ORIENTED_EDGE('',*,*,#1718,.F.);
#2823 = PLANE('',#2824);
#2824 = AXIS2_PLACEMENT_3D('',#2825,#2826,#2827);
#2825 = CARTESIAN_POINT('',(-5.284892893679E-13,3.8,50.));
#2826 = DIRECTION('',(0.,1.,0.));
#2827 = DIRECTION('',(0.,0.,1.));
#2828 = ADVANCED_FACE('',(#2829,#2879),#2882,.T.);
#2829 = FACE_BOUND('',#2830,.T.);
#2830 = EDGE_LOOP('',(#2831,#2841,#2849,#2857,#2865,#2873));
#2831 = ORIENTED_EDGE('',*,*,#2832,.T.);
#2832 = EDGE_CURVE('',#2833,#2835,#2837,.T.);
#2833 = VERTEX_POINT('',#2834);
#2834 = CARTESIAN_POINT('',(-25.5,3.8,66.499999999984));
#2835 = VERTEX_POINT('',#2836);
#2836 = CARTESIAN_POINT('',(-23.9,3.8,69.271281292107));
#2837 = LINE('',#2838,#2839);
#2838 = CARTESIAN_POINT('',(-25.5,3.8,66.499999999984));
#2839 = VECTOR('',#2840,1.);
#2840 = DIRECTION('',(0.499999999997,1.922962686387E-16,0.866025403786)
  );
#2841 = ORIENTED_EDGE('',*,*,#2842,.T.);
#2842 = EDGE_CURVE('',#2835,#2843,#2845,.T.);
#2843 = VERTEX_POINT('',#2844);
#2844 = CARTESIAN_POINT('',(-20.70000000001,3.8,69.271281292121));
#2845 = LINE('',#2846,#2847);
#2846 = CARTESIAN_POINT('',(-23.9,3.8,69.271281292107));
#2847 = VECTOR('',#2848,1.);
#2848 = DIRECTION('',(1.,1.010728034819E-27,4.551914400982E-12));
#2849 = ORIENTED_EDGE('',*,*,#2850,.T.);
#2850 = EDGE_CURVE('',#2843,#2851,#2853,.T.);
#2851 = VERTEX_POINT('',#2852);
#2852 = CARTESIAN_POINT('',(-19.1,3.8,66.500000000013));
#2853 = LINE('',#2854,#2855);
#2854 = CARTESIAN_POINT('',(-20.70000000001,3.8,69.271281292121));
#2855 = VECTOR('',#2856,1.);
#2856 = DIRECTION('',(0.500000000005,-1.922962686377E-16,-0.866025403782
    ));
#2857 = ORIENTED_EDGE('',*,*,#2858,.T.);
#2858 = EDGE_CURVE('',#2851,#2859,#2861,.T.);
#2859 = VERTEX_POINT('',#2860);
#2860 = CARTESIAN_POINT('',(-20.69999999999,3.8,63.728718707892));
#2861 = LINE('',#2862,#2863);
#2862 = CARTESIAN_POINT('',(-19.1,3.8,66.500000000013));
#2863 = VECTOR('',#2864,1.);
#2864 = DIRECTION('',(-0.499999999998,-1.922962686387E-16,
    -0.866025403786));
#2865 = ORIENTED_EDGE('',*,*,#2866,.T.);
#2866 = EDGE_CURVE('',#2859,#2867,#2869,.T.);
#2867 = VERTEX_POINT('',#2868);
#2868 = CARTESIAN_POINT('',(-23.9,3.8,63.728718707892));
#2869 = LINE('',#2870,#2871);
#2870 = CARTESIAN_POINT('',(-20.69999999999,3.8,63.728718707892));
#2871 = VECTOR('',#2872,1.);
#2872 = DIRECTION('',(-1.,0.,0.));
#2873 = ORIENTED_EDGE('',*,*,#2874,.T.);
#2874 = EDGE_CURVE('',#2867,#2833,#2875,.T.);
#2875 = LINE('',#2876,#2877);
#2876 = CARTESIAN_POINT('',(-23.9,3.8,63.728718707892));
#2877 = VECTOR('',#2878,1.);
#2878 = DIRECTION('',(-0.500000000002,1.922962686382E-16,0.866025403784)
  );
#2879 = FACE_BOUND('',#2880,.T.);
#2880 = EDGE_LOOP('',(#2881));
#2881 = ORIENTED_EDGE('',*,*,#1743,.F.);
#2882 = PLANE('',#2883);
#2883 = AXIS2_PLACEMENT_3D('',#2884,#2885,#2886);
#2884 = CARTESIAN_POINT('',(-5.284892893679E-13,3.8,50.));
#2885 = DIRECTION('',(0.,1.,0.));
#2886 = DIRECTION('',(0.,0.,1.));
#2887 = ADVANCED_FACE('',(#2888),#2904,.F.);
#2888 = FACE_BOUND('',#2889,.F.);
#2889 = EDGE_LOOP('',(#2890,#2896,#2897,#2903));
#2890 = ORIENTED_EDGE('',*,*,#2891,.T.);
#2891 = EDGE_CURVE('',#1783,#2867,#2892,.T.);
#2892 = LINE('',#2893,#2894);
#2893 = CARTESIAN_POINT('',(-23.9,5.,63.728718707892));
#2894 = VECTOR('',#2895,1.);
#2895 = DIRECTION('',(0.,-1.,2.22044604925E-16));
#2896 = ORIENTED_EDGE('',*,*,#2874,.T.);
#2897 = ORIENTED_EDGE('',*,*,#2898,.F.);
#2898 = EDGE_CURVE('',#1785,#2833,#2899,.T.);
#2899 = LINE('',#2900,#2901);
#2900 = CARTESIAN_POINT('',(-25.5,5.,66.499999999984));
#2901 = VECTOR('',#2902,1.);
#2902 = DIRECTION('',(0.,-1.,2.22044604925E-16));
#2903 = ORIENTED_EDGE('',*,*,#1782,.F.);
#2904 = PLANE('',#2905);
#2905 = AXIS2_PLACEMENT_3D('',#2906,#2907,#2908);
#2906 = CARTESIAN_POINT('',(-23.9,5.,63.728718707892));
#2907 = DIRECTION('',(-0.866025403784,-1.110223024629E-16,
    -0.500000000002));
#2908 = DIRECTION('',(-0.500000000002,1.922962686382E-16,0.866025403784)
  );
#2909 = ADVANCED_FACE('',(#2910),#2921,.F.);
#2910 = FACE_BOUND('',#2911,.F.);
#2911 = EDGE_LOOP('',(#2912,#2918,#2919,#2920));
#2912 = ORIENTED_EDGE('',*,*,#2913,.T.);
#2913 = EDGE_CURVE('',#1817,#2859,#2914,.T.);
#2914 = LINE('',#2915,#2916);
#2915 = CARTESIAN_POINT('',(-20.69999999999,5.,63.728718707892));
#2916 = VECTOR('',#2917,1.);
#2917 = DIRECTION('',(0.,-1.,2.22044604925E-16));
#2918 = ORIENTED_EDGE('',*,*,#2866,.T.);
#2919 = ORIENTED_EDGE('',*,*,#2891,.F.);
#2920 = ORIENTED_EDGE('',*,*,#1824,.F.);
#2921 = PLANE('',#2922);
#2922 = AXIS2_PLACEMENT_3D('',#2923,#2924,#2925);
#2923 = CARTESIAN_POINT('',(-20.69999999999,5.,63.728718707892));
#2924 = DIRECTION('',(-0.,-2.22044604925E-16,-1.));
#2925 = DIRECTION('',(-1.,0.,0.));
#2926 = ADVANCED_FACE('',(#2927),#2938,.F.);
#2927 = FACE_BOUND('',#2928,.F.);
#2928 = EDGE_LOOP('',(#2929,#2930,#2931,#2937));
#2929 = ORIENTED_EDGE('',*,*,#2898,.T.);
#2930 = ORIENTED_EDGE('',*,*,#2832,.T.);
#2931 = ORIENTED_EDGE('',*,*,#2932,.F.);
#2932 = EDGE_CURVE('',#1793,#2835,#2933,.T.);
#2933 = LINE('',#2934,#2935);
#2934 = CARTESIAN_POINT('',(-23.9,5.,69.271281292107));
#2935 = VECTOR('',#2936,1.);
#2936 = DIRECTION('',(0.,-1.,2.22044604925E-16));
#2937 = ORIENTED_EDGE('',*,*,#1792,.F.);
#2938 = PLANE('',#2939);
#2939 = AXIS2_PLACEMENT_3D('',#2940,#2941,#2942);
#2940 = CARTESIAN_POINT('',(-25.5,5.,66.499999999984));
#2941 = DIRECTION('',(-0.866025403786,1.110223024618E-16,0.499999999997)
  );
#2942 = DIRECTION('',(0.499999999997,1.922962686387E-16,0.866025403786)
  );
#2943 = ADVANCED_FACE('',(#2944),#2955,.F.);
#2944 = FACE_BOUND('',#2945,.F.);
#2945 = EDGE_LOOP('',(#2946,#2952,#2953,#2954));
#2946 = ORIENTED_EDGE('',*,*,#2947,.T.);
#2947 = EDGE_CURVE('',#1809,#2851,#2948,.T.);
#2948 = LINE('',#2949,#2950);
#2949 = CARTESIAN_POINT('',(-19.1,5.,66.500000000013));
#2950 = VECTOR('',#2951,1.);
#2951 = DIRECTION('',(0.,-1.,2.22044604925E-16));
#2952 = ORIENTED_EDGE('',*,*,#2858,.T.);
#2953 = ORIENTED_EDGE('',*,*,#2913,.F.);
#2954 = ORIENTED_EDGE('',*,*,#1816,.F.);
#2955 = PLANE('',#2956);
#2956 = AXIS2_PLACEMENT_3D('',#2957,#2958,#2959);
#2957 = CARTESIAN_POINT('',(-19.1,5.,66.500000000013));
#2958 = DIRECTION('',(0.866025403786,-1.11022302462E-16,-0.499999999998)
  );
#2959 = DIRECTION('',(-0.499999999998,-1.922962686387E-16,
    -0.866025403786));
#2960 = ADVANCED_FACE('',(#2961),#2972,.F.);
#2961 = FACE_BOUND('',#2962,.F.);
#2962 = EDGE_LOOP('',(#2963,#2964,#2965,#2971));
#2963 = ORIENTED_EDGE('',*,*,#2932,.T.);
#2964 = ORIENTED_EDGE('',*,*,#2842,.T.);
#2965 = ORIENTED_EDGE('',*,*,#2966,.F.);
#2966 = EDGE_CURVE('',#1801,#2843,#2967,.T.);
#2967 = LINE('',#2968,#2969);
#2968 = CARTESIAN_POINT('',(-20.70000000001,5.,69.271281292121));
#2969 = VECTOR('',#2970,1.);
#2970 = DIRECTION('',(0.,-1.,2.22044604925E-16));
#2971 = ORIENTED_EDGE('',*,*,#1800,.F.);
#2972 = PLANE('',#2973);
#2973 = AXIS2_PLACEMENT_3D('',#2974,#2975,#2976);
#2974 = CARTESIAN_POINT('',(-23.9,5.,69.271281292107));
#2975 = DIRECTION('',(-4.551914400982E-12,2.22044604925E-16,1.));
#2976 = DIRECTION('',(1.,1.010728034819E-27,4.551914400982E-12));
#2977 = ADVANCED_FACE('',(#2978),#2984,.F.);
#2978 = FACE_BOUND('',#2979,.F.);
#2979 = EDGE_LOOP('',(#2980,#2981,#2982,#2983));
#2980 = ORIENTED_EDGE('',*,*,#2966,.T.);
#2981 = ORIENTED_EDGE('',*,*,#2850,.T.);
#2982 = ORIENTED_EDGE('',*,*,#2947,.F.);
#2983 = ORIENTED_EDGE('',*,*,#1808,.F.);
#2984 = PLANE('',#2985);
#2985 = AXIS2_PLACEMENT_3D('',#2986,#2987,#2988);
#2986 = CARTESIAN_POINT('',(-20.70000000001,5.,69.271281292121));
#2987 = DIRECTION('',(0.866025403782,1.110223024636E-16,0.500000000005)
  );
#2988 = DIRECTION('',(0.500000000005,-1.922962686377E-16,-0.866025403782
    ));
#2989 = ADVANCED_FACE('',(#2990),#3001,.F.);
#2990 = FACE_BOUND('',#2991,.F.);
#2991 = EDGE_LOOP('',(#2992,#2998,#2999,#3000));
#2992 = ORIENTED_EDGE('',*,*,#2993,.T.);
#2993 = EDGE_CURVE('',#2485,#1923,#2994,.T.);
#2994 = LINE('',#2995,#2996);
#2995 = CARTESIAN_POINT('',(22.3,0.,10.));
#2996 = VECTOR('',#2997,1.);
#2997 = DIRECTION('',(0.,1.,0.));
#2998 = ORIENTED_EDGE('',*,*,#1922,.T.);
#2999 = ORIENTED_EDGE('',*,*,#1900,.F.);
#3000 = ORIENTED_EDGE('',*,*,#2492,.T.);
#3001 = PLANE('',#3002);
#3002 = AXIS2_PLACEMENT_3D('',#3003,#3004,#3005);
#3003 = CARTESIAN_POINT('',(17.3,0.,10.));
#3004 = DIRECTION('',(0.,0.,1.));
#3005 = DIRECTION('',(0.,1.,0.));
#3006 = ADVANCED_FACE('',(#3007),#3040,.T.);
#3007 = FACE_BOUND('',#3008,.T.);
#3008 = EDGE_LOOP('',(#3009,#3017,#3025,#3031,#3032,#3038,#3039));
#3009 = ORIENTED_EDGE('',*,*,#3010,.T.);
#3010 = EDGE_CURVE('',#1933,#3011,#3013,.T.);
#3011 = VERTEX_POINT('',#3012);
#3012 = CARTESIAN_POINT('',(22.3,5.,28.5));
#3013 = LINE('',#3014,#3015);
#3014 = CARTESIAN_POINT('',(22.3,17.5,28.5));
#3015 = VECTOR('',#3016,1.);
#3016 = DIRECTION('',(0.,-1.,0.));
#3017 = ORIENTED_EDGE('',*,*,#3018,.T.);
#3018 = EDGE_CURVE('',#3011,#3019,#3021,.T.);
#3019 = VERTEX_POINT('',#3020);
#3020 = CARTESIAN_POINT('',(22.3,5.,28.48902697423));
#3021 = LINE('',#3022,#3023);
#3022 = CARTESIAN_POINT('',(22.3,5.,44.244513487115));
#3023 = VECTOR('',#3024,1.);
#3024 = DIRECTION('',(0.,0.,-1.));
#3025 = ORIENTED_EDGE('',*,*,#3026,.T.);
#3026 = EDGE_CURVE('',#3019,#2257,#3027,.T.);
#3027 = LINE('',#3028,#3029);
#3028 = CARTESIAN_POINT('',(22.3,6.875,28.48902697423));
#3029 = VECTOR('',#3030,1.);
#3030 = DIRECTION('',(0.,-1.,0.));
#3031 = ORIENTED_EDGE('',*,*,#2256,.T.);
#3032 = ORIENTED_EDGE('',*,*,#3033,.T.);
#3033 = EDGE_CURVE('',#2249,#2485,#3034,.T.);
#3034 = LINE('',#3035,#3036);
#3035 = CARTESIAN_POINT('',(22.3,0.,10.));
#3036 = VECTOR('',#3037,1.);
#3037 = DIRECTION('',(0.,1.,0.));
#3038 = ORIENTED_EDGE('',*,*,#2993,.T.);
#3039 = ORIENTED_EDGE('',*,*,#1941,.T.);
#3040 = PLANE('',#3041);
#3041 = AXIS2_PLACEMENT_3D('',#3042,#3043,#3044);
#3042 = CARTESIAN_POINT('',(22.3,8.75,50.));
#3043 = DIRECTION('',(1.,0.,0.));
#3044 = DIRECTION('',(0.,0.,1.));
#3045 = ADVANCED_FACE('',(#3046),#3057,.F.);
#3046 = FACE_BOUND('',#3047,.F.);
#3047 = EDGE_LOOP('',(#3048,#3049,#3055,#3056));
#3048 = ORIENTED_EDGE('',*,*,#3010,.T.);
#3049 = ORIENTED_EDGE('',*,*,#3050,.T.);
#3050 = EDGE_CURVE('',#3011,#1980,#3051,.T.);
#3051 = LINE('',#3052,#3053);
#3052 = CARTESIAN_POINT('',(17.3,5.,28.5));
#3053 = VECTOR('',#3054,1.);
#3054 = DIRECTION('',(-1.,0.,0.));
#3055 = ORIENTED_EDGE('',*,*,#1979,.F.);
#3056 = ORIENTED_EDGE('',*,*,#1932,.F.);
#3057 = PLANE('',#3058);
#3058 = AXIS2_PLACEMENT_3D('',#3059,#3060,#3061);
#3059 = CARTESIAN_POINT('',(17.3,17.5,28.5));
#3060 = DIRECTION('',(0.,0.,-1.));
#3061 = DIRECTION('',(0.,-1.,0.));
#3062 = ADVANCED_FACE('',(#3063),#3074,.F.);
#3063 = FACE_BOUND('',#3064,.F.);
#3064 = EDGE_LOOP('',(#3065,#3071,#3072,#3073));
#3065 = ORIENTED_EDGE('',*,*,#3066,.T.);
#3066 = EDGE_CURVE('',#2038,#2583,#3067,.T.);
#3067 = LINE('',#3068,#3069);
#3068 = CARTESIAN_POINT('',(22.3,17.5,90.));
#3069 = VECTOR('',#3070,1.);
#3070 = DIRECTION('',(0.,-1.,0.));
#3071 = ORIENTED_EDGE('',*,*,#2582,.F.);
#3072 = ORIENTED_EDGE('',*,*,#1955,.F.);
#3073 = ORIENTED_EDGE('',*,*,#2037,.F.);
#3074 = PLANE('',#3075);
#3075 = AXIS2_PLACEMENT_3D('',#3076,#3077,#3078);
#3076 = CARTESIAN_POINT('',(17.3,17.5,90.));
#3077 = DIRECTION('',(0.,0.,-1.));
#3078 = DIRECTION('',(0.,-1.,0.));
#3079 = ADVANCED_FACE('',(#3080,#3116),#3166,.T.);
#3080 = FACE_BOUND('',#3081,.T.);
#3081 = EDGE_LOOP('',(#3082,#3092,#3101,#3107,#3108,#3109,#3110));
#3082 = ORIENTED_EDGE('',*,*,#3083,.T.);
#3083 = EDGE_CURVE('',#3084,#3086,#3088,.T.);
#3084 = VERTEX_POINT('',#3085);
#3085 = CARTESIAN_POINT('',(27.3,5.,38.48902697423));
#3086 = VERTEX_POINT('',#3087);
#3087 = CARTESIAN_POINT('',(27.3,5.,30.48902697423));
#3088 = LINE('',#3089,#3090);
#3089 = CARTESIAN_POINT('',(27.3,5.,38.48902697423));
#3090 = VECTOR('',#3091,1.);
#3091 = DIRECTION('',(0.,0.,-1.));
#3092 = ORIENTED_EDGE('',*,*,#3093,.F.);
#3093 = EDGE_CURVE('',#3094,#3086,#3096,.T.);
#3094 = VERTEX_POINT('',#3095);
#3095 = CARTESIAN_POINT('',(25.3,5.,28.48902697423));
#3096 = CIRCLE('',#3097,2.);
#3097 = AXIS2_PLACEMENT_3D('',#3098,#3099,#3100);
#3098 = CARTESIAN_POINT('',(25.3,5.,30.48902697423));
#3099 = DIRECTION('',(0.,-1.,0.));
#3100 = DIRECTION('',(0.,0.,-1.));
#3101 = ORIENTED_EDGE('',*,*,#3102,.F.);
#3102 = EDGE_CURVE('',#3019,#3094,#3103,.T.);
#3103 = LINE('',#3104,#3105);
#3104 = CARTESIAN_POINT('',(17.3,5.,28.48902697423));
#3105 = VECTOR('',#3106,1.);
#3106 = DIRECTION('',(1.,0.,0.));
#3107 = ORIENTED_EDGE('',*,*,#3018,.F.);
#3108 = ORIENTED_EDGE('',*,*,#3050,.T.);
#3109 = ORIENTED_EDGE('',*,*,#2013,.F.);
#3110 = ORIENTED_EDGE('',*,*,#3111,.T.);
#3111 = EDGE_CURVE('',#2005,#3084,#3112,.T.);
#3112 = LINE('',#3113,#3114);
#3113 = CARTESIAN_POINT('',(17.3,5.,38.48902697423));
#3114 = VECTOR('',#3115,1.);
#3115 = DIRECTION('',(1.,0.,0.));
#3116 = FACE_BOUND('',#3117,.T.);
#3117 = EDGE_LOOP('',(#3118,#3128,#3136,#3144,#3152,#3160));
#3118 = ORIENTED_EDGE('',*,*,#3119,.F.);
#3119 = EDGE_CURVE('',#3120,#3122,#3124,.T.);
#3120 = VERTEX_POINT('',#3121);
#3121 = CARTESIAN_POINT('',(19.1,5.,33.499999999984));
#3122 = VERTEX_POINT('',#3123);
#3123 = CARTESIAN_POINT('',(20.699999999994,5.,36.271281292107));
#3124 = LINE('',#3125,#3126);
#3125 = CARTESIAN_POINT('',(19.1,5.,33.499999999984));
#3126 = VECTOR('',#3127,1.);
#3127 = DIRECTION('',(0.499999999997,1.922962686387E-16,0.866025403786)
  );
#3128 = ORIENTED_EDGE('',*,*,#3129,.F.);
#3129 = EDGE_CURVE('',#3130,#3120,#3132,.T.);
#3130 = VERTEX_POINT('',#3131);
#3131 = CARTESIAN_POINT('',(20.699999999996,5.,30.728718707892));
#3132 = LINE('',#3133,#3134);
#3133 = CARTESIAN_POINT('',(20.699999999996,5.,30.728718707892));
#3134 = VECTOR('',#3135,1.);
#3135 = DIRECTION('',(-0.500000000001,1.922962686382E-16,0.866025403784)
  );
#3136 = ORIENTED_EDGE('',*,*,#3137,.F.);
#3137 = EDGE_CURVE('',#3138,#3130,#3140,.T.);
#3138 = VERTEX_POINT('',#3139);
#3139 = CARTESIAN_POINT('',(23.900000000004,5.,30.728718707892));
#3140 = LINE('',#3141,#3142);
#3141 = CARTESIAN_POINT('',(23.900000000004,5.,30.728718707892));
#3142 = VECTOR('',#3143,1.);
#3143 = DIRECTION('',(-1.,0.,0.));
#3144 = ORIENTED_EDGE('',*,*,#3145,.F.);
#3145 = EDGE_CURVE('',#3146,#3138,#3148,.T.);
#3146 = VERTEX_POINT('',#3147);
#3147 = CARTESIAN_POINT('',(25.5,5.,33.500000000014));
#3148 = LINE('',#3149,#3150);
#3149 = CARTESIAN_POINT('',(25.5,5.,33.500000000014));
#3150 = VECTOR('',#3151,1.);
#3151 = DIRECTION('',(-0.499999999998,-1.922962686387E-16,
    -0.866025403786));
#3152 = ORIENTED_EDGE('',*,*,#3153,.F.);
#3153 = EDGE_CURVE('',#3154,#3146,#3156,.T.);
#3154 = VERTEX_POINT('',#3155);
#3155 = CARTESIAN_POINT('',(23.89999999998,5.,36.271281292121));
#3156 = LINE('',#3157,#3158);
#3157 = CARTESIAN_POINT('',(23.89999999998,5.,36.271281292121));
#3158 = VECTOR('',#3159,1.);
#3159 = DIRECTION('',(0.500000000005,-1.922962686377E-16,-0.866025403782
    ));
#3160 = ORIENTED_EDGE('',*,*,#3161,.F.);
#3161 = EDGE_CURVE('',#3122,#3154,#3162,.T.);
#3162 = LINE('',#3163,#3164);
#3163 = CARTESIAN_POINT('',(20.699999999994,5.,36.271281292107));
#3164 = VECTOR('',#3165,1.);
#3165 = DIRECTION('',(1.,1.00826284449E-27,4.540812170737E-12));
#3166 = PLANE('',#3167);
#3167 = AXIS2_PLACEMENT_3D('',#3168,#3169,#3170);
#3168 = CARTESIAN_POINT('',(17.3,5.,38.48902697423));
#3169 = DIRECTION('',(0.,1.,0.));
#3170 = DIRECTION('',(0.,0.,-1.));
#3171 = ADVANCED_FACE('',(#3172),#3191,.T.);
#3172 = FACE_BOUND('',#3173,.F.);
#3173 = EDGE_LOOP('',(#3174,#3175,#3184,#3190));
#3174 = ORIENTED_EDGE('',*,*,#3111,.T.);
#3175 = ORIENTED_EDGE('',*,*,#3176,.T.);
#3176 = EDGE_CURVE('',#3084,#3177,#3179,.T.);
#3177 = VERTEX_POINT('',#3178);
#3178 = CARTESIAN_POINT('',(27.3,5.,61.51097302577));
#3179 = CIRCLE('',#3180,12.55);
#3180 = AXIS2_PLACEMENT_3D('',#3181,#3182,#3183);
#3181 = CARTESIAN_POINT('',(27.3,0.,50.));
#3182 = DIRECTION('',(1.,0.,0.));
#3183 = DIRECTION('',(0.,1.,0.));
#3184 = ORIENTED_EDGE('',*,*,#3185,.F.);
#3185 = EDGE_CURVE('',#1997,#3177,#3186,.T.);
#3186 = LINE('',#3187,#3188);
#3187 = CARTESIAN_POINT('',(17.3,5.,61.51097302577));
#3188 = VECTOR('',#3189,1.);
#3189 = DIRECTION('',(1.,0.,0.));
#3190 = ORIENTED_EDGE('',*,*,#2004,.F.);
#3191 = CYLINDRICAL_SURFACE('',#3192,12.55);
#3192 = AXIS2_PLACEMENT_3D('',#3193,#3194,#3195);
#3193 = CARTESIAN_POINT('',(17.3,0.,50.));
#3194 = DIRECTION('',(-1.,-0.,-0.));
#3195 = DIRECTION('',(0.,1.,0.));
#3196 = ADVANCED_FACE('',(#3197,#3240),#3290,.T.);
#3197 = FACE_BOUND('',#3198,.T.);
#3198 = EDGE_LOOP('',(#3199,#3209,#3217,#3226,#3232,#3233,#3234));
#3199 = ORIENTED_EDGE('',*,*,#3200,.F.);
#3200 = EDGE_CURVE('',#3201,#3203,#3205,.T.);
#3201 = VERTEX_POINT('',#3202);
#3202 = CARTESIAN_POINT('',(22.3,5.,71.51097302577));
#3203 = VERTEX_POINT('',#3204);
#3204 = CARTESIAN_POINT('',(22.3,5.,71.5));
#3205 = LINE('',#3206,#3207);
#3206 = CARTESIAN_POINT('',(22.3,5.,60.755486512885));
#3207 = VECTOR('',#3208,1.);
#3208 = DIRECTION('',(0.,0.,-1.));
#3209 = ORIENTED_EDGE('',*,*,#3210,.T.);
#3210 = EDGE_CURVE('',#3201,#3211,#3213,.T.);
#3211 = VERTEX_POINT('',#3212);
#3212 = CARTESIAN_POINT('',(25.3,5.,71.51097302577));
#3213 = LINE('',#3214,#3215);
#3214 = CARTESIAN_POINT('',(17.3,5.,71.51097302577));
#3215 = VECTOR('',#3216,1.);
#3216 = DIRECTION('',(1.,0.,0.));
#3217 = ORIENTED_EDGE('',*,*,#3218,.T.);
#3218 = EDGE_CURVE('',#3211,#3219,#3221,.T.);
#3219 = VERTEX_POINT('',#3220);
#3220 = CARTESIAN_POINT('',(27.3,5.,69.51097302577));
#3221 = CIRCLE('',#3222,2.);
#3222 = AXIS2_PLACEMENT_3D('',#3223,#3224,#3225);
#3223 = CARTESIAN_POINT('',(25.3,5.,69.51097302577));
#3224 = DIRECTION('',(0.,1.,0.));
#3225 = DIRECTION('',(0.,0.,1.));
#3226 = ORIENTED_EDGE('',*,*,#3227,.T.);
#3227 = EDGE_CURVE('',#3219,#3177,#3228,.T.);
#3228 = LINE('',#3229,#3230);
#3229 = CARTESIAN_POINT('',(27.3,5.,71.51097302577));
#3230 = VECTOR('',#3231,1.);
#3231 = DIRECTION('',(0.,0.,-1.));
#3232 = ORIENTED_EDGE('',*,*,#3185,.F.);
#3233 = ORIENTED_EDGE('',*,*,#1996,.F.);
#3234 = ORIENTED_EDGE('',*,*,#3235,.T.);
#3235 = EDGE_CURVE('',#1989,#3203,#3236,.T.);
#3236 = LINE('',#3237,#3238);
#3237 = CARTESIAN_POINT('',(17.3,5.,71.5));
#3238 = VECTOR('',#3239,1.);
#3239 = DIRECTION('',(1.,0.,0.));
#3240 = FACE_BOUND('',#3241,.T.);
#3241 = EDGE_LOOP('',(#3242,#3252,#3260,#3268,#3276,#3284));
#3242 = ORIENTED_EDGE('',*,*,#3243,.F.);
#3243 = EDGE_CURVE('',#3244,#3246,#3248,.T.);
#3244 = VERTEX_POINT('',#3245);
#3245 = CARTESIAN_POINT('',(19.1,5.,66.499999999984));
#3246 = VERTEX_POINT('',#3247);
#3247 = CARTESIAN_POINT('',(20.699999999994,5.,69.271281292107));
#3248 = LINE('',#3249,#3250);
#3249 = CARTESIAN_POINT('',(19.1,5.,66.499999999984));
#3250 = VECTOR('',#3251,1.);
#3251 = DIRECTION('',(0.499999999997,1.922962686387E-16,0.866025403786)
  );
#3252 = ORIENTED_EDGE('',*,*,#3253,.F.);
#3253 = EDGE_CURVE('',#3254,#3244,#3256,.T.);
#3254 = VERTEX_POINT('',#3255);
#3255 = CARTESIAN_POINT('',(20.699999999996,5.,63.728718707892));
#3256 = LINE('',#3257,#3258);
#3257 = CARTESIAN_POINT('',(20.699999999996,5.,63.728718707892));
#3258 = VECTOR('',#3259,1.);
#3259 = DIRECTION('',(-0.500000000002,1.922962686382E-16,0.866025403784)
  );
#3260 = ORIENTED_EDGE('',*,*,#3261,.F.);
#3261 = EDGE_CURVE('',#3262,#3254,#3264,.T.);
#3262 = VERTEX_POINT('',#3263);
#3263 = CARTESIAN_POINT('',(23.900000000004,5.,63.728718707892));
#3264 = LINE('',#3265,#3266);
#3265 = CARTESIAN_POINT('',(23.900000000004,5.,63.728718707892));
#3266 = VECTOR('',#3267,1.);
#3267 = DIRECTION('',(-1.,0.,0.));
#3268 = ORIENTED_EDGE('',*,*,#3269,.F.);
#3269 = EDGE_CURVE('',#3270,#3262,#3272,.T.);
#3270 = VERTEX_POINT('',#3271);
#3271 = CARTESIAN_POINT('',(25.5,5.,66.500000000014));
#3272 = LINE('',#3273,#3274);
#3273 = CARTESIAN_POINT('',(25.5,5.,66.500000000014));
#3274 = VECTOR('',#3275,1.);
#3275 = DIRECTION('',(-0.499999999998,-1.922962686387E-16,
    -0.866025403786));
#3276 = ORIENTED_EDGE('',*,*,#3277,.F.);
#3277 = EDGE_CURVE('',#3278,#3270,#3280,.T.);
#3278 = VERTEX_POINT('',#3279);
#3279 = CARTESIAN_POINT('',(23.899999999981,5.,69.271281292121));
#3280 = LINE('',#3281,#3282);
#3281 = CARTESIAN_POINT('',(23.899999999981,5.,69.271281292121));
#3282 = VECTOR('',#3283,1.);
#3283 = DIRECTION('',(0.500000000005,-1.922962686377E-16,-0.866025403782
    ));
#3284 = ORIENTED_EDGE('',*,*,#3285,.F.);
#3285 = EDGE_CURVE('',#3246,#3278,#3286,.T.);
#3286 = LINE('',#3287,#3288);
#3287 = CARTESIAN_POINT('',(20.699999999994,5.,69.271281292107));
#3288 = VECTOR('',#3289,1.);
#3289 = DIRECTION('',(1.,1.014672339345E-27,4.569677969377E-12));
#3290 = PLANE('',#3291);
#3291 = AXIS2_PLACEMENT_3D('',#3292,#3293,#3294);
#3292 = CARTESIAN_POINT('',(17.3,5.,71.51097302577));
#3293 = DIRECTION('',(0.,1.,0.));
#3294 = DIRECTION('',(0.,0.,-1.));
#3295 = ADVANCED_FACE('',(#3296),#3307,.F.);
#3296 = FACE_BOUND('',#3297,.F.);
#3297 = EDGE_LOOP('',(#3298,#3304,#3305,#3306));
#3298 = ORIENTED_EDGE('',*,*,#3299,.T.);
#3299 = EDGE_CURVE('',#3203,#2028,#3300,.T.);
#3300 = LINE('',#3301,#3302);
#3301 = CARTESIAN_POINT('',(22.3,0.,71.5));
#3302 = VECTOR('',#3303,1.);
#3303 = DIRECTION('',(0.,1.,0.));
#3304 = ORIENTED_EDGE('',*,*,#2027,.T.);
#3305 = ORIENTED_EDGE('',*,*,#1988,.F.);
#3306 = ORIENTED_EDGE('',*,*,#3235,.T.);
#3307 = PLANE('',#3308);
#3308 = AXIS2_PLACEMENT_3D('',#3309,#3310,#3311);
#3309 = CARTESIAN_POINT('',(17.3,0.,71.5));
#3310 = DIRECTION('',(0.,0.,1.));
#3311 = DIRECTION('',(0.,1.,0.));
#3312 = ADVANCED_FACE('',(#3313),#3332,.T.);
#3313 = FACE_BOUND('',#3314,.T.);
#3314 = EDGE_LOOP('',(#3315,#3316,#3322,#3323,#3329,#3330,#3331));
#3315 = ORIENTED_EDGE('',*,*,#3066,.T.);
#3316 = ORIENTED_EDGE('',*,*,#3317,.T.);
#3317 = EDGE_CURVE('',#2583,#2339,#3318,.T.);
#3318 = LINE('',#3319,#3320);
#3319 = CARTESIAN_POINT('',(22.3,17.5,90.));
#3320 = VECTOR('',#3321,1.);
#3321 = DIRECTION('',(0.,-1.,0.));
#3322 = ORIENTED_EDGE('',*,*,#2338,.T.);
#3323 = ORIENTED_EDGE('',*,*,#3324,.T.);
#3324 = EDGE_CURVE('',#2331,#3201,#3325,.T.);
#3325 = LINE('',#3326,#3327);
#3326 = CARTESIAN_POINT('',(22.3,4.375,71.51097302577));
#3327 = VECTOR('',#3328,1.);
#3328 = DIRECTION('',(0.,1.,0.));
#3329 = ORIENTED_EDGE('',*,*,#3200,.T.);
#3330 = ORIENTED_EDGE('',*,*,#3299,.T.);
#3331 = ORIENTED_EDGE('',*,*,#2046,.T.);
#3332 = PLANE('',#3333);
#3333 = AXIS2_PLACEMENT_3D('',#3334,#3335,#3336);
#3334 = CARTESIAN_POINT('',(22.3,8.75,50.));
#3335 = DIRECTION('',(1.,0.,0.));
#3336 = DIRECTION('',(0.,0.,1.));
#3337 = ADVANCED_FACE('',(#3338),#3349,.T.);
#3338 = FACE_BOUND('',#3339,.T.);
#3339 = EDGE_LOOP('',(#3340,#3341,#3347,#3348));
#3340 = ORIENTED_EDGE('',*,*,#2467,.T.);
#3341 = ORIENTED_EDGE('',*,*,#3342,.T.);
#3342 = EDGE_CURVE('',#2468,#2232,#3343,.T.);
#3343 = LINE('',#3344,#3345);
#3344 = CARTESIAN_POINT('',(27.3,5.,8.));
#3345 = VECTOR('',#3346,1.);
#3346 = DIRECTION('',(0.,-1.,0.));
#3347 = ORIENTED_EDGE('',*,*,#2231,.T.);
#3348 = ORIENTED_EDGE('',*,*,#2441,.T.);
#3349 = PLANE('',#3350);
#3350 = AXIS2_PLACEMENT_3D('',#3351,#3352,#3353);
#3351 = CARTESIAN_POINT('',(27.3,3.794798837511,50.));
#3352 = DIRECTION('',(1.,0.,0.));
#3353 = DIRECTION('',(0.,0.,1.));
#3354 = ADVANCED_FACE('',(#3355),#3366,.T.);
#3355 = FACE_BOUND('',#3356,.F.);
#3356 = EDGE_LOOP('',(#3357,#3358,#3359,#3360));
#3357 = ORIENTED_EDGE('',*,*,#2475,.T.);
#3358 = ORIENTED_EDGE('',*,*,#3342,.T.);
#3359 = ORIENTED_EDGE('',*,*,#2239,.F.);
#3360 = ORIENTED_EDGE('',*,*,#3361,.F.);
#3361 = EDGE_CURVE('',#2476,#2240,#3362,.T.);
#3362 = LINE('',#3363,#3364);
#3363 = CARTESIAN_POINT('',(25.3,5.,10.));
#3364 = VECTOR('',#3365,1.);
#3365 = DIRECTION('',(0.,-1.,0.));
#3366 = CYLINDRICAL_SURFACE('',#3367,2.);
#3367 = AXIS2_PLACEMENT_3D('',#3368,#3369,#3370);
#3368 = CARTESIAN_POINT('',(25.3,5.,8.));
#3369 = DIRECTION('',(0.,-1.,0.));
#3370 = DIRECTION('',(0.,0.,1.));
#3371 = ADVANCED_FACE('',(#3372),#3378,.F.);
#3372 = FACE_BOUND('',#3373,.F.);
#3373 = EDGE_LOOP('',(#3374,#3375,#3376,#3377));
#3374 = ORIENTED_EDGE('',*,*,#3033,.T.);
#3375 = ORIENTED_EDGE('',*,*,#2484,.T.);
#3376 = ORIENTED_EDGE('',*,*,#3361,.T.);
#3377 = ORIENTED_EDGE('',*,*,#2248,.F.);
#3378 = PLANE('',#3379);
#3379 = AXIS2_PLACEMENT_3D('',#3380,#3381,#3382);
#3380 = CARTESIAN_POINT('',(17.3,5.,10.));
#3381 = DIRECTION('',(0.,0.,-1.));
#3382 = DIRECTION('',(0.,-1.,0.));
#3383 = ADVANCED_FACE('',(#3384),#3395,.T.);
#3384 = FACE_BOUND('',#3385,.T.);
#3385 = EDGE_LOOP('',(#3386,#3387,#3388,#3394));
#3386 = ORIENTED_EDGE('',*,*,#3026,.F.);
#3387 = ORIENTED_EDGE('',*,*,#3102,.T.);
#3388 = ORIENTED_EDGE('',*,*,#3389,.T.);
#3389 = EDGE_CURVE('',#3094,#2265,#3390,.T.);
#3390 = LINE('',#3391,#3392);
#3391 = CARTESIAN_POINT('',(25.3,5.,28.48902697423));
#3392 = VECTOR('',#3393,1.);
#3393 = DIRECTION('',(0.,-1.,0.));
#3394 = ORIENTED_EDGE('',*,*,#2264,.F.);
#3395 = PLANE('',#3396);
#3396 = AXIS2_PLACEMENT_3D('',#3397,#3398,#3399);
#3397 = CARTESIAN_POINT('',(17.3,5.,28.48902697423));
#3398 = DIRECTION('',(0.,0.,-1.));
#3399 = DIRECTION('',(0.,-1.,0.));
#3400 = ADVANCED_FACE('',(#3401),#3412,.T.);
#3401 = FACE_BOUND('',#3402,.T.);
#3402 = EDGE_LOOP('',(#3403,#3404,#3410,#3411));
#3403 = ORIENTED_EDGE('',*,*,#3093,.T.);
#3404 = ORIENTED_EDGE('',*,*,#3405,.T.);
#3405 = EDGE_CURVE('',#3086,#2273,#3406,.T.);
#3406 = LINE('',#3407,#3408);
#3407 = CARTESIAN_POINT('',(27.3,5.,30.48902697423));
#3408 = VECTOR('',#3409,1.);
#3409 = DIRECTION('',(0.,-1.,0.));
#3410 = ORIENTED_EDGE('',*,*,#2272,.F.);
#3411 = ORIENTED_EDGE('',*,*,#3389,.F.);
#3412 = CYLINDRICAL_SURFACE('',#3413,2.);
#3413 = AXIS2_PLACEMENT_3D('',#3414,#3415,#3416);
#3414 = CARTESIAN_POINT('',(25.3,5.,30.48902697423));
#3415 = DIRECTION('',(0.,-1.,0.));
#3416 = DIRECTION('',(0.,0.,-1.));
#3417 = ADVANCED_FACE('',(#3418),#3439,.T.);
#3418 = FACE_BOUND('',#3419,.T.);
#3419 = EDGE_LOOP('',(#3420,#3421,#3422,#3423,#3429,#3430,#3437,#3438));
#3420 = ORIENTED_EDGE('',*,*,#3083,.F.);
#3421 = ORIENTED_EDGE('',*,*,#3176,.T.);
#3422 = ORIENTED_EDGE('',*,*,#3227,.F.);
#3423 = ORIENTED_EDGE('',*,*,#3424,.F.);
#3424 = EDGE_CURVE('',#2314,#3219,#3425,.T.);
#3425 = LINE('',#3426,#3427);
#3426 = CARTESIAN_POINT('',(27.3,0.,69.51097302577));
#3427 = VECTOR('',#3428,1.);
#3428 = DIRECTION('',(0.,1.,0.));
#3429 = ORIENTED_EDGE('',*,*,#2313,.T.);
#3430 = ORIENTED_EDGE('',*,*,#3431,.F.);
#3431 = EDGE_CURVE('',#2282,#2306,#3432,.T.);
#3432 = CIRCLE('',#3433,7.55);
#3433 = AXIS2_PLACEMENT_3D('',#3434,#3435,#3436);
#3434 = CARTESIAN_POINT('',(27.3,0.,50.));
#3435 = DIRECTION('',(1.,0.,0.));
#3436 = DIRECTION('',(0.,1.,0.));
#3437 = ORIENTED_EDGE('',*,*,#2281,.T.);
#3438 = ORIENTED_EDGE('',*,*,#3405,.F.);
#3439 = PLANE('',#3440);
#3440 = AXIS2_PLACEMENT_3D('',#3441,#3442,#3443);
#3441 = CARTESIAN_POINT('',(27.3,3.794798837511,50.));
#3442 = DIRECTION('',(1.,0.,0.));
#3443 = DIRECTION('',(0.,0.,1.));
#3444 = ADVANCED_FACE('',(#3445),#3457,.F.);
#3445 = FACE_BOUND('',#3446,.T.);
#3446 = EDGE_LOOP('',(#3447,#3448,#3449,#3450));
#3447 = ORIENTED_EDGE('',*,*,#2289,.T.);
#3448 = ORIENTED_EDGE('',*,*,#3431,.T.);
#3449 = ORIENTED_EDGE('',*,*,#2305,.F.);
#3450 = ORIENTED_EDGE('',*,*,#3451,.F.);
#3451 = EDGE_CURVE('',#2290,#2298,#3452,.T.);
#3452 = CIRCLE('',#3453,7.55);
#3453 = AXIS2_PLACEMENT_3D('',#3454,#3455,#3456);
#3454 = CARTESIAN_POINT('',(17.3,0.,50.));
#3455 = DIRECTION('',(1.,0.,0.));
#3456 = DIRECTION('',(0.,1.,0.));
#3457 = CYLINDRICAL_SURFACE('',#3458,7.55);
#3458 = AXIS2_PLACEMENT_3D('',#3459,#3460,#3461);
#3459 = CARTESIAN_POINT('',(17.3,0.,50.));
#3460 = DIRECTION('',(-1.,-0.,-0.));
#3461 = DIRECTION('',(0.,1.,0.));
#3462 = ADVANCED_FACE('',(#3463),#3467,.T.);
#3463 = FACE_BOUND('',#3464,.T.);
#3464 = EDGE_LOOP('',(#3465,#3466));
#3465 = ORIENTED_EDGE('',*,*,#2297,.F.);
#3466 = ORIENTED_EDGE('',*,*,#3451,.T.);
#3467 = PLANE('',#3468);
#3468 = AXIS2_PLACEMENT_3D('',#3469,#3470,#3471);
#3469 = CARTESIAN_POINT('',(17.3,17.5,0.));
#3470 = DIRECTION('',(1.,0.,0.));
#3471 = DIRECTION('',(0.,-1.,0.));
#3472 = ADVANCED_FACE('',(#3473),#3484,.T.);
#3473 = FACE_BOUND('',#3474,.T.);
#3474 = EDGE_LOOP('',(#3475,#3476,#3477,#3478));
#3475 = ORIENTED_EDGE('',*,*,#2321,.T.);
#3476 = ORIENTED_EDGE('',*,*,#3424,.T.);
#3477 = ORIENTED_EDGE('',*,*,#3218,.F.);
#3478 = ORIENTED_EDGE('',*,*,#3479,.F.);
#3479 = EDGE_CURVE('',#2322,#3211,#3480,.T.);
#3480 = LINE('',#3481,#3482);
#3481 = CARTESIAN_POINT('',(25.3,0.,71.51097302577));
#3482 = VECTOR('',#3483,1.);
#3483 = DIRECTION('',(0.,1.,0.));
#3484 = CYLINDRICAL_SURFACE('',#3485,2.);
#3485 = AXIS2_PLACEMENT_3D('',#3486,#3487,#3488);
#3486 = CARTESIAN_POINT('',(25.3,0.,69.51097302577));
#3487 = DIRECTION('',(0.,1.,0.));
#3488 = DIRECTION('',(0.,0.,1.));
#3489 = ADVANCED_FACE('',(#3490),#3496,.T.);
#3490 = FACE_BOUND('',#3491,.T.);
#3491 = EDGE_LOOP('',(#3492,#3493,#3494,#3495));
#3492 = ORIENTED_EDGE('',*,*,#3324,.F.);
#3493 = ORIENTED_EDGE('',*,*,#2330,.T.);
#3494 = ORIENTED_EDGE('',*,*,#3479,.T.);
#3495 = ORIENTED_EDGE('',*,*,#3210,.F.);
#3496 = PLANE('',#3497);
#3497 = AXIS2_PLACEMENT_3D('',#3498,#3499,#3500);
#3498 = CARTESIAN_POINT('',(17.3,0.,71.51097302577));
#3499 = DIRECTION('',(0.,0.,1.));
#3500 = DIRECTION('',(0.,1.,0.));
#3501 = ADVANCED_FACE('',(#3502),#3513,.F.);
#3502 = FACE_BOUND('',#3503,.F.);
#3503 = EDGE_LOOP('',(#3504,#3505,#3506,#3512));
#3504 = ORIENTED_EDGE('',*,*,#3317,.T.);
#3505 = ORIENTED_EDGE('',*,*,#2346,.T.);
#3506 = ORIENTED_EDGE('',*,*,#3507,.T.);
#3507 = EDGE_CURVE('',#2347,#2591,#3508,.T.);
#3508 = LINE('',#3509,#3510);
#3509 = CARTESIAN_POINT('',(25.3,0.,90.));
#3510 = VECTOR('',#3511,1.);
#3511 = DIRECTION('',(0.,1.,0.));
#3512 = ORIENTED_EDGE('',*,*,#2590,.F.);
#3513 = PLANE('',#3514);
#3514 = AXIS2_PLACEMENT_3D('',#3515,#3516,#3517);
#3515 = CARTESIAN_POINT('',(17.3,0.,90.));
#3516 = DIRECTION('',(0.,0.,1.));
#3517 = DIRECTION('',(0.,1.,0.));
#3518 = ADVANCED_FACE('',(#3519),#3530,.T.);
#3519 = FACE_BOUND('',#3520,.F.);
#3520 = EDGE_LOOP('',(#3521,#3522,#3528,#3529));
#3521 = ORIENTED_EDGE('',*,*,#2354,.T.);
#3522 = ORIENTED_EDGE('',*,*,#3523,.T.);
#3523 = EDGE_CURVE('',#2355,#2599,#3524,.T.);
#3524 = LINE('',#3525,#3526);
#3525 = CARTESIAN_POINT('',(27.3,0.,92.));
#3526 = VECTOR('',#3527,1.);
#3527 = DIRECTION('',(0.,1.,0.));
#3528 = ORIENTED_EDGE('',*,*,#2598,.F.);
#3529 = ORIENTED_EDGE('',*,*,#3507,.F.);
#3530 = CYLINDRICAL_SURFACE('',#3531,2.);
#3531 = AXIS2_PLACEMENT_3D('',#3532,#3533,#3534);
#3532 = CARTESIAN_POINT('',(25.3,0.,92.));
#3533 = DIRECTION('',(0.,1.,0.));
#3534 = DIRECTION('',(0.,0.,-1.));
#3535 = ADVANCED_FACE('',(#3536),#3542,.T.);
#3536 = FACE_BOUND('',#3537,.T.);
#3537 = EDGE_LOOP('',(#3538,#3539,#3540,#3541));
#3538 = ORIENTED_EDGE('',*,*,#2363,.T.);
#3539 = ORIENTED_EDGE('',*,*,#3523,.T.);
#3540 = ORIENTED_EDGE('',*,*,#2607,.T.);
#3541 = ORIENTED_EDGE('',*,*,#2566,.T.);
#3542 = PLANE('',#3543);
#3543 = AXIS2_PLACEMENT_3D('',#3544,#3545,#3546);
#3544 = CARTESIAN_POINT('',(27.3,3.794798837511,50.));
#3545 = DIRECTION('',(1.,0.,0.));
#3546 = DIRECTION('',(0.,0.,1.));
#3547 = ADVANCED_FACE('',(#3548),#3567,.F.);
#3548 = FACE_BOUND('',#3549,.F.);
#3549 = EDGE_LOOP('',(#3550,#3559,#3565,#3566));
#3550 = ORIENTED_EDGE('',*,*,#3551,.F.);
#3551 = EDGE_CURVE('',#3552,#3552,#3554,.T.);
#3552 = VERTEX_POINT('',#3553);
#3553 = CARTESIAN_POINT('',(20.75,3.8,5.));
#3554 = CIRCLE('',#3555,1.55);
#3555 = AXIS2_PLACEMENT_3D('',#3556,#3557,#3558);
#3556 = CARTESIAN_POINT('',(22.3,3.8,5.));
#3557 = DIRECTION('',(0.,1.,-2.22044604925E-16));
#3558 = DIRECTION('',(-1.,0.,0.));
#3559 = ORIENTED_EDGE('',*,*,#3560,.T.);
#3560 = EDGE_CURVE('',#3552,#2391,#3561,.T.);
#3561 = LINE('',#3562,#3563);
#3562 = CARTESIAN_POINT('',(20.75,3.8,5.));
#3563 = VECTOR('',#3564,1.);
#3564 = DIRECTION('',(0.,-1.,2.22044604925E-16));
#3565 = ORIENTED_EDGE('',*,*,#2390,.T.);
#3566 = ORIENTED_EDGE('',*,*,#3560,.F.);
#3567 = CYLINDRICAL_SURFACE('',#3568,1.55);
#3568 = AXIS2_PLACEMENT_3D('',#3569,#3570,#3571);
#3569 = CARTESIAN_POINT('',(22.3,3.8,5.));
#3570 = DIRECTION('',(0.,1.,-2.22044604925E-16));
#3571 = DIRECTION('',(-1.,0.,0.));
#3572 = ADVANCED_FACE('',(#3573),#3592,.F.);
#3573 = FACE_BOUND('',#3574,.F.);
#3574 = EDGE_LOOP('',(#3575,#3584,#3590,#3591));
#3575 = ORIENTED_EDGE('',*,*,#3576,.F.);
#3576 = EDGE_CURVE('',#3577,#3577,#3579,.T.);
#3577 = VERTEX_POINT('',#3578);
#3578 = CARTESIAN_POINT('',(20.75,3.8,33.5));
#3579 = CIRCLE('',#3580,1.55);
#3580 = AXIS2_PLACEMENT_3D('',#3581,#3582,#3583);
#3581 = CARTESIAN_POINT('',(22.3,3.8,33.5));
#3582 = DIRECTION('',(0.,1.,-2.22044604925E-16));
#3583 = DIRECTION('',(-1.,0.,0.));
#3584 = ORIENTED_EDGE('',*,*,#3585,.T.);
#3585 = EDGE_CURVE('',#3577,#2402,#3586,.T.);
#3586 = LINE('',#3587,#3588);
#3587 = CARTESIAN_POINT('',(20.75,3.8,33.5));
#3588 = VECTOR('',#3589,1.);
#3589 = DIRECTION('',(0.,-1.,2.22044604925E-16));
#3590 = ORIENTED_EDGE('',*,*,#2401,.T.);
#3591 = ORIENTED_EDGE('',*,*,#3585,.F.);
#3592 = CYLINDRICAL_SURFACE('',#3593,1.55);
#3593 = AXIS2_PLACEMENT_3D('',#3594,#3595,#3596);
#3594 = CARTESIAN_POINT('',(22.3,3.8,33.5));
#3595 = DIRECTION('',(0.,1.,-2.22044604925E-16));
#3596 = DIRECTION('',(-1.,0.,0.));
#3597 = ADVANCED_FACE('',(#3598),#3617,.F.);
#3598 = FACE_BOUND('',#3599,.F.);
#3599 = EDGE_LOOP('',(#3600,#3609,#3615,#3616));
#3600 = ORIENTED_EDGE('',*,*,#3601,.F.);
#3601 = EDGE_CURVE('',#3602,#3602,#3604,.T.);
#3602 = VERTEX_POINT('',#3603);
#3603 = CARTESIAN_POINT('',(20.75,3.8,95.));
#3604 = CIRCLE('',#3605,1.55);
#3605 = AXIS2_PLACEMENT_3D('',#3606,#3607,#3608);
#3606 = CARTESIAN_POINT('',(22.3,3.8,95.));
#3607 = DIRECTION('',(0.,1.,-2.22044604925E-16));
#3608 = DIRECTION('',(-1.,0.,0.));
#3609 = ORIENTED_EDGE('',*,*,#3610,.T.);
#3610 = EDGE_CURVE('',#3602,#2413,#3611,.T.);
#3611 = LINE('',#3612,#3613);
#3612 = CARTESIAN_POINT('',(20.75,3.8,95.));
#3613 = VECTOR('',#3614,1.);
#3614 = DIRECTION('',(0.,-1.,2.22044604925E-16));
#3615 = ORIENTED_EDGE('',*,*,#2412,.T.);
#3616 = ORIENTED_EDGE('',*,*,#3610,.F.);
#3617 = CYLINDRICAL_SURFACE('',#3618,1.55);
#3618 = AXIS2_PLACEMENT_3D('',#3619,#3620,#3621);
#3619 = CARTESIAN_POINT('',(22.3,3.8,95.));
#3620 = DIRECTION('',(0.,1.,-2.22044604925E-16));
#3621 = DIRECTION('',(-1.,0.,0.));
#3622 = ADVANCED_FACE('',(#3623),#3642,.F.);
#3623 = FACE_BOUND('',#3624,.F.);
#3624 = EDGE_LOOP('',(#3625,#3634,#3640,#3641));
#3625 = ORIENTED_EDGE('',*,*,#3626,.F.);
#3626 = EDGE_CURVE('',#3627,#3627,#3629,.T.);
#3627 = VERTEX_POINT('',#3628);
#3628 = CARTESIAN_POINT('',(20.75,3.8,66.5));
#3629 = CIRCLE('',#3630,1.55);
#3630 = AXIS2_PLACEMENT_3D('',#3631,#3632,#3633);
#3631 = CARTESIAN_POINT('',(22.3,3.8,66.5));
#3632 = DIRECTION('',(0.,1.,-2.22044604925E-16));
#3633 = DIRECTION('',(-1.,0.,0.));
#3634 = ORIENTED_EDGE('',*,*,#3635,.T.);
#3635 = EDGE_CURVE('',#3627,#2424,#3636,.T.);
#3636 = LINE('',#3637,#3638);
#3637 = CARTESIAN_POINT('',(20.75,3.8,66.5));
#3638 = VECTOR('',#3639,1.);
#3639 = DIRECTION('',(0.,-1.,2.22044604925E-16));
#3640 = ORIENTED_EDGE('',*,*,#2423,.T.);
#3641 = ORIENTED_EDGE('',*,*,#3635,.F.);
#3642 = CYLINDRICAL_SURFACE('',#3643,1.55);
#3643 = AXIS2_PLACEMENT_3D('',#3644,#3645,#3646);
#3644 = CARTESIAN_POINT('',(22.3,3.8,66.5));
#3645 = DIRECTION('',(0.,1.,-2.22044604925E-16));
#3646 = DIRECTION('',(-1.,0.,0.));
#3647 = ADVANCED_FACE('',(#3648),#3673,.F.);
#3648 = FACE_BOUND('',#3649,.F.);
#3649 = EDGE_LOOP('',(#3650,#3658,#3666,#3672));
#3650 = ORIENTED_EDGE('',*,*,#3651,.T.);
#3651 = EDGE_CURVE('',#2502,#3652,#3654,.T.);
#3652 = VERTEX_POINT('',#3653);
#3653 = CARTESIAN_POINT('',(20.699999999996,3.8,2.228718707892));
#3654 = LINE('',#3655,#3656);
#3655 = CARTESIAN_POINT('',(20.699999999996,5.,2.228718707892));
#3656 = VECTOR('',#3657,1.);
#3657 = DIRECTION('',(0.,-1.,2.22044604925E-16));
#3658 = ORIENTED_EDGE('',*,*,#3659,.T.);
#3659 = EDGE_CURVE('',#3652,#3660,#3662,.T.);
#3660 = VERTEX_POINT('',#3661);
#3661 = CARTESIAN_POINT('',(19.1,3.8,4.999999999984));
#3662 = LINE('',#3663,#3664);
#3663 = CARTESIAN_POINT('',(20.699999999996,3.8,2.228718707892));
#3664 = VECTOR('',#3665,1.);
#3665 = DIRECTION('',(-0.500000000002,1.922962686382E-16,0.866025403784)
  );
#3666 = ORIENTED_EDGE('',*,*,#3667,.F.);
#3667 = EDGE_CURVE('',#2504,#3660,#3668,.T.);
#3668 = LINE('',#3669,#3670);
#3669 = CARTESIAN_POINT('',(19.1,5.,4.999999999984));
#3670 = VECTOR('',#3671,1.);
#3671 = DIRECTION('',(0.,-1.,2.22044604925E-16));
#3672 = ORIENTED_EDGE('',*,*,#2501,.F.);
#3673 = PLANE('',#3674);
#3674 = AXIS2_PLACEMENT_3D('',#3675,#3676,#3677);
#3675 = CARTESIAN_POINT('',(20.699999999996,5.,2.228718707892));
#3676 = DIRECTION('',(-0.866025403784,-1.110223024629E-16,
    -0.500000000002));
#3677 = DIRECTION('',(-0.500000000002,1.922962686382E-16,0.866025403784)
  );
#3678 = ADVANCED_FACE('',(#3679),#3697,.F.);
#3679 = FACE_BOUND('',#3680,.F.);
#3680 = EDGE_LOOP('',(#3681,#3689,#3695,#3696));
#3681 = ORIENTED_EDGE('',*,*,#3682,.T.);
#3682 = EDGE_CURVE('',#2536,#3683,#3685,.T.);
#3683 = VERTEX_POINT('',#3684);
#3684 = CARTESIAN_POINT('',(23.900000000004,3.8,2.228718707892));
#3685 = LINE('',#3686,#3687);
#3686 = CARTESIAN_POINT('',(23.900000000004,5.,2.228718707892));
#3687 = VECTOR('',#3688,1.);
#3688 = DIRECTION('',(0.,-1.,2.22044604925E-16));
#3689 = ORIENTED_EDGE('',*,*,#3690,.T.);
#3690 = EDGE_CURVE('',#3683,#3652,#3691,.T.);
#3691 = LINE('',#3692,#3693);
#3692 = CARTESIAN_POINT('',(23.900000000004,3.8,2.228718707892));
#3693 = VECTOR('',#3694,1.);
#3694 = DIRECTION('',(-1.,0.,0.));
#3695 = ORIENTED_EDGE('',*,*,#3651,.F.);
#3696 = ORIENTED_EDGE('',*,*,#2543,.F.);
#3697 = PLANE('',#3698);
#3698 = AXIS2_PLACEMENT_3D('',#3699,#3700,#3701);
#3699 = CARTESIAN_POINT('',(23.900000000004,5.,2.228718707892));
#3700 = DIRECTION('',(-0.,-2.22044604925E-16,-1.));
#3701 = DIRECTION('',(-1.,0.,0.));
#3702 = ADVANCED_FACE('',(#3703),#3721,.F.);
#3703 = FACE_BOUND('',#3704,.F.);
#3704 = EDGE_LOOP('',(#3705,#3713,#3719,#3720));
#3705 = ORIENTED_EDGE('',*,*,#3706,.T.);
#3706 = EDGE_CURVE('',#2528,#3707,#3709,.T.);
#3707 = VERTEX_POINT('',#3708);
#3708 = CARTESIAN_POINT('',(25.5,3.8,5.000000000014));
#3709 = LINE('',#3710,#3711);
#3710 = CARTESIAN_POINT('',(25.5,5.,5.000000000014));
#3711 = VECTOR('',#3712,1.);
#3712 = DIRECTION('',(0.,-1.,2.22044604925E-16));
#3713 = ORIENTED_EDGE('',*,*,#3714,.T.);
#3714 = EDGE_CURVE('',#3707,#3683,#3715,.T.);
#3715 = LINE('',#3716,#3717);
#3716 = CARTESIAN_POINT('',(25.5,3.8,5.000000000014));
#3717 = VECTOR('',#3718,1.);
#3718 = DIRECTION('',(-0.499999999998,-1.922962686387E-16,
    -0.866025403786));
#3719 = ORIENTED_EDGE('',*,*,#3682,.F.);
#3720 = ORIENTED_EDGE('',*,*,#2535,.F.);
#3721 = PLANE('',#3722);
#3722 = AXIS2_PLACEMENT_3D('',#3723,#3724,#3725);
#3723 = CARTESIAN_POINT('',(25.5,5.,5.000000000014));
#3724 = DIRECTION('',(0.866025403786,-1.11022302462E-16,-0.499999999998)
  );
#3725 = DIRECTION('',(-0.499999999998,-1.922962686387E-16,
    -0.866025403786));
#3726 = ADVANCED_FACE('',(#3727),#3745,.F.);
#3727 = FACE_BOUND('',#3728,.F.);
#3728 = EDGE_LOOP('',(#3729,#3737,#3743,#3744));
#3729 = ORIENTED_EDGE('',*,*,#3730,.T.);
#3730 = EDGE_CURVE('',#2520,#3731,#3733,.T.);
#3731 = VERTEX_POINT('',#3732);
#3732 = CARTESIAN_POINT('',(23.899999999981,3.8,7.771281292121));
#3733 = LINE('',#3734,#3735);
#3734 = CARTESIAN_POINT('',(23.899999999981,5.,7.771281292121));
#3735 = VECTOR('',#3736,1.);
#3736 = DIRECTION('',(0.,-1.,2.22044604925E-16));
#3737 = ORIENTED_EDGE('',*,*,#3738,.T.);
#3738 = EDGE_CURVE('',#3731,#3707,#3739,.T.);
#3739 = LINE('',#3740,#3741);
#3740 = CARTESIAN_POINT('',(23.899999999981,3.8,7.771281292121));
#3741 = VECTOR('',#3742,1.);
#3742 = DIRECTION('',(0.500000000005,-1.922962686377E-16,-0.866025403782
    ));
#3743 = ORIENTED_EDGE('',*,*,#3706,.F.);
#3744 = ORIENTED_EDGE('',*,*,#2527,.F.);
#3745 = PLANE('',#3746);
#3746 = AXIS2_PLACEMENT_3D('',#3747,#3748,#3749);
#3747 = CARTESIAN_POINT('',(23.899999999981,5.,7.771281292121));
#3748 = DIRECTION('',(0.866025403782,1.110223024636E-16,0.500000000005)
  );
#3749 = DIRECTION('',(0.500000000005,-1.922962686377E-16,-0.866025403782
    ));
#3750 = ADVANCED_FACE('',(#3751),#3769,.F.);
#3751 = FACE_BOUND('',#3752,.F.);
#3752 = EDGE_LOOP('',(#3753,#3761,#3767,#3768));
#3753 = ORIENTED_EDGE('',*,*,#3754,.T.);
#3754 = EDGE_CURVE('',#2512,#3755,#3757,.T.);
#3755 = VERTEX_POINT('',#3756);
#3756 = CARTESIAN_POINT('',(20.699999999994,3.8,7.771281292107));
#3757 = LINE('',#3758,#3759);
#3758 = CARTESIAN_POINT('',(20.699999999994,5.,7.771281292107));
#3759 = VECTOR('',#3760,1.);
#3760 = DIRECTION('',(0.,-1.,2.22044604925E-16));
#3761 = ORIENTED_EDGE('',*,*,#3762,.T.);
#3762 = EDGE_CURVE('',#3755,#3731,#3763,.T.);
#3763 = LINE('',#3764,#3765);
#3764 = CARTESIAN_POINT('',(20.699999999994,3.8,7.771281292107));
#3765 = VECTOR('',#3766,1.);
#3766 = DIRECTION('',(1.,1.014302560796E-27,4.56801263484E-12));
#3767 = ORIENTED_EDGE('',*,*,#3730,.F.);
#3768 = ORIENTED_EDGE('',*,*,#2519,.F.);
#3769 = PLANE('',#3770);
#3770 = AXIS2_PLACEMENT_3D('',#3771,#3772,#3773);
#3771 = CARTESIAN_POINT('',(20.699999999994,5.,7.771281292107));
#3772 = DIRECTION('',(-4.56801263484E-12,2.22044604925E-16,1.));
#3773 = DIRECTION('',(1.,1.014302560796E-27,4.56801263484E-12));
#3774 = ADVANCED_FACE('',(#3775),#3786,.F.);
#3775 = FACE_BOUND('',#3776,.F.);
#3776 = EDGE_LOOP('',(#3777,#3778,#3784,#3785));
#3777 = ORIENTED_EDGE('',*,*,#3667,.T.);
#3778 = ORIENTED_EDGE('',*,*,#3779,.T.);
#3779 = EDGE_CURVE('',#3660,#3755,#3780,.T.);
#3780 = LINE('',#3781,#3782);
#3781 = CARTESIAN_POINT('',(19.1,3.8,4.999999999984));
#3782 = VECTOR('',#3783,1.);
#3783 = DIRECTION('',(0.499999999997,1.922962686387E-16,0.866025403786)
  );
#3784 = ORIENTED_EDGE('',*,*,#3754,.F.);
#3785 = ORIENTED_EDGE('',*,*,#2511,.F.);
#3786 = PLANE('',#3787);
#3787 = AXIS2_PLACEMENT_3D('',#3788,#3789,#3790);
#3788 = CARTESIAN_POINT('',(19.1,5.,4.999999999984));
#3789 = DIRECTION('',(-0.866025403786,1.110223024618E-16,0.499999999997)
  );
#3790 = DIRECTION('',(0.499999999997,1.922962686387E-16,0.866025403786)
  );
#3791 = ADVANCED_FACE('',(#3792),#3817,.F.);
#3792 = FACE_BOUND('',#3793,.F.);
#3793 = EDGE_LOOP('',(#3794,#3802,#3810,#3816));
#3794 = ORIENTED_EDGE('',*,*,#3795,.T.);
#3795 = EDGE_CURVE('',#2619,#3796,#3798,.T.);
#3796 = VERTEX_POINT('',#3797);
#3797 = CARTESIAN_POINT('',(20.699999999996,3.8,92.228718707892));
#3798 = LINE('',#3799,#3800);
#3799 = CARTESIAN_POINT('',(20.699999999996,5.,92.228718707892));
#3800 = VECTOR('',#3801,1.);
#3801 = DIRECTION('',(0.,-1.,2.22044604925E-16));
#3802 = ORIENTED_EDGE('',*,*,#3803,.T.);
#3803 = EDGE_CURVE('',#3796,#3804,#3806,.T.);
#3804 = VERTEX_POINT('',#3805);
#3805 = CARTESIAN_POINT('',(19.1,3.8,94.999999999984));
#3806 = LINE('',#3807,#3808);
#3807 = CARTESIAN_POINT('',(20.699999999996,3.8,92.228718707892));
#3808 = VECTOR('',#3809,1.);
#3809 = DIRECTION('',(-0.500000000002,1.922962686382E-16,0.866025403784)
  );
#3810 = ORIENTED_EDGE('',*,*,#3811,.F.);
#3811 = EDGE_CURVE('',#2621,#3804,#3812,.T.);
#3812 = LINE('',#3813,#3814);
#3813 = CARTESIAN_POINT('',(19.1,5.,94.999999999984));
#3814 = VECTOR('',#3815,1.);
#3815 = DIRECTION('',(0.,-1.,2.22044604925E-16));
#3816 = ORIENTED_EDGE('',*,*,#2618,.F.);
#3817 = PLANE('',#3818);
#3818 = AXIS2_PLACEMENT_3D('',#3819,#3820,#3821);
#3819 = CARTESIAN_POINT('',(20.699999999996,5.,92.228718707892));
#3820 = DIRECTION('',(-0.866025403784,-1.110223024629E-16,
    -0.500000000002));
#3821 = DIRECTION('',(-0.500000000002,1.922962686382E-16,0.866025403784)
  );
#3822 = ADVANCED_FACE('',(#3823),#3841,.F.);
#3823 = FACE_BOUND('',#3824,.F.);
#3824 = EDGE_LOOP('',(#3825,#3833,#3839,#3840));
#3825 = ORIENTED_EDGE('',*,*,#3826,.T.);
#3826 = EDGE_CURVE('',#2653,#3827,#3829,.T.);
#3827 = VERTEX_POINT('',#3828);
#3828 = CARTESIAN_POINT('',(23.900000000004,3.8,92.228718707892));
#3829 = LINE('',#3830,#3831);
#3830 = CARTESIAN_POINT('',(23.900000000004,5.,92.228718707892));
#3831 = VECTOR('',#3832,1.);
#3832 = DIRECTION('',(0.,-1.,2.22044604925E-16));
#3833 = ORIENTED_EDGE('',*,*,#3834,.T.);
#3834 = EDGE_CURVE('',#3827,#3796,#3835,.T.);
#3835 = LINE('',#3836,#3837);
#3836 = CARTESIAN_POINT('',(23.900000000004,3.8,92.228718707892));
#3837 = VECTOR('',#3838,1.);
#3838 = DIRECTION('',(-1.,0.,0.));
#3839 = ORIENTED_EDGE('',*,*,#3795,.F.);
#3840 = ORIENTED_EDGE('',*,*,#2660,.F.);
#3841 = PLANE('',#3842);
#3842 = AXIS2_PLACEMENT_3D('',#3843,#3844,#3845);
#3843 = CARTESIAN_POINT('',(23.900000000004,5.,92.228718707892));
#3844 = DIRECTION('',(-0.,-2.22044604925E-16,-1.));
#3845 = DIRECTION('',(-1.,0.,0.));
#3846 = ADVANCED_FACE('',(#3847),#3865,.F.);
#3847 = FACE_BOUND('',#3848,.F.);
#3848 = EDGE_LOOP('',(#3849,#3857,#3863,#3864));
#3849 = ORIENTED_EDGE('',*,*,#3850,.T.);
#3850 = EDGE_CURVE('',#2645,#3851,#3853,.T.);
#3851 = VERTEX_POINT('',#3852);
#3852 = CARTESIAN_POINT('',(25.5,3.8,95.000000000014));
#3853 = LINE('',#3854,#3855);
#3854 = CARTESIAN_POINT('',(25.5,5.,95.000000000014));
#3855 = VECTOR('',#3856,1.);
#3856 = DIRECTION('',(0.,-1.,2.22044604925E-16));
#3857 = ORIENTED_EDGE('',*,*,#3858,.T.);
#3858 = EDGE_CURVE('',#3851,#3827,#3859,.T.);
#3859 = LINE('',#3860,#3861);
#3860 = CARTESIAN_POINT('',(25.5,3.8,95.000000000014));
#3861 = VECTOR('',#3862,1.);
#3862 = DIRECTION('',(-0.499999999998,-1.922962686387E-16,
    -0.866025403786));
#3863 = ORIENTED_EDGE('',*,*,#3826,.F.);
#3864 = ORIENTED_EDGE('',*,*,#2652,.F.);
#3865 = PLANE('',#3866);
#3866 = AXIS2_PLACEMENT_3D('',#3867,#3868,#3869);
#3867 = CARTESIAN_POINT('',(25.5,5.,95.000000000014));
#3868 = DIRECTION('',(0.866025403786,-1.11022302462E-16,-0.499999999998)
  );
#3869 = DIRECTION('',(-0.499999999998,-1.922962686387E-16,
    -0.866025403786));
#3870 = ADVANCED_FACE('',(#3871),#3889,.F.);
#3871 = FACE_BOUND('',#3872,.F.);
#3872 = EDGE_LOOP('',(#3873,#3881,#3887,#3888));
#3873 = ORIENTED_EDGE('',*,*,#3874,.T.);
#3874 = EDGE_CURVE('',#2637,#3875,#3877,.T.);
#3875 = VERTEX_POINT('',#3876);
#3876 = CARTESIAN_POINT('',(23.899999999981,3.8,97.771281292121));
#3877 = LINE('',#3878,#3879);
#3878 = CARTESIAN_POINT('',(23.899999999981,5.,97.771281292121));
#3879 = VECTOR('',#3880,1.);
#3880 = DIRECTION('',(0.,-1.,2.22044604925E-16));
#3881 = ORIENTED_EDGE('',*,*,#3882,.T.);
#3882 = EDGE_CURVE('',#3875,#3851,#3883,.T.);
#3883 = LINE('',#3884,#3885);
#3884 = CARTESIAN_POINT('',(23.899999999981,3.8,97.771281292121));
#3885 = VECTOR('',#3886,1.);
#3886 = DIRECTION('',(0.500000000005,-1.922962686377E-16,-0.866025403782
    ));
#3887 = ORIENTED_EDGE('',*,*,#3850,.F.);
#3888 = ORIENTED_EDGE('',*,*,#2644,.F.);
#3889 = PLANE('',#3890);
#3890 = AXIS2_PLACEMENT_3D('',#3891,#3892,#3893);
#3891 = CARTESIAN_POINT('',(23.899999999981,5.,97.771281292121));
#3892 = DIRECTION('',(0.866025403782,1.110223024636E-16,0.500000000005)
  );
#3893 = DIRECTION('',(0.500000000005,-1.922962686377E-16,-0.866025403782
    ));
#3894 = ADVANCED_FACE('',(#3895),#3913,.F.);
#3895 = FACE_BOUND('',#3896,.F.);
#3896 = EDGE_LOOP('',(#3897,#3905,#3911,#3912));
#3897 = ORIENTED_EDGE('',*,*,#3898,.T.);
#3898 = EDGE_CURVE('',#2629,#3899,#3901,.T.);
#3899 = VERTEX_POINT('',#3900);
#3900 = CARTESIAN_POINT('',(20.699999999994,3.8,97.771281292107));
#3901 = LINE('',#3902,#3903);
#3902 = CARTESIAN_POINT('',(20.699999999994,5.,97.771281292107));
#3903 = VECTOR('',#3904,1.);
#3904 = DIRECTION('',(0.,-1.,2.22044604925E-16));
#3905 = ORIENTED_EDGE('',*,*,#3906,.T.);
#3906 = EDGE_CURVE('',#3899,#3875,#3907,.T.);
#3907 = LINE('',#3908,#3909);
#3908 = CARTESIAN_POINT('',(20.699999999994,3.8,97.771281292107));
#3909 = VECTOR('',#3910,1.);
#3910 = DIRECTION('',(1.,1.014672339345E-27,4.569677969377E-12));
#3911 = ORIENTED_EDGE('',*,*,#3874,.F.);
#3912 = ORIENTED_EDGE('',*,*,#2636,.F.);
#3913 = PLANE('',#3914);
#3914 = AXIS2_PLACEMENT_3D('',#3915,#3916,#3917);
#3915 = CARTESIAN_POINT('',(20.699999999994,5.,97.771281292107));
#3916 = DIRECTION('',(-4.569677969377E-12,2.22044604925E-16,1.));
#3917 = DIRECTION('',(1.,1.014672339345E-27,4.569677969377E-12));
#3918 = ADVANCED_FACE('',(#3919),#3930,.F.);
#3919 = FACE_BOUND('',#3920,.F.);
#3920 = EDGE_LOOP('',(#3921,#3922,#3928,#3929));
#3921 = ORIENTED_EDGE('',*,*,#3811,.T.);
#3922 = ORIENTED_EDGE('',*,*,#3923,.T.);
#3923 = EDGE_CURVE('',#3804,#3899,#3924,.T.);
#3924 = LINE('',#3925,#3926);
#3925 = CARTESIAN_POINT('',(19.1,3.8,94.999999999984));
#3926 = VECTOR('',#3927,1.);
#3927 = DIRECTION('',(0.499999999997,1.922962686387E-16,0.866025403786)
  );
#3928 = ORIENTED_EDGE('',*,*,#3898,.F.);
#3929 = ORIENTED_EDGE('',*,*,#2628,.F.);
#3930 = PLANE('',#3931);
#3931 = AXIS2_PLACEMENT_3D('',#3932,#3933,#3934);
#3932 = CARTESIAN_POINT('',(19.1,5.,94.999999999984));
#3933 = DIRECTION('',(-0.866025403786,1.110223024618E-16,0.499999999997)
  );
#3934 = DIRECTION('',(0.499999999997,1.922962686387E-16,0.866025403786)
  );
#3935 = ADVANCED_FACE('',(#3936),#3952,.T.);
#3936 = FACE_BOUND('',#3937,.T.);
#3937 = EDGE_LOOP('',(#3938,#3944,#3945,#3951));
#3938 = ORIENTED_EDGE('',*,*,#3939,.T.);
#3939 = EDGE_CURVE('',#2689,#2774,#3940,.T.);
#3940 = LINE('',#3941,#3942);
#3941 = CARTESIAN_POINT('',(-19.1,5.,94.999999999984));
#3942 = VECTOR('',#3943,1.);
#3943 = DIRECTION('',(0.,-1.,2.22044604925E-16));
#3944 = ORIENTED_EDGE('',*,*,#2773,.T.);
#3945 = ORIENTED_EDGE('',*,*,#3946,.F.);
#3946 = EDGE_CURVE('',#2691,#2776,#3947,.T.);
#3947 = LINE('',#3948,#3949);
#3948 = CARTESIAN_POINT('',(-20.69999999999,5.,97.771281292107));
#3949 = VECTOR('',#3950,1.);
#3950 = DIRECTION('',(0.,-1.,2.22044604925E-16));
#3951 = ORIENTED_EDGE('',*,*,#2688,.F.);
#3952 = PLANE('',#3953);
#3953 = AXIS2_PLACEMENT_3D('',#3954,#3955,#3956);
#3954 = CARTESIAN_POINT('',(-19.1,5.,94.999999999984));
#3955 = DIRECTION('',(-0.866025403786,-1.110223024618E-16,
    -0.499999999997));
#3956 = DIRECTION('',(-0.499999999997,1.922962686387E-16,0.866025403786)
  );
#3957 = ADVANCED_FACE('',(#3958),#3969,.T.);
#3958 = FACE_BOUND('',#3959,.T.);
#3959 = EDGE_LOOP('',(#3960,#3961,#3962,#3968));
#3960 = ORIENTED_EDGE('',*,*,#3946,.T.);
#3961 = ORIENTED_EDGE('',*,*,#2815,.T.);
#3962 = ORIENTED_EDGE('',*,*,#3963,.F.);
#3963 = EDGE_CURVE('',#2723,#2808,#3964,.T.);
#3964 = LINE('',#3965,#3966);
#3965 = CARTESIAN_POINT('',(-23.89999999998,5.,97.771281292121));
#3966 = VECTOR('',#3967,1.);
#3967 = DIRECTION('',(0.,-1.,2.22044604925E-16));
#3968 = ORIENTED_EDGE('',*,*,#2730,.F.);
#3969 = PLANE('',#3970);
#3970 = AXIS2_PLACEMENT_3D('',#3971,#3972,#3973);
#3971 = CARTESIAN_POINT('',(-20.69999999999,5.,97.771281292107));
#3972 = DIRECTION('',(-4.569677969377E-12,-2.22044604925E-16,-1.));
#3973 = DIRECTION('',(-1.,1.014672339345E-27,4.569677969377E-12));
#3974 = ADVANCED_FACE('',(#3975),#3986,.T.);
#3975 = FACE_BOUND('',#3976,.T.);
#3976 = EDGE_LOOP('',(#3977,#3978,#3979,#3985));
#3977 = ORIENTED_EDGE('',*,*,#3963,.T.);
#3978 = ORIENTED_EDGE('',*,*,#2807,.T.);
#3979 = ORIENTED_EDGE('',*,*,#3980,.F.);
#3980 = EDGE_CURVE('',#2715,#2800,#3981,.T.);
#3981 = LINE('',#3982,#3983);
#3982 = CARTESIAN_POINT('',(-25.5,5.,95.000000000014));
#3983 = VECTOR('',#3984,1.);
#3984 = DIRECTION('',(0.,-1.,2.22044604925E-16));
#3985 = ORIENTED_EDGE('',*,*,#2722,.F.);
#3986 = PLANE('',#3987);
#3987 = AXIS2_PLACEMENT_3D('',#3988,#3989,#3990);
#3988 = CARTESIAN_POINT('',(-23.89999999998,5.,97.771281292121));
#3989 = DIRECTION('',(0.866025403782,-1.110223024636E-16,-0.500000000005
    ));
#3990 = DIRECTION('',(-0.500000000005,-1.922962686377E-16,
    -0.866025403782));
#3991 = ADVANCED_FACE('',(#3992),#4003,.T.);
#3992 = FACE_BOUND('',#3993,.T.);
#3993 = EDGE_LOOP('',(#3994,#3995,#3996,#4002));
#3994 = ORIENTED_EDGE('',*,*,#3980,.T.);
#3995 = ORIENTED_EDGE('',*,*,#2799,.T.);
#3996 = ORIENTED_EDGE('',*,*,#3997,.F.);
#3997 = EDGE_CURVE('',#2707,#2792,#3998,.T.);
#3998 = LINE('',#3999,#4000);
#3999 = CARTESIAN_POINT('',(-23.9,5.,92.228718707892));
#4000 = VECTOR('',#4001,1.);
#4001 = DIRECTION('',(0.,-1.,2.22044604925E-16));
#4002 = ORIENTED_EDGE('',*,*,#2714,.F.);
#4003 = PLANE('',#4004);
#4004 = AXIS2_PLACEMENT_3D('',#4005,#4006,#4007);
#4005 = CARTESIAN_POINT('',(-25.5,5.,95.000000000014));
#4006 = DIRECTION('',(0.866025403786,1.11022302462E-16,0.499999999998));
#4007 = DIRECTION('',(0.499999999998,-1.922962686387E-16,-0.866025403786
    ));
#4008 = ADVANCED_FACE('',(#4009),#4020,.T.);
#4009 = FACE_BOUND('',#4010,.T.);
#4010 = EDGE_LOOP('',(#4011,#4012,#4013,#4019));
#4011 = ORIENTED_EDGE('',*,*,#3997,.T.);
#4012 = ORIENTED_EDGE('',*,*,#2791,.T.);
#4013 = ORIENTED_EDGE('',*,*,#4014,.F.);
#4014 = EDGE_CURVE('',#2699,#2784,#4015,.T.);
#4015 = LINE('',#4016,#4017);
#4016 = CARTESIAN_POINT('',(-20.69999999999,5.,92.228718707892));
#4017 = VECTOR('',#4018,1.);
#4018 = DIRECTION('',(0.,-1.,2.22044604925E-16));
#4019 = ORIENTED_EDGE('',*,*,#2706,.F.);
#4020 = PLANE('',#4021);
#4021 = AXIS2_PLACEMENT_3D('',#4022,#4023,#4024);
#4022 = CARTESIAN_POINT('',(-23.9,5.,92.228718707892));
#4023 = DIRECTION('',(0.,2.22044604925E-16,1.));
#4024 = DIRECTION('',(1.,0.,0.));
#4025 = ADVANCED_FACE('',(#4026),#4032,.T.);
#4026 = FACE_BOUND('',#4027,.T.);
#4027 = EDGE_LOOP('',(#4028,#4029,#4030,#4031));
#4028 = ORIENTED_EDGE('',*,*,#4014,.T.);
#4029 = ORIENTED_EDGE('',*,*,#2783,.T.);
#4030 = ORIENTED_EDGE('',*,*,#3939,.F.);
#4031 = ORIENTED_EDGE('',*,*,#2698,.F.);
#4032 = PLANE('',#4033);
#4033 = AXIS2_PLACEMENT_3D('',#4034,#4035,#4036);
#4034 = CARTESIAN_POINT('',(-20.69999999999,5.,92.228718707892));
#4035 = DIRECTION('',(-0.866025403784,1.110223024629E-16,0.500000000002)
  );
#4036 = DIRECTION('',(0.500000000002,1.922962686382E-16,0.866025403784)
  );
#4037 = ADVANCED_FACE('',(#4038),#4063,.F.);
#4038 = FACE_BOUND('',#4039,.F.);
#4039 = EDGE_LOOP('',(#4040,#4048,#4056,#4062));
#4040 = ORIENTED_EDGE('',*,*,#4041,.T.);
#4041 = EDGE_CURVE('',#3120,#4042,#4044,.T.);
#4042 = VERTEX_POINT('',#4043);
#4043 = CARTESIAN_POINT('',(19.1,3.8,33.499999999984));
#4044 = LINE('',#4045,#4046);
#4045 = CARTESIAN_POINT('',(19.1,5.,33.499999999984));
#4046 = VECTOR('',#4047,1.);
#4047 = DIRECTION('',(0.,-1.,2.22044604925E-16));
#4048 = ORIENTED_EDGE('',*,*,#4049,.T.);
#4049 = EDGE_CURVE('',#4042,#4050,#4052,.T.);
#4050 = VERTEX_POINT('',#4051);
#4051 = CARTESIAN_POINT('',(20.699999999994,3.8,36.271281292107));
#4052 = LINE('',#4053,#4054);
#4053 = CARTESIAN_POINT('',(19.1,3.8,33.499999999984));
#4054 = VECTOR('',#4055,1.);
#4055 = DIRECTION('',(0.499999999997,1.922962686387E-16,0.866025403786)
  );
#4056 = ORIENTED_EDGE('',*,*,#4057,.F.);
#4057 = EDGE_CURVE('',#3122,#4050,#4058,.T.);
#4058 = LINE('',#4059,#4060);
#4059 = CARTESIAN_POINT('',(20.699999999994,5.,36.271281292107));
#4060 = VECTOR('',#4061,1.);
#4061 = DIRECTION('',(0.,-1.,2.22044604925E-16));
#4062 = ORIENTED_EDGE('',*,*,#3119,.F.);
#4063 = PLANE('',#4064);
#4064 = AXIS2_PLACEMENT_3D('',#4065,#4066,#4067);
#4065 = CARTESIAN_POINT('',(19.1,5.,33.499999999984));
#4066 = DIRECTION('',(-0.866025403786,1.110223024619E-16,0.499999999997)
  );
#4067 = DIRECTION('',(0.499999999997,1.922962686387E-16,0.866025403786)
  );
#4068 = ADVANCED_FACE('',(#4069),#4087,.F.);
#4069 = FACE_BOUND('',#4070,.F.);
#4070 = EDGE_LOOP('',(#4071,#4079,#4085,#4086));
#4071 = ORIENTED_EDGE('',*,*,#4072,.T.);
#4072 = EDGE_CURVE('',#3130,#4073,#4075,.T.);
#4073 = VERTEX_POINT('',#4074);
#4074 = CARTESIAN_POINT('',(20.699999999996,3.8,30.728718707892));
#4075 = LINE('',#4076,#4077);
#4076 = CARTESIAN_POINT('',(20.699999999996,5.,30.728718707892));
#4077 = VECTOR('',#4078,1.);
#4078 = DIRECTION('',(0.,-1.,2.22044604925E-16));
#4079 = ORIENTED_EDGE('',*,*,#4080,.T.);
#4080 = EDGE_CURVE('',#4073,#4042,#4081,.T.);
#4081 = LINE('',#4082,#4083);
#4082 = CARTESIAN_POINT('',(20.699999999996,3.8,30.728718707892));
#4083 = VECTOR('',#4084,1.);
#4084 = DIRECTION('',(-0.500000000001,1.922962686382E-16,0.866025403784)
  );
#4085 = ORIENTED_EDGE('',*,*,#4041,.F.);
#4086 = ORIENTED_EDGE('',*,*,#3129,.F.);
#4087 = PLANE('',#4088);
#4088 = AXIS2_PLACEMENT_3D('',#4089,#4090,#4091);
#4089 = CARTESIAN_POINT('',(20.699999999996,5.,30.728718707892));
#4090 = DIRECTION('',(-0.866025403784,-1.110223024628E-16,
    -0.500000000001));
#4091 = DIRECTION('',(-0.500000000001,1.922962686382E-16,0.866025403784)
  );
#4092 = ADVANCED_FACE('',(#4093),#4111,.F.);
#4093 = FACE_BOUND('',#4094,.F.);
#4094 = EDGE_LOOP('',(#4095,#4096,#4104,#4110));
#4095 = ORIENTED_EDGE('',*,*,#4057,.T.);
#4096 = ORIENTED_EDGE('',*,*,#4097,.T.);
#4097 = EDGE_CURVE('',#4050,#4098,#4100,.T.);
#4098 = VERTEX_POINT('',#4099);
#4099 = CARTESIAN_POINT('',(23.89999999998,3.8,36.271281292121));
#4100 = LINE('',#4101,#4102);
#4101 = CARTESIAN_POINT('',(20.699999999994,3.8,36.271281292107));
#4102 = VECTOR('',#4103,1.);
#4103 = DIRECTION('',(1.,1.00826284449E-27,4.540812170737E-12));
#4104 = ORIENTED_EDGE('',*,*,#4105,.F.);
#4105 = EDGE_CURVE('',#3154,#4098,#4106,.T.);
#4106 = LINE('',#4107,#4108);
#4107 = CARTESIAN_POINT('',(23.89999999998,5.,36.271281292121));
#4108 = VECTOR('',#4109,1.);
#4109 = DIRECTION('',(0.,-1.,2.22044604925E-16));
#4110 = ORIENTED_EDGE('',*,*,#3161,.F.);
#4111 = PLANE('',#4112);
#4112 = AXIS2_PLACEMENT_3D('',#4113,#4114,#4115);
#4113 = CARTESIAN_POINT('',(20.699999999994,5.,36.271281292107));
#4114 = DIRECTION('',(-4.540812170737E-12,2.22044604925E-16,1.));
#4115 = DIRECTION('',(1.,1.00826284449E-27,4.540812170737E-12));
#4116 = ADVANCED_FACE('',(#4117),#4135,.F.);
#4117 = FACE_BOUND('',#4118,.F.);
#4118 = EDGE_LOOP('',(#4119,#4127,#4133,#4134));
#4119 = ORIENTED_EDGE('',*,*,#4120,.T.);
#4120 = EDGE_CURVE('',#3138,#4121,#4123,.T.);
#4121 = VERTEX_POINT('',#4122);
#4122 = CARTESIAN_POINT('',(23.900000000004,3.8,30.728718707892));
#4123 = LINE('',#4124,#4125);
#4124 = CARTESIAN_POINT('',(23.900000000004,5.,30.728718707892));
#4125 = VECTOR('',#4126,1.);
#4126 = DIRECTION('',(0.,-1.,2.22044604925E-16));
#4127 = ORIENTED_EDGE('',*,*,#4128,.T.);
#4128 = EDGE_CURVE('',#4121,#4073,#4129,.T.);
#4129 = LINE('',#4130,#4131);
#4130 = CARTESIAN_POINT('',(23.900000000004,3.8,30.728718707892));
#4131 = VECTOR('',#4132,1.);
#4132 = DIRECTION('',(-1.,0.,0.));
#4133 = ORIENTED_EDGE('',*,*,#4072,.F.);
#4134 = ORIENTED_EDGE('',*,*,#3137,.F.);
#4135 = PLANE('',#4136);
#4136 = AXIS2_PLACEMENT_3D('',#4137,#4138,#4139);
#4137 = CARTESIAN_POINT('',(23.900000000004,5.,30.728718707892));
#4138 = DIRECTION('',(-0.,-2.22044604925E-16,-1.));
#4139 = DIRECTION('',(-1.,0.,0.));
#4140 = ADVANCED_FACE('',(#4141),#4159,.F.);
#4141 = FACE_BOUND('',#4142,.F.);
#4142 = EDGE_LOOP('',(#4143,#4144,#4152,#4158));
#4143 = ORIENTED_EDGE('',*,*,#4105,.T.);
#4144 = ORIENTED_EDGE('',*,*,#4145,.T.);
#4145 = EDGE_CURVE('',#4098,#4146,#4148,.T.);
#4146 = VERTEX_POINT('',#4147);
#4147 = CARTESIAN_POINT('',(25.5,3.8,33.500000000014));
#4148 = LINE('',#4149,#4150);
#4149 = CARTESIAN_POINT('',(23.89999999998,3.8,36.271281292121));
#4150 = VECTOR('',#4151,1.);
#4151 = DIRECTION('',(0.500000000005,-1.922962686377E-16,-0.866025403782
    ));
#4152 = ORIENTED_EDGE('',*,*,#4153,.F.);
#4153 = EDGE_CURVE('',#3146,#4146,#4154,.T.);
#4154 = LINE('',#4155,#4156);
#4155 = CARTESIAN_POINT('',(25.5,5.,33.500000000014));
#4156 = VECTOR('',#4157,1.);
#4157 = DIRECTION('',(0.,-1.,2.22044604925E-16));
#4158 = ORIENTED_EDGE('',*,*,#3153,.F.);
#4159 = PLANE('',#4160);
#4160 = AXIS2_PLACEMENT_3D('',#4161,#4162,#4163);
#4161 = CARTESIAN_POINT('',(23.89999999998,5.,36.271281292121));
#4162 = DIRECTION('',(0.866025403782,1.110223024636E-16,0.500000000005)
  );
#4163 = DIRECTION('',(0.500000000005,-1.922962686377E-16,-0.866025403782
    ));
#4164 = ADVANCED_FACE('',(#4165),#4176,.F.);
#4165 = FACE_BOUND('',#4166,.F.);
#4166 = EDGE_LOOP('',(#4167,#4168,#4174,#4175));
#4167 = ORIENTED_EDGE('',*,*,#4153,.T.);
#4168 = ORIENTED_EDGE('',*,*,#4169,.T.);
#4169 = EDGE_CURVE('',#4146,#4121,#4170,.T.);
#4170 = LINE('',#4171,#4172);
#4171 = CARTESIAN_POINT('',(25.5,3.8,33.500000000014));
#4172 = VECTOR('',#4173,1.);
#4173 = DIRECTION('',(-0.499999999998,-1.922962686387E-16,
    -0.866025403786));
#4174 = ORIENTED_EDGE('',*,*,#4120,.F.);
#4175 = ORIENTED_EDGE('',*,*,#3145,.F.);
#4176 = PLANE('',#4177);
#4177 = AXIS2_PLACEMENT_3D('',#4178,#4179,#4180);
#4178 = CARTESIAN_POINT('',(25.5,5.,33.500000000014));
#4179 = DIRECTION('',(0.866025403786,-1.11022302462E-16,-0.499999999998)
  );
#4180 = DIRECTION('',(-0.499999999998,-1.922962686387E-16,
    -0.866025403786));
#4181 = ADVANCED_FACE('',(#4182),#4207,.F.);
#4182 = FACE_BOUND('',#4183,.F.);
#4183 = EDGE_LOOP('',(#4184,#4192,#4200,#4206));
#4184 = ORIENTED_EDGE('',*,*,#4185,.T.);
#4185 = EDGE_CURVE('',#3244,#4186,#4188,.T.);
#4186 = VERTEX_POINT('',#4187);
#4187 = CARTESIAN_POINT('',(19.1,3.8,66.499999999984));
#4188 = LINE('',#4189,#4190);
#4189 = CARTESIAN_POINT('',(19.1,5.,66.499999999984));
#4190 = VECTOR('',#4191,1.);
#4191 = DIRECTION('',(0.,-1.,2.22044604925E-16));
#4192 = ORIENTED_EDGE('',*,*,#4193,.T.);
#4193 = EDGE_CURVE('',#4186,#4194,#4196,.T.);
#4194 = VERTEX_POINT('',#4195);
#4195 = CARTESIAN_POINT('',(20.699999999994,3.8,69.271281292107));
#4196 = LINE('',#4197,#4198);
#4197 = CARTESIAN_POINT('',(19.1,3.8,66.499999999984));
#4198 = VECTOR('',#4199,1.);
#4199 = DIRECTION('',(0.499999999997,1.922962686387E-16,0.866025403786)
  );
#4200 = ORIENTED_EDGE('',*,*,#4201,.F.);
#4201 = EDGE_CURVE('',#3246,#4194,#4202,.T.);
#4202 = LINE('',#4203,#4204);
#4203 = CARTESIAN_POINT('',(20.699999999994,5.,69.271281292107));
#4204 = VECTOR('',#4205,1.);
#4205 = DIRECTION('',(0.,-1.,2.22044604925E-16));
#4206 = ORIENTED_EDGE('',*,*,#3243,.F.);
#4207 = PLANE('',#4208);
#4208 = AXIS2_PLACEMENT_3D('',#4209,#4210,#4211);
#4209 = CARTESIAN_POINT('',(19.1,5.,66.499999999984));
#4210 = DIRECTION('',(-0.866025403786,1.110223024618E-16,0.499999999997)
  );
#4211 = DIRECTION('',(0.499999999997,1.922962686387E-16,0.866025403786)
  );
#4212 = ADVANCED_FACE('',(#4213),#4231,.F.);
#4213 = FACE_BOUND('',#4214,.F.);
#4214 = EDGE_LOOP('',(#4215,#4223,#4229,#4230));
#4215 = ORIENTED_EDGE('',*,*,#4216,.T.);
#4216 = EDGE_CURVE('',#3254,#4217,#4219,.T.);
#4217 = VERTEX_POINT('',#4218);
#4218 = CARTESIAN_POINT('',(20.699999999996,3.8,63.728718707892));
#4219 = LINE('',#4220,#4221);
#4220 = CARTESIAN_POINT('',(20.699999999996,5.,63.728718707892));
#4221 = VECTOR('',#4222,1.);
#4222 = DIRECTION('',(0.,-1.,2.22044604925E-16));
#4223 = ORIENTED_EDGE('',*,*,#4224,.T.);
#4224 = EDGE_CURVE('',#4217,#4186,#4225,.T.);
#4225 = LINE('',#4226,#4227);
#4226 = CARTESIAN_POINT('',(20.699999999996,3.8,63.728718707892));
#4227 = VECTOR('',#4228,1.);
#4228 = DIRECTION('',(-0.500000000002,1.922962686382E-16,0.866025403784)
  );
#4229 = ORIENTED_EDGE('',*,*,#4185,.F.);
#4230 = ORIENTED_EDGE('',*,*,#3253,.F.);
#4231 = PLANE('',#4232);
#4232 = AXIS2_PLACEMENT_3D('',#4233,#4234,#4235);
#4233 = CARTESIAN_POINT('',(20.699999999996,5.,63.728718707892));
#4234 = DIRECTION('',(-0.866025403784,-1.110223024629E-16,
    -0.500000000002));
#4235 = DIRECTION('',(-0.500000000002,1.922962686382E-16,0.866025403784)
  );
#4236 = ADVANCED_FACE('',(#4237),#4255,.F.);
#4237 = FACE_BOUND('',#4238,.F.);
#4238 = EDGE_LOOP('',(#4239,#4240,#4248,#4254));
#4239 = ORIENTED_EDGE('',*,*,#4201,.T.);
#4240 = ORIENTED_EDGE('',*,*,#4241,.T.);
#4241 = EDGE_CURVE('',#4194,#4242,#4244,.T.);
#4242 = VERTEX_POINT('',#4243);
#4243 = CARTESIAN_POINT('',(23.899999999981,3.8,69.271281292121));
#4244 = LINE('',#4245,#4246);
#4245 = CARTESIAN_POINT('',(20.699999999994,3.8,69.271281292107));
#4246 = VECTOR('',#4247,1.);
#4247 = DIRECTION('',(1.,1.014672339345E-27,4.569677969377E-12));
#4248 = ORIENTED_EDGE('',*,*,#4249,.F.);
#4249 = EDGE_CURVE('',#3278,#4242,#4250,.T.);
#4250 = LINE('',#4251,#4252);
#4251 = CARTESIAN_POINT('',(23.899999999981,5.,69.271281292121));
#4252 = VECTOR('',#4253,1.);
#4253 = DIRECTION('',(0.,-1.,2.22044604925E-16));
#4254 = ORIENTED_EDGE('',*,*,#3285,.F.);
#4255 = PLANE('',#4256);
#4256 = AXIS2_PLACEMENT_3D('',#4257,#4258,#4259);
#4257 = CARTESIAN_POINT('',(20.699999999994,5.,69.271281292107));
#4258 = DIRECTION('',(-4.569677969377E-12,2.22044604925E-16,1.));
#4259 = DIRECTION('',(1.,1.014672339345E-27,4.569677969377E-12));
#4260 = ADVANCED_FACE('',(#4261),#4279,.F.);
#4261 = FACE_BOUND('',#4262,.F.);
#4262 = EDGE_LOOP('',(#4263,#4271,#4277,#4278));
#4263 = ORIENTED_EDGE('',*,*,#4264,.T.);
#4264 = EDGE_CURVE('',#3262,#4265,#4267,.T.);
#4265 = VERTEX_POINT('',#4266);
#4266 = CARTESIAN_POINT('',(23.900000000004,3.8,63.728718707892));
#4267 = LINE('',#4268,#4269);
#4268 = CARTESIAN_POINT('',(23.900000000004,5.,63.728718707892));
#4269 = VECTOR('',#4270,1.);
#4270 = DIRECTION('',(0.,-1.,2.22044604925E-16));
#4271 = ORIENTED_EDGE('',*,*,#4272,.T.);
#4272 = EDGE_CURVE('',#4265,#4217,#4273,.T.);
#4273 = LINE('',#4274,#4275);
#4274 = CARTESIAN_POINT('',(23.900000000004,3.8,63.728718707892));
#4275 = VECTOR('',#4276,1.);
#4276 = DIRECTION('',(-1.,0.,0.));
#4277 = ORIENTED_EDGE('',*,*,#4216,.F.);
#4278 = ORIENTED_EDGE('',*,*,#3261,.F.);
#4279 = PLANE('',#4280);
#4280 = AXIS2_PLACEMENT_3D('',#4281,#4282,#4283);
#4281 = CARTESIAN_POINT('',(23.900000000004,5.,63.728718707892));
#4282 = DIRECTION('',(-0.,-2.22044604925E-16,-1.));
#4283 = DIRECTION('',(-1.,0.,0.));
#4284 = ADVANCED_FACE('',(#4285),#4303,.F.);
#4285 = FACE_BOUND('',#4286,.F.);
#4286 = EDGE_LOOP('',(#4287,#4288,#4296,#4302));
#4287 = ORIENTED_EDGE('',*,*,#4249,.T.);
#4288 = ORIENTED_EDGE('',*,*,#4289,.T.);
#4289 = EDGE_CURVE('',#4242,#4290,#4292,.T.);
#4290 = VERTEX_POINT('',#4291);
#4291 = CARTESIAN_POINT('',(25.5,3.8,66.500000000014));
#4292 = LINE('',#4293,#4294);
#4293 = CARTESIAN_POINT('',(23.899999999981,3.8,69.271281292121));
#4294 = VECTOR('',#4295,1.);
#4295 = DIRECTION('',(0.500000000005,-1.922962686377E-16,-0.866025403782
    ));
#4296 = ORIENTED_EDGE('',*,*,#4297,.F.);
#4297 = EDGE_CURVE('',#3270,#4290,#4298,.T.);
#4298 = LINE('',#4299,#4300);
#4299 = CARTESIAN_POINT('',(25.5,5.,66.500000000014));
#4300 = VECTOR('',#4301,1.);
#4301 = DIRECTION('',(0.,-1.,2.22044604925E-16));
#4302 = ORIENTED_EDGE('',*,*,#3277,.F.);
#4303 = PLANE('',#4304);
#4304 = AXIS2_PLACEMENT_3D('',#4305,#4306,#4307);
#4305 = CARTESIAN_POINT('',(23.899999999981,5.,69.271281292121));
#4306 = DIRECTION('',(0.866025403782,1.110223024636E-16,0.500000000005)
  );
#4307 = DIRECTION('',(0.500000000005,-1.922962686377E-16,-0.866025403782
    ));
#4308 = ADVANCED_FACE('',(#4309),#4320,.F.);
#4309 = FACE_BOUND('',#4310,.F.);
#4310 = EDGE_LOOP('',(#4311,#4312,#4318,#4319));
#4311 = ORIENTED_EDGE('',*,*,#4297,.T.);
#4312 = ORIENTED_EDGE('',*,*,#4313,.T.);
#4313 = EDGE_CURVE('',#4290,#4265,#4314,.T.);
#4314 = LINE('',#4315,#4316);
#4315 = CARTESIAN_POINT('',(25.5,3.8,66.500000000014));
#4316 = VECTOR('',#4317,1.);
#4317 = DIRECTION('',(-0.499999999998,-1.922962686387E-16,
    -0.866025403786));
#4318 = ORIENTED_EDGE('',*,*,#4264,.F.);
#4319 = ORIENTED_EDGE('',*,*,#3269,.F.);
#4320 = PLANE('',#4321);
#4321 = AXIS2_PLACEMENT_3D('',#4322,#4323,#4324);
#4322 = CARTESIAN_POINT('',(25.5,5.,66.500000000014));
#4323 = DIRECTION('',(0.866025403786,-1.11022302462E-16,-0.499999999998)
  );
#4324 = DIRECTION('',(-0.499999999998,-1.922962686387E-16,
    -0.866025403786));
#4325 = ADVANCED_FACE('',(#4326,#4334),#4337,.T.);
#4326 = FACE_BOUND('',#4327,.T.);
#4327 = EDGE_LOOP('',(#4328,#4329,#4330,#4331,#4332,#4333));
#4328 = ORIENTED_EDGE('',*,*,#3779,.T.);
#4329 = ORIENTED_EDGE('',*,*,#3762,.T.);
#4330 = ORIENTED_EDGE('',*,*,#3738,.T.);
#4331 = ORIENTED_EDGE('',*,*,#3714,.T.);
#4332 = ORIENTED_EDGE('',*,*,#3690,.T.);
#4333 = ORIENTED_EDGE('',*,*,#3659,.T.);
#4334 = FACE_BOUND('',#4335,.T.);
#4335 = EDGE_LOOP('',(#4336));
#4336 = ORIENTED_EDGE('',*,*,#3551,.F.);
#4337 = PLANE('',#4338);
#4338 = AXIS2_PLACEMENT_3D('',#4339,#4340,#4341);
#4339 = CARTESIAN_POINT('',(-5.284892893679E-13,3.8,50.));
#4340 = DIRECTION('',(0.,1.,0.));
#4341 = DIRECTION('',(0.,0.,1.));
#4342 = ADVANCED_FACE('',(#4343,#4351),#4354,.T.);
#4343 = FACE_BOUND('',#4344,.T.);
#4344 = EDGE_LOOP('',(#4345,#4346,#4347,#4348,#4349,#4350));
#4345 = ORIENTED_EDGE('',*,*,#4049,.T.);
#4346 = ORIENTED_EDGE('',*,*,#4097,.T.);
#4347 = ORIENTED_EDGE('',*,*,#4145,.T.);
#4348 = ORIENTED_EDGE('',*,*,#4169,.T.);
#4349 = ORIENTED_EDGE('',*,*,#4128,.T.);
#4350 = ORIENTED_EDGE('',*,*,#4080,.T.);
#4351 = FACE_BOUND('',#4352,.T.);
#4352 = EDGE_LOOP('',(#4353));
#4353 = ORIENTED_EDGE('',*,*,#3576,.F.);
#4354 = PLANE('',#4355);
#4355 = AXIS2_PLACEMENT_3D('',#4356,#4357,#4358);
#4356 = CARTESIAN_POINT('',(-5.284892893679E-13,3.8,50.));
#4357 = DIRECTION('',(0.,1.,0.));
#4358 = DIRECTION('',(0.,0.,1.));
#4359 = ADVANCED_FACE('',(#4360,#4368),#4371,.T.);
#4360 = FACE_BOUND('',#4361,.T.);
#4361 = EDGE_LOOP('',(#4362,#4363,#4364,#4365,#4366,#4367));
#4362 = ORIENTED_EDGE('',*,*,#3923,.T.);
#4363 = ORIENTED_EDGE('',*,*,#3906,.T.);
#4364 = ORIENTED_EDGE('',*,*,#3882,.T.);
#4365 = ORIENTED_EDGE('',*,*,#3858,.T.);
#4366 = ORIENTED_EDGE('',*,*,#3834,.T.);
#4367 = ORIENTED_EDGE('',*,*,#3803,.T.);
#4368 = FACE_BOUND('',#4369,.T.);
#4369 = EDGE_LOOP('',(#4370));
#4370 = ORIENTED_EDGE('',*,*,#3601,.F.);
#4371 = PLANE('',#4372);
#4372 = AXIS2_PLACEMENT_3D('',#4373,#4374,#4375);
#4373 = CARTESIAN_POINT('',(-5.284892893679E-13,3.8,50.));
#4374 = DIRECTION('',(0.,1.,0.));
#4375 = DIRECTION('',(0.,0.,1.));
#4376 = ADVANCED_FACE('',(#4377,#4385),#4388,.T.);
#4377 = FACE_BOUND('',#4378,.T.);
#4378 = EDGE_LOOP('',(#4379,#4380,#4381,#4382,#4383,#4384));
#4379 = ORIENTED_EDGE('',*,*,#4193,.T.);
#4380 = ORIENTED_EDGE('',*,*,#4241,.T.);
#4381 = ORIENTED_EDGE('',*,*,#4289,.T.);
#4382 = ORIENTED_EDGE('',*,*,#4313,.T.);
#4383 = ORIENTED_EDGE('',*,*,#4272,.T.);
#4384 = ORIENTED_EDGE('',*,*,#4224,.T.);
#4385 = FACE_BOUND('',#4386,.T.);
#4386 = EDGE_LOOP('',(#4387));
#4387 = ORIENTED_EDGE('',*,*,#3626,.F.);
#4388 = PLANE('',#4389);
#4389 = AXIS2_PLACEMENT_3D('',#4390,#4391,#4392);
#4390 = CARTESIAN_POINT('',(-5.284892893679E-13,3.8,50.));
#4391 = DIRECTION('',(0.,1.,0.));
#4392 = DIRECTION('',(0.,0.,1.));
#4393 = ( GEOMETRIC_REPRESENTATION_CONTEXT(3) 
GLOBAL_UNCERTAINTY_ASSIGNED_CONTEXT((#4397)) 
GLOBAL_UNIT_ASSIGNED_CONTEXT((#4394,#4395,#4396)) REPRESENTATION_CONTEXT
('Context #1','3D Context with UNIT and UNCERTAINTY') );
#4394 = ( LENGTH_UNIT() NAMED_UNIT(*) SI_UNIT(.MILLI.,.METRE.) );
#4395 = ( NAMED_UNIT(*) PLANE_ANGLE_UNIT() SI_UNIT($,.RADIAN.) );
#4396 = ( NAMED_UNIT(*) SI_UNIT($,.STERADIAN.) SOLID_ANGLE_UNIT() );
#4397 = UNCERTAINTY_MEASURE_WITH_UNIT(LENGTH_MEASURE(2.E-05),#4394,
  'distance_accuracy_value','confusion accuracy');
#4398 = PRODUCT_RELATED_PRODUCT_CATEGORY('detail',$,(#7));
#4399 = PRODUCT_CATEGORY_RELATIONSHIP('','',#4400,#4398);
#4400 = PRODUCT_CATEGORY('part',$);
#4401 = CC_DESIGN_PERSON_AND_ORGANIZATION_ASSIGNMENT(#4402,#4405,(#6,#5)
  );
#4402 = PERSON_AND_ORGANIZATION(#4403,#4404);
#4403 = PERSON('IP169.254.190,karol','','karol',$,$,$);
#4404 = ORGANIZATION('IP169.254.190','Unspecified','');
#4405 = PERSON_AND_ORGANIZATION_ROLE('creator');
#4406 = CC_DESIGN_PERSON_AND_ORGANIZATION_ASSIGNMENT(#4402,#4407,(#7));
#4407 = PERSON_AND_ORGANIZATION_ROLE('design_owner');
#4408 = CC_DESIGN_PERSON_AND_ORGANIZATION_ASSIGNMENT(#4402,#4409,(#6));
#4409 = PERSON_AND_ORGANIZATION_ROLE('design_supplier');
#4410 = CC_DESIGN_PERSON_AND_ORGANIZATION_ASSIGNMENT(#4402,#4411,(#4412)
  );
#4411 = PERSON_AND_ORGANIZATION_ROLE('classification_officer');
#4412 = SECURITY_CLASSIFICATION('','',#4413);
#4413 = SECURITY_CLASSIFICATION_LEVEL('unclassified');
#4414 = CC_DESIGN_SECURITY_CLASSIFICATION(#4412,(#6));
#4415 = CC_DESIGN_DATE_AND_TIME_ASSIGNMENT(#4416,#4420,(#5));
#4416 = DATE_AND_TIME(#4417,#4418);
#4417 = CALENDAR_DATE(2026,21,4);
#4418 = LOCAL_TIME(18,54,$,#4419);
#4419 = COORDINATED_UNIVERSAL_TIME_OFFSET(1,$,.AHEAD.);
#4420 = DATE_TIME_ROLE('creation_date');
#4421 = CC_DESIGN_DATE_AND_TIME_ASSIGNMENT(#4416,#4422,(#4412));
#4422 = DATE_TIME_ROLE('classification_date');
#4423 = CC_DESIGN_APPROVAL(#4424,(#6,#5,#4412));
#4424 = APPROVAL(#4425,'');
#4425 = APPROVAL_STATUS('not_yet_approved');
#4426 = APPROVAL_PERSON_ORGANIZATION(#4402,#4424,#4427);
#4427 = APPROVAL_ROLE('approver');
#4428 = APPROVAL_DATE_TIME(#4416,#4424);
#4429 = MECHANICAL_DESIGN_GEOMETRIC_PRESENTATION_REPRESENTATION('',(
    #4430),#4393);
#4430 = STYLED_ITEM('color',(#4431),#15);
#4431 = PRESENTATION_STYLE_ASSIGNMENT((#4432,#4438));
#4432 = SURFACE_STYLE_USAGE(.BOTH.,#4433);
#4433 = SURFACE_SIDE_STYLE('',(#4434));
#4434 = SURFACE_STYLE_FILL_AREA(#4435);
#4435 = FILL_AREA_STYLE('',(#4436));
#4436 = FILL_AREA_STYLE_COLOUR('',#4437);
#4437 = COLOUR_RGB('',0.447058818107,0.474509808674,0.501960817233);
#4438 = CURVE_STYLE('',#4439,POSITIVE_LENGTH_MEASURE(0.1),#4440);
#4439 = DRAUGHTING_PRE_DEFINED_CURVE_FONT('continuous');
#4440 = COLOUR_RGB('',9.803921802644E-02,9.803921802644E-02,
  9.803921802644E-02);
ENDSEC;
END-ISO-10303-21;
