ISO-10303-21;
HEADER;
FILE_DESCRIPTION(('FreeCAD Model'),'2;1');
FILE_NAME('Open CASCADE Shape Model','2026-05-13T19:40:35',(''),(''),
  'Open CASCADE STEP processor 7.8','FreeCAD','Unknown');
FILE_SCHEMA(('CONFIG_CONTROL_DESIGN','SHAPE_APPEARANCE_LAYER_MIM'));
ENDSEC;
DATA;
#1 = APPLICATION_PROTOCOL_DEFINITION('international standard',
  'config_control_design',1994,#2);
#2 = APPLICATION_CONTEXT(
'configuration controlled 3D designs of mechanical parts and assemblies'
  );
#3 = SHAPE_DEFINITION_REPRESENTATION(#4,#10);
#4 = PRODUCT_DEFINITION_SHAPE('','',#5);
#5 = PRODUCT_DEFINITION('design','',#6,#9);
#6 = PRODUCT_DEFINITION_FORMATION_WITH_SPECIFIED_SOURCE('','',#7,
  .NOT_KNOWN.);
#7 = PRODUCT('Zawartość','Zawartość','',(#8));
#8 = MECHANICAL_CONTEXT('',#2,'mechanical');
#9 = DESIGN_CONTEXT('',#2,'design');
#10 = ADVANCED_BREP_SHAPE_REPRESENTATION('',(#11,#15),#2082);
#11 = AXIS2_PLACEMENT_3D('',#12,#13,#14);
#12 = CARTESIAN_POINT('',(0.,0.,0.));
#13 = DIRECTION('',(0.,0.,1.));
#14 = DIRECTION('',(1.,0.,-0.));
#15 = MANIFOLD_SOLID_BREP('',#16);
#16 = CLOSED_SHELL('',(#17,#66,#197,#221,#300,#480,#497,#520,#537,#642,
    #652,#669,#681,#700,#740,#765,#790,#921,#945,#963,#988,#1021,#1039,
    #1057,#1100,#1118,#1135,#1152,#1218,#1347,#1365,#1377,#1463,#1490,
    #1514,#1607,#1694,#1718,#1780,#1797,#1814,#1847,#1865,#1875,#1892,
    #1904,#1921,#1938,#1948,#2060,#2071));
#17 = ADVANCED_FACE('',(#18),#61,.T.);
#18 = FACE_BOUND('',#19,.T.);
#19 = EDGE_LOOP('',(#20,#31,#39,#47,#55));
#20 = ORIENTED_EDGE('',*,*,#21,.F.);
#21 = EDGE_CURVE('',#22,#24,#26,.T.);
#22 = VERTEX_POINT('',#23);
#23 = CARTESIAN_POINT('',(-262.13,15.44,21.564097183681));
#24 = VERTEX_POINT('',#25);
#25 = CARTESIAN_POINT('',(-262.13,18.,23.));
#26 = CIRCLE('',#27,3.);
#27 = AXIS2_PLACEMENT_3D('',#28,#29,#30);
#28 = CARTESIAN_POINT('',(-262.13,18.,20.));
#29 = DIRECTION('',(-1.,-2.63E-15,-0.));
#30 = DIRECTION('',(-2.63E-15,1.,0.));
#31 = ORIENTED_EDGE('',*,*,#32,.F.);
#32 = EDGE_CURVE('',#33,#22,#35,.T.);
#33 = VERTEX_POINT('',#34);
#34 = CARTESIAN_POINT('',(-262.13,15.44,25.));
#35 = LINE('',#36,#37);
#36 = CARTESIAN_POINT('',(-262.13,15.44,25.));
#37 = VECTOR('',#38,1.);
#38 = DIRECTION('',(-0.,-0.,-1.));
#39 = ORIENTED_EDGE('',*,*,#40,.F.);
#40 = EDGE_CURVE('',#41,#33,#43,.T.);
#41 = VERTEX_POINT('',#42);
#42 = CARTESIAN_POINT('',(-262.13,20.84,25.));
#43 = LINE('',#44,#45);
#44 = CARTESIAN_POINT('',(-262.13,23.84,25.));
#45 = VECTOR('',#46,1.);
#46 = DIRECTION('',(0.,-1.,0.));
#47 = ORIENTED_EDGE('',*,*,#48,.T.);
#48 = EDGE_CURVE('',#41,#49,#51,.T.);
#49 = VERTEX_POINT('',#50);
#50 = CARTESIAN_POINT('',(-262.13,20.84,23.));
#51 = LINE('',#52,#53);
#52 = CARTESIAN_POINT('',(-262.13,20.84,25.));
#53 = VECTOR('',#54,1.);
#54 = DIRECTION('',(-0.,-0.,-1.));
#55 = ORIENTED_EDGE('',*,*,#56,.T.);
#56 = EDGE_CURVE('',#49,#24,#57,.T.);
#57 = LINE('',#58,#59);
#58 = CARTESIAN_POINT('',(-262.13,23.84,23.));
#59 = VECTOR('',#60,1.);
#60 = DIRECTION('',(0.,-1.,0.));
#61 = PLANE('',#62);
#62 = AXIS2_PLACEMENT_3D('',#63,#64,#65);
#63 = CARTESIAN_POINT('',(-262.13,23.84,25.));
#64 = DIRECTION('',(-1.,0.,0.));
#65 = DIRECTION('',(0.,-1.,0.));
#66 = ADVANCED_FACE('',(#67),#192,.F.);
#67 = FACE_BOUND('',#68,.T.);
#68 = EDGE_LOOP('',(#69,#80,#89,#97,#105,#113,#120,#121,#129,#186));
#69 = ORIENTED_EDGE('',*,*,#70,.F.);
#70 = EDGE_CURVE('',#71,#73,#75,.T.);
#71 = VERTEX_POINT('',#72);
#72 = CARTESIAN_POINT('',(-253.13,15.44,21.564097183681));
#73 = VERTEX_POINT('',#74);
#74 = CARTESIAN_POINT('',(-253.13,18.,23.));
#75 = CIRCLE('',#76,3.);
#76 = AXIS2_PLACEMENT_3D('',#77,#78,#79);
#77 = CARTESIAN_POINT('',(-253.13,18.,20.));
#78 = DIRECTION('',(-1.,-2.63E-15,-0.));
#79 = DIRECTION('',(-2.63E-15,1.,0.));
#80 = ORIENTED_EDGE('',*,*,#81,.F.);
#81 = EDGE_CURVE('',#82,#71,#84,.T.);
#82 = VERTEX_POINT('',#83);
#83 = CARTESIAN_POINT('',(-252.69,15.,20.));
#84 = ELLIPSE('',#85,4.242640687119,3.);
#85 = AXIS2_PLACEMENT_3D('',#86,#87,#88);
#86 = CARTESIAN_POINT('',(-255.69,18.,20.));
#87 = DIRECTION('',(-0.707106781187,-0.707106781187,0.));
#88 = DIRECTION('',(0.707106781187,-0.707106781187,0.));
#89 = ORIENTED_EDGE('',*,*,#90,.F.);
#90 = EDGE_CURVE('',#91,#82,#93,.T.);
#91 = VERTEX_POINT('',#92);
#92 = CARTESIAN_POINT('',(-253.13,15.,20.));
#93 = LINE('',#94,#95);
#94 = CARTESIAN_POINT('',(-262.13,15.,20.));
#95 = VECTOR('',#96,1.);
#96 = DIRECTION('',(1.,2.63E-15,0.));
#97 = ORIENTED_EDGE('',*,*,#98,.F.);
#98 = EDGE_CURVE('',#99,#91,#101,.T.);
#99 = VERTEX_POINT('',#100);
#100 = CARTESIAN_POINT('',(-262.13,15.,20.));
#101 = LINE('',#102,#103);
#102 = CARTESIAN_POINT('',(-262.13,15.,20.));
#103 = VECTOR('',#104,1.);
#104 = DIRECTION('',(1.,2.63E-15,0.));
#105 = ORIENTED_EDGE('',*,*,#106,.T.);
#106 = EDGE_CURVE('',#99,#107,#109,.T.);
#107 = VERTEX_POINT('',#108);
#108 = CARTESIAN_POINT('',(-262.57,15.,20.));
#109 = LINE('',#110,#111);
#110 = CARTESIAN_POINT('',(-262.13,15.,20.));
#111 = VECTOR('',#112,1.);
#112 = DIRECTION('',(-1.,-2.63E-15,-0.));
#113 = ORIENTED_EDGE('',*,*,#114,.F.);
#114 = EDGE_CURVE('',#22,#107,#115,.T.);
#115 = ELLIPSE('',#116,4.242640687119,3.);
#116 = AXIS2_PLACEMENT_3D('',#117,#118,#119);
#117 = CARTESIAN_POINT('',(-259.57,18.,20.));
#118 = DIRECTION('',(0.707106781187,-0.707106781187,-3.4761573119E-18));
#119 = DIRECTION('',(0.707106781187,0.707106781187,3.4761573119E-18));
#120 = ORIENTED_EDGE('',*,*,#21,.T.);
#121 = ORIENTED_EDGE('',*,*,#122,.T.);
#122 = EDGE_CURVE('',#24,#123,#125,.T.);
#123 = VERTEX_POINT('',#124);
#124 = CARTESIAN_POINT('',(-260.3820855486,18.,23.));
#125 = LINE('',#126,#127);
#126 = CARTESIAN_POINT('',(-262.13,18.,23.));
#127 = VECTOR('',#128,1.);
#128 = DIRECTION('',(1.,2.63E-15,0.));
#129 = ORIENTED_EDGE('',*,*,#130,.F.);
#130 = EDGE_CURVE('',#131,#123,#133,.T.);
#131 = VERTEX_POINT('',#132);
#132 = CARTESIAN_POINT('',(-254.8179144513,18.,23.));
#133 = B_SPLINE_CURVE_WITH_KNOTS('',6,(#134,#135,#136,#137,#138,#139,
    #140,#141,#142,#143,#144,#145,#146,#147,#148,#149,#150,#151,#152,
    #153,#154,#155,#156,#157,#158,#159,#160,#161,#162,#163,#164,#165,
    #166,#167,#168,#169,#170,#171,#172,#173,#174,#175,#176,#177,#178,
    #179,#180,#181,#182,#183,#184,#185),.UNSPECIFIED.,.F.,.F.,(7,5,5,5,5
    ,5,5,5,5,5,7),(0.,7.98364008078E-02,0.132864033224,0.171558552063,
    0.269875822608,0.384107049854,0.499959258715,0.61413441472,
    0.730294380405,0.91972580921,1.),.UNSPECIFIED.);
#134 = CARTESIAN_POINT('',(-254.8179144513,18.,23.));
#135 = CARTESIAN_POINT('',(-254.862684621,17.90035644625,23.));
#136 = CARTESIAN_POINT('',(-254.9111915623,17.803852084668,
    22.996028615458));
#137 = CARTESIAN_POINT('',(-254.9631044264,17.710698836499,
    22.988554318631));
#138 = CARTESIAN_POINT('',(-255.0180684255,17.621076734056,
    22.978040023505));
#139 = CARTESIAN_POINT('',(-255.0757040815,17.535133569081,
    22.964941778301));
#140 = CARTESIAN_POINT('',(-255.1753938679,17.398420853201,
    22.939588766154));
#141 = CARTESIAN_POINT('',(-255.2162163497,17.345483050049,
    22.928518905562));
#142 = CARTESIAN_POINT('',(-255.2579979329,17.294155789204,
    22.916615209164));
#143 = CARTESIAN_POINT('',(-255.3006693377,17.24442109847,
    22.903987340319));
#144 = CARTESIAN_POINT('',(-255.3441679933,17.196258375914,
    22.890737292801));
#145 = CARTESIAN_POINT('',(-255.4207421031,17.115629939677,
    22.866905589333));
#146 = CARTESIAN_POINT('',(-255.4534589715,17.082438097386,
    22.856570217274));
#147 = CARTESIAN_POINT('',(-255.4865690335,17.050058041354,
    22.845989309178));
#148 = CARTESIAN_POINT('',(-255.5200548056,17.01847886695,
    22.835197073739));
#149 = CARTESIAN_POINT('',(-255.5539009312,16.987689586552,
    22.824225893787));
#150 = CARTESIAN_POINT('',(-255.6749743646,16.881426825371,
    22.784853086334));
#151 = CARTESIAN_POINT('',(-255.7641027661,16.81019600428,
    22.755639936664));
#152 = CARTESIAN_POINT('',(-255.8552591192,16.74381396915,22.72597050012
    ));
#153 = CARTESIAN_POINT('',(-255.9482746164,16.682134452438,
    22.696296177112));
#154 = CARTESIAN_POINT('',(-256.0430345152,16.625037532849,
    22.667031300263));
#155 = CARTESIAN_POINT('',(-256.2515380773,16.511306270377,
    22.605498161252));
#156 = CARTESIAN_POINT('',(-256.3659228081,16.456215262143,
    22.573495660927));
#157 = CARTESIAN_POINT('',(-256.4823861752,16.407111616264,
    22.543223446496));
#158 = CARTESIAN_POINT('',(-256.6007288944,16.363963341932,
    22.515308853004));
#159 = CARTESIAN_POINT('',(-256.7207993127,16.326767424332,
    22.490327350711));
#160 = CARTESIAN_POINT('',(-256.9659106683,16.263921575505,
    22.446938977294));
#161 = CARTESIAN_POINT('',(-257.0910519666,16.238429352706,
    22.42862058817));
#162 = CARTESIAN_POINT('',(-257.217416422,16.219244072761,
    22.414433071551));
#163 = CARTESIAN_POINT('',(-257.3445956407,16.206422378226,
    22.404816778681));
#164 = CARTESIAN_POINT('',(-257.4722360157,16.2,22.4));
#165 = CARTESIAN_POINT('',(-257.725914499,16.2,22.4));
#166 = CARTESIAN_POINT('',(-257.8517134292,16.206237788625,
    22.404678337062));
#167 = CARTESIAN_POINT('',(-257.9770707965,16.218692110301,
    22.414019097647));
#168 = CARTESIAN_POINT('',(-258.1016457687,16.2373288473,22.427806623396
    ));
#169 = CARTESIAN_POINT('',(-258.2250462502,16.262093494887,
    22.445624465267));
#170 = CARTESIAN_POINT('',(-258.4706603189,16.324120355434,
    22.48854867182));
#171 = CARTESIAN_POINT('',(-258.592859158,16.361603015518,
    22.513784206388));
#172 = CARTESIAN_POINT('',(-258.7132807392,16.405241718895,
    22.542078613221));
#173 = CARTESIAN_POINT('',(-258.831765216,16.455038802278,
    22.572827902417));
#174 = CARTESIAN_POINT('',(-258.9481017217,16.511027102598,
    22.605372027017));
#175 = CARTESIAN_POINT('',(-259.2478124796,16.674727630167,
    22.693874567054));
#176 = CARTESIAN_POINT('',(-259.4271431031,16.792766928287,
    22.751639735379));
#177 = CARTESIAN_POINT('',(-259.5998758249,16.928104876433,
    22.809569896073));
#178 = CARTESIAN_POINT('',(-259.7649673077,17.081998387821,
    22.864629926375));
#179 = CARTESIAN_POINT('',(-259.9202951407,17.255798000679,
    22.912964095768));
#180 = CARTESIAN_POINT('',(-260.1228007067,17.532905957395,
    22.964601471891));
#181 = CARTESIAN_POINT('',(-260.1807910703,17.619218427288,
    22.977821463683));
#182 = CARTESIAN_POINT('',(-260.2360876331,17.709249881679,
    22.988437732514));
#183 = CARTESIAN_POINT('',(-260.2883050347,17.802850913596,
    22.995987280907));
#184 = CARTESIAN_POINT('',(-260.3370829858,17.899839216245,23.));
#185 = CARTESIAN_POINT('',(-260.3820855486,18.,23.));
#186 = ORIENTED_EDGE('',*,*,#187,.T.);
#187 = EDGE_CURVE('',#131,#73,#188,.T.);
#188 = LINE('',#189,#190);
#189 = CARTESIAN_POINT('',(-262.13,18.,23.));
#190 = VECTOR('',#191,1.);
#191 = DIRECTION('',(1.,2.63E-15,0.));
#192 = CYLINDRICAL_SURFACE('',#193,3.);
#193 = AXIS2_PLACEMENT_3D('',#194,#195,#196);
#194 = CARTESIAN_POINT('',(-262.13,18.,20.));
#195 = DIRECTION('',(1.,2.63E-15,0.));
#196 = DIRECTION('',(2.63E-15,-1.,0.));
#197 = ADVANCED_FACE('',(#198),#216,.F.);
#198 = FACE_BOUND('',#199,.T.);
#199 = EDGE_LOOP('',(#200,#208,#209,#210));
#200 = ORIENTED_EDGE('',*,*,#201,.F.);
#201 = EDGE_CURVE('',#33,#202,#204,.T.);
#202 = VERTEX_POINT('',#203);
#203 = CARTESIAN_POINT('',(-262.57,15.,25.));
#204 = LINE('',#205,#206);
#205 = CARTESIAN_POINT('',(-265.0058186863,12.564181313613,25.));
#206 = VECTOR('',#207,1.);
#207 = DIRECTION('',(-0.707106781187,-0.707106781187,0.));
#208 = ORIENTED_EDGE('',*,*,#32,.T.);
#209 = ORIENTED_EDGE('',*,*,#114,.T.);
#210 = ORIENTED_EDGE('',*,*,#211,.F.);
#211 = EDGE_CURVE('',#202,#107,#212,.T.);
#212 = LINE('',#213,#214);
#213 = CARTESIAN_POINT('',(-262.57,15.,25.));
#214 = VECTOR('',#215,1.);
#215 = DIRECTION('',(-0.,-0.,-1.));
#216 = PLANE('',#217);
#217 = AXIS2_PLACEMENT_3D('',#218,#219,#220);
#218 = CARTESIAN_POINT('',(-262.35,15.22,25.));
#219 = DIRECTION('',(0.707106781187,-0.707106781187,-3.4761573119E-18));
#220 = DIRECTION('',(2.458014407716E-18,-2.458014407716E-18,1.));
#221 = ADVANCED_FACE('',(#222,#266),#295,.T.);
#222 = FACE_BOUND('',#223,.T.);
#223 = EDGE_LOOP('',(#224,#233,#241,#250,#256,#257,#264,#265));
#224 = ORIENTED_EDGE('',*,*,#225,.T.);
#225 = EDGE_CURVE('',#49,#226,#228,.T.);
#226 = VERTEX_POINT('',#227);
#227 = CARTESIAN_POINT('',(-259.13,23.84,23.));
#228 = CIRCLE('',#229,3.);
#229 = AXIS2_PLACEMENT_3D('',#230,#231,#232);
#230 = CARTESIAN_POINT('',(-259.13,20.84,23.));
#231 = DIRECTION('',(0.,0.,-1.));
#232 = DIRECTION('',(0.,1.,0.));
#233 = ORIENTED_EDGE('',*,*,#234,.F.);
#234 = EDGE_CURVE('',#235,#226,#237,.T.);
#235 = VERTEX_POINT('',#236);
#236 = CARTESIAN_POINT('',(-256.13,23.84,23.));
#237 = LINE('',#238,#239);
#238 = CARTESIAN_POINT('',(-253.13,23.84,23.));
#239 = VECTOR('',#240,1.);
#240 = DIRECTION('',(-1.,0.,0.));
#241 = ORIENTED_EDGE('',*,*,#242,.F.);
#242 = EDGE_CURVE('',#243,#235,#245,.T.);
#243 = VERTEX_POINT('',#244);
#244 = CARTESIAN_POINT('',(-253.13,20.84,23.));
#245 = CIRCLE('',#246,3.);
#246 = AXIS2_PLACEMENT_3D('',#247,#248,#249);
#247 = CARTESIAN_POINT('',(-256.13,20.84,23.));
#248 = DIRECTION('',(0.,-0.,1.));
#249 = DIRECTION('',(0.,1.,0.));
#250 = ORIENTED_EDGE('',*,*,#251,.F.);
#251 = EDGE_CURVE('',#73,#243,#252,.T.);
#252 = LINE('',#253,#254);
#253 = CARTESIAN_POINT('',(-253.13,14.84,23.));
#254 = VECTOR('',#255,1.);
#255 = DIRECTION('',(0.,1.,0.));
#256 = ORIENTED_EDGE('',*,*,#187,.F.);
#257 = ORIENTED_EDGE('',*,*,#258,.T.);
#258 = EDGE_CURVE('',#131,#123,#259,.T.);
#259 = CIRCLE('',#260,3.05);
#260 = AXIS2_PLACEMENT_3D('',#261,#262,#263);
#261 = CARTESIAN_POINT('',(-257.6,19.25,23.));
#262 = DIRECTION('',(0.,0.,-1.));
#263 = DIRECTION('',(1.,0.,0.));
#264 = ORIENTED_EDGE('',*,*,#122,.F.);
#265 = ORIENTED_EDGE('',*,*,#56,.F.);
#266 = FACE_BOUND('',#267,.T.);
#267 = EDGE_LOOP('',(#268,#279,#288));
#268 = ORIENTED_EDGE('',*,*,#269,.T.);
#269 = EDGE_CURVE('',#270,#272,#274,.T.);
#270 = VERTEX_POINT('',#271);
#271 = CARTESIAN_POINT('',(-256.6834848609,18.,23.));
#272 = VERTEX_POINT('',#273);
#273 = CARTESIAN_POINT('',(-256.05,19.25,23.));
#274 = CIRCLE('',#275,1.55);
#275 = AXIS2_PLACEMENT_3D('',#276,#277,#278);
#276 = CARTESIAN_POINT('',(-257.6,19.25,23.));
#277 = DIRECTION('',(0.,0.,1.));
#278 = DIRECTION('',(1.,0.,0.));
#279 = ORIENTED_EDGE('',*,*,#280,.T.);
#280 = EDGE_CURVE('',#272,#281,#283,.T.);
#281 = VERTEX_POINT('',#282);
#282 = CARTESIAN_POINT('',(-258.516515139,18.,23.));
#283 = CIRCLE('',#284,1.55);
#284 = AXIS2_PLACEMENT_3D('',#285,#286,#287);
#285 = CARTESIAN_POINT('',(-257.6,19.25,23.));
#286 = DIRECTION('',(0.,0.,1.));
#287 = DIRECTION('',(1.,0.,0.));
#288 = ORIENTED_EDGE('',*,*,#289,.T.);
#289 = EDGE_CURVE('',#281,#270,#290,.T.);
#290 = CIRCLE('',#291,1.55);
#291 = AXIS2_PLACEMENT_3D('',#292,#293,#294);
#292 = CARTESIAN_POINT('',(-257.6,19.25,23.));
#293 = DIRECTION('',(0.,0.,1.));
#294 = DIRECTION('',(1.,0.,0.));
#295 = PLANE('',#296);
#296 = AXIS2_PLACEMENT_3D('',#297,#298,#299);
#297 = CARTESIAN_POINT('',(-257.6286502137,20.201562801485,23.));
#298 = DIRECTION('',(-0.,-0.,-1.));
#299 = DIRECTION('',(-1.,0.,0.));
#300 = ADVANCED_FACE('',(#301,#453,#464),#475,.T.);
#301 = FACE_BOUND('',#302,.T.);
#302 = EDGE_LOOP('',(#303,#313,#322,#330,#339,#347,#355,#363,#372,#380,
    #388,#396,#405,#413,#420,#421,#422,#430,#439,#447));
#303 = ORIENTED_EDGE('',*,*,#304,.F.);
#304 = EDGE_CURVE('',#305,#307,#309,.T.);
#305 = VERTEX_POINT('',#306);
#306 = CARTESIAN_POINT('',(-262.13,-20.84,25.));
#307 = VERTEX_POINT('',#308);
#308 = CARTESIAN_POINT('',(-262.13,-15.44,25.));
#309 = LINE('',#310,#311);
#310 = CARTESIAN_POINT('',(-262.13,-23.84,25.));
#311 = VECTOR('',#312,1.);
#312 = DIRECTION('',(0.,1.,0.));
#313 = ORIENTED_EDGE('',*,*,#314,.T.);
#314 = EDGE_CURVE('',#305,#315,#317,.T.);
#315 = VERTEX_POINT('',#316);
#316 = CARTESIAN_POINT('',(-259.13,-23.84,25.));
#317 = CIRCLE('',#318,3.);
#318 = AXIS2_PLACEMENT_3D('',#319,#320,#321);
#319 = CARTESIAN_POINT('',(-259.13,-20.84,25.));
#320 = DIRECTION('',(0.,-0.,1.));
#321 = DIRECTION('',(0.,1.,0.));
#322 = ORIENTED_EDGE('',*,*,#323,.F.);
#323 = EDGE_CURVE('',#324,#315,#326,.T.);
#324 = VERTEX_POINT('',#325);
#325 = CARTESIAN_POINT('',(-256.13,-23.84,25.));
#326 = LINE('',#327,#328);
#327 = CARTESIAN_POINT('',(-253.13,-23.84,25.));
#328 = VECTOR('',#329,1.);
#329 = DIRECTION('',(-1.,0.,0.));
#330 = ORIENTED_EDGE('',*,*,#331,.T.);
#331 = EDGE_CURVE('',#324,#332,#334,.T.);
#332 = VERTEX_POINT('',#333);
#333 = CARTESIAN_POINT('',(-253.13,-20.84,25.));
#334 = CIRCLE('',#335,3.);
#335 = AXIS2_PLACEMENT_3D('',#336,#337,#338);
#336 = CARTESIAN_POINT('',(-256.13,-20.84,25.));
#337 = DIRECTION('',(0.,-0.,1.));
#338 = DIRECTION('',(0.,1.,0.));
#339 = ORIENTED_EDGE('',*,*,#340,.F.);
#340 = EDGE_CURVE('',#341,#332,#343,.T.);
#341 = VERTEX_POINT('',#342);
#342 = CARTESIAN_POINT('',(-253.13,-15.44,25.));
#343 = LINE('',#344,#345);
#344 = CARTESIAN_POINT('',(-253.13,-14.84,25.));
#345 = VECTOR('',#346,1.);
#346 = DIRECTION('',(0.,-1.,0.));
#347 = ORIENTED_EDGE('',*,*,#348,.F.);
#348 = EDGE_CURVE('',#349,#341,#351,.T.);
#349 = VERTEX_POINT('',#350);
#350 = CARTESIAN_POINT('',(-252.69,-15.,25.));
#351 = LINE('',#352,#353);
#352 = CARTESIAN_POINT('',(-250.3158186863,-12.62581868638,25.));
#353 = VECTOR('',#354,1.);
#354 = DIRECTION('',(-0.707106781187,-0.707106781187,0.));
#355 = ORIENTED_EDGE('',*,*,#356,.F.);
#356 = EDGE_CURVE('',#357,#349,#359,.T.);
#357 = VERTEX_POINT('',#358);
#358 = CARTESIAN_POINT('',(-252.6551206684,-14.99999999999,25.));
#359 = LINE('',#360,#361);
#360 = CARTESIAN_POINT('',(-239.5718949164,-15.,25.));
#361 = VECTOR('',#362,1.);
#362 = DIRECTION('',(-1.,0.,0.));
#363 = ORIENTED_EDGE('',*,*,#364,.F.);
#364 = EDGE_CURVE('',#365,#357,#367,.T.);
#365 = VERTEX_POINT('',#366);
#366 = CARTESIAN_POINT('',(-252.6551206684,14.999999999998,25.));
#367 = CIRCLE('',#368,253.1);
#368 = AXIS2_PLACEMENT_3D('',#369,#370,#371);
#369 = CARTESIAN_POINT('',(0.,0.,25.));
#370 = DIRECTION('',(0.,0.,1.));
#371 = DIRECTION('',(1.,0.,0.));
#372 = ORIENTED_EDGE('',*,*,#373,.F.);
#373 = EDGE_CURVE('',#374,#365,#376,.T.);
#374 = VERTEX_POINT('',#375);
#375 = CARTESIAN_POINT('',(-252.69,15.,25.));
#376 = LINE('',#377,#378);
#377 = CARTESIAN_POINT('',(-262.5718949164,15.,25.));
#378 = VECTOR('',#379,1.);
#379 = DIRECTION('',(1.,2.63E-15,0.));
#380 = ORIENTED_EDGE('',*,*,#381,.T.);
#381 = EDGE_CURVE('',#374,#382,#384,.T.);
#382 = VERTEX_POINT('',#383);
#383 = CARTESIAN_POINT('',(-253.13,15.44,25.));
#384 = LINE('',#385,#386);
#385 = CARTESIAN_POINT('',(-250.3158186863,12.625818686387,25.));
#386 = VECTOR('',#387,1.);
#387 = DIRECTION('',(-0.707106781187,0.707106781187,0.));
#388 = ORIENTED_EDGE('',*,*,#389,.T.);
#389 = EDGE_CURVE('',#382,#390,#392,.T.);
#390 = VERTEX_POINT('',#391);
#391 = CARTESIAN_POINT('',(-253.13,20.84,25.));
#392 = LINE('',#393,#394);
#393 = CARTESIAN_POINT('',(-253.13,14.84,25.));
#394 = VECTOR('',#395,1.);
#395 = DIRECTION('',(0.,1.,0.));
#396 = ORIENTED_EDGE('',*,*,#397,.T.);
#397 = EDGE_CURVE('',#390,#398,#400,.T.);
#398 = VERTEX_POINT('',#399);
#399 = CARTESIAN_POINT('',(-256.13,23.84,25.));
#400 = CIRCLE('',#401,3.);
#401 = AXIS2_PLACEMENT_3D('',#402,#403,#404);
#402 = CARTESIAN_POINT('',(-256.13,20.84,25.));
#403 = DIRECTION('',(0.,-0.,1.));
#404 = DIRECTION('',(0.,1.,0.));
#405 = ORIENTED_EDGE('',*,*,#406,.T.);
#406 = EDGE_CURVE('',#398,#407,#409,.T.);
#407 = VERTEX_POINT('',#408);
#408 = CARTESIAN_POINT('',(-259.13,23.84,25.));
#409 = LINE('',#410,#411);
#410 = CARTESIAN_POINT('',(-253.13,23.84,25.));
#411 = VECTOR('',#412,1.);
#412 = DIRECTION('',(-1.,0.,0.));
#413 = ORIENTED_EDGE('',*,*,#414,.F.);
#414 = EDGE_CURVE('',#41,#407,#415,.T.);
#415 = CIRCLE('',#416,3.);
#416 = AXIS2_PLACEMENT_3D('',#417,#418,#419);
#417 = CARTESIAN_POINT('',(-259.13,20.84,25.));
#418 = DIRECTION('',(0.,0.,-1.));
#419 = DIRECTION('',(0.,1.,0.));
#420 = ORIENTED_EDGE('',*,*,#40,.T.);
#421 = ORIENTED_EDGE('',*,*,#201,.T.);
#422 = ORIENTED_EDGE('',*,*,#423,.F.);
#423 = EDGE_CURVE('',#424,#202,#426,.T.);
#424 = VERTEX_POINT('',#425);
#425 = CARTESIAN_POINT('',(-262.5718949164,15.,25.));
#426 = LINE('',#427,#428);
#427 = CARTESIAN_POINT('',(-262.5718949164,15.,25.));
#428 = VECTOR('',#429,1.);
#429 = DIRECTION('',(1.,2.63E-15,0.));
#430 = ORIENTED_EDGE('',*,*,#431,.T.);
#431 = EDGE_CURVE('',#424,#432,#434,.T.);
#432 = VERTEX_POINT('',#433);
#433 = CARTESIAN_POINT('',(-262.5718949164,-15.,25.));
#434 = CIRCLE('',#435,263.);
#435 = AXIS2_PLACEMENT_3D('',#436,#437,#438);
#436 = CARTESIAN_POINT('',(0.,0.,25.));
#437 = DIRECTION('',(0.,0.,1.));
#438 = DIRECTION('',(1.,0.,0.));
#439 = ORIENTED_EDGE('',*,*,#440,.F.);
#440 = EDGE_CURVE('',#441,#432,#443,.T.);
#441 = VERTEX_POINT('',#442);
#442 = CARTESIAN_POINT('',(-262.57,-15.,25.));
#443 = LINE('',#444,#445);
#444 = CARTESIAN_POINT('',(-239.5718949164,-15.,25.));
#445 = VECTOR('',#446,1.);
#446 = DIRECTION('',(-1.,0.,0.));
#447 = ORIENTED_EDGE('',*,*,#448,.F.);
#448 = EDGE_CURVE('',#307,#441,#449,.T.);
#449 = LINE('',#450,#451);
#450 = CARTESIAN_POINT('',(-265.0058186863,-12.56418131361,25.));
#451 = VECTOR('',#452,1.);
#452 = DIRECTION('',(-0.707106781187,0.707106781187,0.));
#453 = FACE_BOUND('',#454,.T.);
#454 = EDGE_LOOP('',(#455));
#455 = ORIENTED_EDGE('',*,*,#456,.F.);
#456 = EDGE_CURVE('',#457,#457,#459,.T.);
#457 = VERTEX_POINT('',#458);
#458 = CARTESIAN_POINT('',(-256.05,-19.25,25.));
#459 = CIRCLE('',#460,1.55);
#460 = AXIS2_PLACEMENT_3D('',#461,#462,#463);
#461 = CARTESIAN_POINT('',(-257.6,-19.25,25.));
#462 = DIRECTION('',(0.,0.,1.));
#463 = DIRECTION('',(1.,0.,0.));
#464 = FACE_BOUND('',#465,.T.);
#465 = EDGE_LOOP('',(#466));
#466 = ORIENTED_EDGE('',*,*,#467,.F.);
#467 = EDGE_CURVE('',#468,#468,#470,.T.);
#468 = VERTEX_POINT('',#469);
#469 = CARTESIAN_POINT('',(-256.05,19.25,25.));
#470 = CIRCLE('',#471,1.55);
#471 = AXIS2_PLACEMENT_3D('',#472,#473,#474);
#472 = CARTESIAN_POINT('',(-257.6,19.25,25.));
#473 = DIRECTION('',(0.,0.,1.));
#474 = DIRECTION('',(1.,0.,0.));
#475 = PLANE('',#476);
#476 = AXIS2_PLACEMENT_3D('',#477,#478,#479);
#477 = CARTESIAN_POINT('',(-257.7532747455,1.553993049953E-14,25.));
#478 = DIRECTION('',(0.,0.,1.));
#479 = DIRECTION('',(1.,0.,0.));
#480 = ADVANCED_FACE('',(#481),#492,.T.);
#481 = FACE_BOUND('',#482,.T.);
#482 = EDGE_LOOP('',(#483,#484,#490,#491));
#483 = ORIENTED_EDGE('',*,*,#414,.T.);
#484 = ORIENTED_EDGE('',*,*,#485,.T.);
#485 = EDGE_CURVE('',#407,#226,#486,.T.);
#486 = LINE('',#487,#488);
#487 = CARTESIAN_POINT('',(-259.13,23.84,25.));
#488 = VECTOR('',#489,1.);
#489 = DIRECTION('',(-0.,-0.,-1.));
#490 = ORIENTED_EDGE('',*,*,#225,.F.);
#491 = ORIENTED_EDGE('',*,*,#48,.F.);
#492 = CYLINDRICAL_SURFACE('',#493,3.);
#493 = AXIS2_PLACEMENT_3D('',#494,#495,#496);
#494 = CARTESIAN_POINT('',(-259.13,20.84,25.));
#495 = DIRECTION('',(-0.,-0.,-1.));
#496 = DIRECTION('',(-1.,0.,0.));
#497 = ADVANCED_FACE('',(#498),#515,.T.);
#498 = FACE_BOUND('',#499,.T.);
#499 = EDGE_LOOP('',(#500,#501,#502,#508,#509));
#500 = ORIENTED_EDGE('',*,*,#70,.T.);
#501 = ORIENTED_EDGE('',*,*,#251,.T.);
#502 = ORIENTED_EDGE('',*,*,#503,.F.);
#503 = EDGE_CURVE('',#390,#243,#504,.T.);
#504 = LINE('',#505,#506);
#505 = CARTESIAN_POINT('',(-253.13,20.84,25.));
#506 = VECTOR('',#507,1.);
#507 = DIRECTION('',(-0.,-0.,-1.));
#508 = ORIENTED_EDGE('',*,*,#389,.F.);
#509 = ORIENTED_EDGE('',*,*,#510,.T.);
#510 = EDGE_CURVE('',#382,#71,#511,.T.);
#511 = LINE('',#512,#513);
#512 = CARTESIAN_POINT('',(-253.13,15.44,25.));
#513 = VECTOR('',#514,1.);
#514 = DIRECTION('',(0.,0.,-1.));
#515 = PLANE('',#516);
#516 = AXIS2_PLACEMENT_3D('',#517,#518,#519);
#517 = CARTESIAN_POINT('',(-253.13,14.84,25.));
#518 = DIRECTION('',(1.,0.,0.));
#519 = DIRECTION('',(0.,1.,0.));
#520 = ADVANCED_FACE('',(#521),#532,.F.);
#521 = FACE_BOUND('',#522,.T.);
#522 = EDGE_LOOP('',(#523,#524,#530,#531));
#523 = ORIENTED_EDGE('',*,*,#381,.F.);
#524 = ORIENTED_EDGE('',*,*,#525,.T.);
#525 = EDGE_CURVE('',#374,#82,#526,.T.);
#526 = LINE('',#527,#528);
#527 = CARTESIAN_POINT('',(-252.69,15.,25.));
#528 = VECTOR('',#529,1.);
#529 = DIRECTION('',(0.,0.,-1.));
#530 = ORIENTED_EDGE('',*,*,#81,.T.);
#531 = ORIENTED_EDGE('',*,*,#510,.F.);
#532 = PLANE('',#533);
#533 = AXIS2_PLACEMENT_3D('',#534,#535,#536);
#534 = CARTESIAN_POINT('',(-252.91,15.22,25.));
#535 = DIRECTION('',(-0.707106781187,-0.707106781187,0.));
#536 = DIRECTION('',(-0.,-0.,1.));
#537 = ADVANCED_FACE('',(#538),#637,.T.);
#538 = FACE_BOUND('',#539,.T.);
#539 = EDGE_LOOP('',(#540,#541,#542,#543,#544,#545,#546,#547,#555,#563,
    #571,#579,#587,#596,#604,#631));
#540 = ORIENTED_EDGE('',*,*,#423,.T.);
#541 = ORIENTED_EDGE('',*,*,#211,.T.);
#542 = ORIENTED_EDGE('',*,*,#106,.F.);
#543 = ORIENTED_EDGE('',*,*,#98,.T.);
#544 = ORIENTED_EDGE('',*,*,#90,.T.);
#545 = ORIENTED_EDGE('',*,*,#525,.F.);
#546 = ORIENTED_EDGE('',*,*,#373,.T.);
#547 = ORIENTED_EDGE('',*,*,#548,.F.);
#548 = EDGE_CURVE('',#549,#365,#551,.T.);
#549 = VERTEX_POINT('',#550);
#550 = CARTESIAN_POINT('',(-252.6551206684,15.,10.));
#551 = LINE('',#552,#553);
#552 = CARTESIAN_POINT('',(-252.6551206684,15.,25.));
#553 = VECTOR('',#554,1.);
#554 = DIRECTION('',(0.,0.,1.));
#555 = ORIENTED_EDGE('',*,*,#556,.T.);
#556 = EDGE_CURVE('',#549,#557,#559,.T.);
#557 = VERTEX_POINT('',#558);
#558 = CARTESIAN_POINT('',(-249.5495942693,15.,10.));
#559 = LINE('',#560,#561);
#560 = CARTESIAN_POINT('',(-131.2859474582,15.,10.));
#561 = VECTOR('',#562,1.);
#562 = DIRECTION('',(1.,2.63E-15,0.));
#563 = ORIENTED_EDGE('',*,*,#564,.T.);
#564 = EDGE_CURVE('',#557,#565,#567,.T.);
#565 = VERTEX_POINT('',#566);
#566 = CARTESIAN_POINT('',(-249.5495942693,15.00000000001,25.));
#567 = LINE('',#568,#569);
#568 = CARTESIAN_POINT('',(-249.5495942693,15.,25.));
#569 = VECTOR('',#570,1.);
#570 = DIRECTION('',(0.,0.,1.));
#571 = ORIENTED_EDGE('',*,*,#572,.T.);
#572 = EDGE_CURVE('',#565,#573,#575,.T.);
#573 = VERTEX_POINT('',#574);
#574 = CARTESIAN_POINT('',(-239.5718949164,15.,25.));
#575 = LINE('',#576,#577);
#576 = CARTESIAN_POINT('',(-262.5718949164,15.,25.));
#577 = VECTOR('',#578,1.);
#578 = DIRECTION('',(1.,2.63E-15,0.));
#579 = ORIENTED_EDGE('',*,*,#580,.F.);
#580 = EDGE_CURVE('',#581,#573,#583,.T.);
#581 = VERTEX_POINT('',#582);
#582 = CARTESIAN_POINT('',(-239.5718949164,15.,10.));
#583 = LINE('',#584,#585);
#584 = CARTESIAN_POINT('',(-239.5718949164,15.,0.));
#585 = VECTOR('',#586,1.);
#586 = DIRECTION('',(0.,0.,1.));
#587 = ORIENTED_EDGE('',*,*,#588,.T.);
#588 = EDGE_CURVE('',#581,#589,#591,.T.);
#589 = VERTEX_POINT('',#590);
#590 = CARTESIAN_POINT('',(-249.5718949164,15.,-2.E-15));
#591 = CIRCLE('',#592,10.);
#592 = AXIS2_PLACEMENT_3D('',#593,#594,#595);
#593 = CARTESIAN_POINT('',(-249.5718949164,15.,10.));
#594 = DIRECTION('',(-0.,1.,0.));
#595 = DIRECTION('',(0.,0.,-1.));
#596 = ORIENTED_EDGE('',*,*,#597,.F.);
#597 = EDGE_CURVE('',#598,#589,#600,.T.);
#598 = VERTEX_POINT('',#599);
#599 = CARTESIAN_POINT('',(-252.554944517,15.,0.));
#600 = LINE('',#601,#602);
#601 = CARTESIAN_POINT('',(-262.5718949164,15.,0.));
#602 = VECTOR('',#603,1.);
#603 = DIRECTION('',(1.,2.63E-15,0.));
#604 = ORIENTED_EDGE('',*,*,#605,.T.);
#605 = EDGE_CURVE('',#598,#606,#608,.T.);
#606 = VERTEX_POINT('',#607);
#607 = CARTESIAN_POINT('',(-262.5718949164,15.,10.));
#608 = B_SPLINE_CURVE_WITH_KNOTS('',6,(#609,#610,#611,#612,#613,#614,
    #615,#616,#617,#618,#619,#620,#621,#622,#623,#624,#625,#626,#627,
    #628,#629,#630),.UNSPECIFIED.,.F.,.F.,(7,5,5,5,7),(0.,0.310228878868
    ,0.480277719014,0.652250355508,1.),.UNSPECIFIED.);
#609 = CARTESIAN_POINT('',(-252.554944517,15.,0.));
#610 = CARTESIAN_POINT('',(-253.3677931792,15.,0.));
#611 = CARTESIAN_POINT('',(-254.1807489395,15.,7.900822247099E-02));
#612 = CARTESIAN_POINT('',(-254.9839741945,15.,0.237066078194));
#613 = CARTESIAN_POINT('',(-255.7680112709,15.,0.472532458986));
#614 = CARTESIAN_POINT('',(-256.5237062485,15.,0.782492760429));
#615 = CARTESIAN_POINT('',(-257.6362494725,15.,1.370555175489));
#616 = CARTESIAN_POINT('',(-258.0190572458,15.,1.599783333606));
#617 = CARTESIAN_POINT('',(-258.3893473601,15.,1.849287661425));
#618 = CARTESIAN_POINT('',(-258.7457843624,15.,2.118211759239));
#619 = CARTESIAN_POINT('',(-259.0871131156,15.,2.405583257775));
#620 = CARTESIAN_POINT('',(-259.7408845085,15.,3.018491685743));
#621 = CARTESIAN_POINT('',(-260.0529647873,15.,3.344431248842));
#622 = CARTESIAN_POINT('',(-260.347187703,15.,3.687005234258));
#623 = CARTESIAN_POINT('',(-260.6224527828,15.,4.044990633746));
#624 = CARTESIAN_POINT('',(-260.8777737765,15.,4.417068960105));
#625 = CARTESIAN_POINT('',(-261.5864803871,15.,5.579853435682));
#626 = CARTESIAN_POINT('',(-261.9756896161,15.,6.409920012892));
#627 = CARTESIAN_POINT('',(-262.2724606346,15.,7.280072153477));
#628 = CARTESIAN_POINT('',(-262.472109442,15.,8.177505726575));
#629 = CARTESIAN_POINT('',(-262.5718949164,15.,9.088853783071));
#630 = CARTESIAN_POINT('',(-262.5718949164,15.,10.));
#631 = ORIENTED_EDGE('',*,*,#632,.T.);
#632 = EDGE_CURVE('',#606,#424,#633,.T.);
#633 = LINE('',#634,#635);
#634 = CARTESIAN_POINT('',(-262.5718949164,15.,0.));
#635 = VECTOR('',#636,1.);
#636 = DIRECTION('',(0.,0.,1.));
#637 = PLANE('',#638);
#638 = AXIS2_PLACEMENT_3D('',#639,#640,#641);
#639 = CARTESIAN_POINT('',(-262.5718949164,15.,0.));
#640 = DIRECTION('',(-2.63E-15,1.,0.));
#641 = DIRECTION('',(1.,2.63E-15,0.));
#642 = ADVANCED_FACE('',(#643),#647,.F.);
#643 = FACE_BOUND('',#644,.T.);
#644 = EDGE_LOOP('',(#645,#646));
#645 = ORIENTED_EDGE('',*,*,#258,.F.);
#646 = ORIENTED_EDGE('',*,*,#130,.T.);
#647 = CYLINDRICAL_SURFACE('',#648,3.05);
#648 = AXIS2_PLACEMENT_3D('',#649,#650,#651);
#649 = CARTESIAN_POINT('',(-257.6,19.25,23.));
#650 = DIRECTION('',(0.,0.,1.));
#651 = DIRECTION('',(1.,0.,0.));
#652 = ADVANCED_FACE('',(#653),#664,.T.);
#653 = FACE_BOUND('',#654,.T.);
#654 = EDGE_LOOP('',(#655,#656,#662,#663));
#655 = ORIENTED_EDGE('',*,*,#406,.F.);
#656 = ORIENTED_EDGE('',*,*,#657,.T.);
#657 = EDGE_CURVE('',#398,#235,#658,.T.);
#658 = LINE('',#659,#660);
#659 = CARTESIAN_POINT('',(-256.13,23.84,25.));
#660 = VECTOR('',#661,1.);
#661 = DIRECTION('',(-0.,-0.,-1.));
#662 = ORIENTED_EDGE('',*,*,#234,.T.);
#663 = ORIENTED_EDGE('',*,*,#485,.F.);
#664 = PLANE('',#665);
#665 = AXIS2_PLACEMENT_3D('',#666,#667,#668);
#666 = CARTESIAN_POINT('',(-253.13,23.84,25.));
#667 = DIRECTION('',(0.,1.,0.));
#668 = DIRECTION('',(-1.,0.,0.));
#669 = ADVANCED_FACE('',(#670),#676,.T.);
#670 = FACE_BOUND('',#671,.F.);
#671 = EDGE_LOOP('',(#672,#673,#674,#675));
#672 = ORIENTED_EDGE('',*,*,#397,.T.);
#673 = ORIENTED_EDGE('',*,*,#657,.T.);
#674 = ORIENTED_EDGE('',*,*,#242,.F.);
#675 = ORIENTED_EDGE('',*,*,#503,.F.);
#676 = CYLINDRICAL_SURFACE('',#677,3.);
#677 = AXIS2_PLACEMENT_3D('',#678,#679,#680);
#678 = CARTESIAN_POINT('',(-256.13,20.84,25.));
#679 = DIRECTION('',(-0.,-0.,-1.));
#680 = DIRECTION('',(1.,0.,0.));
#681 = ADVANCED_FACE('',(#682),#695,.F.);
#682 = FACE_BOUND('',#683,.F.);
#683 = EDGE_LOOP('',(#684,#690,#691,#692,#693,#694));
#684 = ORIENTED_EDGE('',*,*,#685,.F.);
#685 = EDGE_CURVE('',#468,#272,#686,.T.);
#686 = LINE('',#687,#688);
#687 = CARTESIAN_POINT('',(-256.05,19.25,25.));
#688 = VECTOR('',#689,1.);
#689 = DIRECTION('',(-0.,-0.,-1.));
#690 = ORIENTED_EDGE('',*,*,#467,.F.);
#691 = ORIENTED_EDGE('',*,*,#685,.T.);
#692 = ORIENTED_EDGE('',*,*,#280,.T.);
#693 = ORIENTED_EDGE('',*,*,#289,.T.);
#694 = ORIENTED_EDGE('',*,*,#269,.T.);
#695 = CYLINDRICAL_SURFACE('',#696,1.55);
#696 = AXIS2_PLACEMENT_3D('',#697,#698,#699);
#697 = CARTESIAN_POINT('',(-257.6,19.25,25.));
#698 = DIRECTION('',(0.,0.,1.));
#699 = DIRECTION('',(1.,0.,0.));
#700 = ADVANCED_FACE('',(#701),#735,.F.);
#701 = FACE_BOUND('',#702,.F.);
#702 = EDGE_LOOP('',(#703,#714,#720,#721,#729));
#703 = ORIENTED_EDGE('',*,*,#704,.F.);
#704 = EDGE_CURVE('',#705,#707,#709,.T.);
#705 = VERTEX_POINT('',#706);
#706 = CARTESIAN_POINT('',(-262.13,-15.44,21.564097183681));
#707 = VERTEX_POINT('',#708);
#708 = CARTESIAN_POINT('',(-262.13,-18.,23.));
#709 = CIRCLE('',#710,3.);
#710 = AXIS2_PLACEMENT_3D('',#711,#712,#713);
#711 = CARTESIAN_POINT('',(-262.13,-18.,20.));
#712 = DIRECTION('',(1.,-0.,0.));
#713 = DIRECTION('',(0.,0.,-1.));
#714 = ORIENTED_EDGE('',*,*,#715,.T.);
#715 = EDGE_CURVE('',#705,#307,#716,.T.);
#716 = LINE('',#717,#718);
#717 = CARTESIAN_POINT('',(-262.13,-15.44,20.));
#718 = VECTOR('',#719,1.);
#719 = DIRECTION('',(0.,0.,1.));
#720 = ORIENTED_EDGE('',*,*,#304,.F.);
#721 = ORIENTED_EDGE('',*,*,#722,.T.);
#722 = EDGE_CURVE('',#305,#723,#725,.T.);
#723 = VERTEX_POINT('',#724);
#724 = CARTESIAN_POINT('',(-262.13,-20.84,23.));
#725 = LINE('',#726,#727);
#726 = CARTESIAN_POINT('',(-262.13,-20.84,25.));
#727 = VECTOR('',#728,1.);
#728 = DIRECTION('',(-0.,-0.,-1.));
#729 = ORIENTED_EDGE('',*,*,#730,.T.);
#730 = EDGE_CURVE('',#723,#707,#731,.T.);
#731 = LINE('',#732,#733);
#732 = CARTESIAN_POINT('',(-262.13,-23.84,23.));
#733 = VECTOR('',#734,1.);
#734 = DIRECTION('',(0.,1.,0.));
#735 = PLANE('',#736);
#736 = AXIS2_PLACEMENT_3D('',#737,#738,#739);
#737 = CARTESIAN_POINT('',(-262.13,-23.84,25.));
#738 = DIRECTION('',(1.,0.,0.));
#739 = DIRECTION('',(0.,1.,0.));
#740 = ADVANCED_FACE('',(#741),#760,.T.);
#741 = FACE_BOUND('',#742,.T.);
#742 = EDGE_LOOP('',(#743,#752,#753,#754));
#743 = ORIENTED_EDGE('',*,*,#744,.F.);
#744 = EDGE_CURVE('',#705,#745,#747,.T.);
#745 = VERTEX_POINT('',#746);
#746 = CARTESIAN_POINT('',(-262.57,-15.,20.));
#747 = ELLIPSE('',#748,4.242640687119,3.);
#748 = AXIS2_PLACEMENT_3D('',#749,#750,#751);
#749 = CARTESIAN_POINT('',(-259.57,-18.,20.));
#750 = DIRECTION('',(-0.707106781187,-0.707106781187,3.4761573119E-18));
#751 = DIRECTION('',(-0.707106781187,0.707106781187,-3.4761573119E-18));
#752 = ORIENTED_EDGE('',*,*,#715,.T.);
#753 = ORIENTED_EDGE('',*,*,#448,.T.);
#754 = ORIENTED_EDGE('',*,*,#755,.F.);
#755 = EDGE_CURVE('',#745,#441,#756,.T.);
#756 = LINE('',#757,#758);
#757 = CARTESIAN_POINT('',(-262.57,-15.,20.));
#758 = VECTOR('',#759,1.);
#759 = DIRECTION('',(0.,0.,1.));
#760 = PLANE('',#761);
#761 = AXIS2_PLACEMENT_3D('',#762,#763,#764);
#762 = CARTESIAN_POINT('',(-262.35,-15.22,20.));
#763 = DIRECTION('',(-0.707106781187,-0.707106781187,3.4761573119E-18));
#764 = DIRECTION('',(2.458014407716E-18,2.458014407716E-18,1.));
#765 = ADVANCED_FACE('',(#766),#785,.T.);
#766 = FACE_BOUND('',#767,.F.);
#767 = EDGE_LOOP('',(#768,#769,#777,#784));
#768 = ORIENTED_EDGE('',*,*,#314,.T.);
#769 = ORIENTED_EDGE('',*,*,#770,.T.);
#770 = EDGE_CURVE('',#315,#771,#773,.T.);
#771 = VERTEX_POINT('',#772);
#772 = CARTESIAN_POINT('',(-259.13,-23.84,23.));
#773 = LINE('',#774,#775);
#774 = CARTESIAN_POINT('',(-259.13,-23.84,25.));
#775 = VECTOR('',#776,1.);
#776 = DIRECTION('',(-0.,-0.,-1.));
#777 = ORIENTED_EDGE('',*,*,#778,.F.);
#778 = EDGE_CURVE('',#723,#771,#779,.T.);
#779 = CIRCLE('',#780,3.);
#780 = AXIS2_PLACEMENT_3D('',#781,#782,#783);
#781 = CARTESIAN_POINT('',(-259.13,-20.84,23.));
#782 = DIRECTION('',(0.,-0.,1.));
#783 = DIRECTION('',(0.,1.,0.));
#784 = ORIENTED_EDGE('',*,*,#722,.F.);
#785 = CYLINDRICAL_SURFACE('',#786,3.);
#786 = AXIS2_PLACEMENT_3D('',#787,#788,#789);
#787 = CARTESIAN_POINT('',(-259.13,-20.84,25.));
#788 = DIRECTION('',(-0.,-0.,-1.));
#789 = DIRECTION('',(-1.,0.,0.));
#790 = ADVANCED_FACE('',(#791),#916,.T.);
#791 = FACE_BOUND('',#792,.T.);
#792 = EDGE_LOOP('',(#793,#794,#802,#810,#818,#824,#825,#826,#834,#861,
    #869,#878,#886,#894,#902,#910));
#793 = ORIENTED_EDGE('',*,*,#356,.T.);
#794 = ORIENTED_EDGE('',*,*,#795,.T.);
#795 = EDGE_CURVE('',#349,#796,#798,.T.);
#796 = VERTEX_POINT('',#797);
#797 = CARTESIAN_POINT('',(-252.69,-15.,20.));
#798 = LINE('',#799,#800);
#799 = CARTESIAN_POINT('',(-252.69,-15.,25.));
#800 = VECTOR('',#801,1.);
#801 = DIRECTION('',(-0.,-0.,-1.));
#802 = ORIENTED_EDGE('',*,*,#803,.F.);
#803 = EDGE_CURVE('',#804,#796,#806,.T.);
#804 = VERTEX_POINT('',#805);
#805 = CARTESIAN_POINT('',(-253.13,-15.,20.));
#806 = LINE('',#807,#808);
#807 = CARTESIAN_POINT('',(-253.13,-15.,20.));
#808 = VECTOR('',#809,1.);
#809 = DIRECTION('',(1.,0.,0.));
#810 = ORIENTED_EDGE('',*,*,#811,.T.);
#811 = EDGE_CURVE('',#804,#812,#814,.T.);
#812 = VERTEX_POINT('',#813);
#813 = CARTESIAN_POINT('',(-262.13,-15.,20.));
#814 = LINE('',#815,#816);
#815 = CARTESIAN_POINT('',(-253.13,-15.,20.));
#816 = VECTOR('',#817,1.);
#817 = DIRECTION('',(-1.,0.,0.));
#818 = ORIENTED_EDGE('',*,*,#819,.T.);
#819 = EDGE_CURVE('',#812,#745,#820,.T.);
#820 = LINE('',#821,#822);
#821 = CARTESIAN_POINT('',(-253.13,-15.,20.));
#822 = VECTOR('',#823,1.);
#823 = DIRECTION('',(-1.,0.,0.));
#824 = ORIENTED_EDGE('',*,*,#755,.T.);
#825 = ORIENTED_EDGE('',*,*,#440,.T.);
#826 = ORIENTED_EDGE('',*,*,#827,.F.);
#827 = EDGE_CURVE('',#828,#432,#830,.T.);
#828 = VERTEX_POINT('',#829);
#829 = CARTESIAN_POINT('',(-262.5718949164,-15.,10.));
#830 = LINE('',#831,#832);
#831 = CARTESIAN_POINT('',(-262.5718949164,-15.,0.));
#832 = VECTOR('',#833,1.);
#833 = DIRECTION('',(0.,0.,1.));
#834 = ORIENTED_EDGE('',*,*,#835,.F.);
#835 = EDGE_CURVE('',#836,#828,#838,.T.);
#836 = VERTEX_POINT('',#837);
#837 = CARTESIAN_POINT('',(-252.554944517,-15.,0.));
#838 = B_SPLINE_CURVE_WITH_KNOTS('',6,(#839,#840,#841,#842,#843,#844,
    #845,#846,#847,#848,#849,#850,#851,#852,#853,#854,#855,#856,#857,
    #858,#859,#860),.UNSPECIFIED.,.F.,.F.,(7,5,5,5,7),(0.,0.310228878868
    ,0.480277719014,0.652250355509,1.),.UNSPECIFIED.);
#839 = CARTESIAN_POINT('',(-252.554944517,-15.,0.));
#840 = CARTESIAN_POINT('',(-253.3677931792,-15.,0.));
#841 = CARTESIAN_POINT('',(-254.1807489395,-15.,7.900822247115E-02));
#842 = CARTESIAN_POINT('',(-254.9839741945,-15.,0.237066078193));
#843 = CARTESIAN_POINT('',(-255.7680112709,-15.,0.472532458986));
#844 = CARTESIAN_POINT('',(-256.5237062485,-15.,0.782492760429));
#845 = CARTESIAN_POINT('',(-257.6362494725,-15.,1.370555175489));
#846 = CARTESIAN_POINT('',(-258.0190572458,-15.,1.599783333606));
#847 = CARTESIAN_POINT('',(-258.3893473601,-15.,1.849287661425));
#848 = CARTESIAN_POINT('',(-258.7457843624,-15.,2.118211759239));
#849 = CARTESIAN_POINT('',(-259.0871131156,-15.,2.405583257775));
#850 = CARTESIAN_POINT('',(-259.7408845085,-15.,3.018491685743));
#851 = CARTESIAN_POINT('',(-260.0529647873,-15.,3.344431248842));
#852 = CARTESIAN_POINT('',(-260.347187703,-15.,3.687005234258));
#853 = CARTESIAN_POINT('',(-260.6224527828,-15.,4.044990633747));
#854 = CARTESIAN_POINT('',(-260.8777737765,-15.,4.417068960105));
#855 = CARTESIAN_POINT('',(-261.5864803871,-15.,5.579853435682));
#856 = CARTESIAN_POINT('',(-261.9756896161,-15.,6.409920012893));
#857 = CARTESIAN_POINT('',(-262.2724606346,-15.,7.280072153476));
#858 = CARTESIAN_POINT('',(-262.472109442,-15.,8.177505726576));
#859 = CARTESIAN_POINT('',(-262.5718949164,-15.,9.08885378307));
#860 = CARTESIAN_POINT('',(-262.5718949164,-15.,10.));
#861 = ORIENTED_EDGE('',*,*,#862,.F.);
#862 = EDGE_CURVE('',#863,#836,#865,.T.);
#863 = VERTEX_POINT('',#864);
#864 = CARTESIAN_POINT('',(-249.5718949164,-15.,-2.E-15));
#865 = LINE('',#866,#867);
#866 = CARTESIAN_POINT('',(-239.5718949164,-15.,0.));
#867 = VECTOR('',#868,1.);
#868 = DIRECTION('',(-1.,0.,0.));
#869 = ORIENTED_EDGE('',*,*,#870,.F.);
#870 = EDGE_CURVE('',#871,#863,#873,.T.);
#871 = VERTEX_POINT('',#872);
#872 = CARTESIAN_POINT('',(-239.5718949164,-15.,10.));
#873 = CIRCLE('',#874,10.);
#874 = AXIS2_PLACEMENT_3D('',#875,#876,#877);
#875 = CARTESIAN_POINT('',(-249.5718949164,-15.,10.));
#876 = DIRECTION('',(-0.,1.,0.));
#877 = DIRECTION('',(0.,0.,-1.));
#878 = ORIENTED_EDGE('',*,*,#879,.T.);
#879 = EDGE_CURVE('',#871,#880,#882,.T.);
#880 = VERTEX_POINT('',#881);
#881 = CARTESIAN_POINT('',(-239.5718949164,-15.,25.));
#882 = LINE('',#883,#884);
#883 = CARTESIAN_POINT('',(-239.5718949164,-15.,0.));
#884 = VECTOR('',#885,1.);
#885 = DIRECTION('',(0.,0.,1.));
#886 = ORIENTED_EDGE('',*,*,#887,.T.);
#887 = EDGE_CURVE('',#880,#888,#890,.T.);
#888 = VERTEX_POINT('',#889);
#889 = CARTESIAN_POINT('',(-249.5495942693,-15.00000000001,25.));
#890 = LINE('',#891,#892);
#891 = CARTESIAN_POINT('',(-239.5718949164,-15.,25.));
#892 = VECTOR('',#893,1.);
#893 = DIRECTION('',(-1.,0.,0.));
#894 = ORIENTED_EDGE('',*,*,#895,.F.);
#895 = EDGE_CURVE('',#896,#888,#898,.T.);
#896 = VERTEX_POINT('',#897);
#897 = CARTESIAN_POINT('',(-249.5495942693,-15.,10.));
#898 = LINE('',#899,#900);
#899 = CARTESIAN_POINT('',(-249.5495942693,-15.,25.));
#900 = VECTOR('',#901,1.);
#901 = DIRECTION('',(0.,0.,1.));
#902 = ORIENTED_EDGE('',*,*,#903,.T.);
#903 = EDGE_CURVE('',#896,#904,#906,.T.);
#904 = VERTEX_POINT('',#905);
#905 = CARTESIAN_POINT('',(-252.6551206684,-15.,10.));
#906 = LINE('',#907,#908);
#907 = CARTESIAN_POINT('',(-119.7859474582,-15.,10.));
#908 = VECTOR('',#909,1.);
#909 = DIRECTION('',(-1.,0.,0.));
#910 = ORIENTED_EDGE('',*,*,#911,.T.);
#911 = EDGE_CURVE('',#904,#357,#912,.T.);
#912 = LINE('',#913,#914);
#913 = CARTESIAN_POINT('',(-252.6551206684,-15.,25.));
#914 = VECTOR('',#915,1.);
#915 = DIRECTION('',(0.,0.,1.));
#916 = PLANE('',#917);
#917 = AXIS2_PLACEMENT_3D('',#918,#919,#920);
#918 = CARTESIAN_POINT('',(-239.5718949164,-15.,0.));
#919 = DIRECTION('',(0.,-1.,0.));
#920 = DIRECTION('',(-1.,0.,0.));
#921 = ADVANCED_FACE('',(#922),#940,.F.);
#922 = FACE_BOUND('',#923,.F.);
#923 = EDGE_LOOP('',(#924,#925,#933,#939));
#924 = ORIENTED_EDGE('',*,*,#323,.F.);
#925 = ORIENTED_EDGE('',*,*,#926,.T.);
#926 = EDGE_CURVE('',#324,#927,#929,.T.);
#927 = VERTEX_POINT('',#928);
#928 = CARTESIAN_POINT('',(-256.13,-23.84,23.));
#929 = LINE('',#930,#931);
#930 = CARTESIAN_POINT('',(-256.13,-23.84,25.));
#931 = VECTOR('',#932,1.);
#932 = DIRECTION('',(-0.,-0.,-1.));
#933 = ORIENTED_EDGE('',*,*,#934,.T.);
#934 = EDGE_CURVE('',#927,#771,#935,.T.);
#935 = LINE('',#936,#937);
#936 = CARTESIAN_POINT('',(-253.13,-23.84,23.));
#937 = VECTOR('',#938,1.);
#938 = DIRECTION('',(-1.,0.,0.));
#939 = ORIENTED_EDGE('',*,*,#770,.F.);
#940 = PLANE('',#941);
#941 = AXIS2_PLACEMENT_3D('',#942,#943,#944);
#942 = CARTESIAN_POINT('',(-253.13,-23.84,25.));
#943 = DIRECTION('',(0.,1.,0.));
#944 = DIRECTION('',(-1.,0.,0.));
#945 = ADVANCED_FACE('',(#946),#958,.T.);
#946 = FACE_BOUND('',#947,.F.);
#947 = EDGE_LOOP('',(#948,#949,#950,#951));
#948 = ORIENTED_EDGE('',*,*,#632,.T.);
#949 = ORIENTED_EDGE('',*,*,#431,.T.);
#950 = ORIENTED_EDGE('',*,*,#827,.F.);
#951 = ORIENTED_EDGE('',*,*,#952,.F.);
#952 = EDGE_CURVE('',#606,#828,#953,.T.);
#953 = CIRCLE('',#954,263.);
#954 = AXIS2_PLACEMENT_3D('',#955,#956,#957);
#955 = CARTESIAN_POINT('',(0.,0.,10.));
#956 = DIRECTION('',(0.,0.,1.));
#957 = DIRECTION('',(-0.998372224017,5.703422053232E-02,0.));
#958 = CYLINDRICAL_SURFACE('',#959,263.);
#959 = AXIS2_PLACEMENT_3D('',#960,#961,#962);
#960 = CARTESIAN_POINT('',(0.,0.,0.));
#961 = DIRECTION('',(-0.,-0.,-1.));
#962 = DIRECTION('',(1.,0.,0.));
#963 = ADVANCED_FACE('',(#964),#983,.T.);
#964 = FACE_BOUND('',#965,.F.);
#965 = EDGE_LOOP('',(#966,#967,#975,#982));
#966 = ORIENTED_EDGE('',*,*,#331,.T.);
#967 = ORIENTED_EDGE('',*,*,#968,.T.);
#968 = EDGE_CURVE('',#332,#969,#971,.T.);
#969 = VERTEX_POINT('',#970);
#970 = CARTESIAN_POINT('',(-253.13,-20.84,23.));
#971 = LINE('',#972,#973);
#972 = CARTESIAN_POINT('',(-253.13,-20.84,25.));
#973 = VECTOR('',#974,1.);
#974 = DIRECTION('',(-0.,-0.,-1.));
#975 = ORIENTED_EDGE('',*,*,#976,.F.);
#976 = EDGE_CURVE('',#927,#969,#977,.T.);
#977 = CIRCLE('',#978,3.);
#978 = AXIS2_PLACEMENT_3D('',#979,#980,#981);
#979 = CARTESIAN_POINT('',(-256.13,-20.84,23.));
#980 = DIRECTION('',(0.,-0.,1.));
#981 = DIRECTION('',(0.,1.,0.));
#982 = ORIENTED_EDGE('',*,*,#926,.F.);
#983 = CYLINDRICAL_SURFACE('',#984,3.);
#984 = AXIS2_PLACEMENT_3D('',#985,#986,#987);
#985 = CARTESIAN_POINT('',(-256.13,-20.84,25.));
#986 = DIRECTION('',(-0.,-0.,-1.));
#987 = DIRECTION('',(0.,-1.,0.));
#988 = ADVANCED_FACE('',(#989),#1016,.F.);
#989 = FACE_BOUND('',#990,.F.);
#990 = EDGE_LOOP('',(#991,#1002,#1008,#1009,#1010));
#991 = ORIENTED_EDGE('',*,*,#992,.T.);
#992 = EDGE_CURVE('',#993,#995,#997,.T.);
#993 = VERTEX_POINT('',#994);
#994 = CARTESIAN_POINT('',(-253.13,-15.44,21.564097183681));
#995 = VERTEX_POINT('',#996);
#996 = CARTESIAN_POINT('',(-253.13,-18.,23.));
#997 = CIRCLE('',#998,3.);
#998 = AXIS2_PLACEMENT_3D('',#999,#1000,#1001);
#999 = CARTESIAN_POINT('',(-253.13,-18.,20.));
#1000 = DIRECTION('',(1.,-0.,0.));
#1001 = DIRECTION('',(0.,0.,-1.));
#1002 = ORIENTED_EDGE('',*,*,#1003,.T.);
#1003 = EDGE_CURVE('',#995,#969,#1004,.T.);
#1004 = LINE('',#1005,#1006);
#1005 = CARTESIAN_POINT('',(-253.13,-14.84,23.));
#1006 = VECTOR('',#1007,1.);
#1007 = DIRECTION('',(0.,-1.,0.));
#1008 = ORIENTED_EDGE('',*,*,#968,.F.);
#1009 = ORIENTED_EDGE('',*,*,#340,.F.);
#1010 = ORIENTED_EDGE('',*,*,#1011,.T.);
#1011 = EDGE_CURVE('',#341,#993,#1012,.T.);
#1012 = LINE('',#1013,#1014);
#1013 = CARTESIAN_POINT('',(-253.13,-15.44,25.));
#1014 = VECTOR('',#1015,1.);
#1015 = DIRECTION('',(-0.,-0.,-1.));
#1016 = PLANE('',#1017);
#1017 = AXIS2_PLACEMENT_3D('',#1018,#1019,#1020);
#1018 = CARTESIAN_POINT('',(-253.13,-14.84,25.));
#1019 = DIRECTION('',(-1.,0.,0.));
#1020 = DIRECTION('',(0.,-1.,0.));
#1021 = ADVANCED_FACE('',(#1022),#1034,.T.);
#1022 = FACE_BOUND('',#1023,.F.);
#1023 = EDGE_LOOP('',(#1024,#1025,#1026,#1033));
#1024 = ORIENTED_EDGE('',*,*,#348,.F.);
#1025 = ORIENTED_EDGE('',*,*,#795,.T.);
#1026 = ORIENTED_EDGE('',*,*,#1027,.T.);
#1027 = EDGE_CURVE('',#796,#993,#1028,.T.);
#1028 = ELLIPSE('',#1029,4.242640687119,3.);
#1029 = AXIS2_PLACEMENT_3D('',#1030,#1031,#1032);
#1030 = CARTESIAN_POINT('',(-255.69,-18.,20.));
#1031 = DIRECTION('',(0.707106781187,-0.707106781187,-3.4761573119E-18)
  );
#1032 = DIRECTION('',(-0.707106781187,-0.707106781187,-3.4761573119E-18)
  );
#1033 = ORIENTED_EDGE('',*,*,#1011,.F.);
#1034 = PLANE('',#1035);
#1035 = AXIS2_PLACEMENT_3D('',#1036,#1037,#1038);
#1036 = CARTESIAN_POINT('',(-252.91,-15.22,25.));
#1037 = DIRECTION('',(0.707106781187,-0.707106781187,-3.4761573119E-18)
  );
#1038 = DIRECTION('',(2.458014407716E-18,-2.458014407716E-18,1.));
#1039 = ADVANCED_FACE('',(#1040),#1052,.F.);
#1040 = FACE_BOUND('',#1041,.F.);
#1041 = EDGE_LOOP('',(#1042,#1043,#1044,#1051));
#1042 = ORIENTED_EDGE('',*,*,#364,.F.);
#1043 = ORIENTED_EDGE('',*,*,#548,.F.);
#1044 = ORIENTED_EDGE('',*,*,#1045,.T.);
#1045 = EDGE_CURVE('',#549,#904,#1046,.T.);
#1046 = CIRCLE('',#1047,253.1);
#1047 = AXIS2_PLACEMENT_3D('',#1048,#1049,#1050);
#1048 = CARTESIAN_POINT('',(0.,0.,10.));
#1049 = DIRECTION('',(0.,0.,1.));
#1050 = DIRECTION('',(1.,0.,0.));
#1051 = ORIENTED_EDGE('',*,*,#911,.T.);
#1052 = CYLINDRICAL_SURFACE('',#1053,253.1);
#1053 = AXIS2_PLACEMENT_3D('',#1054,#1055,#1056);
#1054 = CARTESIAN_POINT('',(0.,0.,25.));
#1055 = DIRECTION('',(0.,0.,1.));
#1056 = DIRECTION('',(1.,0.,0.));
#1057 = ADVANCED_FACE('',(#1058),#1095,.F.);
#1058 = FACE_BOUND('',#1059,.F.);
#1059 = EDGE_LOOP('',(#1060,#1068,#1069,#1070,#1079,#1088));
#1060 = ORIENTED_EDGE('',*,*,#1061,.F.);
#1061 = EDGE_CURVE('',#457,#1062,#1064,.T.);
#1062 = VERTEX_POINT('',#1063);
#1063 = CARTESIAN_POINT('',(-256.05,-19.25,23.));
#1064 = LINE('',#1065,#1066);
#1065 = CARTESIAN_POINT('',(-256.05,-19.25,25.));
#1066 = VECTOR('',#1067,1.);
#1067 = DIRECTION('',(-0.,-0.,-1.));
#1068 = ORIENTED_EDGE('',*,*,#456,.F.);
#1069 = ORIENTED_EDGE('',*,*,#1061,.T.);
#1070 = ORIENTED_EDGE('',*,*,#1071,.T.);
#1071 = EDGE_CURVE('',#1062,#1072,#1074,.T.);
#1072 = VERTEX_POINT('',#1073);
#1073 = CARTESIAN_POINT('',(-256.683484861,-18.,23.));
#1074 = CIRCLE('',#1075,1.55);
#1075 = AXIS2_PLACEMENT_3D('',#1076,#1077,#1078);
#1076 = CARTESIAN_POINT('',(-257.6,-19.25,23.));
#1077 = DIRECTION('',(0.,0.,1.));
#1078 = DIRECTION('',(1.,0.,0.));
#1079 = ORIENTED_EDGE('',*,*,#1080,.T.);
#1080 = EDGE_CURVE('',#1072,#1081,#1083,.T.);
#1081 = VERTEX_POINT('',#1082);
#1082 = CARTESIAN_POINT('',(-258.5165151389,-18.,23.));
#1083 = CIRCLE('',#1084,1.55);
#1084 = AXIS2_PLACEMENT_3D('',#1085,#1086,#1087);
#1085 = CARTESIAN_POINT('',(-257.6,-19.25,23.));
#1086 = DIRECTION('',(0.,0.,1.));
#1087 = DIRECTION('',(1.,0.,0.));
#1088 = ORIENTED_EDGE('',*,*,#1089,.T.);
#1089 = EDGE_CURVE('',#1081,#1062,#1090,.T.);
#1090 = CIRCLE('',#1091,1.55);
#1091 = AXIS2_PLACEMENT_3D('',#1092,#1093,#1094);
#1092 = CARTESIAN_POINT('',(-257.6,-19.25,23.));
#1093 = DIRECTION('',(0.,0.,1.));
#1094 = DIRECTION('',(1.,0.,0.));
#1095 = CYLINDRICAL_SURFACE('',#1096,1.55);
#1096 = AXIS2_PLACEMENT_3D('',#1097,#1098,#1099);
#1097 = CARTESIAN_POINT('',(-257.6,-19.25,25.));
#1098 = DIRECTION('',(0.,0.,1.));
#1099 = DIRECTION('',(1.,0.,0.));
#1100 = ADVANCED_FACE('',(#1101),#1113,.T.);
#1101 = FACE_BOUND('',#1102,.T.);
#1102 = EDGE_LOOP('',(#1103,#1104,#1111,#1112));
#1103 = ORIENTED_EDGE('',*,*,#605,.F.);
#1104 = ORIENTED_EDGE('',*,*,#1105,.T.);
#1105 = EDGE_CURVE('',#598,#836,#1106,.T.);
#1106 = CIRCLE('',#1107,253.);
#1107 = AXIS2_PLACEMENT_3D('',#1108,#1109,#1110);
#1108 = CARTESIAN_POINT('',(0.,0.,0.));
#1109 = DIRECTION('',(0.,0.,1.));
#1110 = DIRECTION('',(-0.998372224017,5.703422053232E-02,0.));
#1111 = ORIENTED_EDGE('',*,*,#835,.T.);
#1112 = ORIENTED_EDGE('',*,*,#952,.F.);
#1113 = TOROIDAL_SURFACE('',#1114,253.,10.);
#1114 = AXIS2_PLACEMENT_3D('',#1115,#1116,#1117);
#1115 = CARTESIAN_POINT('',(0.,0.,10.));
#1116 = DIRECTION('',(0.,0.,1.));
#1117 = DIRECTION('',(-0.998372224017,5.703422053232E-02,0.));
#1118 = ADVANCED_FACE('',(#1119),#1130,.F.);
#1119 = FACE_BOUND('',#1120,.F.);
#1120 = EDGE_LOOP('',(#1121,#1122,#1123,#1124));
#1121 = ORIENTED_EDGE('',*,*,#597,.F.);
#1122 = ORIENTED_EDGE('',*,*,#1105,.T.);
#1123 = ORIENTED_EDGE('',*,*,#862,.F.);
#1124 = ORIENTED_EDGE('',*,*,#1125,.F.);
#1125 = EDGE_CURVE('',#589,#863,#1126,.T.);
#1126 = LINE('',#1127,#1128);
#1127 = CARTESIAN_POINT('',(-249.5718949164,15.,-1.78E-15));
#1128 = VECTOR('',#1129,1.);
#1129 = DIRECTION('',(0.,-1.,0.));
#1130 = PLANE('',#1131);
#1131 = AXIS2_PLACEMENT_3D('',#1132,#1133,#1134);
#1132 = CARTESIAN_POINT('',(-251.1452877288,1.0616E-13,0.));
#1133 = DIRECTION('',(0.,0.,1.));
#1134 = DIRECTION('',(1.,0.,0.));
#1135 = ADVANCED_FACE('',(#1136),#1147,.T.);
#1136 = FACE_BOUND('',#1137,.F.);
#1137 = EDGE_LOOP('',(#1138,#1139,#1140,#1141));
#1138 = ORIENTED_EDGE('',*,*,#588,.T.);
#1139 = ORIENTED_EDGE('',*,*,#1125,.T.);
#1140 = ORIENTED_EDGE('',*,*,#870,.F.);
#1141 = ORIENTED_EDGE('',*,*,#1142,.F.);
#1142 = EDGE_CURVE('',#581,#871,#1143,.T.);
#1143 = LINE('',#1144,#1145);
#1144 = CARTESIAN_POINT('',(-239.5718949164,15.,10.));
#1145 = VECTOR('',#1146,1.);
#1146 = DIRECTION('',(0.,-1.,0.));
#1147 = CYLINDRICAL_SURFACE('',#1148,10.);
#1148 = AXIS2_PLACEMENT_3D('',#1149,#1150,#1151);
#1149 = CARTESIAN_POINT('',(-249.5718949164,15.,10.));
#1150 = DIRECTION('',(0.,-1.,0.));
#1151 = DIRECTION('',(1.,0.,0.));
#1152 = ADVANCED_FACE('',(#1153),#1213,.T.);
#1153 = FACE_BOUND('',#1154,.T.);
#1154 = EDGE_LOOP('',(#1155,#1163,#1164,#1165,#1166,#1174,#1182,#1190,
    #1199,#1207));
#1155 = ORIENTED_EDGE('',*,*,#1156,.T.);
#1156 = EDGE_CURVE('',#1157,#880,#1159,.T.);
#1157 = VERTEX_POINT('',#1158);
#1158 = CARTESIAN_POINT('',(-239.5718949164,-14.9883625187,25.));
#1159 = LINE('',#1160,#1161);
#1160 = CARTESIAN_POINT('',(-239.5718949164,15.,25.));
#1161 = VECTOR('',#1162,1.);
#1162 = DIRECTION('',(0.,-1.,0.));
#1163 = ORIENTED_EDGE('',*,*,#879,.F.);
#1164 = ORIENTED_EDGE('',*,*,#1142,.F.);
#1165 = ORIENTED_EDGE('',*,*,#580,.T.);
#1166 = ORIENTED_EDGE('',*,*,#1167,.T.);
#1167 = EDGE_CURVE('',#573,#1168,#1170,.T.);
#1168 = VERTEX_POINT('',#1169);
#1169 = CARTESIAN_POINT('',(-239.5718949164,14.9883625187,25.));
#1170 = LINE('',#1171,#1172);
#1171 = CARTESIAN_POINT('',(-239.5718949164,15.,25.));
#1172 = VECTOR('',#1173,1.);
#1173 = DIRECTION('',(0.,-1.,0.));
#1174 = ORIENTED_EDGE('',*,*,#1175,.F.);
#1175 = EDGE_CURVE('',#1176,#1168,#1178,.T.);
#1176 = VERTEX_POINT('',#1177);
#1177 = CARTESIAN_POINT('',(-239.5718949164,14.9883625187,23.));
#1178 = LINE('',#1179,#1180);
#1179 = CARTESIAN_POINT('',(-239.5718949164,14.9883625187,23.));
#1180 = VECTOR('',#1181,1.);
#1181 = DIRECTION('',(0.,0.,1.));
#1182 = ORIENTED_EDGE('',*,*,#1183,.F.);
#1183 = EDGE_CURVE('',#1184,#1176,#1186,.T.);
#1184 = VERTEX_POINT('',#1185);
#1185 = CARTESIAN_POINT('',(-239.5718949164,11.578536176909,23.));
#1186 = LINE('',#1187,#1188);
#1187 = CARTESIAN_POINT('',(-239.5718949164,13.302175521365,23.));
#1188 = VECTOR('',#1189,1.);
#1189 = DIRECTION('',(0.,1.,-3.7E-16));
#1190 = ORIENTED_EDGE('',*,*,#1191,.F.);
#1191 = EDGE_CURVE('',#1192,#1184,#1194,.T.);
#1192 = VERTEX_POINT('',#1193);
#1193 = CARTESIAN_POINT('',(-239.5718949164,-11.5785361769,23.));
#1194 = CIRCLE('',#1195,11.75);
#1195 = AXIS2_PLACEMENT_3D('',#1196,#1197,#1198);
#1196 = CARTESIAN_POINT('',(-239.5718949164,0.,25.));
#1197 = DIRECTION('',(1.,0.,0.));
#1198 = DIRECTION('',(0.,-0.973527144994,-0.228571428571));
#1199 = ORIENTED_EDGE('',*,*,#1200,.F.);
#1200 = EDGE_CURVE('',#1201,#1192,#1203,.T.);
#1201 = VERTEX_POINT('',#1202);
#1202 = CARTESIAN_POINT('',(-239.5718949164,-14.9883625187,23.));
#1203 = LINE('',#1204,#1205);
#1204 = CARTESIAN_POINT('',(-239.5718949164,-14.5183625187,23.));
#1205 = VECTOR('',#1206,1.);
#1206 = DIRECTION('',(0.,1.,5.9E-16));
#1207 = ORIENTED_EDGE('',*,*,#1208,.F.);
#1208 = EDGE_CURVE('',#1157,#1201,#1209,.T.);
#1209 = LINE('',#1210,#1211);
#1210 = CARTESIAN_POINT('',(-239.5718949164,-14.9883625187,25.));
#1211 = VECTOR('',#1212,1.);
#1212 = DIRECTION('',(0.,0.,-1.));
#1213 = PLANE('',#1214);
#1214 = AXIS2_PLACEMENT_3D('',#1215,#1216,#1217);
#1215 = CARTESIAN_POINT('',(-239.5718949164,15.,0.));
#1216 = DIRECTION('',(1.,0.,0.));
#1217 = DIRECTION('',(0.,-1.,0.));
#1218 = ADVANCED_FACE('',(#1219,#1320,#1331),#1342,.T.);
#1219 = FACE_BOUND('',#1220,.T.);
#1220 = EDGE_LOOP('',(#1221,#1231,#1237,#1238,#1239,#1246,#1247,#1248,
    #1256,#1264,#1273,#1281,#1289,#1297,#1305,#1313));
#1221 = ORIENTED_EDGE('',*,*,#1222,.F.);
#1222 = EDGE_CURVE('',#1223,#1225,#1227,.T.);
#1223 = VERTEX_POINT('',#1224);
#1224 = CARTESIAN_POINT('',(-239.1018949164,14.5183625187,25.));
#1225 = VERTEX_POINT('',#1226);
#1226 = CARTESIAN_POINT('',(-232.5718949164,14.5183625187,25.));
#1227 = LINE('',#1228,#1229);
#1228 = CARTESIAN_POINT('',(-239.5718949164,14.5183625187,25.));
#1229 = VECTOR('',#1230,1.);
#1230 = DIRECTION('',(1.,0.,0.));
#1231 = ORIENTED_EDGE('',*,*,#1232,.T.);
#1232 = EDGE_CURVE('',#1223,#1168,#1233,.T.);
#1233 = LINE('',#1234,#1235);
#1234 = CARTESIAN_POINT('',(-236.0287148739,11.445182476234,25.));
#1235 = VECTOR('',#1236,1.);
#1236 = DIRECTION('',(-0.707106781187,0.707106781187,0.));
#1237 = ORIENTED_EDGE('',*,*,#1167,.F.);
#1238 = ORIENTED_EDGE('',*,*,#572,.F.);
#1239 = ORIENTED_EDGE('',*,*,#1240,.T.);
#1240 = EDGE_CURVE('',#565,#888,#1241,.T.);
#1241 = CIRCLE('',#1242,250.);
#1242 = AXIS2_PLACEMENT_3D('',#1243,#1244,#1245);
#1243 = CARTESIAN_POINT('',(0.,0.,25.));
#1244 = DIRECTION('',(0.,0.,1.));
#1245 = DIRECTION('',(1.,0.,0.));
#1246 = ORIENTED_EDGE('',*,*,#887,.F.);
#1247 = ORIENTED_EDGE('',*,*,#1156,.F.);
#1248 = ORIENTED_EDGE('',*,*,#1249,.T.);
#1249 = EDGE_CURVE('',#1157,#1250,#1252,.T.);
#1250 = VERTEX_POINT('',#1251);
#1251 = CARTESIAN_POINT('',(-239.1018949164,-14.5183625187,25.));
#1252 = LINE('',#1253,#1254);
#1253 = CARTESIAN_POINT('',(-236.0287148739,-11.44518247623,25.));
#1254 = VECTOR('',#1255,1.);
#1255 = DIRECTION('',(0.707106781187,0.707106781187,0.));
#1256 = ORIENTED_EDGE('',*,*,#1257,.T.);
#1257 = EDGE_CURVE('',#1250,#1258,#1260,.T.);
#1258 = VERTEX_POINT('',#1259);
#1259 = CARTESIAN_POINT('',(-232.5718949164,-14.5183625187,25.));
#1260 = LINE('',#1261,#1262);
#1261 = CARTESIAN_POINT('',(-239.5718949164,-14.5183625187,25.));
#1262 = VECTOR('',#1263,1.);
#1263 = DIRECTION('',(1.,0.,0.));
#1264 = ORIENTED_EDGE('',*,*,#1265,.T.);
#1265 = EDGE_CURVE('',#1258,#1266,#1268,.T.);
#1266 = VERTEX_POINT('',#1267);
#1267 = CARTESIAN_POINT('',(-229.5718949164,-11.5183625187,25.));
#1268 = CIRCLE('',#1269,3.);
#1269 = AXIS2_PLACEMENT_3D('',#1270,#1271,#1272);
#1270 = CARTESIAN_POINT('',(-232.5718949164,-11.5183625187,25.));
#1271 = DIRECTION('',(0.,-0.,1.));
#1272 = DIRECTION('',(0.,1.,0.));
#1273 = ORIENTED_EDGE('',*,*,#1274,.T.);
#1274 = EDGE_CURVE('',#1266,#1275,#1277,.T.);
#1275 = VERTEX_POINT('',#1276);
#1276 = CARTESIAN_POINT('',(-229.5718949164,-6.075,25.));
#1277 = LINE('',#1278,#1279);
#1278 = CARTESIAN_POINT('',(-229.5718949164,-14.5183625187,25.));
#1279 = VECTOR('',#1280,1.);
#1280 = DIRECTION('',(0.,1.,0.));
#1281 = ORIENTED_EDGE('',*,*,#1282,.F.);
#1282 = EDGE_CURVE('',#1283,#1275,#1285,.T.);
#1283 = VERTEX_POINT('',#1284);
#1284 = CARTESIAN_POINT('',(-246.5718949164,-6.075,25.));
#1285 = LINE('',#1286,#1287);
#1286 = CARTESIAN_POINT('',(-239.5718949164,-6.075,25.));
#1287 = VECTOR('',#1288,1.);
#1288 = DIRECTION('',(1.,0.,0.));
#1289 = ORIENTED_EDGE('',*,*,#1290,.T.);
#1290 = EDGE_CURVE('',#1283,#1291,#1293,.T.);
#1291 = VERTEX_POINT('',#1292);
#1292 = CARTESIAN_POINT('',(-246.5718949164,6.075,25.));
#1293 = LINE('',#1294,#1295);
#1294 = CARTESIAN_POINT('',(-246.5718949164,5.291E-14,25.));
#1295 = VECTOR('',#1296,1.);
#1296 = DIRECTION('',(0.,1.,0.));
#1297 = ORIENTED_EDGE('',*,*,#1298,.F.);
#1298 = EDGE_CURVE('',#1299,#1291,#1301,.T.);
#1299 = VERTEX_POINT('',#1300);
#1300 = CARTESIAN_POINT('',(-229.5718949164,6.075,25.));
#1301 = LINE('',#1302,#1303);
#1302 = CARTESIAN_POINT('',(-239.5718949164,6.075,25.));
#1303 = VECTOR('',#1304,1.);
#1304 = DIRECTION('',(-1.,-0.,-0.));
#1305 = ORIENTED_EDGE('',*,*,#1306,.T.);
#1306 = EDGE_CURVE('',#1299,#1307,#1309,.T.);
#1307 = VERTEX_POINT('',#1308);
#1308 = CARTESIAN_POINT('',(-229.5718949164,11.5183625187,25.));
#1309 = LINE('',#1310,#1311);
#1310 = CARTESIAN_POINT('',(-229.5718949164,6.075,25.));
#1311 = VECTOR('',#1312,1.);
#1312 = DIRECTION('',(0.,1.,0.));
#1313 = ORIENTED_EDGE('',*,*,#1314,.F.);
#1314 = EDGE_CURVE('',#1225,#1307,#1315,.T.);
#1315 = CIRCLE('',#1316,3.);
#1316 = AXIS2_PLACEMENT_3D('',#1317,#1318,#1319);
#1317 = CARTESIAN_POINT('',(-232.5718949164,11.5183625187,25.));
#1318 = DIRECTION('',(-0.,-0.,-1.));
#1319 = DIRECTION('',(0.,-1.,0.));
#1320 = FACE_BOUND('',#1321,.T.);
#1321 = EDGE_LOOP('',(#1322));
#1322 = ORIENTED_EDGE('',*,*,#1323,.F.);
#1323 = EDGE_CURVE('',#1324,#1324,#1326,.T.);
#1324 = VERTEX_POINT('',#1325);
#1325 = CARTESIAN_POINT('',(-233.45,-11.,25.));
#1326 = CIRCLE('',#1327,1.55);
#1327 = AXIS2_PLACEMENT_3D('',#1328,#1329,#1330);
#1328 = CARTESIAN_POINT('',(-235.,-11.,25.));
#1329 = DIRECTION('',(0.,0.,1.));
#1330 = DIRECTION('',(1.,0.,0.));
#1331 = FACE_BOUND('',#1332,.T.);
#1332 = EDGE_LOOP('',(#1333));
#1333 = ORIENTED_EDGE('',*,*,#1334,.F.);
#1334 = EDGE_CURVE('',#1335,#1335,#1337,.T.);
#1335 = VERTEX_POINT('',#1336);
#1336 = CARTESIAN_POINT('',(-233.45,11.,25.));
#1337 = CIRCLE('',#1338,1.55);
#1338 = AXIS2_PLACEMENT_3D('',#1339,#1340,#1341);
#1339 = CARTESIAN_POINT('',(-235.,11.,25.));
#1340 = DIRECTION('',(0.,0.,1.));
#1341 = DIRECTION('',(1.,0.,0.));
#1342 = PLANE('',#1343);
#1343 = AXIS2_PLACEMENT_3D('',#1344,#1345,#1346);
#1344 = CARTESIAN_POINT('',(-240.8575372652,7.237E-14,25.));
#1345 = DIRECTION('',(0.,0.,1.));
#1346 = DIRECTION('',(1.,0.,0.));
#1347 = ADVANCED_FACE('',(#1348),#1360,.T.);
#1348 = FACE_BOUND('',#1349,.T.);
#1349 = EDGE_LOOP('',(#1350,#1351,#1352,#1359));
#1350 = ORIENTED_EDGE('',*,*,#1240,.F.);
#1351 = ORIENTED_EDGE('',*,*,#564,.F.);
#1352 = ORIENTED_EDGE('',*,*,#1353,.T.);
#1353 = EDGE_CURVE('',#557,#896,#1354,.T.);
#1354 = CIRCLE('',#1355,250.);
#1355 = AXIS2_PLACEMENT_3D('',#1356,#1357,#1358);
#1356 = CARTESIAN_POINT('',(0.,0.,10.));
#1357 = DIRECTION('',(0.,0.,1.));
#1358 = DIRECTION('',(1.,0.,0.));
#1359 = ORIENTED_EDGE('',*,*,#895,.T.);
#1360 = CYLINDRICAL_SURFACE('',#1361,250.);
#1361 = AXIS2_PLACEMENT_3D('',#1362,#1363,#1364);
#1362 = CARTESIAN_POINT('',(0.,0.,25.));
#1363 = DIRECTION('',(0.,0.,1.));
#1364 = DIRECTION('',(1.,0.,0.));
#1365 = ADVANCED_FACE('',(#1366),#1372,.T.);
#1366 = FACE_BOUND('',#1367,.T.);
#1367 = EDGE_LOOP('',(#1368,#1369,#1370,#1371));
#1368 = ORIENTED_EDGE('',*,*,#556,.F.);
#1369 = ORIENTED_EDGE('',*,*,#1045,.T.);
#1370 = ORIENTED_EDGE('',*,*,#903,.F.);
#1371 = ORIENTED_EDGE('',*,*,#1353,.F.);
#1372 = PLANE('',#1373);
#1373 = AXIS2_PLACEMENT_3D('',#1374,#1375,#1376);
#1374 = CARTESIAN_POINT('',(-1.392E-14,3.7E-16,10.));
#1375 = DIRECTION('',(0.,0.,1.));
#1376 = DIRECTION('',(1.,0.,0.));
#1377 = ADVANCED_FACE('',(#1378),#1458,.F.);
#1378 = FACE_BOUND('',#1379,.T.);
#1379 = EDGE_LOOP('',(#1380,#1381,#1382,#1383,#1384,#1385,#1386,#1387,
    #1395,#1452));
#1380 = ORIENTED_EDGE('',*,*,#704,.F.);
#1381 = ORIENTED_EDGE('',*,*,#744,.T.);
#1382 = ORIENTED_EDGE('',*,*,#819,.F.);
#1383 = ORIENTED_EDGE('',*,*,#811,.F.);
#1384 = ORIENTED_EDGE('',*,*,#803,.T.);
#1385 = ORIENTED_EDGE('',*,*,#1027,.T.);
#1386 = ORIENTED_EDGE('',*,*,#992,.T.);
#1387 = ORIENTED_EDGE('',*,*,#1388,.T.);
#1388 = EDGE_CURVE('',#995,#1389,#1391,.T.);
#1389 = VERTEX_POINT('',#1390);
#1390 = CARTESIAN_POINT('',(-254.8179144513,-18.,23.));
#1391 = LINE('',#1392,#1393);
#1392 = CARTESIAN_POINT('',(-253.13,-18.,23.));
#1393 = VECTOR('',#1394,1.);
#1394 = DIRECTION('',(-1.,0.,0.));
#1395 = ORIENTED_EDGE('',*,*,#1396,.F.);
#1396 = EDGE_CURVE('',#1397,#1389,#1399,.T.);
#1397 = VERTEX_POINT('',#1398);
#1398 = CARTESIAN_POINT('',(-260.3820855486,-18.,23.));
#1399 = B_SPLINE_CURVE_WITH_KNOTS('',6,(#1400,#1401,#1402,#1403,#1404,
    #1405,#1406,#1407,#1408,#1409,#1410,#1411,#1412,#1413,#1414,#1415,
    #1416,#1417,#1418,#1419,#1420,#1421,#1422,#1423,#1424,#1425,#1426,
    #1427,#1428,#1429,#1430,#1431,#1432,#1433,#1434,#1435,#1436,#1437,
    #1438,#1439,#1440,#1441,#1442,#1443,#1444,#1445,#1446,#1447,#1448,
    #1449,#1450,#1451),.UNSPECIFIED.,.F.,.F.,(7,5,5,5,5,5,5,5,5,5,7),(0.
    ,7.983640080689E-02,0.132864033223,0.171558552061,0.269875822604,
    0.384107049849,0.499959258707,0.614134414711,0.730294380393,
    0.919725809195,1.),.UNSPECIFIED.);
#1400 = CARTESIAN_POINT('',(-260.3820855486,-18.,23.));
#1401 = CARTESIAN_POINT('',(-260.3373153789,-17.90035644625,23.));
#1402 = CARTESIAN_POINT('',(-260.2888084376,-17.80385208466,
    22.996028615458));
#1403 = CARTESIAN_POINT('',(-260.2368955735,-17.71069883649,
    22.988554318631));
#1404 = CARTESIAN_POINT('',(-260.1819315744,-17.62107673405,
    22.978040023505));
#1405 = CARTESIAN_POINT('',(-260.1242959184,-17.53513356908,
    22.964941778301));
#1406 = CARTESIAN_POINT('',(-260.024606132,-17.3984208532,
    22.939588766154));
#1407 = CARTESIAN_POINT('',(-259.9837836502,-17.34548305004,
    22.928518905562));
#1408 = CARTESIAN_POINT('',(-259.942002067,-17.2941557892,
    22.916615209164));
#1409 = CARTESIAN_POINT('',(-259.8993306622,-17.24442109847,
    22.903987340319));
#1410 = CARTESIAN_POINT('',(-259.8558320066,-17.19625837591,
    22.890737292801));
#1411 = CARTESIAN_POINT('',(-259.7792578968,-17.11562993967,
    22.866905589333));
#1412 = CARTESIAN_POINT('',(-259.7465410284,-17.08243809738,
    22.856570217274));
#1413 = CARTESIAN_POINT('',(-259.7134309664,-17.05005804135,
    22.845989309178));
#1414 = CARTESIAN_POINT('',(-259.6799451943,-17.01847886695,
    22.835197073739));
#1415 = CARTESIAN_POINT('',(-259.6460990687,-16.98768958655,
    22.824225893787));
#1416 = CARTESIAN_POINT('',(-259.5250256353,-16.88142682537,
    22.784853086334));
#1417 = CARTESIAN_POINT('',(-259.4358972338,-16.81019600428,
    22.755639936664));
#1418 = CARTESIAN_POINT('',(-259.3447408807,-16.74381396914,
    22.72597050012));
#1419 = CARTESIAN_POINT('',(-259.2517253835,-16.68213445243,
    22.696296177112));
#1420 = CARTESIAN_POINT('',(-259.1569654847,-16.62503753284,
    22.667031300263));
#1421 = CARTESIAN_POINT('',(-258.9484619226,-16.51130627037,
    22.605498161252));
#1422 = CARTESIAN_POINT('',(-258.8340771918,-16.45621526214,
    22.573495660927));
#1423 = CARTESIAN_POINT('',(-258.7176138247,-16.40711161626,
    22.543223446496));
#1424 = CARTESIAN_POINT('',(-258.5992711055,-16.36396334193,
    22.515308853004));
#1425 = CARTESIAN_POINT('',(-258.4792006872,-16.32676742433,
    22.490327350711));
#1426 = CARTESIAN_POINT('',(-258.2340893316,-16.2639215755,
    22.446938977294));
#1427 = CARTESIAN_POINT('',(-258.1089480333,-16.2384293527,
    22.42862058817));
#1428 = CARTESIAN_POINT('',(-257.9825835779,-16.21924407276,
    22.414433071551));
#1429 = CARTESIAN_POINT('',(-257.8554043592,-16.20642237822,
    22.404816778681));
#1430 = CARTESIAN_POINT('',(-257.7277639842,-16.2,22.4));
#1431 = CARTESIAN_POINT('',(-257.4740855009,-16.2,22.4));
#1432 = CARTESIAN_POINT('',(-257.3482865707,-16.20623778862,
    22.404678337062));
#1433 = CARTESIAN_POINT('',(-257.2229292034,-16.2186921103,
    22.414019097647));
#1434 = CARTESIAN_POINT('',(-257.0983542312,-16.2373288473,
    22.427806623396));
#1435 = CARTESIAN_POINT('',(-256.9749537497,-16.26209349488,
    22.445624465267));
#1436 = CARTESIAN_POINT('',(-256.729339681,-16.32412035543,
    22.48854867182));
#1437 = CARTESIAN_POINT('',(-256.6071408419,-16.36160301551,
    22.513784206388));
#1438 = CARTESIAN_POINT('',(-256.4867192607,-16.40524171889,
    22.542078613221));
#1439 = CARTESIAN_POINT('',(-256.3682347839,-16.45503880227,
    22.572827902417));
#1440 = CARTESIAN_POINT('',(-256.2518982782,-16.51102710259,
    22.605372027017));
#1441 = CARTESIAN_POINT('',(-255.9521875203,-16.67472763016,
    22.693874567054));
#1442 = CARTESIAN_POINT('',(-255.7728568968,-16.79276692828,
    22.751639735379));
#1443 = CARTESIAN_POINT('',(-255.600124175,-16.92810487643,
    22.809569896073));
#1444 = CARTESIAN_POINT('',(-255.4350326922,-17.08199838782,
    22.864629926375));
#1445 = CARTESIAN_POINT('',(-255.2797048592,-17.25579800067,
    22.912964095768));
#1446 = CARTESIAN_POINT('',(-255.0771992932,-17.53290595741,
    22.964601471895));
#1447 = CARTESIAN_POINT('',(-255.0192089296,-17.61921842728,
    22.97782146368));
#1448 = CARTESIAN_POINT('',(-254.9639123668,-17.70924988166,
    22.988437732512));
#1449 = CARTESIAN_POINT('',(-254.9116949652,-17.80285091359,
    22.995987280909));
#1450 = CARTESIAN_POINT('',(-254.8629170141,-17.89983921626,23.));
#1451 = CARTESIAN_POINT('',(-254.8179144513,-18.,23.));
#1452 = ORIENTED_EDGE('',*,*,#1453,.T.);
#1453 = EDGE_CURVE('',#1397,#707,#1454,.T.);
#1454 = LINE('',#1455,#1456);
#1455 = CARTESIAN_POINT('',(-253.13,-18.,23.));
#1456 = VECTOR('',#1457,1.);
#1457 = DIRECTION('',(-1.,0.,0.));
#1458 = CYLINDRICAL_SURFACE('',#1459,3.);
#1459 = AXIS2_PLACEMENT_3D('',#1460,#1461,#1462);
#1460 = CARTESIAN_POINT('',(-253.13,-18.,20.));
#1461 = DIRECTION('',(-1.,0.,0.));
#1462 = DIRECTION('',(0.,1.,0.));
#1463 = ADVANCED_FACE('',(#1464,#1480),#1485,.T.);
#1464 = FACE_BOUND('',#1465,.T.);
#1465 = EDGE_LOOP('',(#1466,#1467,#1468,#1469,#1470,#1477,#1478,#1479));
#1466 = ORIENTED_EDGE('',*,*,#934,.T.);
#1467 = ORIENTED_EDGE('',*,*,#778,.F.);
#1468 = ORIENTED_EDGE('',*,*,#730,.T.);
#1469 = ORIENTED_EDGE('',*,*,#1453,.F.);
#1470 = ORIENTED_EDGE('',*,*,#1471,.T.);
#1471 = EDGE_CURVE('',#1397,#1389,#1472,.T.);
#1472 = CIRCLE('',#1473,3.05);
#1473 = AXIS2_PLACEMENT_3D('',#1474,#1475,#1476);
#1474 = CARTESIAN_POINT('',(-257.6,-19.25,23.));
#1475 = DIRECTION('',(0.,0.,-1.));
#1476 = DIRECTION('',(1.,0.,0.));
#1477 = ORIENTED_EDGE('',*,*,#1388,.F.);
#1478 = ORIENTED_EDGE('',*,*,#1003,.T.);
#1479 = ORIENTED_EDGE('',*,*,#976,.F.);
#1480 = FACE_BOUND('',#1481,.T.);
#1481 = EDGE_LOOP('',(#1482,#1483,#1484));
#1482 = ORIENTED_EDGE('',*,*,#1089,.T.);
#1483 = ORIENTED_EDGE('',*,*,#1071,.T.);
#1484 = ORIENTED_EDGE('',*,*,#1080,.T.);
#1485 = PLANE('',#1486);
#1486 = AXIS2_PLACEMENT_3D('',#1487,#1488,#1489);
#1487 = CARTESIAN_POINT('',(-257.6286502137,-20.20156280148,23.));
#1488 = DIRECTION('',(-0.,-0.,-1.));
#1489 = DIRECTION('',(-1.,0.,0.));
#1490 = ADVANCED_FACE('',(#1491),#1509,.T.);
#1491 = FACE_BOUND('',#1492,.T.);
#1492 = EDGE_LOOP('',(#1493,#1494,#1495,#1503));
#1493 = ORIENTED_EDGE('',*,*,#1249,.F.);
#1494 = ORIENTED_EDGE('',*,*,#1208,.T.);
#1495 = ORIENTED_EDGE('',*,*,#1496,.T.);
#1496 = EDGE_CURVE('',#1201,#1497,#1499,.T.);
#1497 = VERTEX_POINT('',#1498);
#1498 = CARTESIAN_POINT('',(-239.1018949164,-14.5183625187,23.));
#1499 = LINE('',#1500,#1501);
#1500 = CARTESIAN_POINT('',(-237.3010846991,-12.71755230141,23.));
#1501 = VECTOR('',#1502,1.);
#1502 = DIRECTION('',(0.707106781187,0.707106781187,5.5E-16));
#1503 = ORIENTED_EDGE('',*,*,#1504,.F.);
#1504 = EDGE_CURVE('',#1250,#1497,#1505,.T.);
#1505 = LINE('',#1506,#1507);
#1506 = CARTESIAN_POINT('',(-239.1018949164,-14.5183625187,25.));
#1507 = VECTOR('',#1508,1.);
#1508 = DIRECTION('',(0.,0.,-1.));
#1509 = PLANE('',#1510);
#1510 = AXIS2_PLACEMENT_3D('',#1511,#1512,#1513);
#1511 = CARTESIAN_POINT('',(-239.3368949164,-14.7533625187,25.));
#1512 = DIRECTION('',(0.707106781187,-0.707106781187,0.));
#1513 = DIRECTION('',(0.,0.,-1.));
#1514 = ADVANCED_FACE('',(#1515,#1591),#1602,.T.);
#1515 = FACE_BOUND('',#1516,.T.);
#1516 = EDGE_LOOP('',(#1517,#1525,#1526,#1527,#1559,#1568,#1576,#1584));
#1517 = ORIENTED_EDGE('',*,*,#1518,.F.);
#1518 = EDGE_CURVE('',#1497,#1519,#1521,.T.);
#1519 = VERTEX_POINT('',#1520);
#1520 = CARTESIAN_POINT('',(-232.5718949164,-14.5183625187,23.));
#1521 = LINE('',#1522,#1523);
#1522 = CARTESIAN_POINT('',(-239.5718949164,-14.5183625187,23.));
#1523 = VECTOR('',#1524,1.);
#1524 = DIRECTION('',(1.,0.,0.));
#1525 = ORIENTED_EDGE('',*,*,#1496,.F.);
#1526 = ORIENTED_EDGE('',*,*,#1200,.T.);
#1527 = ORIENTED_EDGE('',*,*,#1528,.T.);
#1528 = EDGE_CURVE('',#1192,#1529,#1531,.T.);
#1529 = VERTEX_POINT('',#1530);
#1530 = CARTESIAN_POINT('',(-236.7838547769,-8.526063433546,23.));
#1531 = B_SPLINE_CURVE_WITH_KNOTS('',6,(#1532,#1533,#1534,#1535,#1536,
    #1537,#1538,#1539,#1540,#1541,#1542,#1543,#1544,#1545,#1546,#1547,
    #1548,#1549,#1550,#1551,#1552,#1553,#1554,#1555,#1556,#1557,#1558),
  .UNSPECIFIED.,.F.,.F.,(7,5,5,5,5,7),(0.,0.171922918143,0.40007212832,
    0.492328712263,0.630329691039,1.),.UNSPECIFIED.);
#1532 = CARTESIAN_POINT('',(-239.5718949164,-11.5785361769,23.));
#1533 = CARTESIAN_POINT('',(-239.5718949164,-11.44215542007,23.));
#1534 = CARTESIAN_POINT('',(-239.5646705084,-11.3057690322,23.));
#1535 = CARTESIAN_POINT('',(-239.5502320289,-11.16985852696,23.));
#1536 = CARTESIAN_POINT('',(-239.5286293153,-11.03489941146,23.));
#1537 = CARTESIAN_POINT('',(-239.4999504116,-10.90136078608,23.));
#1538 = CARTESIAN_POINT('',(-239.4170375261,-10.59499190072,23.));
#1539 = CARTESIAN_POINT('',(-239.3575118535,-10.42359001589,23.));
#1540 = CARTESIAN_POINT('',(-239.2860370303,-10.25658071182,23.));
#1541 = CARTESIAN_POINT('',(-239.2030148135,-10.09500636837,23.));
#1542 = CARTESIAN_POINT('',(-239.108954756,-9.93986737045,23.));
#1543 = CARTESIAN_POINT('',(-238.9622251986,-9.732374282172,23.));
#1544 = CARTESIAN_POINT('',(-238.9182722293,-9.673837463804,23.));
#1545 = CARTESIAN_POINT('',(-238.8726557772,-9.616571631051,23.));
#1546 = CARTESIAN_POINT('',(-238.8254192978,-9.560638092838,23.));
#1547 = CARTESIAN_POINT('',(-238.7766090388,-9.506096536158,23.));
#1548 = CARTESIAN_POINT('',(-238.650980996,-9.373588684761,23.));
#1549 = CARTESIAN_POINT('',(-238.5722759687,-9.297416490257,23.));
#1550 = CARTESIAN_POINT('',(-238.4903237138,-9.224682977842,23.));
#1551 = CARTESIAN_POINT('',(-238.4053020937,-9.155572933549,23.));
#1552 = CARTESIAN_POINT('',(-238.3174028149,-9.090260155801,23.));
#1553 = CARTESIAN_POINT('',(-237.9842159104,-8.864554270446,23.));
#1554 = CARTESIAN_POINT('',(-237.7223134696,-8.728530120396,23.));
#1555 = CARTESIAN_POINT('',(-237.4452706247,-8.624132723428,23.));
#1556 = CARTESIAN_POINT('',(-237.1577400313,-8.553605740549,23.));
#1557 = CARTESIAN_POINT('',(-236.8647669979,-8.5183625187,23.));
#1558 = CARTESIAN_POINT('',(-236.5718949164,-8.5183625187,23.));
#1559 = ORIENTED_EDGE('',*,*,#1560,.T.);
#1560 = EDGE_CURVE('',#1529,#1561,#1563,.T.);
#1561 = VERTEX_POINT('',#1562);
#1562 = CARTESIAN_POINT('',(-233.2268741129,-8.5183625187,23.));
#1563 = CIRCLE('',#1564,3.05);
#1564 = AXIS2_PLACEMENT_3D('',#1565,#1566,#1567);
#1565 = CARTESIAN_POINT('',(-235.,-11.,23.));
#1566 = DIRECTION('',(0.,0.,-1.));
#1567 = DIRECTION('',(1.,0.,0.));
#1568 = ORIENTED_EDGE('',*,*,#1569,.T.);
#1569 = EDGE_CURVE('',#1561,#1570,#1572,.T.);
#1570 = VERTEX_POINT('',#1571);
#1571 = CARTESIAN_POINT('',(-229.5718949164,-8.5183625187,23.));
#1572 = LINE('',#1573,#1574);
#1573 = CARTESIAN_POINT('',(-239.5718949164,-8.5183625187,23.));
#1574 = VECTOR('',#1575,1.);
#1575 = DIRECTION('',(1.,0.,0.));
#1576 = ORIENTED_EDGE('',*,*,#1577,.F.);
#1577 = EDGE_CURVE('',#1578,#1570,#1580,.T.);
#1578 = VERTEX_POINT('',#1579);
#1579 = CARTESIAN_POINT('',(-229.5718949164,-11.5183625187,23.));
#1580 = LINE('',#1581,#1582);
#1581 = CARTESIAN_POINT('',(-229.5718949164,-14.5183625187,23.));
#1582 = VECTOR('',#1583,1.);
#1583 = DIRECTION('',(0.,1.,5.9E-16));
#1584 = ORIENTED_EDGE('',*,*,#1585,.F.);
#1585 = EDGE_CURVE('',#1519,#1578,#1586,.T.);
#1586 = CIRCLE('',#1587,3.);
#1587 = AXIS2_PLACEMENT_3D('',#1588,#1589,#1590);
#1588 = CARTESIAN_POINT('',(-232.5718949164,-11.5183625187,23.));
#1589 = DIRECTION('',(0.,-0.,1.));
#1590 = DIRECTION('',(0.,1.,0.));
#1591 = FACE_BOUND('',#1592,.T.);
#1592 = EDGE_LOOP('',(#1593));
#1593 = ORIENTED_EDGE('',*,*,#1594,.T.);
#1594 = EDGE_CURVE('',#1595,#1595,#1597,.T.);
#1595 = VERTEX_POINT('',#1596);
#1596 = CARTESIAN_POINT('',(-233.45,-11.,23.));
#1597 = CIRCLE('',#1598,1.55);
#1598 = AXIS2_PLACEMENT_3D('',#1599,#1600,#1601);
#1599 = CARTESIAN_POINT('',(-235.,-11.,23.));
#1600 = DIRECTION('',(0.,0.,1.));
#1601 = DIRECTION('',(1.,0.,0.));
#1602 = PLANE('',#1603);
#1603 = AXIS2_PLACEMENT_3D('',#1604,#1605,#1606);
#1604 = CARTESIAN_POINT('',(-234.3426655232,-11.60435104273,23.));
#1605 = DIRECTION('',(0.,7.8E-16,-1.));
#1606 = DIRECTION('',(0.,-1.,-7.8E-16));
#1607 = ADVANCED_FACE('',(#1608),#1689,.F.);
#1608 = FACE_BOUND('',#1609,.T.);
#1609 = EDGE_LOOP('',(#1610,#1611,#1612,#1644,#1663,#1672));
#1610 = ORIENTED_EDGE('',*,*,#1528,.F.);
#1611 = ORIENTED_EDGE('',*,*,#1191,.T.);
#1612 = ORIENTED_EDGE('',*,*,#1613,.T.);
#1613 = EDGE_CURVE('',#1184,#1614,#1616,.T.);
#1614 = VERTEX_POINT('',#1615);
#1615 = CARTESIAN_POINT('',(-236.7838547769,8.526063433546,23.));
#1616 = B_SPLINE_CURVE_WITH_KNOTS('',6,(#1617,#1618,#1619,#1620,#1621,
    #1622,#1623,#1624,#1625,#1626,#1627,#1628,#1629,#1630,#1631,#1632,
    #1633,#1634,#1635,#1636,#1637,#1638,#1639,#1640,#1641,#1642,#1643),
  .UNSPECIFIED.,.F.,.F.,(7,5,5,5,5,7),(0.,0.171922918143,0.40007212832,
    0.492328712264,0.630329691039,1.),.UNSPECIFIED.);
#1617 = CARTESIAN_POINT('',(-239.5718949164,11.578536176909,23.));
#1618 = CARTESIAN_POINT('',(-239.5718949164,11.442155420073,23.));
#1619 = CARTESIAN_POINT('',(-239.5646705084,11.305769032207,23.));
#1620 = CARTESIAN_POINT('',(-239.5502320289,11.169858526966,23.));
#1621 = CARTESIAN_POINT('',(-239.5286293153,11.03489941146,23.));
#1622 = CARTESIAN_POINT('',(-239.4999504116,10.901360786085,23.));
#1623 = CARTESIAN_POINT('',(-239.4170375261,10.594991900725,23.));
#1624 = CARTESIAN_POINT('',(-239.3575118535,10.42359001589,23.));
#1625 = CARTESIAN_POINT('',(-239.2860370303,10.256580711828,23.));
#1626 = CARTESIAN_POINT('',(-239.2030148135,10.095006368373,23.));
#1627 = CARTESIAN_POINT('',(-239.108954756,9.93986737045,23.));
#1628 = CARTESIAN_POINT('',(-238.9622251986,9.732374282172,23.));
#1629 = CARTESIAN_POINT('',(-238.9182722293,9.673837463804,23.));
#1630 = CARTESIAN_POINT('',(-238.8726557772,9.616571631051,23.));
#1631 = CARTESIAN_POINT('',(-238.8254192978,9.560638092838,23.));
#1632 = CARTESIAN_POINT('',(-238.7766090388,9.506096536158,23.));
#1633 = CARTESIAN_POINT('',(-238.650980996,9.373588684761,23.));
#1634 = CARTESIAN_POINT('',(-238.5722759687,9.297416490257,23.));
#1635 = CARTESIAN_POINT('',(-238.4903237138,9.224682977842,23.));
#1636 = CARTESIAN_POINT('',(-238.4053020937,9.155572933549,23.));
#1637 = CARTESIAN_POINT('',(-238.3174028149,9.090260155801,23.));
#1638 = CARTESIAN_POINT('',(-237.9842159104,8.864554270446,23.));
#1639 = CARTESIAN_POINT('',(-237.7223134696,8.728530120395,23.));
#1640 = CARTESIAN_POINT('',(-237.4452706247,8.624132723428,23.));
#1641 = CARTESIAN_POINT('',(-237.1577400313,8.553605740549,23.));
#1642 = CARTESIAN_POINT('',(-236.8647669979,8.5183625187,23.));
#1643 = CARTESIAN_POINT('',(-236.5718949164,8.5183625187,23.));
#1644 = ORIENTED_EDGE('',*,*,#1645,.T.);
#1645 = EDGE_CURVE('',#1614,#1646,#1648,.T.);
#1646 = VERTEX_POINT('',#1647);
#1647 = CARTESIAN_POINT('',(-236.5718949164,8.38625816659,
    22.503367475316));
#1648 = B_SPLINE_CURVE_WITH_KNOTS('',7,(#1649,#1650,#1651,#1652,#1653,
    #1654,#1655,#1656,#1657,#1658,#1659,#1660,#1661,#1662),
  .UNSPECIFIED.,.F.,.F.,(8,6,8),(0.,0.257246775044,1.),.UNSPECIFIED.);
#1649 = CARTESIAN_POINT('',(-236.7838922422,8.526090448664,
    23.000103671537));
#1650 = CARTESIAN_POINT('',(-236.7771760096,8.521247499768,
    22.981540353356));
#1651 = CARTESIAN_POINT('',(-236.7703689713,8.516371373243,
    22.963001141097));
#1652 = CARTESIAN_POINT('',(-236.7634716709,8.511463863814,
    22.944488584771));
#1653 = CARTESIAN_POINT('',(-236.7564822169,8.506524782196,
    22.925998916252));
#1654 = CARTESIAN_POINT('',(-236.7494019288,8.501556549959,
    22.907536633408));
#1655 = CARTESIAN_POINT('',(-236.7422295444,8.49655952143,
    22.889099431909));
#1656 = CARTESIAN_POINT('',(-236.7139905945,8.477028215432,
    22.817530282089));
#1657 = CARTESIAN_POINT('',(-236.6922486389,8.46229301452,
    22.764589839192));
#1658 = CARTESIAN_POINT('',(-236.6697335176,8.447358016663,
    22.711874169167));
#1659 = CARTESIAN_POINT('',(-236.6464411817,8.432253748516,
    22.659389411867));
#1660 = CARTESIAN_POINT('',(-236.6223697207,8.417012639449,
    22.607140769335));
#1661 = CARTESIAN_POINT('',(-236.5975197698,8.401668861041,
    22.555132427073));
#1662 = CARTESIAN_POINT('',(-236.5718949164,8.38625816659,
    22.503367475316));
#1663 = ORIENTED_EDGE('',*,*,#1664,.F.);
#1664 = EDGE_CURVE('',#1665,#1646,#1667,.T.);
#1665 = VERTEX_POINT('',#1666);
#1666 = CARTESIAN_POINT('',(-236.5718949164,-8.386258166589,
    22.503367475316));
#1667 = CIRCLE('',#1668,8.75);
#1668 = AXIS2_PLACEMENT_3D('',#1669,#1670,#1671);
#1669 = CARTESIAN_POINT('',(-236.5718949164,0.,25.));
#1670 = DIRECTION('',(1.,0.,0.));
#1671 = DIRECTION('',(0.,-0.973527144994,-0.228571428571));
#1672 = ORIENTED_EDGE('',*,*,#1673,.T.);
#1673 = EDGE_CURVE('',#1665,#1529,#1674,.T.);
#1674 = B_SPLINE_CURVE_WITH_KNOTS('',5,(#1675,#1676,#1677,#1678,#1679,
    #1680,#1681,#1682,#1683,#1684,#1685,#1686,#1687,#1688),
  .UNSPECIFIED.,.F.,.F.,(6,4,4,6),(0.,0.620340450328,0.806303053298,1.),
  .UNSPECIFIED.);
#1675 = CARTESIAN_POINT('',(-236.5718949164,-8.386258166589,
    22.503367475316));
#1676 = CARTESIAN_POINT('',(-236.6013904681,-8.403996685092,
    22.562951652876));
#1677 = CARTESIAN_POINT('',(-236.6297858155,-8.421640260419,
    22.622881312664));
#1678 = CARTESIAN_POINT('',(-236.6570746652,-8.439119117974,
    22.683150421668));
#1679 = CARTESIAN_POINT('',(-236.6832585166,-8.456369147031,
    22.743749642764));
#1680 = CARTESIAN_POINT('',(-236.715867462,-8.478416911435,
    22.822927640408));
#1681 = CARTESIAN_POINT('',(-236.723386781,-8.483541695453,
    22.841453028228));
#1682 = CARTESIAN_POINT('',(-236.7309044883,-8.488706542782,
    22.860254981534));
#1683 = CARTESIAN_POINT('',(-236.738420448,-8.49391174816,
    22.879347636322));
#1684 = CARTESIAN_POINT('',(-236.7537611071,-8.504621653913,
    22.918952753159));
#1685 = CARTESIAN_POINT('',(-236.7614697132,-8.510048871617,
    22.939191964868));
#1686 = CARTESIAN_POINT('',(-236.7690607069,-8.515437262076,
    22.95946374068));
#1687 = CARTESIAN_POINT('',(-236.7765347374,-8.520785085232,
    22.979767919403));
#1688 = CARTESIAN_POINT('',(-236.7838922422,-8.526090448664,
    23.000103671537));
#1689 = TOROIDAL_SURFACE('',#1690,11.75,3.);
#1690 = AXIS2_PLACEMENT_3D('',#1691,#1692,#1693);
#1691 = CARTESIAN_POINT('',(-236.5718949164,0.,25.));
#1692 = DIRECTION('',(-1.,-0.,-0.));
#1693 = DIRECTION('',(0.,-0.973527144994,-0.228571428571));
#1694 = ADVANCED_FACE('',(#1695),#1713,.T.);
#1695 = FACE_BOUND('',#1696,.F.);
#1696 = EDGE_LOOP('',(#1697,#1705,#1711,#1712));
#1697 = ORIENTED_EDGE('',*,*,#1698,.F.);
#1698 = EDGE_CURVE('',#1699,#1176,#1701,.T.);
#1699 = VERTEX_POINT('',#1700);
#1700 = CARTESIAN_POINT('',(-239.1018949164,14.5183625187,23.));
#1701 = LINE('',#1702,#1703);
#1702 = CARTESIAN_POINT('',(-237.3010846991,12.717552301419,23.));
#1703 = VECTOR('',#1704,1.);
#1704 = DIRECTION('',(-0.707106781187,0.707106781187,-2.6E-16));
#1705 = ORIENTED_EDGE('',*,*,#1706,.T.);
#1706 = EDGE_CURVE('',#1699,#1223,#1707,.T.);
#1707 = LINE('',#1708,#1709);
#1708 = CARTESIAN_POINT('',(-239.1018949164,14.5183625187,23.));
#1709 = VECTOR('',#1710,1.);
#1710 = DIRECTION('',(0.,0.,1.));
#1711 = ORIENTED_EDGE('',*,*,#1232,.T.);
#1712 = ORIENTED_EDGE('',*,*,#1175,.F.);
#1713 = PLANE('',#1714);
#1714 = AXIS2_PLACEMENT_3D('',#1715,#1716,#1717);
#1715 = CARTESIAN_POINT('',(-239.3368949164,14.7533625187,23.));
#1716 = DIRECTION('',(0.707106781187,0.707106781187,0.));
#1717 = DIRECTION('',(-0.,-0.,-1.));
#1718 = ADVANCED_FACE('',(#1719,#1764),#1775,.T.);
#1719 = FACE_BOUND('',#1720,.T.);
#1720 = EDGE_LOOP('',(#1721,#1729,#1738,#1746,#1754,#1761,#1762,#1763));
#1721 = ORIENTED_EDGE('',*,*,#1722,.T.);
#1722 = EDGE_CURVE('',#1699,#1723,#1725,.T.);
#1723 = VERTEX_POINT('',#1724);
#1724 = CARTESIAN_POINT('',(-232.5718949164,14.5183625187,23.));
#1725 = LINE('',#1726,#1727);
#1726 = CARTESIAN_POINT('',(-239.5718949164,14.5183625187,23.));
#1727 = VECTOR('',#1728,1.);
#1728 = DIRECTION('',(1.,0.,0.));
#1729 = ORIENTED_EDGE('',*,*,#1730,.T.);
#1730 = EDGE_CURVE('',#1723,#1731,#1733,.T.);
#1731 = VERTEX_POINT('',#1732);
#1732 = CARTESIAN_POINT('',(-229.5718949164,11.5183625187,23.));
#1733 = CIRCLE('',#1734,3.);
#1734 = AXIS2_PLACEMENT_3D('',#1735,#1736,#1737);
#1735 = CARTESIAN_POINT('',(-232.5718949164,11.5183625187,23.));
#1736 = DIRECTION('',(-0.,-0.,-1.));
#1737 = DIRECTION('',(0.,-1.,0.));
#1738 = ORIENTED_EDGE('',*,*,#1739,.F.);
#1739 = EDGE_CURVE('',#1740,#1731,#1742,.T.);
#1740 = VERTEX_POINT('',#1741);
#1741 = CARTESIAN_POINT('',(-229.5718949164,8.5183625187,23.));
#1742 = LINE('',#1743,#1744);
#1743 = CARTESIAN_POINT('',(-229.5718949164,8.5183625187,23.));
#1744 = VECTOR('',#1745,1.);
#1745 = DIRECTION('',(0.,1.,0.));
#1746 = ORIENTED_EDGE('',*,*,#1747,.F.);
#1747 = EDGE_CURVE('',#1748,#1740,#1750,.T.);
#1748 = VERTEX_POINT('',#1749);
#1749 = CARTESIAN_POINT('',(-233.2268741129,8.5183625187,23.));
#1750 = LINE('',#1751,#1752);
#1751 = CARTESIAN_POINT('',(-239.5718949164,8.5183625187,23.));
#1752 = VECTOR('',#1753,1.);
#1753 = DIRECTION('',(1.,0.,0.));
#1754 = ORIENTED_EDGE('',*,*,#1755,.T.);
#1755 = EDGE_CURVE('',#1748,#1614,#1756,.T.);
#1756 = CIRCLE('',#1757,3.05);
#1757 = AXIS2_PLACEMENT_3D('',#1758,#1759,#1760);
#1758 = CARTESIAN_POINT('',(-235.,11.,23.));
#1759 = DIRECTION('',(0.,0.,-1.));
#1760 = DIRECTION('',(1.,0.,0.));
#1761 = ORIENTED_EDGE('',*,*,#1613,.F.);
#1762 = ORIENTED_EDGE('',*,*,#1183,.T.);
#1763 = ORIENTED_EDGE('',*,*,#1698,.F.);
#1764 = FACE_BOUND('',#1765,.T.);
#1765 = EDGE_LOOP('',(#1766));
#1766 = ORIENTED_EDGE('',*,*,#1767,.T.);
#1767 = EDGE_CURVE('',#1768,#1768,#1770,.T.);
#1768 = VERTEX_POINT('',#1769);
#1769 = CARTESIAN_POINT('',(-233.45,11.,23.));
#1770 = CIRCLE('',#1771,1.55);
#1771 = AXIS2_PLACEMENT_3D('',#1772,#1773,#1774);
#1772 = CARTESIAN_POINT('',(-235.,11.,23.));
#1773 = DIRECTION('',(0.,0.,1.));
#1774 = DIRECTION('',(1.,0.,0.));
#1775 = PLANE('',#1776);
#1776 = AXIS2_PLACEMENT_3D('',#1777,#1778,#1779);
#1777 = CARTESIAN_POINT('',(-234.3426655232,11.60435104273,23.));
#1778 = DIRECTION('',(-0.,-3.7E-16,-1.));
#1779 = DIRECTION('',(0.,-1.,3.7E-16));
#1780 = ADVANCED_FACE('',(#1781),#1792,.F.);
#1781 = FACE_BOUND('',#1782,.F.);
#1782 = EDGE_LOOP('',(#1783,#1784,#1790,#1791));
#1783 = ORIENTED_EDGE('',*,*,#1722,.T.);
#1784 = ORIENTED_EDGE('',*,*,#1785,.T.);
#1785 = EDGE_CURVE('',#1723,#1225,#1786,.T.);
#1786 = LINE('',#1787,#1788);
#1787 = CARTESIAN_POINT('',(-232.5718949164,14.5183625187,23.));
#1788 = VECTOR('',#1789,1.);
#1789 = DIRECTION('',(0.,0.,1.));
#1790 = ORIENTED_EDGE('',*,*,#1222,.F.);
#1791 = ORIENTED_EDGE('',*,*,#1706,.F.);
#1792 = PLANE('',#1793);
#1793 = AXIS2_PLACEMENT_3D('',#1794,#1795,#1796);
#1794 = CARTESIAN_POINT('',(-239.5718949164,14.5183625187,23.));
#1795 = DIRECTION('',(0.,-1.,0.));
#1796 = DIRECTION('',(0.,0.,1.));
#1797 = ADVANCED_FACE('',(#1798),#1809,.T.);
#1798 = FACE_BOUND('',#1799,.F.);
#1799 = EDGE_LOOP('',(#1800,#1801,#1807,#1808));
#1800 = ORIENTED_EDGE('',*,*,#1730,.T.);
#1801 = ORIENTED_EDGE('',*,*,#1802,.T.);
#1802 = EDGE_CURVE('',#1731,#1307,#1803,.T.);
#1803 = LINE('',#1804,#1805);
#1804 = CARTESIAN_POINT('',(-229.5718949164,11.5183625187,23.));
#1805 = VECTOR('',#1806,1.);
#1806 = DIRECTION('',(0.,0.,1.));
#1807 = ORIENTED_EDGE('',*,*,#1314,.F.);
#1808 = ORIENTED_EDGE('',*,*,#1785,.F.);
#1809 = CYLINDRICAL_SURFACE('',#1810,3.);
#1810 = AXIS2_PLACEMENT_3D('',#1811,#1812,#1813);
#1811 = CARTESIAN_POINT('',(-232.5718949164,11.5183625187,23.));
#1812 = DIRECTION('',(0.,0.,1.));
#1813 = DIRECTION('',(0.,1.,0.));
#1814 = ADVANCED_FACE('',(#1815),#1842,.T.);
#1815 = FACE_BOUND('',#1816,.T.);
#1816 = EDGE_LOOP('',(#1817,#1818,#1824,#1825,#1832,#1833,#1834,#1835));
#1817 = ORIENTED_EDGE('',*,*,#1274,.F.);
#1818 = ORIENTED_EDGE('',*,*,#1819,.T.);
#1819 = EDGE_CURVE('',#1266,#1578,#1820,.T.);
#1820 = LINE('',#1821,#1822);
#1821 = CARTESIAN_POINT('',(-229.5718949164,-11.5183625187,25.));
#1822 = VECTOR('',#1823,1.);
#1823 = DIRECTION('',(0.,0.,-1.));
#1824 = ORIENTED_EDGE('',*,*,#1577,.T.);
#1825 = ORIENTED_EDGE('',*,*,#1826,.T.);
#1826 = EDGE_CURVE('',#1570,#1740,#1827,.T.);
#1827 = CIRCLE('',#1828,8.75);
#1828 = AXIS2_PLACEMENT_3D('',#1829,#1830,#1831);
#1829 = CARTESIAN_POINT('',(-229.5718949164,0.,25.));
#1830 = DIRECTION('',(1.,0.,0.));
#1831 = DIRECTION('',(0.,1.,0.));
#1832 = ORIENTED_EDGE('',*,*,#1739,.T.);
#1833 = ORIENTED_EDGE('',*,*,#1802,.T.);
#1834 = ORIENTED_EDGE('',*,*,#1306,.F.);
#1835 = ORIENTED_EDGE('',*,*,#1836,.F.);
#1836 = EDGE_CURVE('',#1275,#1299,#1837,.T.);
#1837 = CIRCLE('',#1838,6.075);
#1838 = AXIS2_PLACEMENT_3D('',#1839,#1840,#1841);
#1839 = CARTESIAN_POINT('',(-229.5718949164,0.,25.));
#1840 = DIRECTION('',(1.,0.,0.));
#1841 = DIRECTION('',(0.,1.,0.));
#1842 = PLANE('',#1843);
#1843 = AXIS2_PLACEMENT_3D('',#1844,#1845,#1846);
#1844 = CARTESIAN_POINT('',(-229.5718949164,-1.9E-16,21.932422618867));
#1845 = DIRECTION('',(1.,0.,0.));
#1846 = DIRECTION('',(0.,0.,1.));
#1847 = ADVANCED_FACE('',(#1848),#1860,.F.);
#1848 = FACE_BOUND('',#1849,.F.);
#1849 = EDGE_LOOP('',(#1850,#1851,#1858,#1859));
#1850 = ORIENTED_EDGE('',*,*,#1282,.F.);
#1851 = ORIENTED_EDGE('',*,*,#1852,.T.);
#1852 = EDGE_CURVE('',#1283,#1291,#1853,.T.);
#1853 = CIRCLE('',#1854,6.075);
#1854 = AXIS2_PLACEMENT_3D('',#1855,#1856,#1857);
#1855 = CARTESIAN_POINT('',(-246.5718949164,0.,25.));
#1856 = DIRECTION('',(1.,0.,0.));
#1857 = DIRECTION('',(0.,1.,0.));
#1858 = ORIENTED_EDGE('',*,*,#1298,.F.);
#1859 = ORIENTED_EDGE('',*,*,#1836,.F.);
#1860 = CYLINDRICAL_SURFACE('',#1861,6.075);
#1861 = AXIS2_PLACEMENT_3D('',#1862,#1863,#1864);
#1862 = CARTESIAN_POINT('',(-239.5718949164,0.,25.));
#1863 = DIRECTION('',(1.,0.,0.));
#1864 = DIRECTION('',(0.,1.,0.));
#1865 = ADVANCED_FACE('',(#1866),#1870,.T.);
#1866 = FACE_BOUND('',#1867,.T.);
#1867 = EDGE_LOOP('',(#1868,#1869));
#1868 = ORIENTED_EDGE('',*,*,#1852,.T.);
#1869 = ORIENTED_EDGE('',*,*,#1290,.F.);
#1870 = PLANE('',#1871);
#1871 = AXIS2_PLACEMENT_3D('',#1872,#1873,#1874);
#1872 = CARTESIAN_POINT('',(-246.5718949164,-3.4E-16,25.));
#1873 = DIRECTION('',(1.,0.,0.));
#1874 = DIRECTION('',(0.,0.,1.));
#1875 = ADVANCED_FACE('',(#1876),#1887,.T.);
#1876 = FACE_BOUND('',#1877,.F.);
#1877 = EDGE_LOOP('',(#1878,#1879,#1880,#1881));
#1878 = ORIENTED_EDGE('',*,*,#1265,.T.);
#1879 = ORIENTED_EDGE('',*,*,#1819,.T.);
#1880 = ORIENTED_EDGE('',*,*,#1585,.F.);
#1881 = ORIENTED_EDGE('',*,*,#1882,.F.);
#1882 = EDGE_CURVE('',#1258,#1519,#1883,.T.);
#1883 = LINE('',#1884,#1885);
#1884 = CARTESIAN_POINT('',(-232.5718949164,-14.5183625187,25.));
#1885 = VECTOR('',#1886,1.);
#1886 = DIRECTION('',(0.,0.,-1.));
#1887 = CYLINDRICAL_SURFACE('',#1888,3.);
#1888 = AXIS2_PLACEMENT_3D('',#1889,#1890,#1891);
#1889 = CARTESIAN_POINT('',(-232.5718949164,-11.5183625187,25.));
#1890 = DIRECTION('',(0.,0.,-1.));
#1891 = DIRECTION('',(0.,-1.,0.));
#1892 = ADVANCED_FACE('',(#1893),#1899,.F.);
#1893 = FACE_BOUND('',#1894,.F.);
#1894 = EDGE_LOOP('',(#1895,#1896,#1897,#1898));
#1895 = ORIENTED_EDGE('',*,*,#1257,.T.);
#1896 = ORIENTED_EDGE('',*,*,#1882,.T.);
#1897 = ORIENTED_EDGE('',*,*,#1518,.F.);
#1898 = ORIENTED_EDGE('',*,*,#1504,.F.);
#1899 = PLANE('',#1900);
#1900 = AXIS2_PLACEMENT_3D('',#1901,#1902,#1903);
#1901 = CARTESIAN_POINT('',(-239.5718949164,-14.5183625187,25.));
#1902 = DIRECTION('',(0.,1.,0.));
#1903 = DIRECTION('',(0.,0.,-1.));
#1904 = ADVANCED_FACE('',(#1905),#1916,.F.);
#1905 = FACE_BOUND('',#1906,.F.);
#1906 = EDGE_LOOP('',(#1907,#1913,#1914,#1915));
#1907 = ORIENTED_EDGE('',*,*,#1908,.F.);
#1908 = EDGE_CURVE('',#1324,#1595,#1909,.T.);
#1909 = LINE('',#1910,#1911);
#1910 = CARTESIAN_POINT('',(-233.45,-11.,25.));
#1911 = VECTOR('',#1912,1.);
#1912 = DIRECTION('',(-0.,-0.,-1.));
#1913 = ORIENTED_EDGE('',*,*,#1323,.F.);
#1914 = ORIENTED_EDGE('',*,*,#1908,.T.);
#1915 = ORIENTED_EDGE('',*,*,#1594,.T.);
#1916 = CYLINDRICAL_SURFACE('',#1917,1.55);
#1917 = AXIS2_PLACEMENT_3D('',#1918,#1919,#1920);
#1918 = CARTESIAN_POINT('',(-235.,-11.,25.));
#1919 = DIRECTION('',(0.,0.,1.));
#1920 = DIRECTION('',(1.,0.,0.));
#1921 = ADVANCED_FACE('',(#1922),#1933,.F.);
#1922 = FACE_BOUND('',#1923,.F.);
#1923 = EDGE_LOOP('',(#1924,#1930,#1931,#1932));
#1924 = ORIENTED_EDGE('',*,*,#1925,.F.);
#1925 = EDGE_CURVE('',#1335,#1768,#1926,.T.);
#1926 = LINE('',#1927,#1928);
#1927 = CARTESIAN_POINT('',(-233.45,11.,25.));
#1928 = VECTOR('',#1929,1.);
#1929 = DIRECTION('',(-0.,-0.,-1.));
#1930 = ORIENTED_EDGE('',*,*,#1334,.F.);
#1931 = ORIENTED_EDGE('',*,*,#1925,.T.);
#1932 = ORIENTED_EDGE('',*,*,#1767,.T.);
#1933 = CYLINDRICAL_SURFACE('',#1934,1.55);
#1934 = AXIS2_PLACEMENT_3D('',#1935,#1936,#1937);
#1935 = CARTESIAN_POINT('',(-235.,11.,25.));
#1936 = DIRECTION('',(0.,0.,1.));
#1937 = DIRECTION('',(1.,0.,0.));
#1938 = ADVANCED_FACE('',(#1939),#1943,.F.);
#1939 = FACE_BOUND('',#1940,.T.);
#1940 = EDGE_LOOP('',(#1941,#1942));
#1941 = ORIENTED_EDGE('',*,*,#1471,.F.);
#1942 = ORIENTED_EDGE('',*,*,#1396,.T.);
#1943 = CYLINDRICAL_SURFACE('',#1944,3.05);
#1944 = AXIS2_PLACEMENT_3D('',#1945,#1946,#1947);
#1945 = CARTESIAN_POINT('',(-257.6,-19.25,23.));
#1946 = DIRECTION('',(0.,0.,1.));
#1947 = DIRECTION('',(1.,0.,0.));
#1948 = ADVANCED_FACE('',(#1949),#2055,.T.);
#1949 = FACE_BOUND('',#1950,.F.);
#1950 = EDGE_LOOP('',(#1951,#2001,#2002,#2003,#2004,#2054));
#1951 = ORIENTED_EDGE('',*,*,#1952,.T.);
#1952 = EDGE_CURVE('',#1665,#1561,#1953,.T.);
#1953 = B_SPLINE_CURVE_WITH_KNOTS('',6,(#1954,#1955,#1956,#1957,#1958,
    #1959,#1960,#1961,#1962,#1963,#1964,#1965,#1966,#1967,#1968,#1969,
    #1970,#1971,#1972,#1973,#1974,#1975,#1976,#1977,#1978,#1979,#1980,
    #1981,#1982,#1983,#1984,#1985,#1986,#1987,#1988,#1989,#1990,#1991,
    #1992,#1993,#1994,#1995,#1996,#1997,#1998,#1999,#2000),
  .UNSPECIFIED.,.F.,.F.,(7,5,5,5,5,5,5,5,5,7),(0.,0.207398861477,
    0.29069737668,0.339516518973,0.442789017702,0.520164825883,
    0.555263861743,0.60895360095,0.706627229324,1.),.UNSPECIFIED.);
#1954 = CARTESIAN_POINT('',(-236.5719985879,-8.386320517077,
    22.503576921902));
#1955 = CARTESIAN_POINT('',(-236.5004817653,-8.343306695023,
    22.359079099568));
#1956 = CARTESIAN_POINT('',(-236.420386618,-8.298331184083,
    22.218918268415));
#1957 = CARTESIAN_POINT('',(-236.3309869906,-8.252158622981,
    22.08467885648));
#1958 = CARTESIAN_POINT('',(-236.2315312738,-8.205819303158,
    21.958095255203));
#1959 = CARTESIAN_POINT('',(-236.1213467162,-8.160706464137,
    21.841183135118));
#1960 = CARTESIAN_POINT('',(-235.9512229734,-8.101666430586,
    21.69431423237));
#1961 = CARTESIAN_POINT('',(-235.9007061551,-8.085243868297,
    21.654217647425));
#1962 = CARTESIAN_POINT('',(-235.8484542265,-8.069449581416,
    21.616313644208));
#1963 = CARTESIAN_POINT('',(-235.7945151326,-8.054419768413,
    21.580796818748));
#1964 = CARTESIAN_POINT('',(-235.7389517179,-8.040289969594,
    21.547852776325));
#1965 = CARTESIAN_POINT('',(-235.6483713028,-8.019514491142,
    21.499962942417));
#1966 = CARTESIAN_POINT('',(-235.6143778363,-8.012193600126,
    21.4832158462));
#1967 = CARTESIAN_POINT('',(-235.5798839064,-8.005256607919,
    21.467456326956));
#1968 = CARTESIAN_POINT('',(-235.5449166511,-7.998730188647,
    21.452721131666));
#1969 = CARTESIAN_POINT('',(-235.5095079499,-7.992639702291,
    21.439044979283));
#1970 = CARTESIAN_POINT('',(-235.3979341346,-7.975098362957,
    21.399839356698));
#1971 = CARTESIAN_POINT('',(-235.3203165993,-7.965237708175,
    21.378086671236));
#1972 = CARTESIAN_POINT('',(-235.2412491695,-7.957666310089,
    21.361539742572));
#1973 = CARTESIAN_POINT('',(-235.1611857399,-7.952556104147,
    21.350426898656));
#1974 = CARTESIAN_POINT('',(-235.0806068855,-7.95,21.344866623501));
#1975 = CARTESIAN_POINT('',(-234.9396061585,-7.95,21.344866623501));
#1976 = CARTESIAN_POINT('',(-234.8792177123,-7.951435045179,
    21.347988015446));
#1977 = CARTESIAN_POINT('',(-234.8190470995,-7.954304672232,
    21.354229138311));
#1978 = CARTESIAN_POINT('',(-234.7593005536,-7.958579780214,
    21.363552209936));
#1979 = CARTESIAN_POINT('',(-234.7001776826,-7.964204590385,
    21.375882916614));
#1980 = CARTESIAN_POINT('',(-234.6154221278,-7.974225853542,
    21.398017278382));
#1981 = CARTESIAN_POINT('',(-234.5891384588,-7.977614615521,
    21.405521256041));
#1982 = CARTESIAN_POINT('',(-234.5630363021,-7.981257598447,
    21.413612079259));
#1983 = CARTESIAN_POINT('',(-234.5371307358,-7.985146844412,
    21.422278951167));
#1984 = CARTESIAN_POINT('',(-234.5114356554,-7.989273731129,
    21.431510134424));
#1985 = CARTESIAN_POINT('',(-234.4470003485,-8.00029102795,
    21.456257376007));
#1986 = CARTESIAN_POINT('',(-234.408563726,-8.007486814756,
    21.472510869274));
#1987 = CARTESIAN_POINT('',(-234.3706933317,-8.015183837951,
    21.490010177825));
#1988 = CARTESIAN_POINT('',(-234.3334254123,-8.023347477215,
    21.508708037343));
#1989 = CARTESIAN_POINT('',(-234.2967930364,-8.031940986312,
    21.528553172389));
#1990 = CARTESIAN_POINT('',(-234.1953941931,-8.057270317796,
    21.587579601743));
#1991 = CARTESIAN_POINT('',(-234.1321918875,-8.074902746252,
    21.629266841546));
#1992 = CARTESIAN_POINT('',(-234.0713066927,-8.093611082821,
    21.674265355567));
#1993 = CARTESIAN_POINT('',(-234.0128013518,-8.113181734823,
    21.722281014419));
#1994 = CARTESIAN_POINT('',(-233.9567143441,-8.133405945503,
    21.773010946831));
#1995 = CARTESIAN_POINT('',(-233.7419052371,-8.216202776787,
    21.985727641535));
#1996 = CARTESIAN_POINT('',(-233.6031376139,-8.282268688228,
    22.166544724575));
#1997 = CARTESIAN_POINT('',(-233.4846561938,-8.347770191726,
    22.362173801032));
#1998 = CARTESIAN_POINT('',(-233.3838857741,-8.409934128679,
    22.568347079981));
#1999 = CARTESIAN_POINT('',(-233.2985974372,-8.467116321754,
    22.781733158355));
#2000 = CARTESIAN_POINT('',(-233.2268741129,-8.5183625187,23.));
#2001 = ORIENTED_EDGE('',*,*,#1569,.T.);
#2002 = ORIENTED_EDGE('',*,*,#1826,.T.);
#2003 = ORIENTED_EDGE('',*,*,#1747,.F.);
#2004 = ORIENTED_EDGE('',*,*,#2005,.T.);
#2005 = EDGE_CURVE('',#1748,#1646,#2006,.T.);
#2006 = B_SPLINE_CURVE_WITH_KNOTS('',6,(#2007,#2008,#2009,#2010,#2011,
    #2012,#2013,#2014,#2015,#2016,#2017,#2018,#2019,#2020,#2021,#2022,
    #2023,#2024,#2025,#2026,#2027,#2028,#2029,#2030,#2031,#2032,#2033,
    #2034,#2035,#2036,#2037,#2038,#2039,#2040,#2041,#2042,#2043,#2044,
    #2045,#2046,#2047,#2048,#2049,#2050,#2051,#2052,#2053),
  .UNSPECIFIED.,.F.,.F.,(7,5,5,5,5,5,5,5,5,7),(0.,0.295000836573,
    0.391167485544,0.444931837095,0.480061573219,0.557212372586,
    0.660467213145,0.709209590638,0.792285462797,1.),.UNSPECIFIED.);
#2007 = CARTESIAN_POINT('',(-233.2268741129,8.5183625187,23.));
#2008 = CARTESIAN_POINT('',(-233.2989921965,8.46683426692,22.78053183569
    ));
#2009 = CARTESIAN_POINT('',(-233.3848297636,8.409301075892,
    22.565983855841));
#2010 = CARTESIAN_POINT('',(-233.4863360034,8.346733977527,
    22.358737688255));
#2011 = CARTESIAN_POINT('',(-233.6057758493,8.280811109846,
    22.162196487499));
#2012 = CARTESIAN_POINT('',(-233.7457656679,8.214368951973,
    21.980714415186));
#2013 = CARTESIAN_POINT('',(-233.9614471571,8.131702142621,
    21.768738778342));
#2014 = CARTESIAN_POINT('',(-234.0168306411,8.111833346304,
    21.718971769839));
#2015 = CARTESIAN_POINT('',(-234.074557632,8.09260810264,21.671850237892
    ));
#2016 = CARTESIAN_POINT('',(-234.1345899169,8.074226158883,
    21.627663786372));
#2017 = CARTESIAN_POINT('',(-234.1968663243,8.056891606359,
    21.586693517416));
#2018 = CARTESIAN_POINT('',(-234.29732677,8.031813859217,21.528258926361
    ));
#2019 = CARTESIAN_POINT('',(-234.3340183645,8.023213546688,
    21.508400131633));
#2020 = CARTESIAN_POINT('',(-234.3713469856,8.015044686081,
    21.489692347924));
#2021 = CARTESIAN_POINT('',(-234.4092793703,8.007344170008,
    21.472187051488));
#2022 = CARTESIAN_POINT('',(-234.4477790519,8.000146747961,
    21.455931680623));
#2023 = CARTESIAN_POINT('',(-234.5123068807,7.989132243898,
    21.431193405225));
#2024 = CARTESIAN_POINT('',(-234.5380307164,7.985008421553,
    21.421970059455));
#2025 = CARTESIAN_POINT('',(-234.563965098,7.981122862557,
    21.413312298063));
#2026 = CARTESIAN_POINT('',(-234.5900960716,7.97748420144,21.40523187438
    ));
#2027 = CARTESIAN_POINT('',(-234.616408498,7.974100403986,
    21.397739595369));
#2028 = CARTESIAN_POINT('',(-234.7010352084,7.964123128735,
    21.375704338841));
#2029 = CARTESIAN_POINT('',(-234.7599937693,7.958530250128,
    21.36344419848));
#2030 = CARTESIAN_POINT('',(-234.819570717,7.954279734792,
    21.354174902924));
#2031 = CARTESIAN_POINT('',(-234.8795680881,7.95142672994,
    21.347969927347));
#2032 = CARTESIAN_POINT('',(-234.9397813874,7.95,21.344866623501));
#2033 = CARTESIAN_POINT('',(-235.0805936333,7.95,21.344866623501));
#2034 = CARTESIAN_POINT('',(-235.1611592248,7.952555263873,
    21.350425070476));
#2035 = CARTESIAN_POINT('',(-235.2412096375,7.957663787413,
    21.361534256916));
#2036 = CARTESIAN_POINT('',(-235.3202645383,7.965232723219,
    21.378075777356));
#2037 = CARTESIAN_POINT('',(-235.3978702452,7.975090247682,
    21.399821453897));
#2038 = CARTESIAN_POINT('',(-235.5093777268,7.992618319655,
    21.438997077356));
#2039 = CARTESIAN_POINT('',(-235.5447323729,7.998697782766,
    21.452648254334));
#2040 = CARTESIAN_POINT('',(-235.5796470574,8.00521188793,21.46735526005
    ));
#2041 = CARTESIAN_POINT('',(-235.6140900378,8.012135398013,
    21.483083544222));
#2042 = CARTESIAN_POINT('',(-235.6480342836,8.019441768106,
    21.49979653889));
#2043 = CARTESIAN_POINT('',(-235.7384235309,8.040161097224,
    21.547553631298));
#2044 = CARTESIAN_POINT('',(-235.7938520339,8.054245317819,
    21.580387978228));
#2045 = CARTESIAN_POINT('',(-235.8476654702,8.069225747266,
    21.615782790053));
#2046 = CARTESIAN_POINT('',(-235.899801264,8.0849679091,21.653553918779)
  );
#2047 = CARTESIAN_POINT('',(-235.9502115999,8.101336641704,
    21.693508276555));
#2048 = CARTESIAN_POINT('',(-236.1205069065,8.160362844819,
    21.840292827057));
#2049 = CARTESIAN_POINT('',(-236.2309240553,8.205536504546,
    21.957322959624));
#2050 = CARTESIAN_POINT('',(-236.3305774992,8.251947131091,
    22.084064053858));
#2051 = CARTESIAN_POINT('',(-236.4201424107,8.298194025961,
    22.218490722889));
#2052 = CARTESIAN_POINT('',(-236.5003731388,8.343241361557,
    22.358859622593));
#2053 = CARTESIAN_POINT('',(-236.5719985879,8.386320517077,
    22.503576921902));
#2054 = ORIENTED_EDGE('',*,*,#1664,.F.);
#2055 = CYLINDRICAL_SURFACE('',#2056,8.75);
#2056 = AXIS2_PLACEMENT_3D('',#2057,#2058,#2059);
#2057 = CARTESIAN_POINT('',(-239.5718949164,0.,25.));
#2058 = DIRECTION('',(-1.,-0.,-0.));
#2059 = DIRECTION('',(0.,1.,0.));
#2060 = ADVANCED_FACE('',(#2061),#2066,.F.);
#2061 = FACE_BOUND('',#2062,.T.);
#2062 = EDGE_LOOP('',(#2063,#2064,#2065));
#2063 = ORIENTED_EDGE('',*,*,#1560,.F.);
#2064 = ORIENTED_EDGE('',*,*,#1673,.F.);
#2065 = ORIENTED_EDGE('',*,*,#1952,.T.);
#2066 = CYLINDRICAL_SURFACE('',#2067,3.05);
#2067 = AXIS2_PLACEMENT_3D('',#2068,#2069,#2070);
#2068 = CARTESIAN_POINT('',(-235.,-11.,23.));
#2069 = DIRECTION('',(0.,0.,1.));
#2070 = DIRECTION('',(1.,0.,0.));
#2071 = ADVANCED_FACE('',(#2072),#2077,.F.);
#2072 = FACE_BOUND('',#2073,.T.);
#2073 = EDGE_LOOP('',(#2074,#2075,#2076));
#2074 = ORIENTED_EDGE('',*,*,#1755,.F.);
#2075 = ORIENTED_EDGE('',*,*,#2005,.T.);
#2076 = ORIENTED_EDGE('',*,*,#1645,.F.);
#2077 = CYLINDRICAL_SURFACE('',#2078,3.05);
#2078 = AXIS2_PLACEMENT_3D('',#2079,#2080,#2081);
#2079 = CARTESIAN_POINT('',(-235.,11.,23.));
#2080 = DIRECTION('',(0.,0.,1.));
#2081 = DIRECTION('',(1.,0.,0.));
#2082 = ( GEOMETRIC_REPRESENTATION_CONTEXT(3) 
GLOBAL_UNCERTAINTY_ASSIGNED_CONTEXT((#2086)) 
GLOBAL_UNIT_ASSIGNED_CONTEXT((#2083,#2084,#2085)) REPRESENTATION_CONTEXT
('Context #1','3D Context with UNIT and UNCERTAINTY') );
#2083 = ( LENGTH_UNIT() NAMED_UNIT(*) SI_UNIT(.MILLI.,.METRE.) );
#2084 = ( NAMED_UNIT(*) PLANE_ANGLE_UNIT() SI_UNIT($,.RADIAN.) );
#2085 = ( NAMED_UNIT(*) SI_UNIT($,.STERADIAN.) SOLID_ANGLE_UNIT() );
#2086 = UNCERTAINTY_MEASURE_WITH_UNIT(LENGTH_MEASURE(5.E-05),#2083,
  'distance_accuracy_value','confusion accuracy');
#2087 = PRODUCT_RELATED_PRODUCT_CATEGORY('detail',$,(#7));
#2088 = PRODUCT_CATEGORY_RELATIONSHIP('','',#2089,#2087);
#2089 = PRODUCT_CATEGORY('part',$);
#2090 = CC_DESIGN_PERSON_AND_ORGANIZATION_ASSIGNMENT(#2091,#2094,(#6,#5)
  );
#2091 = PERSON_AND_ORGANIZATION(#2092,#2093);
#2092 = PERSON('IP169.254.190,karol','','karol',$,$,$);
#2093 = ORGANIZATION('IP169.254.190','Unspecified','');
#2094 = PERSON_AND_ORGANIZATION_ROLE('creator');
#2095 = CC_DESIGN_PERSON_AND_ORGANIZATION_ASSIGNMENT(#2091,#2096,(#7));
#2096 = PERSON_AND_ORGANIZATION_ROLE('design_owner');
#2097 = CC_DESIGN_PERSON_AND_ORGANIZATION_ASSIGNMENT(#2091,#2098,(#6));
#2098 = PERSON_AND_ORGANIZATION_ROLE('design_supplier');
#2099 = CC_DESIGN_PERSON_AND_ORGANIZATION_ASSIGNMENT(#2091,#2100,(#2101)
  );
#2100 = PERSON_AND_ORGANIZATION_ROLE('classification_officer');
#2101 = SECURITY_CLASSIFICATION('','',#2102);
#2102 = SECURITY_CLASSIFICATION_LEVEL('unclassified');
#2103 = CC_DESIGN_SECURITY_CLASSIFICATION(#2101,(#6));
#2104 = CC_DESIGN_DATE_AND_TIME_ASSIGNMENT(#2105,#2109,(#5));
#2105 = DATE_AND_TIME(#2106,#2107);
#2106 = CALENDAR_DATE(2026,13,5);
#2107 = LOCAL_TIME(19,40,$,#2108);
#2108 = COORDINATED_UNIVERSAL_TIME_OFFSET(1,$,.AHEAD.);
#2109 = DATE_TIME_ROLE('creation_date');
#2110 = CC_DESIGN_DATE_AND_TIME_ASSIGNMENT(#2105,#2111,(#2101));
#2111 = DATE_TIME_ROLE('classification_date');
#2112 = CC_DESIGN_APPROVAL(#2113,(#6,#5,#2101));
#2113 = APPROVAL(#2114,'');
#2114 = APPROVAL_STATUS('not_yet_approved');
#2115 = APPROVAL_PERSON_ORGANIZATION(#2091,#2113,#2116);
#2116 = APPROVAL_ROLE('approver');
#2117 = APPROVAL_DATE_TIME(#2105,#2113);
#2118 = MECHANICAL_DESIGN_GEOMETRIC_PRESENTATION_REPRESENTATION('',(
    #2119),#2082);
#2119 = STYLED_ITEM('color',(#2120),#15);
#2120 = PRESENTATION_STYLE_ASSIGNMENT((#2121,#2127));
#2121 = SURFACE_STYLE_USAGE(.BOTH.,#2122);
#2122 = SURFACE_SIDE_STYLE('',(#2123));
#2123 = SURFACE_STYLE_FILL_AREA(#2124);
#2124 = FILL_AREA_STYLE('',(#2125));
#2125 = FILL_AREA_STYLE_COLOUR('',#2126);
#2126 = COLOUR_RGB('',0.447058818107,0.474509808674,0.501960817233);
#2127 = CURVE_STYLE('',#2128,POSITIVE_LENGTH_MEASURE(0.1),#2129);
#2128 = DRAUGHTING_PRE_DEFINED_CURVE_FONT('continuous');
#2129 = COLOUR_RGB('',9.803921802644E-02,9.803921802644E-02,
  9.803921802644E-02);
ENDSEC;
END-ISO-10303-21;
