ISO-10303-21;
HEADER;
FILE_DESCRIPTION(('FreeCAD Model'),'2;1');
FILE_NAME('Open CASCADE Shape Model','2026-05-14T17:59:39',(''),(''),
  'Open CASCADE STEP processor 7.8','FreeCAD','Unknown');
FILE_SCHEMA(('CONFIG_CONTROL_DESIGN','SHAPE_APPEARANCE_LAYER_MIM'));
ENDSEC;
DATA;
#1 = APPLICATION_PROTOCOL_DEFINITION('international standard',
  'config_control_design',1994,#2);
#2 = APPLICATION_CONTEXT(
'configuration controlled 3D designs of mechanical parts and assemblies'
  );
#3 = SHAPE_DEFINITION_REPRESENTATION(#4,#10);
#4 = PRODUCT_DEFINITION_SHAPE('','',#5);
#5 = PRODUCT_DEFINITION('design','',#6,#9);
#6 = PRODUCT_DEFINITION_FORMATION_WITH_SPECIFIED_SOURCE('','',#7,
  .NOT_KNOWN.);
#7 = PRODUCT('Zawartość','Zawartość','',(#8));
#8 = MECHANICAL_CONTEXT('',#2,'mechanical');
#9 = DESIGN_CONTEXT('',#2,'design');
#10 = ADVANCED_BREP_SHAPE_REPRESENTATION('',(#11,#15),#3674);
#11 = AXIS2_PLACEMENT_3D('',#12,#13,#14);
#12 = CARTESIAN_POINT('',(0.,0.,0.));
#13 = DIRECTION('',(0.,0.,1.));
#14 = DIRECTION('',(1.,0.,-0.));
#15 = MANIFOLD_SOLID_BREP('',#16);
#16 = CLOSED_SHELL('',(#17,#66,#345,#369,#468,#648,#665,#688,#704,#737,
    #784,#802,#833,#844,#954,#966,#990,#1014,#1031,#1048,#1060,#1100,
    #1125,#1150,#1281,#1305,#1323,#1348,#1381,#1399,#1417,#1442,#1467,
    #1484,#1494,#1512,#1529,#1546,#1612,#1741,#1759,#1771,#2005,#2076,
    #2135,#2159,#2290,#2423,#2447,#2547,#2564,#2581,#2614,#2632,#2642,
    #2659,#2671,#2696,#2721,#2737,#2761,#2801,#2819,#2843,#2854,#2871,
    #2888,#2900,#3166,#3182,#3215,#3239,#3263,#3287,#3318,#3329,#3370,
    #3425,#3456,#3467,#3491,#3515,#3539,#3563,#3574,#3591,#3608,#3618,
    #3636,#3654,#3664));
#17 = ADVANCED_FACE('',(#18),#61,.T.);
#18 = FACE_BOUND('',#19,.T.);
#19 = EDGE_LOOP('',(#20,#31,#39,#47,#55));
#20 = ORIENTED_EDGE('',*,*,#21,.F.);
#21 = EDGE_CURVE('',#22,#24,#26,.T.);
#22 = VERTEX_POINT('',#23);
#23 = CARTESIAN_POINT('',(-262.13,15.44,21.564097183681));
#24 = VERTEX_POINT('',#25);
#25 = CARTESIAN_POINT('',(-262.13,18.,23.));
#26 = CIRCLE('',#27,3.);
#27 = AXIS2_PLACEMENT_3D('',#28,#29,#30);
#28 = CARTESIAN_POINT('',(-262.13,18.,20.));
#29 = DIRECTION('',(-1.,-2.63E-15,-0.));
#30 = DIRECTION('',(-2.63E-15,1.,0.));
#31 = ORIENTED_EDGE('',*,*,#32,.F.);
#32 = EDGE_CURVE('',#33,#22,#35,.T.);
#33 = VERTEX_POINT('',#34);
#34 = CARTESIAN_POINT('',(-262.13,15.44,25.));
#35 = LINE('',#36,#37);
#36 = CARTESIAN_POINT('',(-262.13,15.44,25.));
#37 = VECTOR('',#38,1.);
#38 = DIRECTION('',(-0.,-0.,-1.));
#39 = ORIENTED_EDGE('',*,*,#40,.F.);
#40 = EDGE_CURVE('',#41,#33,#43,.T.);
#41 = VERTEX_POINT('',#42);
#42 = CARTESIAN_POINT('',(-262.13,20.84,25.));
#43 = LINE('',#44,#45);
#44 = CARTESIAN_POINT('',(-262.13,23.84,25.));
#45 = VECTOR('',#46,1.);
#46 = DIRECTION('',(0.,-1.,0.));
#47 = ORIENTED_EDGE('',*,*,#48,.T.);
#48 = EDGE_CURVE('',#41,#49,#51,.T.);
#49 = VERTEX_POINT('',#50);
#50 = CARTESIAN_POINT('',(-262.13,20.84,23.));
#51 = LINE('',#52,#53);
#52 = CARTESIAN_POINT('',(-262.13,20.84,25.));
#53 = VECTOR('',#54,1.);
#54 = DIRECTION('',(-0.,-0.,-1.));
#55 = ORIENTED_EDGE('',*,*,#56,.T.);
#56 = EDGE_CURVE('',#49,#24,#57,.T.);
#57 = LINE('',#58,#59);
#58 = CARTESIAN_POINT('',(-262.13,23.84,23.));
#59 = VECTOR('',#60,1.);
#60 = DIRECTION('',(0.,-1.,0.));
#61 = PLANE('',#62);
#62 = AXIS2_PLACEMENT_3D('',#63,#64,#65);
#63 = CARTESIAN_POINT('',(-262.13,23.84,25.));
#64 = DIRECTION('',(-1.,0.,0.));
#65 = DIRECTION('',(0.,-1.,0.));
#66 = ADVANCED_FACE('',(#67),#340,.F.);
#67 = FACE_BOUND('',#68,.T.);
#68 = EDGE_LOOP('',(#69,#80,#89,#97,#105,#113,#120,#121,#129,#186,#195,
    #203,#260,#268,#277,#334));
#69 = ORIENTED_EDGE('',*,*,#70,.F.);
#70 = EDGE_CURVE('',#71,#73,#75,.T.);
#71 = VERTEX_POINT('',#72);
#72 = CARTESIAN_POINT('',(-253.13,15.44,21.564097183681));
#73 = VERTEX_POINT('',#74);
#74 = CARTESIAN_POINT('',(-253.13,18.,23.));
#75 = CIRCLE('',#76,3.);
#76 = AXIS2_PLACEMENT_3D('',#77,#78,#79);
#77 = CARTESIAN_POINT('',(-253.13,18.,20.));
#78 = DIRECTION('',(-1.,-2.63E-15,-0.));
#79 = DIRECTION('',(-2.63E-15,1.,0.));
#80 = ORIENTED_EDGE('',*,*,#81,.F.);
#81 = EDGE_CURVE('',#82,#71,#84,.T.);
#82 = VERTEX_POINT('',#83);
#83 = CARTESIAN_POINT('',(-252.69,15.,20.));
#84 = ELLIPSE('',#85,4.242640687119,3.);
#85 = AXIS2_PLACEMENT_3D('',#86,#87,#88);
#86 = CARTESIAN_POINT('',(-255.69,18.,20.));
#87 = DIRECTION('',(-0.707106781187,-0.707106781187,0.));
#88 = DIRECTION('',(0.707106781187,-0.707106781187,0.));
#89 = ORIENTED_EDGE('',*,*,#90,.F.);
#90 = EDGE_CURVE('',#91,#82,#93,.T.);
#91 = VERTEX_POINT('',#92);
#92 = CARTESIAN_POINT('',(-253.13,15.,20.));
#93 = LINE('',#94,#95);
#94 = CARTESIAN_POINT('',(-262.13,15.,20.));
#95 = VECTOR('',#96,1.);
#96 = DIRECTION('',(1.,2.63E-15,0.));
#97 = ORIENTED_EDGE('',*,*,#98,.F.);
#98 = EDGE_CURVE('',#99,#91,#101,.T.);
#99 = VERTEX_POINT('',#100);
#100 = CARTESIAN_POINT('',(-262.13,15.,20.));
#101 = LINE('',#102,#103);
#102 = CARTESIAN_POINT('',(-262.13,15.,20.));
#103 = VECTOR('',#104,1.);
#104 = DIRECTION('',(1.,2.63E-15,0.));
#105 = ORIENTED_EDGE('',*,*,#106,.T.);
#106 = EDGE_CURVE('',#99,#107,#109,.T.);
#107 = VERTEX_POINT('',#108);
#108 = CARTESIAN_POINT('',(-262.57,15.,20.));
#109 = LINE('',#110,#111);
#110 = CARTESIAN_POINT('',(-262.13,15.,20.));
#111 = VECTOR('',#112,1.);
#112 = DIRECTION('',(-1.,-2.63E-15,-0.));
#113 = ORIENTED_EDGE('',*,*,#114,.F.);
#114 = EDGE_CURVE('',#22,#107,#115,.T.);
#115 = ELLIPSE('',#116,4.242640687119,3.);
#116 = AXIS2_PLACEMENT_3D('',#117,#118,#119);
#117 = CARTESIAN_POINT('',(-259.57,18.,20.));
#118 = DIRECTION('',(0.707106781187,-0.707106781187,0.));
#119 = DIRECTION('',(0.707106781187,0.707106781187,0.));
#120 = ORIENTED_EDGE('',*,*,#21,.T.);
#121 = ORIENTED_EDGE('',*,*,#122,.T.);
#122 = EDGE_CURVE('',#24,#123,#125,.T.);
#123 = VERTEX_POINT('',#124);
#124 = CARTESIAN_POINT('',(-260.3820855486,18.,23.));
#125 = LINE('',#126,#127);
#126 = CARTESIAN_POINT('',(-262.13,18.,23.));
#127 = VECTOR('',#128,1.);
#128 = DIRECTION('',(1.,2.63E-15,0.));
#129 = ORIENTED_EDGE('',*,*,#130,.F.);
#130 = EDGE_CURVE('',#131,#123,#133,.T.);
#131 = VERTEX_POINT('',#132);
#132 = CARTESIAN_POINT('',(-259.5423181169,16.898425998104,
    22.790436311451));
#133 = B_SPLINE_CURVE_WITH_KNOTS('',6,(#134,#135,#136,#137,#138,#139,
    #140,#141,#142,#143,#144,#145,#146,#147,#148,#149,#150,#151,#152,
    #153,#154,#155,#156,#157,#158,#159,#160,#161,#162,#163,#164,#165,
    #166,#167,#168,#169,#170,#171,#172,#173,#174,#175,#176,#177,#178,
    #179,#180,#181,#182,#183,#184,#185),.UNSPECIFIED.,.F.,.F.,(7,5,5,5,5
    ,5,5,5,5,5,7),(0.,7.98364008078E-02,0.132864033224,0.171558552063,
    0.269875822608,0.384107049854,0.499959258715,0.61413441472,
    0.730294380405,0.91972580921,1.),.UNSPECIFIED.);
#134 = CARTESIAN_POINT('',(-254.8179144513,18.,23.));
#135 = CARTESIAN_POINT('',(-254.862684621,17.90035644625,23.));
#136 = CARTESIAN_POINT('',(-254.9111915623,17.803852084668,
    22.996028615458));
#137 = CARTESIAN_POINT('',(-254.9631044264,17.710698836499,
    22.988554318631));
#138 = CARTESIAN_POINT('',(-255.0180684255,17.621076734056,
    22.978040023505));
#139 = CARTESIAN_POINT('',(-255.0757040815,17.535133569081,
    22.964941778301));
#140 = CARTESIAN_POINT('',(-255.1753938679,17.398420853201,
    22.939588766154));
#141 = CARTESIAN_POINT('',(-255.2162163497,17.345483050049,
    22.928518905562));
#142 = CARTESIAN_POINT('',(-255.2579979329,17.294155789204,
    22.916615209164));
#143 = CARTESIAN_POINT('',(-255.3006693377,17.24442109847,
    22.903987340319));
#144 = CARTESIAN_POINT('',(-255.3441679933,17.196258375914,
    22.890737292801));
#145 = CARTESIAN_POINT('',(-255.4207421031,17.115629939677,
    22.866905589333));
#146 = CARTESIAN_POINT('',(-255.4534589715,17.082438097386,
    22.856570217274));
#147 = CARTESIAN_POINT('',(-255.4865690335,17.050058041354,
    22.845989309178));
#148 = CARTESIAN_POINT('',(-255.5200548056,17.01847886695,
    22.835197073739));
#149 = CARTESIAN_POINT('',(-255.5539009312,16.987689586552,
    22.824225893787));
#150 = CARTESIAN_POINT('',(-255.6749743646,16.881426825371,
    22.784853086334));
#151 = CARTESIAN_POINT('',(-255.7641027661,16.81019600428,
    22.755639936664));
#152 = CARTESIAN_POINT('',(-255.8552591192,16.74381396915,22.72597050012
    ));
#153 = CARTESIAN_POINT('',(-255.9482746164,16.682134452438,
    22.696296177112));
#154 = CARTESIAN_POINT('',(-256.0430345152,16.625037532849,
    22.667031300263));
#155 = CARTESIAN_POINT('',(-256.2515380773,16.511306270377,
    22.605498161252));
#156 = CARTESIAN_POINT('',(-256.3659228081,16.456215262143,
    22.573495660927));
#157 = CARTESIAN_POINT('',(-256.4823861752,16.407111616264,
    22.543223446496));
#158 = CARTESIAN_POINT('',(-256.6007288944,16.363963341932,
    22.515308853004));
#159 = CARTESIAN_POINT('',(-256.7207993127,16.326767424332,
    22.490327350711));
#160 = CARTESIAN_POINT('',(-256.9659106683,16.263921575505,
    22.446938977294));
#161 = CARTESIAN_POINT('',(-257.0910519666,16.238429352706,
    22.42862058817));
#162 = CARTESIAN_POINT('',(-257.217416422,16.219244072761,
    22.414433071551));
#163 = CARTESIAN_POINT('',(-257.3445956407,16.206422378226,
    22.404816778681));
#164 = CARTESIAN_POINT('',(-257.4722360157,16.2,22.4));
#165 = CARTESIAN_POINT('',(-257.725914499,16.2,22.4));
#166 = CARTESIAN_POINT('',(-257.8517134292,16.206237788625,
    22.404678337062));
#167 = CARTESIAN_POINT('',(-257.9770707965,16.218692110301,
    22.414019097647));
#168 = CARTESIAN_POINT('',(-258.1016457687,16.2373288473,22.427806623396
    ));
#169 = CARTESIAN_POINT('',(-258.2250462502,16.262093494887,
    22.445624465267));
#170 = CARTESIAN_POINT('',(-258.4706603189,16.324120355434,
    22.48854867182));
#171 = CARTESIAN_POINT('',(-258.592859158,16.361603015518,
    22.513784206388));
#172 = CARTESIAN_POINT('',(-258.7132807392,16.405241718895,
    22.542078613221));
#173 = CARTESIAN_POINT('',(-258.831765216,16.455038802278,
    22.572827902417));
#174 = CARTESIAN_POINT('',(-258.9481017217,16.511027102598,
    22.605372027017));
#175 = CARTESIAN_POINT('',(-259.2478124796,16.674727630167,
    22.693874567054));
#176 = CARTESIAN_POINT('',(-259.4271431031,16.792766928287,
    22.751639735379));
#177 = CARTESIAN_POINT('',(-259.5998758249,16.928104876433,
    22.809569896073));
#178 = CARTESIAN_POINT('',(-259.7649673077,17.081998387821,
    22.864629926375));
#179 = CARTESIAN_POINT('',(-259.9202951407,17.255798000679,
    22.912964095768));
#180 = CARTESIAN_POINT('',(-260.1228007067,17.532905957395,
    22.964601471891));
#181 = CARTESIAN_POINT('',(-260.1807910703,17.619218427288,
    22.977821463683));
#182 = CARTESIAN_POINT('',(-260.2360876331,17.709249881679,
    22.988437732514));
#183 = CARTESIAN_POINT('',(-260.2883050347,17.802850913596,
    22.995987280907));
#184 = CARTESIAN_POINT('',(-260.3370829858,17.899839216245,23.));
#185 = CARTESIAN_POINT('',(-260.3820855486,18.,23.));
#186 = ORIENTED_EDGE('',*,*,#187,.T.);
#187 = EDGE_CURVE('',#131,#188,#190,.T.);
#188 = VERTEX_POINT('',#189);
#189 = CARTESIAN_POINT('',(-259.2999999999,16.478718707889,
    22.585672684288));
#190 = ELLIPSE('',#191,3.464101615139,3.);
#191 = AXIS2_PLACEMENT_3D('',#192,#193,#194);
#192 = CARTESIAN_POINT('',(-260.1783121635,18.,20.));
#193 = DIRECTION('',(0.866025403784,0.500000000001,0.));
#194 = DIRECTION('',(0.500000000001,-0.866025403784,0.));
#195 = ORIENTED_EDGE('',*,*,#196,.T.);
#196 = EDGE_CURVE('',#188,#197,#199,.T.);
#197 = VERTEX_POINT('',#198);
#198 = CARTESIAN_POINT('',(-258.8737739501,16.478718707889,
    22.585672720378));
#199 = LINE('',#200,#201);
#200 = CARTESIAN_POINT('',(-262.1299999999,16.478718707887,
    22.585672684287));
#201 = VECTOR('',#202,1.);
#202 = DIRECTION('',(1.,2.63E-15,0.));
#203 = ORIENTED_EDGE('',*,*,#204,.F.);
#204 = EDGE_CURVE('',#205,#197,#207,.T.);
#205 = VERTEX_POINT('',#206);
#206 = CARTESIAN_POINT('',(-256.3262260525,16.478718707891,
    22.585672716706));
#207 = B_SPLINE_CURVE_WITH_KNOTS('',6,(#208,#209,#210,#211,#212,#213,
    #214,#215,#216,#217,#218,#219,#220,#221,#222,#223,#224,#225,#226,
    #227,#228,#229,#230,#231,#232,#233,#234,#235,#236,#237,#238,#239,
    #240,#241,#242,#243,#244,#245,#246,#247,#248,#249,#250,#251,#252,
    #253,#254,#255,#256,#257,#258,#259),.UNSPECIFIED.,.F.,.F.,(7,5,5,5,5
    ,5,5,5,5,5,7),(0.,7.98364008078E-02,0.132864033224,0.171558552063,
    0.269875822608,0.384107049854,0.499959258715,0.61413441472,
    0.730294380405,0.91972580921,1.),.UNSPECIFIED.);
#208 = CARTESIAN_POINT('',(-254.8179144513,18.,23.));
#209 = CARTESIAN_POINT('',(-254.862684621,17.90035644625,23.));
#210 = CARTESIAN_POINT('',(-254.9111915623,17.803852084668,
    22.996028615458));
#211 = CARTESIAN_POINT('',(-254.9631044264,17.710698836499,
    22.988554318631));
#212 = CARTESIAN_POINT('',(-255.0180684255,17.621076734056,
    22.978040023505));
#213 = CARTESIAN_POINT('',(-255.0757040815,17.535133569081,
    22.964941778301));
#214 = CARTESIAN_POINT('',(-255.1753938679,17.398420853201,
    22.939588766154));
#215 = CARTESIAN_POINT('',(-255.2162163497,17.345483050049,
    22.928518905562));
#216 = CARTESIAN_POINT('',(-255.2579979329,17.294155789204,
    22.916615209164));
#217 = CARTESIAN_POINT('',(-255.3006693377,17.24442109847,
    22.903987340319));
#218 = CARTESIAN_POINT('',(-255.3441679933,17.196258375914,
    22.890737292801));
#219 = CARTESIAN_POINT('',(-255.4207421031,17.115629939677,
    22.866905589333));
#220 = CARTESIAN_POINT('',(-255.4534589715,17.082438097386,
    22.856570217274));
#221 = CARTESIAN_POINT('',(-255.4865690335,17.050058041354,
    22.845989309178));
#222 = CARTESIAN_POINT('',(-255.5200548056,17.01847886695,
    22.835197073739));
#223 = CARTESIAN_POINT('',(-255.5539009312,16.987689586552,
    22.824225893787));
#224 = CARTESIAN_POINT('',(-255.6749743646,16.881426825371,
    22.784853086334));
#225 = CARTESIAN_POINT('',(-255.7641027661,16.81019600428,
    22.755639936664));
#226 = CARTESIAN_POINT('',(-255.8552591192,16.74381396915,22.72597050012
    ));
#227 = CARTESIAN_POINT('',(-255.9482746164,16.682134452438,
    22.696296177112));
#228 = CARTESIAN_POINT('',(-256.0430345152,16.625037532849,
    22.667031300263));
#229 = CARTESIAN_POINT('',(-256.2515380773,16.511306270377,
    22.605498161252));
#230 = CARTESIAN_POINT('',(-256.3659228081,16.456215262143,
    22.573495660927));
#231 = CARTESIAN_POINT('',(-256.4823861752,16.407111616264,
    22.543223446496));
#232 = CARTESIAN_POINT('',(-256.6007288944,16.363963341932,
    22.515308853004));
#233 = CARTESIAN_POINT('',(-256.7207993127,16.326767424332,
    22.490327350711));
#234 = CARTESIAN_POINT('',(-256.9659106683,16.263921575505,
    22.446938977294));
#235 = CARTESIAN_POINT('',(-257.0910519666,16.238429352706,
    22.42862058817));
#236 = CARTESIAN_POINT('',(-257.217416422,16.219244072761,
    22.414433071551));
#237 = CARTESIAN_POINT('',(-257.3445956407,16.206422378226,
    22.404816778681));
#238 = CARTESIAN_POINT('',(-257.4722360157,16.2,22.4));
#239 = CARTESIAN_POINT('',(-257.725914499,16.2,22.4));
#240 = CARTESIAN_POINT('',(-257.8517134292,16.206237788625,
    22.404678337062));
#241 = CARTESIAN_POINT('',(-257.9770707965,16.218692110301,
    22.414019097647));
#242 = CARTESIAN_POINT('',(-258.1016457687,16.2373288473,22.427806623396
    ));
#243 = CARTESIAN_POINT('',(-258.2250462502,16.262093494887,
    22.445624465267));
#244 = CARTESIAN_POINT('',(-258.4706603189,16.324120355434,
    22.48854867182));
#245 = CARTESIAN_POINT('',(-258.592859158,16.361603015518,
    22.513784206388));
#246 = CARTESIAN_POINT('',(-258.7132807392,16.405241718895,
    22.542078613221));
#247 = CARTESIAN_POINT('',(-258.831765216,16.455038802278,
    22.572827902417));
#248 = CARTESIAN_POINT('',(-258.9481017217,16.511027102598,
    22.605372027017));
#249 = CARTESIAN_POINT('',(-259.2478124796,16.674727630167,
    22.693874567054));
#250 = CARTESIAN_POINT('',(-259.4271431031,16.792766928287,
    22.751639735379));
#251 = CARTESIAN_POINT('',(-259.5998758249,16.928104876433,
    22.809569896073));
#252 = CARTESIAN_POINT('',(-259.7649673077,17.081998387821,
    22.864629926375));
#253 = CARTESIAN_POINT('',(-259.9202951407,17.255798000679,
    22.912964095768));
#254 = CARTESIAN_POINT('',(-260.1228007067,17.532905957395,
    22.964601471891));
#255 = CARTESIAN_POINT('',(-260.1807910703,17.619218427288,
    22.977821463683));
#256 = CARTESIAN_POINT('',(-260.2360876331,17.709249881679,
    22.988437732514));
#257 = CARTESIAN_POINT('',(-260.2883050347,17.802850913596,
    22.995987280907));
#258 = CARTESIAN_POINT('',(-260.3370829858,17.899839216245,23.));
#259 = CARTESIAN_POINT('',(-260.3820855486,18.,23.));
#260 = ORIENTED_EDGE('',*,*,#261,.T.);
#261 = EDGE_CURVE('',#205,#262,#264,.T.);
#262 = VERTEX_POINT('',#263);
#263 = CARTESIAN_POINT('',(-256.0999999999,16.478718707891,
    22.585672684289));
#264 = LINE('',#265,#266);
#265 = CARTESIAN_POINT('',(-262.1299999999,16.478718707887,
    22.585672684287));
#266 = VECTOR('',#267,1.);
#267 = DIRECTION('',(1.,2.63E-15,0.));
#268 = ORIENTED_EDGE('',*,*,#269,.T.);
#269 = EDGE_CURVE('',#262,#270,#272,.T.);
#270 = VERTEX_POINT('',#271);
#271 = CARTESIAN_POINT('',(-255.9987057745,16.654165452916,
    22.681180622166));
#272 = ELLIPSE('',#273,3.464101615137,3.);
#273 = AXIS2_PLACEMENT_3D('',#274,#275,#276);
#274 = CARTESIAN_POINT('',(-255.2216878364,18.,20.));
#275 = DIRECTION('',(-0.866025403785,0.499999999999,0.));
#276 = DIRECTION('',(0.499999999999,0.866025403785,0.));
#277 = ORIENTED_EDGE('',*,*,#278,.F.);
#278 = EDGE_CURVE('',#279,#270,#281,.T.);
#279 = VERTEX_POINT('',#280);
#280 = CARTESIAN_POINT('',(-254.8179144513,18.,23.));
#281 = B_SPLINE_CURVE_WITH_KNOTS('',6,(#282,#283,#284,#285,#286,#287,
    #288,#289,#290,#291,#292,#293,#294,#295,#296,#297,#298,#299,#300,
    #301,#302,#303,#304,#305,#306,#307,#308,#309,#310,#311,#312,#313,
    #314,#315,#316,#317,#318,#319,#320,#321,#322,#323,#324,#325,#326,
    #327,#328,#329,#330,#331,#332,#333),.UNSPECIFIED.,.F.,.F.,(7,5,5,5,5
    ,5,5,5,5,5,7),(0.,7.98364008078E-02,0.132864033224,0.171558552063,
    0.269875822608,0.384107049854,0.499959258715,0.61413441472,
    0.730294380405,0.91972580921,1.),.UNSPECIFIED.);
#282 = CARTESIAN_POINT('',(-254.8179144513,18.,23.));
#283 = CARTESIAN_POINT('',(-254.862684621,17.90035644625,23.));
#284 = CARTESIAN_POINT('',(-254.9111915623,17.803852084668,
    22.996028615458));
#285 = CARTESIAN_POINT('',(-254.9631044264,17.710698836499,
    22.988554318631));
#286 = CARTESIAN_POINT('',(-255.0180684255,17.621076734056,
    22.978040023505));
#287 = CARTESIAN_POINT('',(-255.0757040815,17.535133569081,
    22.964941778301));
#288 = CARTESIAN_POINT('',(-255.1753938679,17.398420853201,
    22.939588766154));
#289 = CARTESIAN_POINT('',(-255.2162163497,17.345483050049,
    22.928518905562));
#290 = CARTESIAN_POINT('',(-255.2579979329,17.294155789204,
    22.916615209164));
#291 = CARTESIAN_POINT('',(-255.3006693377,17.24442109847,
    22.903987340319));
#292 = CARTESIAN_POINT('',(-255.3441679933,17.196258375914,
    22.890737292801));
#293 = CARTESIAN_POINT('',(-255.4207421031,17.115629939677,
    22.866905589333));
#294 = CARTESIAN_POINT('',(-255.4534589715,17.082438097386,
    22.856570217274));
#295 = CARTESIAN_POINT('',(-255.4865690335,17.050058041354,
    22.845989309178));
#296 = CARTESIAN_POINT('',(-255.5200548056,17.01847886695,
    22.835197073739));
#297 = CARTESIAN_POINT('',(-255.5539009312,16.987689586552,
    22.824225893787));
#298 = CARTESIAN_POINT('',(-255.6749743646,16.881426825371,
    22.784853086334));
#299 = CARTESIAN_POINT('',(-255.7641027661,16.81019600428,
    22.755639936664));
#300 = CARTESIAN_POINT('',(-255.8552591192,16.74381396915,22.72597050012
    ));
#301 = CARTESIAN_POINT('',(-255.9482746164,16.682134452438,
    22.696296177112));
#302 = CARTESIAN_POINT('',(-256.0430345152,16.625037532849,
    22.667031300263));
#303 = CARTESIAN_POINT('',(-256.2515380773,16.511306270377,
    22.605498161252));
#304 = CARTESIAN_POINT('',(-256.3659228081,16.456215262143,
    22.573495660927));
#305 = CARTESIAN_POINT('',(-256.4823861752,16.407111616264,
    22.543223446496));
#306 = CARTESIAN_POINT('',(-256.6007288944,16.363963341932,
    22.515308853004));
#307 = CARTESIAN_POINT('',(-256.7207993127,16.326767424332,
    22.490327350711));
#308 = CARTESIAN_POINT('',(-256.9659106683,16.263921575505,
    22.446938977294));
#309 = CARTESIAN_POINT('',(-257.0910519666,16.238429352706,
    22.42862058817));
#310 = CARTESIAN_POINT('',(-257.217416422,16.219244072761,
    22.414433071551));
#311 = CARTESIAN_POINT('',(-257.3445956407,16.206422378226,
    22.404816778681));
#312 = CARTESIAN_POINT('',(-257.4722360157,16.2,22.4));
#313 = CARTESIAN_POINT('',(-257.725914499,16.2,22.4));
#314 = CARTESIAN_POINT('',(-257.8517134292,16.206237788625,
    22.404678337062));
#315 = CARTESIAN_POINT('',(-257.9770707965,16.218692110301,
    22.414019097647));
#316 = CARTESIAN_POINT('',(-258.1016457687,16.2373288473,22.427806623396
    ));
#317 = CARTESIAN_POINT('',(-258.2250462502,16.262093494887,
    22.445624465267));
#318 = CARTESIAN_POINT('',(-258.4706603189,16.324120355434,
    22.48854867182));
#319 = CARTESIAN_POINT('',(-258.592859158,16.361603015518,
    22.513784206388));
#320 = CARTESIAN_POINT('',(-258.7132807392,16.405241718895,
    22.542078613221));
#321 = CARTESIAN_POINT('',(-258.831765216,16.455038802278,
    22.572827902417));
#322 = CARTESIAN_POINT('',(-258.9481017217,16.511027102598,
    22.605372027017));
#323 = CARTESIAN_POINT('',(-259.2478124796,16.674727630167,
    22.693874567054));
#324 = CARTESIAN_POINT('',(-259.4271431031,16.792766928287,
    22.751639735379));
#325 = CARTESIAN_POINT('',(-259.5998758249,16.928104876433,
    22.809569896073));
#326 = CARTESIAN_POINT('',(-259.7649673077,17.081998387821,
    22.864629926375));
#327 = CARTESIAN_POINT('',(-259.9202951407,17.255798000679,
    22.912964095768));
#328 = CARTESIAN_POINT('',(-260.1228007067,17.532905957395,
    22.964601471891));
#329 = CARTESIAN_POINT('',(-260.1807910703,17.619218427288,
    22.977821463683));
#330 = CARTESIAN_POINT('',(-260.2360876331,17.709249881679,
    22.988437732514));
#331 = CARTESIAN_POINT('',(-260.2883050347,17.802850913596,
    22.995987280907));
#332 = CARTESIAN_POINT('',(-260.3370829858,17.899839216245,23.));
#333 = CARTESIAN_POINT('',(-260.3820855486,18.,23.));
#334 = ORIENTED_EDGE('',*,*,#335,.T.);
#335 = EDGE_CURVE('',#279,#73,#336,.T.);
#336 = LINE('',#337,#338);
#337 = CARTESIAN_POINT('',(-262.13,18.,23.));
#338 = VECTOR('',#339,1.);
#339 = DIRECTION('',(1.,2.63E-15,0.));
#340 = CYLINDRICAL_SURFACE('',#341,3.);
#341 = AXIS2_PLACEMENT_3D('',#342,#343,#344);
#342 = CARTESIAN_POINT('',(-262.13,18.,20.));
#343 = DIRECTION('',(1.,2.63E-15,0.));
#344 = DIRECTION('',(2.63E-15,-1.,0.));
#345 = ADVANCED_FACE('',(#346),#364,.F.);
#346 = FACE_BOUND('',#347,.T.);
#347 = EDGE_LOOP('',(#348,#356,#357,#358));
#348 = ORIENTED_EDGE('',*,*,#349,.F.);
#349 = EDGE_CURVE('',#33,#350,#352,.T.);
#350 = VERTEX_POINT('',#351);
#351 = CARTESIAN_POINT('',(-262.57,15.,25.));
#352 = LINE('',#353,#354);
#353 = CARTESIAN_POINT('',(-265.0058186863,12.564181313613,25.));
#354 = VECTOR('',#355,1.);
#355 = DIRECTION('',(-0.707106781187,-0.707106781187,0.));
#356 = ORIENTED_EDGE('',*,*,#32,.T.);
#357 = ORIENTED_EDGE('',*,*,#114,.T.);
#358 = ORIENTED_EDGE('',*,*,#359,.F.);
#359 = EDGE_CURVE('',#350,#107,#360,.T.);
#360 = LINE('',#361,#362);
#361 = CARTESIAN_POINT('',(-262.57,15.,25.));
#362 = VECTOR('',#363,1.);
#363 = DIRECTION('',(-0.,-0.,-1.));
#364 = PLANE('',#365);
#365 = AXIS2_PLACEMENT_3D('',#366,#367,#368);
#366 = CARTESIAN_POINT('',(-262.35,15.22,25.));
#367 = DIRECTION('',(0.707106781187,-0.707106781187,0.));
#368 = DIRECTION('',(0.,0.,1.));
#369 = ADVANCED_FACE('',(#370),#463,.T.);
#370 = FACE_BOUND('',#371,.T.);
#371 = EDGE_LOOP('',(#372,#373,#382,#390,#399,#405,#406,#415,#423,#431,
    #439,#447,#455,#462));
#372 = ORIENTED_EDGE('',*,*,#56,.F.);
#373 = ORIENTED_EDGE('',*,*,#374,.T.);
#374 = EDGE_CURVE('',#49,#375,#377,.T.);
#375 = VERTEX_POINT('',#376);
#376 = CARTESIAN_POINT('',(-259.13,23.84,23.));
#377 = CIRCLE('',#378,3.);
#378 = AXIS2_PLACEMENT_3D('',#379,#380,#381);
#379 = CARTESIAN_POINT('',(-259.13,20.84,23.));
#380 = DIRECTION('',(0.,0.,-1.));
#381 = DIRECTION('',(0.,1.,0.));
#382 = ORIENTED_EDGE('',*,*,#383,.F.);
#383 = EDGE_CURVE('',#384,#375,#386,.T.);
#384 = VERTEX_POINT('',#385);
#385 = CARTESIAN_POINT('',(-256.13,23.84,23.));
#386 = LINE('',#387,#388);
#387 = CARTESIAN_POINT('',(-253.13,23.84,23.));
#388 = VECTOR('',#389,1.);
#389 = DIRECTION('',(-1.,0.,0.));
#390 = ORIENTED_EDGE('',*,*,#391,.F.);
#391 = EDGE_CURVE('',#392,#384,#394,.T.);
#392 = VERTEX_POINT('',#393);
#393 = CARTESIAN_POINT('',(-253.13,20.84,23.));
#394 = CIRCLE('',#395,3.);
#395 = AXIS2_PLACEMENT_3D('',#396,#397,#398);
#396 = CARTESIAN_POINT('',(-256.13,20.84,23.));
#397 = DIRECTION('',(0.,-0.,1.));
#398 = DIRECTION('',(0.,1.,0.));
#399 = ORIENTED_EDGE('',*,*,#400,.F.);
#400 = EDGE_CURVE('',#73,#392,#401,.T.);
#401 = LINE('',#402,#403);
#402 = CARTESIAN_POINT('',(-253.13,14.84,23.));
#403 = VECTOR('',#404,1.);
#404 = DIRECTION('',(0.,1.,0.));
#405 = ORIENTED_EDGE('',*,*,#335,.F.);
#406 = ORIENTED_EDGE('',*,*,#407,.T.);
#407 = EDGE_CURVE('',#279,#408,#410,.T.);
#408 = VERTEX_POINT('',#409);
#409 = CARTESIAN_POINT('',(-255.9987057413,16.654165510463,23.));
#410 = CIRCLE('',#411,3.05);
#411 = AXIS2_PLACEMENT_3D('',#412,#413,#414);
#412 = CARTESIAN_POINT('',(-257.6,19.25,23.));
#413 = DIRECTION('',(0.,0.,-1.));
#414 = DIRECTION('',(1.,0.,0.));
#415 = ORIENTED_EDGE('',*,*,#416,.T.);
#416 = EDGE_CURVE('',#408,#417,#419,.T.);
#417 = VERTEX_POINT('',#418);
#418 = CARTESIAN_POINT('',(-254.5,19.250000000002,23.));
#419 = LINE('',#420,#421);
#420 = CARTESIAN_POINT('',(-255.4850618868,17.543822763331,23.));
#421 = VECTOR('',#422,1.);
#422 = DIRECTION('',(0.499999999999,0.866025403785,0.));
#423 = ORIENTED_EDGE('',*,*,#424,.T.);
#424 = EDGE_CURVE('',#417,#425,#427,.T.);
#425 = VERTEX_POINT('',#426);
#426 = CARTESIAN_POINT('',(-256.1,22.021281292111,23.));
#427 = LINE('',#428,#429);
#428 = CARTESIAN_POINT('',(-255.0971006665,20.284208691731,23.));
#429 = VECTOR('',#430,1.);
#430 = DIRECTION('',(-0.500000000001,0.866025403784,0.));
#431 = ORIENTED_EDGE('',*,*,#432,.T.);
#432 = EDGE_CURVE('',#425,#433,#435,.T.);
#433 = VERTEX_POINT('',#434);
#434 = CARTESIAN_POINT('',(-259.3,22.021281292109,23.));
#435 = LINE('',#436,#437);
#436 = CARTESIAN_POINT('',(-256.8643251068,22.021281292111,23.));
#437 = VECTOR('',#438,1.);
#438 = DIRECTION('',(-1.,-6.050715484207E-13,0.));
#439 = ORIENTED_EDGE('',*,*,#440,.T.);
#440 = EDGE_CURVE('',#433,#441,#443,.T.);
#441 = VERTEX_POINT('',#442);
#442 = CARTESIAN_POINT('',(-260.9,19.249999999998,23.));
#443 = LINE('',#444,#445);
#444 = CARTESIAN_POINT('',(-259.4850618868,21.700744701494,23.));
#445 = VECTOR('',#446,1.);
#446 = DIRECTION('',(-0.499999999999,-0.866025403785,0.));
#447 = ORIENTED_EDGE('',*,*,#448,.T.);
#448 = EDGE_CURVE('',#441,#449,#451,.T.);
#449 = VERTEX_POINT('',#450);
#450 = CARTESIAN_POINT('',(-259.5423181061,16.898425979392,23.));
#451 = LINE('',#452,#453);
#452 = CARTESIAN_POINT('',(-260.6971006665,18.898568045672,23.));
#453 = VECTOR('',#454,1.);
#454 = DIRECTION('',(0.500000000001,-0.866025403784,0.));
#455 = ORIENTED_EDGE('',*,*,#456,.T.);
#456 = EDGE_CURVE('',#449,#123,#457,.T.);
#457 = CIRCLE('',#458,3.05);
#458 = AXIS2_PLACEMENT_3D('',#459,#460,#461);
#459 = CARTESIAN_POINT('',(-257.6,19.25,23.));
#460 = DIRECTION('',(0.,0.,-1.));
#461 = DIRECTION('',(1.,0.,0.));
#462 = ORIENTED_EDGE('',*,*,#122,.F.);
#463 = PLANE('',#464);
#464 = AXIS2_PLACEMENT_3D('',#465,#466,#467);
#465 = CARTESIAN_POINT('',(-257.6286502137,20.201562801485,23.));
#466 = DIRECTION('',(-0.,-0.,-1.));
#467 = DIRECTION('',(-1.,0.,0.));
#468 = ADVANCED_FACE('',(#469,#621,#632),#643,.T.);
#469 = FACE_BOUND('',#470,.T.);
#470 = EDGE_LOOP('',(#471,#481,#490,#498,#507,#515,#523,#531,#540,#548,
    #556,#564,#573,#581,#588,#589,#590,#598,#607,#615));
#471 = ORIENTED_EDGE('',*,*,#472,.F.);
#472 = EDGE_CURVE('',#473,#475,#477,.T.);
#473 = VERTEX_POINT('',#474);
#474 = CARTESIAN_POINT('',(-262.13,-20.84,25.));
#475 = VERTEX_POINT('',#476);
#476 = CARTESIAN_POINT('',(-262.13,-15.44,25.));
#477 = LINE('',#478,#479);
#478 = CARTESIAN_POINT('',(-262.13,-23.84,25.));
#479 = VECTOR('',#480,1.);
#480 = DIRECTION('',(0.,1.,0.));
#481 = ORIENTED_EDGE('',*,*,#482,.T.);
#482 = EDGE_CURVE('',#473,#483,#485,.T.);
#483 = VERTEX_POINT('',#484);
#484 = CARTESIAN_POINT('',(-259.13,-23.84,25.));
#485 = CIRCLE('',#486,3.);
#486 = AXIS2_PLACEMENT_3D('',#487,#488,#489);
#487 = CARTESIAN_POINT('',(-259.13,-20.84,25.));
#488 = DIRECTION('',(0.,-0.,1.));
#489 = DIRECTION('',(0.,1.,0.));
#490 = ORIENTED_EDGE('',*,*,#491,.F.);
#491 = EDGE_CURVE('',#492,#483,#494,.T.);
#492 = VERTEX_POINT('',#493);
#493 = CARTESIAN_POINT('',(-256.13,-23.84,25.));
#494 = LINE('',#495,#496);
#495 = CARTESIAN_POINT('',(-253.13,-23.84,25.));
#496 = VECTOR('',#497,1.);
#497 = DIRECTION('',(-1.,0.,0.));
#498 = ORIENTED_EDGE('',*,*,#499,.T.);
#499 = EDGE_CURVE('',#492,#500,#502,.T.);
#500 = VERTEX_POINT('',#501);
#501 = CARTESIAN_POINT('',(-253.13,-20.84,25.));
#502 = CIRCLE('',#503,3.);
#503 = AXIS2_PLACEMENT_3D('',#504,#505,#506);
#504 = CARTESIAN_POINT('',(-256.13,-20.84,25.));
#505 = DIRECTION('',(0.,-0.,1.));
#506 = DIRECTION('',(0.,1.,0.));
#507 = ORIENTED_EDGE('',*,*,#508,.F.);
#508 = EDGE_CURVE('',#509,#500,#511,.T.);
#509 = VERTEX_POINT('',#510);
#510 = CARTESIAN_POINT('',(-253.13,-15.44,25.));
#511 = LINE('',#512,#513);
#512 = CARTESIAN_POINT('',(-253.13,-14.84,25.));
#513 = VECTOR('',#514,1.);
#514 = DIRECTION('',(0.,-1.,0.));
#515 = ORIENTED_EDGE('',*,*,#516,.F.);
#516 = EDGE_CURVE('',#517,#509,#519,.T.);
#517 = VERTEX_POINT('',#518);
#518 = CARTESIAN_POINT('',(-252.69,-15.,25.));
#519 = LINE('',#520,#521);
#520 = CARTESIAN_POINT('',(-250.3158186863,-12.62581868638,25.));
#521 = VECTOR('',#522,1.);
#522 = DIRECTION('',(-0.707106781187,-0.707106781187,0.));
#523 = ORIENTED_EDGE('',*,*,#524,.F.);
#524 = EDGE_CURVE('',#525,#517,#527,.T.);
#525 = VERTEX_POINT('',#526);
#526 = CARTESIAN_POINT('',(-252.6551206684,-14.99999999999,25.));
#527 = LINE('',#528,#529);
#528 = CARTESIAN_POINT('',(-239.5718949164,-15.,25.));
#529 = VECTOR('',#530,1.);
#530 = DIRECTION('',(-1.,0.,0.));
#531 = ORIENTED_EDGE('',*,*,#532,.F.);
#532 = EDGE_CURVE('',#533,#525,#535,.T.);
#533 = VERTEX_POINT('',#534);
#534 = CARTESIAN_POINT('',(-252.6551206684,14.999999999998,25.));
#535 = CIRCLE('',#536,253.1);
#536 = AXIS2_PLACEMENT_3D('',#537,#538,#539);
#537 = CARTESIAN_POINT('',(0.,0.,25.));
#538 = DIRECTION('',(0.,0.,1.));
#539 = DIRECTION('',(1.,0.,0.));
#540 = ORIENTED_EDGE('',*,*,#541,.F.);
#541 = EDGE_CURVE('',#542,#533,#544,.T.);
#542 = VERTEX_POINT('',#543);
#543 = CARTESIAN_POINT('',(-252.69,15.,25.));
#544 = LINE('',#545,#546);
#545 = CARTESIAN_POINT('',(-262.5718949164,15.,25.));
#546 = VECTOR('',#547,1.);
#547 = DIRECTION('',(1.,2.63E-15,0.));
#548 = ORIENTED_EDGE('',*,*,#549,.T.);
#549 = EDGE_CURVE('',#542,#550,#552,.T.);
#550 = VERTEX_POINT('',#551);
#551 = CARTESIAN_POINT('',(-253.13,15.44,25.));
#552 = LINE('',#553,#554);
#553 = CARTESIAN_POINT('',(-250.3158186863,12.625818686387,25.));
#554 = VECTOR('',#555,1.);
#555 = DIRECTION('',(-0.707106781187,0.707106781187,0.));
#556 = ORIENTED_EDGE('',*,*,#557,.T.);
#557 = EDGE_CURVE('',#550,#558,#560,.T.);
#558 = VERTEX_POINT('',#559);
#559 = CARTESIAN_POINT('',(-253.13,20.84,25.));
#560 = LINE('',#561,#562);
#561 = CARTESIAN_POINT('',(-253.13,14.84,25.));
#562 = VECTOR('',#563,1.);
#563 = DIRECTION('',(0.,1.,0.));
#564 = ORIENTED_EDGE('',*,*,#565,.T.);
#565 = EDGE_CURVE('',#558,#566,#568,.T.);
#566 = VERTEX_POINT('',#567);
#567 = CARTESIAN_POINT('',(-256.13,23.84,25.));
#568 = CIRCLE('',#569,3.);
#569 = AXIS2_PLACEMENT_3D('',#570,#571,#572);
#570 = CARTESIAN_POINT('',(-256.13,20.84,25.));
#571 = DIRECTION('',(0.,-0.,1.));
#572 = DIRECTION('',(0.,1.,0.));
#573 = ORIENTED_EDGE('',*,*,#574,.T.);
#574 = EDGE_CURVE('',#566,#575,#577,.T.);
#575 = VERTEX_POINT('',#576);
#576 = CARTESIAN_POINT('',(-259.13,23.84,25.));
#577 = LINE('',#578,#579);
#578 = CARTESIAN_POINT('',(-253.13,23.84,25.));
#579 = VECTOR('',#580,1.);
#580 = DIRECTION('',(-1.,0.,0.));
#581 = ORIENTED_EDGE('',*,*,#582,.F.);
#582 = EDGE_CURVE('',#41,#575,#583,.T.);
#583 = CIRCLE('',#584,3.);
#584 = AXIS2_PLACEMENT_3D('',#585,#586,#587);
#585 = CARTESIAN_POINT('',(-259.13,20.84,25.));
#586 = DIRECTION('',(0.,0.,-1.));
#587 = DIRECTION('',(0.,1.,0.));
#588 = ORIENTED_EDGE('',*,*,#40,.T.);
#589 = ORIENTED_EDGE('',*,*,#349,.T.);
#590 = ORIENTED_EDGE('',*,*,#591,.F.);
#591 = EDGE_CURVE('',#592,#350,#594,.T.);
#592 = VERTEX_POINT('',#593);
#593 = CARTESIAN_POINT('',(-262.5718949164,15.,25.));
#594 = LINE('',#595,#596);
#595 = CARTESIAN_POINT('',(-262.5718949164,15.,25.));
#596 = VECTOR('',#597,1.);
#597 = DIRECTION('',(1.,2.63E-15,0.));
#598 = ORIENTED_EDGE('',*,*,#599,.T.);
#599 = EDGE_CURVE('',#592,#600,#602,.T.);
#600 = VERTEX_POINT('',#601);
#601 = CARTESIAN_POINT('',(-262.5718949164,-15.,25.));
#602 = CIRCLE('',#603,263.);
#603 = AXIS2_PLACEMENT_3D('',#604,#605,#606);
#604 = CARTESIAN_POINT('',(0.,0.,25.));
#605 = DIRECTION('',(0.,0.,1.));
#606 = DIRECTION('',(1.,0.,0.));
#607 = ORIENTED_EDGE('',*,*,#608,.F.);
#608 = EDGE_CURVE('',#609,#600,#611,.T.);
#609 = VERTEX_POINT('',#610);
#610 = CARTESIAN_POINT('',(-262.57,-15.,25.));
#611 = LINE('',#612,#613);
#612 = CARTESIAN_POINT('',(-239.5718949164,-15.,25.));
#613 = VECTOR('',#614,1.);
#614 = DIRECTION('',(-1.,0.,0.));
#615 = ORIENTED_EDGE('',*,*,#616,.F.);
#616 = EDGE_CURVE('',#475,#609,#617,.T.);
#617 = LINE('',#618,#619);
#618 = CARTESIAN_POINT('',(-265.0058186863,-12.56418131361,25.));
#619 = VECTOR('',#620,1.);
#620 = DIRECTION('',(-0.707106781187,0.707106781187,0.));
#621 = FACE_BOUND('',#622,.T.);
#622 = EDGE_LOOP('',(#623));
#623 = ORIENTED_EDGE('',*,*,#624,.F.);
#624 = EDGE_CURVE('',#625,#625,#627,.T.);
#625 = VERTEX_POINT('',#626);
#626 = CARTESIAN_POINT('',(-256.05,-19.25,25.));
#627 = CIRCLE('',#628,1.55);
#628 = AXIS2_PLACEMENT_3D('',#629,#630,#631);
#629 = CARTESIAN_POINT('',(-257.6,-19.25,25.));
#630 = DIRECTION('',(0.,0.,1.));
#631 = DIRECTION('',(1.,0.,0.));
#632 = FACE_BOUND('',#633,.T.);
#633 = EDGE_LOOP('',(#634));
#634 = ORIENTED_EDGE('',*,*,#635,.F.);
#635 = EDGE_CURVE('',#636,#636,#638,.T.);
#636 = VERTEX_POINT('',#637);
#637 = CARTESIAN_POINT('',(-256.05,19.25,25.));
#638 = CIRCLE('',#639,1.55);
#639 = AXIS2_PLACEMENT_3D('',#640,#641,#642);
#640 = CARTESIAN_POINT('',(-257.6,19.25,25.));
#641 = DIRECTION('',(0.,0.,1.));
#642 = DIRECTION('',(1.,0.,0.));
#643 = PLANE('',#644);
#644 = AXIS2_PLACEMENT_3D('',#645,#646,#647);
#645 = CARTESIAN_POINT('',(-257.7532747455,1.554E-14,25.));
#646 = DIRECTION('',(0.,0.,1.));
#647 = DIRECTION('',(1.,0.,0.));
#648 = ADVANCED_FACE('',(#649),#660,.T.);
#649 = FACE_BOUND('',#650,.T.);
#650 = EDGE_LOOP('',(#651,#652,#658,#659));
#651 = ORIENTED_EDGE('',*,*,#582,.T.);
#652 = ORIENTED_EDGE('',*,*,#653,.T.);
#653 = EDGE_CURVE('',#575,#375,#654,.T.);
#654 = LINE('',#655,#656);
#655 = CARTESIAN_POINT('',(-259.13,23.84,25.));
#656 = VECTOR('',#657,1.);
#657 = DIRECTION('',(-0.,-0.,-1.));
#658 = ORIENTED_EDGE('',*,*,#374,.F.);
#659 = ORIENTED_EDGE('',*,*,#48,.F.);
#660 = CYLINDRICAL_SURFACE('',#661,3.);
#661 = AXIS2_PLACEMENT_3D('',#662,#663,#664);
#662 = CARTESIAN_POINT('',(-259.13,20.84,25.));
#663 = DIRECTION('',(-0.,-0.,-1.));
#664 = DIRECTION('',(-1.,0.,0.));
#665 = ADVANCED_FACE('',(#666),#683,.T.);
#666 = FACE_BOUND('',#667,.T.);
#667 = EDGE_LOOP('',(#668,#669,#670,#676,#677));
#668 = ORIENTED_EDGE('',*,*,#70,.T.);
#669 = ORIENTED_EDGE('',*,*,#400,.T.);
#670 = ORIENTED_EDGE('',*,*,#671,.F.);
#671 = EDGE_CURVE('',#558,#392,#672,.T.);
#672 = LINE('',#673,#674);
#673 = CARTESIAN_POINT('',(-253.13,20.84,25.));
#674 = VECTOR('',#675,1.);
#675 = DIRECTION('',(-0.,-0.,-1.));
#676 = ORIENTED_EDGE('',*,*,#557,.F.);
#677 = ORIENTED_EDGE('',*,*,#678,.T.);
#678 = EDGE_CURVE('',#550,#71,#679,.T.);
#679 = LINE('',#680,#681);
#680 = CARTESIAN_POINT('',(-253.13,15.44,25.));
#681 = VECTOR('',#682,1.);
#682 = DIRECTION('',(0.,0.,-1.));
#683 = PLANE('',#684);
#684 = AXIS2_PLACEMENT_3D('',#685,#686,#687);
#685 = CARTESIAN_POINT('',(-253.13,14.84,25.));
#686 = DIRECTION('',(1.,0.,0.));
#687 = DIRECTION('',(0.,1.,0.));
#688 = ADVANCED_FACE('',(#689),#699,.F.);
#689 = FACE_BOUND('',#690,.T.);
#690 = EDGE_LOOP('',(#691,#692,#693));
#691 = ORIENTED_EDGE('',*,*,#407,.F.);
#692 = ORIENTED_EDGE('',*,*,#278,.T.);
#693 = ORIENTED_EDGE('',*,*,#694,.T.);
#694 = EDGE_CURVE('',#270,#408,#695,.T.);
#695 = LINE('',#696,#697);
#696 = CARTESIAN_POINT('',(-255.9987057413,16.654165510463,23.));
#697 = VECTOR('',#698,1.);
#698 = DIRECTION('',(0.,0.,1.));
#699 = CYLINDRICAL_SURFACE('',#700,3.05);
#700 = AXIS2_PLACEMENT_3D('',#701,#702,#703);
#701 = CARTESIAN_POINT('',(-257.6,19.25,23.));
#702 = DIRECTION('',(0.,0.,1.));
#703 = DIRECTION('',(1.,0.,0.));
#704 = ADVANCED_FACE('',(#705),#732,.T.);
#705 = FACE_BOUND('',#706,.T.);
#706 = EDGE_LOOP('',(#707,#708,#716,#724,#730,#731));
#707 = ORIENTED_EDGE('',*,*,#269,.F.);
#708 = ORIENTED_EDGE('',*,*,#709,.T.);
#709 = EDGE_CURVE('',#262,#710,#712,.T.);
#710 = VERTEX_POINT('',#711);
#711 = CARTESIAN_POINT('',(-256.0999999999,16.478718707891,23.5));
#712 = LINE('',#713,#714);
#713 = CARTESIAN_POINT('',(-256.0999999999,16.478718707891,18.));
#714 = VECTOR('',#715,1.);
#715 = DIRECTION('',(0.,0.,1.));
#716 = ORIENTED_EDGE('',*,*,#717,.T.);
#717 = EDGE_CURVE('',#710,#718,#720,.T.);
#718 = VERTEX_POINT('',#719);
#719 = CARTESIAN_POINT('',(-254.5,19.250000000002,23.5));
#720 = LINE('',#721,#722);
#721 = CARTESIAN_POINT('',(-256.0999999999,16.478718707891,23.5));
#722 = VECTOR('',#723,1.);
#723 = DIRECTION('',(0.499999999999,0.866025403785,0.));
#724 = ORIENTED_EDGE('',*,*,#725,.F.);
#725 = EDGE_CURVE('',#417,#718,#726,.T.);
#726 = LINE('',#727,#728);
#727 = CARTESIAN_POINT('',(-254.5,19.250000000002,18.));
#728 = VECTOR('',#729,1.);
#729 = DIRECTION('',(0.,0.,1.));
#730 = ORIENTED_EDGE('',*,*,#416,.F.);
#731 = ORIENTED_EDGE('',*,*,#694,.F.);
#732 = PLANE('',#733);
#733 = AXIS2_PLACEMENT_3D('',#734,#735,#736);
#734 = CARTESIAN_POINT('',(-256.0999999999,16.478718707891,18.));
#735 = DIRECTION('',(-0.866025403785,0.499999999999,0.));
#736 = DIRECTION('',(0.499999999999,0.866025403785,0.));
#737 = ADVANCED_FACE('',(#738),#779,.T.);
#738 = FACE_BOUND('',#739,.T.);
#739 = EDGE_LOOP('',(#740,#741,#749,#755,#756,#757,#765,#773));
#740 = ORIENTED_EDGE('',*,*,#196,.F.);
#741 = ORIENTED_EDGE('',*,*,#742,.T.);
#742 = EDGE_CURVE('',#188,#743,#745,.T.);
#743 = VERTEX_POINT('',#744);
#744 = CARTESIAN_POINT('',(-259.2999999999,16.478718707889,23.5));
#745 = LINE('',#746,#747);
#746 = CARTESIAN_POINT('',(-259.2999999999,16.478718707889,18.));
#747 = VECTOR('',#748,1.);
#748 = DIRECTION('',(0.,0.,1.));
#749 = ORIENTED_EDGE('',*,*,#750,.T.);
#750 = EDGE_CURVE('',#743,#710,#751,.T.);
#751 = LINE('',#752,#753);
#752 = CARTESIAN_POINT('',(-259.2999999999,16.478718707889,23.5));
#753 = VECTOR('',#754,1.);
#754 = DIRECTION('',(1.,6.050715484207E-13,0.));
#755 = ORIENTED_EDGE('',*,*,#709,.F.);
#756 = ORIENTED_EDGE('',*,*,#261,.F.);
#757 = ORIENTED_EDGE('',*,*,#758,.T.);
#758 = EDGE_CURVE('',#205,#759,#761,.T.);
#759 = VERTEX_POINT('',#760);
#760 = CARTESIAN_POINT('',(-256.3262260797,16.478718707891,23.));
#761 = LINE('',#762,#763);
#762 = CARTESIAN_POINT('',(-256.3262260797,16.478718707891,23.));
#763 = VECTOR('',#764,1.);
#764 = DIRECTION('',(0.,0.,1.));
#765 = ORIENTED_EDGE('',*,*,#766,.F.);
#766 = EDGE_CURVE('',#767,#759,#769,.T.);
#767 = VERTEX_POINT('',#768);
#768 = CARTESIAN_POINT('',(-258.8737739202,16.478718707889,23.));
#769 = LINE('',#770,#771);
#770 = CARTESIAN_POINT('',(-258.4643251068,16.478718707889,23.));
#771 = VECTOR('',#772,1.);
#772 = DIRECTION('',(1.,6.050715484207E-13,0.));
#773 = ORIENTED_EDGE('',*,*,#774,.F.);
#774 = EDGE_CURVE('',#197,#767,#775,.T.);
#775 = LINE('',#776,#777);
#776 = CARTESIAN_POINT('',(-258.8737739202,16.478718707889,23.));
#777 = VECTOR('',#778,1.);
#778 = DIRECTION('',(0.,0.,1.));
#779 = PLANE('',#780);
#780 = AXIS2_PLACEMENT_3D('',#781,#782,#783);
#781 = CARTESIAN_POINT('',(-259.2999999999,16.478718707889,18.));
#782 = DIRECTION('',(-6.050715484207E-13,1.,0.));
#783 = DIRECTION('',(1.,6.050715484207E-13,0.));
#784 = ADVANCED_FACE('',(#785),#797,.F.);
#785 = FACE_BOUND('',#786,.T.);
#786 = EDGE_LOOP('',(#787,#794,#795,#796));
#787 = ORIENTED_EDGE('',*,*,#788,.F.);
#788 = EDGE_CURVE('',#759,#767,#789,.T.);
#789 = CIRCLE('',#790,3.05);
#790 = AXIS2_PLACEMENT_3D('',#791,#792,#793);
#791 = CARTESIAN_POINT('',(-257.6,19.25,23.));
#792 = DIRECTION('',(0.,0.,-1.));
#793 = DIRECTION('',(1.,0.,0.));
#794 = ORIENTED_EDGE('',*,*,#758,.F.);
#795 = ORIENTED_EDGE('',*,*,#204,.T.);
#796 = ORIENTED_EDGE('',*,*,#774,.T.);
#797 = CYLINDRICAL_SURFACE('',#798,3.05);
#798 = AXIS2_PLACEMENT_3D('',#799,#800,#801);
#799 = CARTESIAN_POINT('',(-257.6,19.25,23.));
#800 = DIRECTION('',(0.,0.,1.));
#801 = DIRECTION('',(1.,0.,0.));
#802 = ADVANCED_FACE('',(#803),#828,.T.);
#803 = FACE_BOUND('',#804,.T.);
#804 = EDGE_LOOP('',(#805,#806,#814,#820,#821,#822));
#805 = ORIENTED_EDGE('',*,*,#448,.F.);
#806 = ORIENTED_EDGE('',*,*,#807,.T.);
#807 = EDGE_CURVE('',#441,#808,#810,.T.);
#808 = VERTEX_POINT('',#809);
#809 = CARTESIAN_POINT('',(-260.9,19.249999999998,23.5));
#810 = LINE('',#811,#812);
#811 = CARTESIAN_POINT('',(-260.9,19.249999999998,18.));
#812 = VECTOR('',#813,1.);
#813 = DIRECTION('',(0.,0.,1.));
#814 = ORIENTED_EDGE('',*,*,#815,.T.);
#815 = EDGE_CURVE('',#808,#743,#816,.T.);
#816 = LINE('',#817,#818);
#817 = CARTESIAN_POINT('',(-260.9,19.249999999998,23.5));
#818 = VECTOR('',#819,1.);
#819 = DIRECTION('',(0.500000000001,-0.866025403784,0.));
#820 = ORIENTED_EDGE('',*,*,#742,.F.);
#821 = ORIENTED_EDGE('',*,*,#187,.F.);
#822 = ORIENTED_EDGE('',*,*,#823,.T.);
#823 = EDGE_CURVE('',#131,#449,#824,.T.);
#824 = LINE('',#825,#826);
#825 = CARTESIAN_POINT('',(-259.5423181061,16.898425979392,23.));
#826 = VECTOR('',#827,1.);
#827 = DIRECTION('',(0.,0.,1.));
#828 = PLANE('',#829);
#829 = AXIS2_PLACEMENT_3D('',#830,#831,#832);
#830 = CARTESIAN_POINT('',(-260.9,19.249999999998,18.));
#831 = DIRECTION('',(0.866025403784,0.500000000001,0.));
#832 = DIRECTION('',(0.500000000001,-0.866025403784,0.));
#833 = ADVANCED_FACE('',(#834),#839,.F.);
#834 = FACE_BOUND('',#835,.T.);
#835 = EDGE_LOOP('',(#836,#837,#838));
#836 = ORIENTED_EDGE('',*,*,#456,.F.);
#837 = ORIENTED_EDGE('',*,*,#823,.F.);
#838 = ORIENTED_EDGE('',*,*,#130,.T.);
#839 = CYLINDRICAL_SURFACE('',#840,3.05);
#840 = AXIS2_PLACEMENT_3D('',#841,#842,#843);
#841 = CARTESIAN_POINT('',(-257.6,19.25,23.));
#842 = DIRECTION('',(0.,0.,1.));
#843 = DIRECTION('',(1.,0.,0.));
#844 = ADVANCED_FACE('',(#845),#949,.T.);
#845 = FACE_BOUND('',#846,.T.);
#846 = EDGE_LOOP('',(#847,#848,#849,#850,#851,#852,#858,#859,#867,#875,
    #883,#891,#899,#908,#916,#943));
#847 = ORIENTED_EDGE('',*,*,#591,.T.);
#848 = ORIENTED_EDGE('',*,*,#359,.T.);
#849 = ORIENTED_EDGE('',*,*,#106,.F.);
#850 = ORIENTED_EDGE('',*,*,#98,.T.);
#851 = ORIENTED_EDGE('',*,*,#90,.T.);
#852 = ORIENTED_EDGE('',*,*,#853,.F.);
#853 = EDGE_CURVE('',#542,#82,#854,.T.);
#854 = LINE('',#855,#856);
#855 = CARTESIAN_POINT('',(-252.69,15.,25.));
#856 = VECTOR('',#857,1.);
#857 = DIRECTION('',(0.,0.,-1.));
#858 = ORIENTED_EDGE('',*,*,#541,.T.);
#859 = ORIENTED_EDGE('',*,*,#860,.F.);
#860 = EDGE_CURVE('',#861,#533,#863,.T.);
#861 = VERTEX_POINT('',#862);
#862 = CARTESIAN_POINT('',(-252.6551206684,15.,10.));
#863 = LINE('',#864,#865);
#864 = CARTESIAN_POINT('',(-252.6551206684,15.,25.));
#865 = VECTOR('',#866,1.);
#866 = DIRECTION('',(0.,0.,1.));
#867 = ORIENTED_EDGE('',*,*,#868,.T.);
#868 = EDGE_CURVE('',#861,#869,#871,.T.);
#869 = VERTEX_POINT('',#870);
#870 = CARTESIAN_POINT('',(-249.5495942693,15.,10.));
#871 = LINE('',#872,#873);
#872 = CARTESIAN_POINT('',(-131.2859474582,15.,10.));
#873 = VECTOR('',#874,1.);
#874 = DIRECTION('',(1.,2.63E-15,0.));
#875 = ORIENTED_EDGE('',*,*,#876,.T.);
#876 = EDGE_CURVE('',#869,#877,#879,.T.);
#877 = VERTEX_POINT('',#878);
#878 = CARTESIAN_POINT('',(-249.5495942693,15.00000000001,25.));
#879 = LINE('',#880,#881);
#880 = CARTESIAN_POINT('',(-249.5495942693,15.,25.));
#881 = VECTOR('',#882,1.);
#882 = DIRECTION('',(0.,0.,1.));
#883 = ORIENTED_EDGE('',*,*,#884,.T.);
#884 = EDGE_CURVE('',#877,#885,#887,.T.);
#885 = VERTEX_POINT('',#886);
#886 = CARTESIAN_POINT('',(-239.5718949164,15.,25.));
#887 = LINE('',#888,#889);
#888 = CARTESIAN_POINT('',(-262.5718949164,15.,25.));
#889 = VECTOR('',#890,1.);
#890 = DIRECTION('',(1.,2.63E-15,0.));
#891 = ORIENTED_EDGE('',*,*,#892,.F.);
#892 = EDGE_CURVE('',#893,#885,#895,.T.);
#893 = VERTEX_POINT('',#894);
#894 = CARTESIAN_POINT('',(-239.5718949164,15.,10.));
#895 = LINE('',#896,#897);
#896 = CARTESIAN_POINT('',(-239.5718949164,15.,0.));
#897 = VECTOR('',#898,1.);
#898 = DIRECTION('',(0.,0.,1.));
#899 = ORIENTED_EDGE('',*,*,#900,.T.);
#900 = EDGE_CURVE('',#893,#901,#903,.T.);
#901 = VERTEX_POINT('',#902);
#902 = CARTESIAN_POINT('',(-249.5718949164,15.,-2.E-15));
#903 = CIRCLE('',#904,10.);
#904 = AXIS2_PLACEMENT_3D('',#905,#906,#907);
#905 = CARTESIAN_POINT('',(-249.5718949164,15.,10.));
#906 = DIRECTION('',(-0.,1.,0.));
#907 = DIRECTION('',(0.,0.,-1.));
#908 = ORIENTED_EDGE('',*,*,#909,.F.);
#909 = EDGE_CURVE('',#910,#901,#912,.T.);
#910 = VERTEX_POINT('',#911);
#911 = CARTESIAN_POINT('',(-252.554944517,15.,0.));
#912 = LINE('',#913,#914);
#913 = CARTESIAN_POINT('',(-262.5718949164,15.,0.));
#914 = VECTOR('',#915,1.);
#915 = DIRECTION('',(1.,2.63E-15,0.));
#916 = ORIENTED_EDGE('',*,*,#917,.T.);
#917 = EDGE_CURVE('',#910,#918,#920,.T.);
#918 = VERTEX_POINT('',#919);
#919 = CARTESIAN_POINT('',(-262.5718949164,15.,10.));
#920 = B_SPLINE_CURVE_WITH_KNOTS('',6,(#921,#922,#923,#924,#925,#926,
    #927,#928,#929,#930,#931,#932,#933,#934,#935,#936,#937,#938,#939,
    #940,#941,#942),.UNSPECIFIED.,.F.,.F.,(7,5,5,5,7),(0.,0.310228878868
    ,0.480277719014,0.652250355508,1.),.UNSPECIFIED.);
#921 = CARTESIAN_POINT('',(-252.554944517,15.,0.));
#922 = CARTESIAN_POINT('',(-253.3677931792,15.,0.));
#923 = CARTESIAN_POINT('',(-254.1807489395,15.,7.900822247099E-02));
#924 = CARTESIAN_POINT('',(-254.9839741945,15.,0.237066078194));
#925 = CARTESIAN_POINT('',(-255.7680112709,15.,0.472532458986));
#926 = CARTESIAN_POINT('',(-256.5237062485,15.,0.782492760429));
#927 = CARTESIAN_POINT('',(-257.6362494725,15.,1.370555175489));
#928 = CARTESIAN_POINT('',(-258.0190572458,15.,1.599783333606));
#929 = CARTESIAN_POINT('',(-258.3893473601,15.,1.849287661425));
#930 = CARTESIAN_POINT('',(-258.7457843624,15.,2.118211759239));
#931 = CARTESIAN_POINT('',(-259.0871131156,15.,2.405583257775));
#932 = CARTESIAN_POINT('',(-259.7408845085,15.,3.018491685743));
#933 = CARTESIAN_POINT('',(-260.0529647873,15.,3.344431248842));
#934 = CARTESIAN_POINT('',(-260.347187703,15.,3.687005234258));
#935 = CARTESIAN_POINT('',(-260.6224527828,15.,4.044990633746));
#936 = CARTESIAN_POINT('',(-260.8777737765,15.,4.417068960105));
#937 = CARTESIAN_POINT('',(-261.5864803871,15.,5.579853435682));
#938 = CARTESIAN_POINT('',(-261.9756896161,15.,6.409920012892));
#939 = CARTESIAN_POINT('',(-262.2724606346,15.,7.280072153477));
#940 = CARTESIAN_POINT('',(-262.472109442,15.,8.177505726575));
#941 = CARTESIAN_POINT('',(-262.5718949164,15.,9.088853783071));
#942 = CARTESIAN_POINT('',(-262.5718949164,15.,10.));
#943 = ORIENTED_EDGE('',*,*,#944,.T.);
#944 = EDGE_CURVE('',#918,#592,#945,.T.);
#945 = LINE('',#946,#947);
#946 = CARTESIAN_POINT('',(-262.5718949164,15.,0.));
#947 = VECTOR('',#948,1.);
#948 = DIRECTION('',(0.,0.,1.));
#949 = PLANE('',#950);
#950 = AXIS2_PLACEMENT_3D('',#951,#952,#953);
#951 = CARTESIAN_POINT('',(-262.5718949164,15.,0.));
#952 = DIRECTION('',(-2.63E-15,1.,0.));
#953 = DIRECTION('',(1.,2.63E-15,0.));
#954 = ADVANCED_FACE('',(#955),#961,.F.);
#955 = FACE_BOUND('',#956,.T.);
#956 = EDGE_LOOP('',(#957,#958,#959,#960));
#957 = ORIENTED_EDGE('',*,*,#549,.F.);
#958 = ORIENTED_EDGE('',*,*,#853,.T.);
#959 = ORIENTED_EDGE('',*,*,#81,.T.);
#960 = ORIENTED_EDGE('',*,*,#678,.F.);
#961 = PLANE('',#962);
#962 = AXIS2_PLACEMENT_3D('',#963,#964,#965);
#963 = CARTESIAN_POINT('',(-252.91,15.22,25.));
#964 = DIRECTION('',(-0.707106781187,-0.707106781187,0.));
#965 = DIRECTION('',(0.,0.,1.));
#966 = ADVANCED_FACE('',(#967),#985,.T.);
#967 = FACE_BOUND('',#968,.T.);
#968 = EDGE_LOOP('',(#969,#970,#978,#984));
#969 = ORIENTED_EDGE('',*,*,#440,.F.);
#970 = ORIENTED_EDGE('',*,*,#971,.T.);
#971 = EDGE_CURVE('',#433,#972,#974,.T.);
#972 = VERTEX_POINT('',#973);
#973 = CARTESIAN_POINT('',(-259.3,22.021281292109,23.5));
#974 = LINE('',#975,#976);
#975 = CARTESIAN_POINT('',(-259.3,22.021281292109,18.));
#976 = VECTOR('',#977,1.);
#977 = DIRECTION('',(0.,0.,1.));
#978 = ORIENTED_EDGE('',*,*,#979,.T.);
#979 = EDGE_CURVE('',#972,#808,#980,.T.);
#980 = LINE('',#981,#982);
#981 = CARTESIAN_POINT('',(-259.3,22.021281292109,23.5));
#982 = VECTOR('',#983,1.);
#983 = DIRECTION('',(-0.499999999999,-0.866025403785,0.));
#984 = ORIENTED_EDGE('',*,*,#807,.F.);
#985 = PLANE('',#986);
#986 = AXIS2_PLACEMENT_3D('',#987,#988,#989);
#987 = CARTESIAN_POINT('',(-259.3,22.021281292109,18.));
#988 = DIRECTION('',(0.866025403785,-0.499999999999,0.));
#989 = DIRECTION('',(-0.499999999999,-0.866025403785,0.));
#990 = ADVANCED_FACE('',(#991),#1009,.T.);
#991 = FACE_BOUND('',#992,.T.);
#992 = EDGE_LOOP('',(#993,#994,#1002,#1008));
#993 = ORIENTED_EDGE('',*,*,#432,.F.);
#994 = ORIENTED_EDGE('',*,*,#995,.T.);
#995 = EDGE_CURVE('',#425,#996,#998,.T.);
#996 = VERTEX_POINT('',#997);
#997 = CARTESIAN_POINT('',(-256.1,22.021281292111,23.5));
#998 = LINE('',#999,#1000);
#999 = CARTESIAN_POINT('',(-256.1,22.021281292111,18.));
#1000 = VECTOR('',#1001,1.);
#1001 = DIRECTION('',(0.,0.,1.));
#1002 = ORIENTED_EDGE('',*,*,#1003,.T.);
#1003 = EDGE_CURVE('',#996,#972,#1004,.T.);
#1004 = LINE('',#1005,#1006);
#1005 = CARTESIAN_POINT('',(-256.1,22.021281292111,23.5));
#1006 = VECTOR('',#1007,1.);
#1007 = DIRECTION('',(-1.,-6.050715484207E-13,0.));
#1008 = ORIENTED_EDGE('',*,*,#971,.F.);
#1009 = PLANE('',#1010);
#1010 = AXIS2_PLACEMENT_3D('',#1011,#1012,#1013);
#1011 = CARTESIAN_POINT('',(-256.1,22.021281292111,18.));
#1012 = DIRECTION('',(6.050715484207E-13,-1.,0.));
#1013 = DIRECTION('',(-1.,-6.050715484207E-13,0.));
#1014 = ADVANCED_FACE('',(#1015),#1026,.T.);
#1015 = FACE_BOUND('',#1016,.T.);
#1016 = EDGE_LOOP('',(#1017,#1018,#1019,#1025));
#1017 = ORIENTED_EDGE('',*,*,#424,.F.);
#1018 = ORIENTED_EDGE('',*,*,#725,.T.);
#1019 = ORIENTED_EDGE('',*,*,#1020,.T.);
#1020 = EDGE_CURVE('',#718,#996,#1021,.T.);
#1021 = LINE('',#1022,#1023);
#1022 = CARTESIAN_POINT('',(-254.5,19.250000000002,23.5));
#1023 = VECTOR('',#1024,1.);
#1024 = DIRECTION('',(-0.500000000001,0.866025403784,-0.));
#1025 = ORIENTED_EDGE('',*,*,#995,.F.);
#1026 = PLANE('',#1027);
#1027 = AXIS2_PLACEMENT_3D('',#1028,#1029,#1030);
#1028 = CARTESIAN_POINT('',(-254.5,19.250000000002,18.));
#1029 = DIRECTION('',(-0.866025403784,-0.500000000001,0.));
#1030 = DIRECTION('',(-0.500000000001,0.866025403784,0.));
#1031 = ADVANCED_FACE('',(#1032),#1043,.T.);
#1032 = FACE_BOUND('',#1033,.F.);
#1033 = EDGE_LOOP('',(#1034,#1035,#1041,#1042));
#1034 = ORIENTED_EDGE('',*,*,#565,.T.);
#1035 = ORIENTED_EDGE('',*,*,#1036,.T.);
#1036 = EDGE_CURVE('',#566,#384,#1037,.T.);
#1037 = LINE('',#1038,#1039);
#1038 = CARTESIAN_POINT('',(-256.13,23.84,25.));
#1039 = VECTOR('',#1040,1.);
#1040 = DIRECTION('',(-0.,-0.,-1.));
#1041 = ORIENTED_EDGE('',*,*,#391,.F.);
#1042 = ORIENTED_EDGE('',*,*,#671,.F.);
#1043 = CYLINDRICAL_SURFACE('',#1044,3.);
#1044 = AXIS2_PLACEMENT_3D('',#1045,#1046,#1047);
#1045 = CARTESIAN_POINT('',(-256.13,20.84,25.));
#1046 = DIRECTION('',(-0.,-0.,-1.));
#1047 = DIRECTION('',(1.,0.,0.));
#1048 = ADVANCED_FACE('',(#1049),#1055,.T.);
#1049 = FACE_BOUND('',#1050,.T.);
#1050 = EDGE_LOOP('',(#1051,#1052,#1053,#1054));
#1051 = ORIENTED_EDGE('',*,*,#574,.F.);
#1052 = ORIENTED_EDGE('',*,*,#1036,.T.);
#1053 = ORIENTED_EDGE('',*,*,#383,.T.);
#1054 = ORIENTED_EDGE('',*,*,#653,.F.);
#1055 = PLANE('',#1056);
#1056 = AXIS2_PLACEMENT_3D('',#1057,#1058,#1059);
#1057 = CARTESIAN_POINT('',(-253.13,23.84,25.));
#1058 = DIRECTION('',(0.,1.,0.));
#1059 = DIRECTION('',(-1.,0.,0.));
#1060 = ADVANCED_FACE('',(#1061),#1095,.F.);
#1061 = FACE_BOUND('',#1062,.F.);
#1062 = EDGE_LOOP('',(#1063,#1074,#1080,#1081,#1089));
#1063 = ORIENTED_EDGE('',*,*,#1064,.F.);
#1064 = EDGE_CURVE('',#1065,#1067,#1069,.T.);
#1065 = VERTEX_POINT('',#1066);
#1066 = CARTESIAN_POINT('',(-262.13,-15.44,21.564097183681));
#1067 = VERTEX_POINT('',#1068);
#1068 = CARTESIAN_POINT('',(-262.13,-18.,23.));
#1069 = CIRCLE('',#1070,3.);
#1070 = AXIS2_PLACEMENT_3D('',#1071,#1072,#1073);
#1071 = CARTESIAN_POINT('',(-262.13,-18.,20.));
#1072 = DIRECTION('',(1.,-0.,0.));
#1073 = DIRECTION('',(0.,0.,-1.));
#1074 = ORIENTED_EDGE('',*,*,#1075,.T.);
#1075 = EDGE_CURVE('',#1065,#475,#1076,.T.);
#1076 = LINE('',#1077,#1078);
#1077 = CARTESIAN_POINT('',(-262.13,-15.44,20.));
#1078 = VECTOR('',#1079,1.);
#1079 = DIRECTION('',(0.,0.,1.));
#1080 = ORIENTED_EDGE('',*,*,#472,.F.);
#1081 = ORIENTED_EDGE('',*,*,#1082,.T.);
#1082 = EDGE_CURVE('',#473,#1083,#1085,.T.);
#1083 = VERTEX_POINT('',#1084);
#1084 = CARTESIAN_POINT('',(-262.13,-20.84,23.));
#1085 = LINE('',#1086,#1087);
#1086 = CARTESIAN_POINT('',(-262.13,-20.84,25.));
#1087 = VECTOR('',#1088,1.);
#1088 = DIRECTION('',(-0.,-0.,-1.));
#1089 = ORIENTED_EDGE('',*,*,#1090,.T.);
#1090 = EDGE_CURVE('',#1083,#1067,#1091,.T.);
#1091 = LINE('',#1092,#1093);
#1092 = CARTESIAN_POINT('',(-262.13,-23.84,23.));
#1093 = VECTOR('',#1094,1.);
#1094 = DIRECTION('',(0.,1.,0.));
#1095 = PLANE('',#1096);
#1096 = AXIS2_PLACEMENT_3D('',#1097,#1098,#1099);
#1097 = CARTESIAN_POINT('',(-262.13,-23.84,25.));
#1098 = DIRECTION('',(1.,0.,0.));
#1099 = DIRECTION('',(0.,1.,0.));
#1100 = ADVANCED_FACE('',(#1101),#1120,.T.);
#1101 = FACE_BOUND('',#1102,.T.);
#1102 = EDGE_LOOP('',(#1103,#1112,#1113,#1114));
#1103 = ORIENTED_EDGE('',*,*,#1104,.F.);
#1104 = EDGE_CURVE('',#1065,#1105,#1107,.T.);
#1105 = VERTEX_POINT('',#1106);
#1106 = CARTESIAN_POINT('',(-262.57,-15.,20.));
#1107 = ELLIPSE('',#1108,4.242640687119,3.);
#1108 = AXIS2_PLACEMENT_3D('',#1109,#1110,#1111);
#1109 = CARTESIAN_POINT('',(-259.57,-18.,20.));
#1110 = DIRECTION('',(-0.707106781187,-0.707106781187,-0.));
#1111 = DIRECTION('',(-0.707106781187,0.707106781187,0.));
#1112 = ORIENTED_EDGE('',*,*,#1075,.T.);
#1113 = ORIENTED_EDGE('',*,*,#616,.T.);
#1114 = ORIENTED_EDGE('',*,*,#1115,.F.);
#1115 = EDGE_CURVE('',#1105,#609,#1116,.T.);
#1116 = LINE('',#1117,#1118);
#1117 = CARTESIAN_POINT('',(-262.57,-15.,20.));
#1118 = VECTOR('',#1119,1.);
#1119 = DIRECTION('',(0.,0.,1.));
#1120 = PLANE('',#1121);
#1121 = AXIS2_PLACEMENT_3D('',#1122,#1123,#1124);
#1122 = CARTESIAN_POINT('',(-262.35,-15.22,20.));
#1123 = DIRECTION('',(-0.707106781187,-0.707106781187,0.));
#1124 = DIRECTION('',(0.,0.,1.));
#1125 = ADVANCED_FACE('',(#1126),#1145,.T.);
#1126 = FACE_BOUND('',#1127,.F.);
#1127 = EDGE_LOOP('',(#1128,#1129,#1137,#1144));
#1128 = ORIENTED_EDGE('',*,*,#482,.T.);
#1129 = ORIENTED_EDGE('',*,*,#1130,.T.);
#1130 = EDGE_CURVE('',#483,#1131,#1133,.T.);
#1131 = VERTEX_POINT('',#1132);
#1132 = CARTESIAN_POINT('',(-259.13,-23.84,23.));
#1133 = LINE('',#1134,#1135);
#1134 = CARTESIAN_POINT('',(-259.13,-23.84,25.));
#1135 = VECTOR('',#1136,1.);
#1136 = DIRECTION('',(-0.,-0.,-1.));
#1137 = ORIENTED_EDGE('',*,*,#1138,.F.);
#1138 = EDGE_CURVE('',#1083,#1131,#1139,.T.);
#1139 = CIRCLE('',#1140,3.);
#1140 = AXIS2_PLACEMENT_3D('',#1141,#1142,#1143);
#1141 = CARTESIAN_POINT('',(-259.13,-20.84,23.));
#1142 = DIRECTION('',(0.,-0.,1.));
#1143 = DIRECTION('',(0.,1.,0.));
#1144 = ORIENTED_EDGE('',*,*,#1082,.F.);
#1145 = CYLINDRICAL_SURFACE('',#1146,3.);
#1146 = AXIS2_PLACEMENT_3D('',#1147,#1148,#1149);
#1147 = CARTESIAN_POINT('',(-259.13,-20.84,25.));
#1148 = DIRECTION('',(-0.,-0.,-1.));
#1149 = DIRECTION('',(-1.,0.,0.));
#1150 = ADVANCED_FACE('',(#1151),#1276,.T.);
#1151 = FACE_BOUND('',#1152,.T.);
#1152 = EDGE_LOOP('',(#1153,#1154,#1162,#1170,#1178,#1184,#1185,#1186,
    #1194,#1221,#1229,#1238,#1246,#1254,#1262,#1270));
#1153 = ORIENTED_EDGE('',*,*,#524,.T.);
#1154 = ORIENTED_EDGE('',*,*,#1155,.T.);
#1155 = EDGE_CURVE('',#517,#1156,#1158,.T.);
#1156 = VERTEX_POINT('',#1157);
#1157 = CARTESIAN_POINT('',(-252.69,-15.,20.));
#1158 = LINE('',#1159,#1160);
#1159 = CARTESIAN_POINT('',(-252.69,-15.,25.));
#1160 = VECTOR('',#1161,1.);
#1161 = DIRECTION('',(-0.,-0.,-1.));
#1162 = ORIENTED_EDGE('',*,*,#1163,.F.);
#1163 = EDGE_CURVE('',#1164,#1156,#1166,.T.);
#1164 = VERTEX_POINT('',#1165);
#1165 = CARTESIAN_POINT('',(-253.13,-15.,20.));
#1166 = LINE('',#1167,#1168);
#1167 = CARTESIAN_POINT('',(-253.13,-15.,20.));
#1168 = VECTOR('',#1169,1.);
#1169 = DIRECTION('',(1.,0.,0.));
#1170 = ORIENTED_EDGE('',*,*,#1171,.T.);
#1171 = EDGE_CURVE('',#1164,#1172,#1174,.T.);
#1172 = VERTEX_POINT('',#1173);
#1173 = CARTESIAN_POINT('',(-262.13,-15.,20.));
#1174 = LINE('',#1175,#1176);
#1175 = CARTESIAN_POINT('',(-253.13,-15.,20.));
#1176 = VECTOR('',#1177,1.);
#1177 = DIRECTION('',(-1.,0.,0.));
#1178 = ORIENTED_EDGE('',*,*,#1179,.T.);
#1179 = EDGE_CURVE('',#1172,#1105,#1180,.T.);
#1180 = LINE('',#1181,#1182);
#1181 = CARTESIAN_POINT('',(-253.13,-15.,20.));
#1182 = VECTOR('',#1183,1.);
#1183 = DIRECTION('',(-1.,0.,0.));
#1184 = ORIENTED_EDGE('',*,*,#1115,.T.);
#1185 = ORIENTED_EDGE('',*,*,#608,.T.);
#1186 = ORIENTED_EDGE('',*,*,#1187,.F.);
#1187 = EDGE_CURVE('',#1188,#600,#1190,.T.);
#1188 = VERTEX_POINT('',#1189);
#1189 = CARTESIAN_POINT('',(-262.5718949164,-15.,10.));
#1190 = LINE('',#1191,#1192);
#1191 = CARTESIAN_POINT('',(-262.5718949164,-15.,0.));
#1192 = VECTOR('',#1193,1.);
#1193 = DIRECTION('',(0.,0.,1.));
#1194 = ORIENTED_EDGE('',*,*,#1195,.F.);
#1195 = EDGE_CURVE('',#1196,#1188,#1198,.T.);
#1196 = VERTEX_POINT('',#1197);
#1197 = CARTESIAN_POINT('',(-252.554944517,-15.,0.));
#1198 = B_SPLINE_CURVE_WITH_KNOTS('',6,(#1199,#1200,#1201,#1202,#1203,
    #1204,#1205,#1206,#1207,#1208,#1209,#1210,#1211,#1212,#1213,#1214,
    #1215,#1216,#1217,#1218,#1219,#1220),.UNSPECIFIED.,.F.,.F.,(7,5,5,5,
    7),(0.,0.310228878868,0.480277719014,0.652250355509,1.),
  .UNSPECIFIED.);
#1199 = CARTESIAN_POINT('',(-252.554944517,-15.,0.));
#1200 = CARTESIAN_POINT('',(-253.3677931792,-15.,0.));
#1201 = CARTESIAN_POINT('',(-254.1807489395,-15.,7.900822247115E-02));
#1202 = CARTESIAN_POINT('',(-254.9839741945,-15.,0.237066078193));
#1203 = CARTESIAN_POINT('',(-255.7680112709,-15.,0.472532458986));
#1204 = CARTESIAN_POINT('',(-256.5237062485,-15.,0.782492760429));
#1205 = CARTESIAN_POINT('',(-257.6362494725,-15.,1.370555175489));
#1206 = CARTESIAN_POINT('',(-258.0190572458,-15.,1.599783333606));
#1207 = CARTESIAN_POINT('',(-258.3893473601,-15.,1.849287661425));
#1208 = CARTESIAN_POINT('',(-258.7457843624,-15.,2.118211759239));
#1209 = CARTESIAN_POINT('',(-259.0871131156,-15.,2.405583257775));
#1210 = CARTESIAN_POINT('',(-259.7408845085,-15.,3.018491685743));
#1211 = CARTESIAN_POINT('',(-260.0529647873,-15.,3.344431248842));
#1212 = CARTESIAN_POINT('',(-260.347187703,-15.,3.687005234258));
#1213 = CARTESIAN_POINT('',(-260.6224527828,-15.,4.044990633747));
#1214 = CARTESIAN_POINT('',(-260.8777737765,-15.,4.417068960105));
#1215 = CARTESIAN_POINT('',(-261.5864803871,-15.,5.579853435682));
#1216 = CARTESIAN_POINT('',(-261.9756896161,-15.,6.409920012893));
#1217 = CARTESIAN_POINT('',(-262.2724606346,-15.,7.280072153476));
#1218 = CARTESIAN_POINT('',(-262.472109442,-15.,8.177505726576));
#1219 = CARTESIAN_POINT('',(-262.5718949164,-15.,9.08885378307));
#1220 = CARTESIAN_POINT('',(-262.5718949164,-15.,10.));
#1221 = ORIENTED_EDGE('',*,*,#1222,.F.);
#1222 = EDGE_CURVE('',#1223,#1196,#1225,.T.);
#1223 = VERTEX_POINT('',#1224);
#1224 = CARTESIAN_POINT('',(-249.5718949164,-15.,-2.E-15));
#1225 = LINE('',#1226,#1227);
#1226 = CARTESIAN_POINT('',(-239.5718949164,-15.,0.));
#1227 = VECTOR('',#1228,1.);
#1228 = DIRECTION('',(-1.,0.,0.));
#1229 = ORIENTED_EDGE('',*,*,#1230,.F.);
#1230 = EDGE_CURVE('',#1231,#1223,#1233,.T.);
#1231 = VERTEX_POINT('',#1232);
#1232 = CARTESIAN_POINT('',(-239.5718949164,-15.,10.));
#1233 = CIRCLE('',#1234,10.);
#1234 = AXIS2_PLACEMENT_3D('',#1235,#1236,#1237);
#1235 = CARTESIAN_POINT('',(-249.5718949164,-15.,10.));
#1236 = DIRECTION('',(-0.,1.,0.));
#1237 = DIRECTION('',(0.,0.,-1.));
#1238 = ORIENTED_EDGE('',*,*,#1239,.T.);
#1239 = EDGE_CURVE('',#1231,#1240,#1242,.T.);
#1240 = VERTEX_POINT('',#1241);
#1241 = CARTESIAN_POINT('',(-239.5718949164,-15.,25.));
#1242 = LINE('',#1243,#1244);
#1243 = CARTESIAN_POINT('',(-239.5718949164,-15.,0.));
#1244 = VECTOR('',#1245,1.);
#1245 = DIRECTION('',(0.,0.,1.));
#1246 = ORIENTED_EDGE('',*,*,#1247,.T.);
#1247 = EDGE_CURVE('',#1240,#1248,#1250,.T.);
#1248 = VERTEX_POINT('',#1249);
#1249 = CARTESIAN_POINT('',(-249.5495942693,-15.00000000001,25.));
#1250 = LINE('',#1251,#1252);
#1251 = CARTESIAN_POINT('',(-239.5718949164,-15.,25.));
#1252 = VECTOR('',#1253,1.);
#1253 = DIRECTION('',(-1.,0.,0.));
#1254 = ORIENTED_EDGE('',*,*,#1255,.F.);
#1255 = EDGE_CURVE('',#1256,#1248,#1258,.T.);
#1256 = VERTEX_POINT('',#1257);
#1257 = CARTESIAN_POINT('',(-249.5495942693,-15.,10.));
#1258 = LINE('',#1259,#1260);
#1259 = CARTESIAN_POINT('',(-249.5495942693,-15.,25.));
#1260 = VECTOR('',#1261,1.);
#1261 = DIRECTION('',(0.,0.,1.));
#1262 = ORIENTED_EDGE('',*,*,#1263,.T.);
#1263 = EDGE_CURVE('',#1256,#1264,#1266,.T.);
#1264 = VERTEX_POINT('',#1265);
#1265 = CARTESIAN_POINT('',(-252.6551206684,-15.,10.));
#1266 = LINE('',#1267,#1268);
#1267 = CARTESIAN_POINT('',(-119.7859474582,-15.,10.));
#1268 = VECTOR('',#1269,1.);
#1269 = DIRECTION('',(-1.,0.,0.));
#1270 = ORIENTED_EDGE('',*,*,#1271,.T.);
#1271 = EDGE_CURVE('',#1264,#525,#1272,.T.);
#1272 = LINE('',#1273,#1274);
#1273 = CARTESIAN_POINT('',(-252.6551206684,-15.,25.));
#1274 = VECTOR('',#1275,1.);
#1275 = DIRECTION('',(0.,0.,1.));
#1276 = PLANE('',#1277);
#1277 = AXIS2_PLACEMENT_3D('',#1278,#1279,#1280);
#1278 = CARTESIAN_POINT('',(-239.5718949164,-15.,0.));
#1279 = DIRECTION('',(0.,-1.,0.));
#1280 = DIRECTION('',(-1.,0.,0.));
#1281 = ADVANCED_FACE('',(#1282),#1300,.F.);
#1282 = FACE_BOUND('',#1283,.F.);
#1283 = EDGE_LOOP('',(#1284,#1285,#1293,#1299));
#1284 = ORIENTED_EDGE('',*,*,#491,.F.);
#1285 = ORIENTED_EDGE('',*,*,#1286,.T.);
#1286 = EDGE_CURVE('',#492,#1287,#1289,.T.);
#1287 = VERTEX_POINT('',#1288);
#1288 = CARTESIAN_POINT('',(-256.13,-23.84,23.));
#1289 = LINE('',#1290,#1291);
#1290 = CARTESIAN_POINT('',(-256.13,-23.84,25.));
#1291 = VECTOR('',#1292,1.);
#1292 = DIRECTION('',(-0.,-0.,-1.));
#1293 = ORIENTED_EDGE('',*,*,#1294,.T.);
#1294 = EDGE_CURVE('',#1287,#1131,#1295,.T.);
#1295 = LINE('',#1296,#1297);
#1296 = CARTESIAN_POINT('',(-253.13,-23.84,23.));
#1297 = VECTOR('',#1298,1.);
#1298 = DIRECTION('',(-1.,0.,0.));
#1299 = ORIENTED_EDGE('',*,*,#1130,.F.);
#1300 = PLANE('',#1301);
#1301 = AXIS2_PLACEMENT_3D('',#1302,#1303,#1304);
#1302 = CARTESIAN_POINT('',(-253.13,-23.84,25.));
#1303 = DIRECTION('',(0.,1.,0.));
#1304 = DIRECTION('',(-1.,0.,0.));
#1305 = ADVANCED_FACE('',(#1306),#1318,.T.);
#1306 = FACE_BOUND('',#1307,.F.);
#1307 = EDGE_LOOP('',(#1308,#1309,#1310,#1311));
#1308 = ORIENTED_EDGE('',*,*,#944,.T.);
#1309 = ORIENTED_EDGE('',*,*,#599,.T.);
#1310 = ORIENTED_EDGE('',*,*,#1187,.F.);
#1311 = ORIENTED_EDGE('',*,*,#1312,.F.);
#1312 = EDGE_CURVE('',#918,#1188,#1313,.T.);
#1313 = CIRCLE('',#1314,263.);
#1314 = AXIS2_PLACEMENT_3D('',#1315,#1316,#1317);
#1315 = CARTESIAN_POINT('',(0.,0.,10.));
#1316 = DIRECTION('',(0.,0.,1.));
#1317 = DIRECTION('',(-0.998372224017,5.703422053232E-02,0.));
#1318 = CYLINDRICAL_SURFACE('',#1319,263.);
#1319 = AXIS2_PLACEMENT_3D('',#1320,#1321,#1322);
#1320 = CARTESIAN_POINT('',(0.,0.,0.));
#1321 = DIRECTION('',(-0.,-0.,-1.));
#1322 = DIRECTION('',(1.,0.,0.));
#1323 = ADVANCED_FACE('',(#1324),#1343,.T.);
#1324 = FACE_BOUND('',#1325,.F.);
#1325 = EDGE_LOOP('',(#1326,#1327,#1335,#1342));
#1326 = ORIENTED_EDGE('',*,*,#499,.T.);
#1327 = ORIENTED_EDGE('',*,*,#1328,.T.);
#1328 = EDGE_CURVE('',#500,#1329,#1331,.T.);
#1329 = VERTEX_POINT('',#1330);
#1330 = CARTESIAN_POINT('',(-253.13,-20.84,23.));
#1331 = LINE('',#1332,#1333);
#1332 = CARTESIAN_POINT('',(-253.13,-20.84,25.));
#1333 = VECTOR('',#1334,1.);
#1334 = DIRECTION('',(-0.,-0.,-1.));
#1335 = ORIENTED_EDGE('',*,*,#1336,.F.);
#1336 = EDGE_CURVE('',#1287,#1329,#1337,.T.);
#1337 = CIRCLE('',#1338,3.);
#1338 = AXIS2_PLACEMENT_3D('',#1339,#1340,#1341);
#1339 = CARTESIAN_POINT('',(-256.13,-20.84,23.));
#1340 = DIRECTION('',(0.,-0.,1.));
#1341 = DIRECTION('',(0.,1.,0.));
#1342 = ORIENTED_EDGE('',*,*,#1286,.F.);
#1343 = CYLINDRICAL_SURFACE('',#1344,3.);
#1344 = AXIS2_PLACEMENT_3D('',#1345,#1346,#1347);
#1345 = CARTESIAN_POINT('',(-256.13,-20.84,25.));
#1346 = DIRECTION('',(-0.,-0.,-1.));
#1347 = DIRECTION('',(0.,-1.,0.));
#1348 = ADVANCED_FACE('',(#1349),#1376,.F.);
#1349 = FACE_BOUND('',#1350,.F.);
#1350 = EDGE_LOOP('',(#1351,#1362,#1368,#1369,#1370));
#1351 = ORIENTED_EDGE('',*,*,#1352,.T.);
#1352 = EDGE_CURVE('',#1353,#1355,#1357,.T.);
#1353 = VERTEX_POINT('',#1354);
#1354 = CARTESIAN_POINT('',(-253.13,-15.44,21.564097183681));
#1355 = VERTEX_POINT('',#1356);
#1356 = CARTESIAN_POINT('',(-253.13,-18.,23.));
#1357 = CIRCLE('',#1358,3.);
#1358 = AXIS2_PLACEMENT_3D('',#1359,#1360,#1361);
#1359 = CARTESIAN_POINT('',(-253.13,-18.,20.));
#1360 = DIRECTION('',(1.,-0.,0.));
#1361 = DIRECTION('',(0.,0.,-1.));
#1362 = ORIENTED_EDGE('',*,*,#1363,.T.);
#1363 = EDGE_CURVE('',#1355,#1329,#1364,.T.);
#1364 = LINE('',#1365,#1366);
#1365 = CARTESIAN_POINT('',(-253.13,-14.84,23.));
#1366 = VECTOR('',#1367,1.);
#1367 = DIRECTION('',(0.,-1.,0.));
#1368 = ORIENTED_EDGE('',*,*,#1328,.F.);
#1369 = ORIENTED_EDGE('',*,*,#508,.F.);
#1370 = ORIENTED_EDGE('',*,*,#1371,.T.);
#1371 = EDGE_CURVE('',#509,#1353,#1372,.T.);
#1372 = LINE('',#1373,#1374);
#1373 = CARTESIAN_POINT('',(-253.13,-15.44,25.));
#1374 = VECTOR('',#1375,1.);
#1375 = DIRECTION('',(-0.,-0.,-1.));
#1376 = PLANE('',#1377);
#1377 = AXIS2_PLACEMENT_3D('',#1378,#1379,#1380);
#1378 = CARTESIAN_POINT('',(-253.13,-14.84,25.));
#1379 = DIRECTION('',(-1.,0.,0.));
#1380 = DIRECTION('',(0.,-1.,0.));
#1381 = ADVANCED_FACE('',(#1382),#1394,.T.);
#1382 = FACE_BOUND('',#1383,.F.);
#1383 = EDGE_LOOP('',(#1384,#1385,#1386,#1393));
#1384 = ORIENTED_EDGE('',*,*,#516,.F.);
#1385 = ORIENTED_EDGE('',*,*,#1155,.T.);
#1386 = ORIENTED_EDGE('',*,*,#1387,.T.);
#1387 = EDGE_CURVE('',#1156,#1353,#1388,.T.);
#1388 = ELLIPSE('',#1389,4.242640687119,3.);
#1389 = AXIS2_PLACEMENT_3D('',#1390,#1391,#1392);
#1390 = CARTESIAN_POINT('',(-255.69,-18.,20.));
#1391 = DIRECTION('',(0.707106781187,-0.707106781187,0.));
#1392 = DIRECTION('',(-0.707106781187,-0.707106781187,0.));
#1393 = ORIENTED_EDGE('',*,*,#1371,.F.);
#1394 = PLANE('',#1395);
#1395 = AXIS2_PLACEMENT_3D('',#1396,#1397,#1398);
#1396 = CARTESIAN_POINT('',(-252.91,-15.22,25.));
#1397 = DIRECTION('',(0.707106781187,-0.707106781187,0.));
#1398 = DIRECTION('',(0.,0.,1.));
#1399 = ADVANCED_FACE('',(#1400),#1412,.F.);
#1400 = FACE_BOUND('',#1401,.F.);
#1401 = EDGE_LOOP('',(#1402,#1403,#1404,#1411));
#1402 = ORIENTED_EDGE('',*,*,#532,.F.);
#1403 = ORIENTED_EDGE('',*,*,#860,.F.);
#1404 = ORIENTED_EDGE('',*,*,#1405,.T.);
#1405 = EDGE_CURVE('',#861,#1264,#1406,.T.);
#1406 = CIRCLE('',#1407,253.1);
#1407 = AXIS2_PLACEMENT_3D('',#1408,#1409,#1410);
#1408 = CARTESIAN_POINT('',(0.,0.,10.));
#1409 = DIRECTION('',(0.,0.,1.));
#1410 = DIRECTION('',(1.,0.,0.));
#1411 = ORIENTED_EDGE('',*,*,#1271,.T.);
#1412 = CYLINDRICAL_SURFACE('',#1413,253.1);
#1413 = AXIS2_PLACEMENT_3D('',#1414,#1415,#1416);
#1414 = CARTESIAN_POINT('',(0.,0.,25.));
#1415 = DIRECTION('',(0.,0.,1.));
#1416 = DIRECTION('',(1.,0.,0.));
#1417 = ADVANCED_FACE('',(#1418),#1437,.F.);
#1418 = FACE_BOUND('',#1419,.F.);
#1419 = EDGE_LOOP('',(#1420,#1421,#1429,#1436));
#1420 = ORIENTED_EDGE('',*,*,#624,.F.);
#1421 = ORIENTED_EDGE('',*,*,#1422,.T.);
#1422 = EDGE_CURVE('',#625,#1423,#1425,.T.);
#1423 = VERTEX_POINT('',#1424);
#1424 = CARTESIAN_POINT('',(-256.05,-19.25,23.5));
#1425 = LINE('',#1426,#1427);
#1426 = CARTESIAN_POINT('',(-256.05,-19.25,25.));
#1427 = VECTOR('',#1428,1.);
#1428 = DIRECTION('',(-0.,-0.,-1.));
#1429 = ORIENTED_EDGE('',*,*,#1430,.T.);
#1430 = EDGE_CURVE('',#1423,#1423,#1431,.T.);
#1431 = CIRCLE('',#1432,1.55);
#1432 = AXIS2_PLACEMENT_3D('',#1433,#1434,#1435);
#1433 = CARTESIAN_POINT('',(-257.6,-19.25,23.5));
#1434 = DIRECTION('',(0.,0.,1.));
#1435 = DIRECTION('',(1.,0.,0.));
#1436 = ORIENTED_EDGE('',*,*,#1422,.F.);
#1437 = CYLINDRICAL_SURFACE('',#1438,1.55);
#1438 = AXIS2_PLACEMENT_3D('',#1439,#1440,#1441);
#1439 = CARTESIAN_POINT('',(-257.6,-19.25,25.));
#1440 = DIRECTION('',(0.,0.,1.));
#1441 = DIRECTION('',(1.,0.,0.));
#1442 = ADVANCED_FACE('',(#1443),#1462,.F.);
#1443 = FACE_BOUND('',#1444,.F.);
#1444 = EDGE_LOOP('',(#1445,#1446,#1454,#1461));
#1445 = ORIENTED_EDGE('',*,*,#635,.F.);
#1446 = ORIENTED_EDGE('',*,*,#1447,.T.);
#1447 = EDGE_CURVE('',#636,#1448,#1450,.T.);
#1448 = VERTEX_POINT('',#1449);
#1449 = CARTESIAN_POINT('',(-256.05,19.25,23.5));
#1450 = LINE('',#1451,#1452);
#1451 = CARTESIAN_POINT('',(-256.05,19.25,25.));
#1452 = VECTOR('',#1453,1.);
#1453 = DIRECTION('',(-0.,-0.,-1.));
#1454 = ORIENTED_EDGE('',*,*,#1455,.T.);
#1455 = EDGE_CURVE('',#1448,#1448,#1456,.T.);
#1456 = CIRCLE('',#1457,1.55);
#1457 = AXIS2_PLACEMENT_3D('',#1458,#1459,#1460);
#1458 = CARTESIAN_POINT('',(-257.6,19.25,23.5));
#1459 = DIRECTION('',(0.,0.,1.));
#1460 = DIRECTION('',(1.,0.,0.));
#1461 = ORIENTED_EDGE('',*,*,#1447,.F.);
#1462 = CYLINDRICAL_SURFACE('',#1463,1.55);
#1463 = AXIS2_PLACEMENT_3D('',#1464,#1465,#1466);
#1464 = CARTESIAN_POINT('',(-257.6,19.25,25.));
#1465 = DIRECTION('',(0.,0.,1.));
#1466 = DIRECTION('',(1.,0.,0.));
#1467 = ADVANCED_FACE('',(#1468,#1476),#1479,.F.);
#1468 = FACE_BOUND('',#1469,.F.);
#1469 = EDGE_LOOP('',(#1470,#1471,#1472,#1473,#1474,#1475));
#1470 = ORIENTED_EDGE('',*,*,#717,.T.);
#1471 = ORIENTED_EDGE('',*,*,#1020,.T.);
#1472 = ORIENTED_EDGE('',*,*,#1003,.T.);
#1473 = ORIENTED_EDGE('',*,*,#979,.T.);
#1474 = ORIENTED_EDGE('',*,*,#815,.T.);
#1475 = ORIENTED_EDGE('',*,*,#750,.T.);
#1476 = FACE_BOUND('',#1477,.F.);
#1477 = EDGE_LOOP('',(#1478));
#1478 = ORIENTED_EDGE('',*,*,#1455,.F.);
#1479 = PLANE('',#1480);
#1480 = AXIS2_PLACEMENT_3D('',#1481,#1482,#1483);
#1481 = CARTESIAN_POINT('',(-246.35,-2.396231361483E-14,23.5));
#1482 = DIRECTION('',(0.,0.,1.));
#1483 = DIRECTION('',(1.,0.,0.));
#1484 = ADVANCED_FACE('',(#1485),#1489,.T.);
#1485 = FACE_BOUND('',#1486,.T.);
#1486 = EDGE_LOOP('',(#1487,#1488));
#1487 = ORIENTED_EDGE('',*,*,#788,.T.);
#1488 = ORIENTED_EDGE('',*,*,#766,.T.);
#1489 = PLANE('',#1490);
#1490 = AXIS2_PLACEMENT_3D('',#1491,#1492,#1493);
#1491 = CARTESIAN_POINT('',(-257.6286502137,20.201562801485,23.));
#1492 = DIRECTION('',(-0.,-0.,-1.));
#1493 = DIRECTION('',(-1.,0.,0.));
#1494 = ADVANCED_FACE('',(#1495),#1507,.T.);
#1495 = FACE_BOUND('',#1496,.T.);
#1496 = EDGE_LOOP('',(#1497,#1498,#1505,#1506));
#1497 = ORIENTED_EDGE('',*,*,#917,.F.);
#1498 = ORIENTED_EDGE('',*,*,#1499,.T.);
#1499 = EDGE_CURVE('',#910,#1196,#1500,.T.);
#1500 = CIRCLE('',#1501,253.);
#1501 = AXIS2_PLACEMENT_3D('',#1502,#1503,#1504);
#1502 = CARTESIAN_POINT('',(0.,0.,0.));
#1503 = DIRECTION('',(0.,0.,1.));
#1504 = DIRECTION('',(-0.998372224017,5.703422053232E-02,0.));
#1505 = ORIENTED_EDGE('',*,*,#1195,.T.);
#1506 = ORIENTED_EDGE('',*,*,#1312,.F.);
#1507 = TOROIDAL_SURFACE('',#1508,253.,10.);
#1508 = AXIS2_PLACEMENT_3D('',#1509,#1510,#1511);
#1509 = CARTESIAN_POINT('',(0.,0.,10.));
#1510 = DIRECTION('',(0.,0.,1.));
#1511 = DIRECTION('',(-0.998372224017,5.703422053232E-02,0.));
#1512 = ADVANCED_FACE('',(#1513),#1524,.F.);
#1513 = FACE_BOUND('',#1514,.F.);
#1514 = EDGE_LOOP('',(#1515,#1516,#1517,#1518));
#1515 = ORIENTED_EDGE('',*,*,#909,.F.);
#1516 = ORIENTED_EDGE('',*,*,#1499,.T.);
#1517 = ORIENTED_EDGE('',*,*,#1222,.F.);
#1518 = ORIENTED_EDGE('',*,*,#1519,.F.);
#1519 = EDGE_CURVE('',#901,#1223,#1520,.T.);
#1520 = LINE('',#1521,#1522);
#1521 = CARTESIAN_POINT('',(-249.5718949164,15.,-1.78E-15));
#1522 = VECTOR('',#1523,1.);
#1523 = DIRECTION('',(0.,-1.,0.));
#1524 = PLANE('',#1525);
#1525 = AXIS2_PLACEMENT_3D('',#1526,#1527,#1528);
#1526 = CARTESIAN_POINT('',(-251.1452877288,1.0616E-13,0.));
#1527 = DIRECTION('',(0.,0.,1.));
#1528 = DIRECTION('',(1.,0.,0.));
#1529 = ADVANCED_FACE('',(#1530),#1541,.T.);
#1530 = FACE_BOUND('',#1531,.F.);
#1531 = EDGE_LOOP('',(#1532,#1533,#1534,#1535));
#1532 = ORIENTED_EDGE('',*,*,#900,.T.);
#1533 = ORIENTED_EDGE('',*,*,#1519,.T.);
#1534 = ORIENTED_EDGE('',*,*,#1230,.F.);
#1535 = ORIENTED_EDGE('',*,*,#1536,.F.);
#1536 = EDGE_CURVE('',#893,#1231,#1537,.T.);
#1537 = LINE('',#1538,#1539);
#1538 = CARTESIAN_POINT('',(-239.5718949164,15.,10.));
#1539 = VECTOR('',#1540,1.);
#1540 = DIRECTION('',(0.,-1.,0.));
#1541 = CYLINDRICAL_SURFACE('',#1542,10.);
#1542 = AXIS2_PLACEMENT_3D('',#1543,#1544,#1545);
#1543 = CARTESIAN_POINT('',(-249.5718949164,15.,10.));
#1544 = DIRECTION('',(0.,-1.,0.));
#1545 = DIRECTION('',(1.,0.,0.));
#1546 = ADVANCED_FACE('',(#1547),#1607,.T.);
#1547 = FACE_BOUND('',#1548,.T.);
#1548 = EDGE_LOOP('',(#1549,#1557,#1558,#1559,#1560,#1568,#1576,#1584,
    #1593,#1601));
#1549 = ORIENTED_EDGE('',*,*,#1550,.T.);
#1550 = EDGE_CURVE('',#1551,#1240,#1553,.T.);
#1551 = VERTEX_POINT('',#1552);
#1552 = CARTESIAN_POINT('',(-239.5718949164,-14.9883625187,25.));
#1553 = LINE('',#1554,#1555);
#1554 = CARTESIAN_POINT('',(-239.5718949164,15.,25.));
#1555 = VECTOR('',#1556,1.);
#1556 = DIRECTION('',(0.,-1.,0.));
#1557 = ORIENTED_EDGE('',*,*,#1239,.F.);
#1558 = ORIENTED_EDGE('',*,*,#1536,.F.);
#1559 = ORIENTED_EDGE('',*,*,#892,.T.);
#1560 = ORIENTED_EDGE('',*,*,#1561,.T.);
#1561 = EDGE_CURVE('',#885,#1562,#1564,.T.);
#1562 = VERTEX_POINT('',#1563);
#1563 = CARTESIAN_POINT('',(-239.5718949164,14.9883625187,25.));
#1564 = LINE('',#1565,#1566);
#1565 = CARTESIAN_POINT('',(-239.5718949164,15.,25.));
#1566 = VECTOR('',#1567,1.);
#1567 = DIRECTION('',(0.,-1.,0.));
#1568 = ORIENTED_EDGE('',*,*,#1569,.F.);
#1569 = EDGE_CURVE('',#1570,#1562,#1572,.T.);
#1570 = VERTEX_POINT('',#1571);
#1571 = CARTESIAN_POINT('',(-239.5718949164,14.9883625187,23.));
#1572 = LINE('',#1573,#1574);
#1573 = CARTESIAN_POINT('',(-239.5718949164,14.9883625187,23.));
#1574 = VECTOR('',#1575,1.);
#1575 = DIRECTION('',(0.,0.,1.));
#1576 = ORIENTED_EDGE('',*,*,#1577,.F.);
#1577 = EDGE_CURVE('',#1578,#1570,#1580,.T.);
#1578 = VERTEX_POINT('',#1579);
#1579 = CARTESIAN_POINT('',(-239.5718949164,11.578536176909,23.));
#1580 = LINE('',#1581,#1582);
#1581 = CARTESIAN_POINT('',(-239.5718949164,13.302175521365,23.));
#1582 = VECTOR('',#1583,1.);
#1583 = DIRECTION('',(0.,1.,-3.7E-16));
#1584 = ORIENTED_EDGE('',*,*,#1585,.F.);
#1585 = EDGE_CURVE('',#1586,#1578,#1588,.T.);
#1586 = VERTEX_POINT('',#1587);
#1587 = CARTESIAN_POINT('',(-239.5718949164,-11.5785361769,23.));
#1588 = CIRCLE('',#1589,11.75);
#1589 = AXIS2_PLACEMENT_3D('',#1590,#1591,#1592);
#1590 = CARTESIAN_POINT('',(-239.5718949164,0.,25.));
#1591 = DIRECTION('',(1.,0.,0.));
#1592 = DIRECTION('',(0.,-0.973527144994,-0.228571428571));
#1593 = ORIENTED_EDGE('',*,*,#1594,.F.);
#1594 = EDGE_CURVE('',#1595,#1586,#1597,.T.);
#1595 = VERTEX_POINT('',#1596);
#1596 = CARTESIAN_POINT('',(-239.5718949164,-14.9883625187,23.));
#1597 = LINE('',#1598,#1599);
#1598 = CARTESIAN_POINT('',(-239.5718949164,-14.5183625187,23.));
#1599 = VECTOR('',#1600,1.);
#1600 = DIRECTION('',(0.,1.,5.9E-16));
#1601 = ORIENTED_EDGE('',*,*,#1602,.F.);
#1602 = EDGE_CURVE('',#1551,#1595,#1603,.T.);
#1603 = LINE('',#1604,#1605);
#1604 = CARTESIAN_POINT('',(-239.5718949164,-14.9883625187,25.));
#1605 = VECTOR('',#1606,1.);
#1606 = DIRECTION('',(0.,0.,-1.));
#1607 = PLANE('',#1608);
#1608 = AXIS2_PLACEMENT_3D('',#1609,#1610,#1611);
#1609 = CARTESIAN_POINT('',(-239.5718949164,15.,0.));
#1610 = DIRECTION('',(1.,0.,0.));
#1611 = DIRECTION('',(0.,-1.,0.));
#1612 = ADVANCED_FACE('',(#1613,#1714,#1725),#1736,.T.);
#1613 = FACE_BOUND('',#1614,.T.);
#1614 = EDGE_LOOP('',(#1615,#1625,#1631,#1632,#1633,#1640,#1641,#1642,
    #1650,#1658,#1667,#1675,#1683,#1691,#1699,#1707));
#1615 = ORIENTED_EDGE('',*,*,#1616,.F.);
#1616 = EDGE_CURVE('',#1617,#1619,#1621,.T.);
#1617 = VERTEX_POINT('',#1618);
#1618 = CARTESIAN_POINT('',(-239.1018949164,14.5183625187,25.));
#1619 = VERTEX_POINT('',#1620);
#1620 = CARTESIAN_POINT('',(-232.5718949164,14.5183625187,25.));
#1621 = LINE('',#1622,#1623);
#1622 = CARTESIAN_POINT('',(-239.5718949164,14.5183625187,25.));
#1623 = VECTOR('',#1624,1.);
#1624 = DIRECTION('',(1.,0.,0.));
#1625 = ORIENTED_EDGE('',*,*,#1626,.T.);
#1626 = EDGE_CURVE('',#1617,#1562,#1627,.T.);
#1627 = LINE('',#1628,#1629);
#1628 = CARTESIAN_POINT('',(-236.0287148739,11.445182476234,25.));
#1629 = VECTOR('',#1630,1.);
#1630 = DIRECTION('',(-0.707106781187,0.707106781187,0.));
#1631 = ORIENTED_EDGE('',*,*,#1561,.F.);
#1632 = ORIENTED_EDGE('',*,*,#884,.F.);
#1633 = ORIENTED_EDGE('',*,*,#1634,.T.);
#1634 = EDGE_CURVE('',#877,#1248,#1635,.T.);
#1635 = CIRCLE('',#1636,250.);
#1636 = AXIS2_PLACEMENT_3D('',#1637,#1638,#1639);
#1637 = CARTESIAN_POINT('',(0.,0.,25.));
#1638 = DIRECTION('',(0.,0.,1.));
#1639 = DIRECTION('',(1.,0.,0.));
#1640 = ORIENTED_EDGE('',*,*,#1247,.F.);
#1641 = ORIENTED_EDGE('',*,*,#1550,.F.);
#1642 = ORIENTED_EDGE('',*,*,#1643,.T.);
#1643 = EDGE_CURVE('',#1551,#1644,#1646,.T.);
#1644 = VERTEX_POINT('',#1645);
#1645 = CARTESIAN_POINT('',(-239.1018949164,-14.5183625187,25.));
#1646 = LINE('',#1647,#1648);
#1647 = CARTESIAN_POINT('',(-236.0287148739,-11.44518247623,25.));
#1648 = VECTOR('',#1649,1.);
#1649 = DIRECTION('',(0.707106781187,0.707106781187,0.));
#1650 = ORIENTED_EDGE('',*,*,#1651,.T.);
#1651 = EDGE_CURVE('',#1644,#1652,#1654,.T.);
#1652 = VERTEX_POINT('',#1653);
#1653 = CARTESIAN_POINT('',(-232.5718949164,-14.5183625187,25.));
#1654 = LINE('',#1655,#1656);
#1655 = CARTESIAN_POINT('',(-239.5718949164,-14.5183625187,25.));
#1656 = VECTOR('',#1657,1.);
#1657 = DIRECTION('',(1.,0.,0.));
#1658 = ORIENTED_EDGE('',*,*,#1659,.T.);
#1659 = EDGE_CURVE('',#1652,#1660,#1662,.T.);
#1660 = VERTEX_POINT('',#1661);
#1661 = CARTESIAN_POINT('',(-229.5718949164,-11.5183625187,25.));
#1662 = CIRCLE('',#1663,3.);
#1663 = AXIS2_PLACEMENT_3D('',#1664,#1665,#1666);
#1664 = CARTESIAN_POINT('',(-232.5718949164,-11.5183625187,25.));
#1665 = DIRECTION('',(0.,-0.,1.));
#1666 = DIRECTION('',(0.,1.,0.));
#1667 = ORIENTED_EDGE('',*,*,#1668,.T.);
#1668 = EDGE_CURVE('',#1660,#1669,#1671,.T.);
#1669 = VERTEX_POINT('',#1670);
#1670 = CARTESIAN_POINT('',(-229.5718949164,-6.075,25.));
#1671 = LINE('',#1672,#1673);
#1672 = CARTESIAN_POINT('',(-229.5718949164,-14.5183625187,25.));
#1673 = VECTOR('',#1674,1.);
#1674 = DIRECTION('',(0.,1.,0.));
#1675 = ORIENTED_EDGE('',*,*,#1676,.F.);
#1676 = EDGE_CURVE('',#1677,#1669,#1679,.T.);
#1677 = VERTEX_POINT('',#1678);
#1678 = CARTESIAN_POINT('',(-246.5718949164,-6.075,25.));
#1679 = LINE('',#1680,#1681);
#1680 = CARTESIAN_POINT('',(-239.5718949164,-6.075,25.));
#1681 = VECTOR('',#1682,1.);
#1682 = DIRECTION('',(1.,0.,0.));
#1683 = ORIENTED_EDGE('',*,*,#1684,.T.);
#1684 = EDGE_CURVE('',#1677,#1685,#1687,.T.);
#1685 = VERTEX_POINT('',#1686);
#1686 = CARTESIAN_POINT('',(-246.5718949164,6.075,25.));
#1687 = LINE('',#1688,#1689);
#1688 = CARTESIAN_POINT('',(-246.5718949164,5.291E-14,25.));
#1689 = VECTOR('',#1690,1.);
#1690 = DIRECTION('',(0.,1.,0.));
#1691 = ORIENTED_EDGE('',*,*,#1692,.F.);
#1692 = EDGE_CURVE('',#1693,#1685,#1695,.T.);
#1693 = VERTEX_POINT('',#1694);
#1694 = CARTESIAN_POINT('',(-229.5718949164,6.075,25.));
#1695 = LINE('',#1696,#1697);
#1696 = CARTESIAN_POINT('',(-239.5718949164,6.075,25.));
#1697 = VECTOR('',#1698,1.);
#1698 = DIRECTION('',(-1.,-0.,-0.));
#1699 = ORIENTED_EDGE('',*,*,#1700,.T.);
#1700 = EDGE_CURVE('',#1693,#1701,#1703,.T.);
#1701 = VERTEX_POINT('',#1702);
#1702 = CARTESIAN_POINT('',(-229.5718949164,11.5183625187,25.));
#1703 = LINE('',#1704,#1705);
#1704 = CARTESIAN_POINT('',(-229.5718949164,6.075,25.));
#1705 = VECTOR('',#1706,1.);
#1706 = DIRECTION('',(0.,1.,0.));
#1707 = ORIENTED_EDGE('',*,*,#1708,.F.);
#1708 = EDGE_CURVE('',#1619,#1701,#1709,.T.);
#1709 = CIRCLE('',#1710,3.);
#1710 = AXIS2_PLACEMENT_3D('',#1711,#1712,#1713);
#1711 = CARTESIAN_POINT('',(-232.5718949164,11.5183625187,25.));
#1712 = DIRECTION('',(-0.,-0.,-1.));
#1713 = DIRECTION('',(0.,-1.,0.));
#1714 = FACE_BOUND('',#1715,.T.);
#1715 = EDGE_LOOP('',(#1716));
#1716 = ORIENTED_EDGE('',*,*,#1717,.F.);
#1717 = EDGE_CURVE('',#1718,#1718,#1720,.T.);
#1718 = VERTEX_POINT('',#1719);
#1719 = CARTESIAN_POINT('',(-233.45,-11.,25.));
#1720 = CIRCLE('',#1721,1.55);
#1721 = AXIS2_PLACEMENT_3D('',#1722,#1723,#1724);
#1722 = CARTESIAN_POINT('',(-235.,-11.,25.));
#1723 = DIRECTION('',(0.,0.,1.));
#1724 = DIRECTION('',(1.,0.,0.));
#1725 = FACE_BOUND('',#1726,.T.);
#1726 = EDGE_LOOP('',(#1727));
#1727 = ORIENTED_EDGE('',*,*,#1728,.F.);
#1728 = EDGE_CURVE('',#1729,#1729,#1731,.T.);
#1729 = VERTEX_POINT('',#1730);
#1730 = CARTESIAN_POINT('',(-233.45,11.,25.));
#1731 = CIRCLE('',#1732,1.55);
#1732 = AXIS2_PLACEMENT_3D('',#1733,#1734,#1735);
#1733 = CARTESIAN_POINT('',(-235.,11.,25.));
#1734 = DIRECTION('',(0.,0.,1.));
#1735 = DIRECTION('',(1.,0.,0.));
#1736 = PLANE('',#1737);
#1737 = AXIS2_PLACEMENT_3D('',#1738,#1739,#1740);
#1738 = CARTESIAN_POINT('',(-240.8575372652,7.237E-14,25.));
#1739 = DIRECTION('',(0.,0.,1.));
#1740 = DIRECTION('',(1.,0.,0.));
#1741 = ADVANCED_FACE('',(#1742),#1754,.T.);
#1742 = FACE_BOUND('',#1743,.T.);
#1743 = EDGE_LOOP('',(#1744,#1745,#1746,#1753));
#1744 = ORIENTED_EDGE('',*,*,#1634,.F.);
#1745 = ORIENTED_EDGE('',*,*,#876,.F.);
#1746 = ORIENTED_EDGE('',*,*,#1747,.T.);
#1747 = EDGE_CURVE('',#869,#1256,#1748,.T.);
#1748 = CIRCLE('',#1749,250.);
#1749 = AXIS2_PLACEMENT_3D('',#1750,#1751,#1752);
#1750 = CARTESIAN_POINT('',(0.,0.,10.));
#1751 = DIRECTION('',(0.,0.,1.));
#1752 = DIRECTION('',(1.,0.,0.));
#1753 = ORIENTED_EDGE('',*,*,#1255,.T.);
#1754 = CYLINDRICAL_SURFACE('',#1755,250.);
#1755 = AXIS2_PLACEMENT_3D('',#1756,#1757,#1758);
#1756 = CARTESIAN_POINT('',(0.,0.,25.));
#1757 = DIRECTION('',(0.,0.,1.));
#1758 = DIRECTION('',(1.,0.,0.));
#1759 = ADVANCED_FACE('',(#1760),#1766,.T.);
#1760 = FACE_BOUND('',#1761,.T.);
#1761 = EDGE_LOOP('',(#1762,#1763,#1764,#1765));
#1762 = ORIENTED_EDGE('',*,*,#868,.F.);
#1763 = ORIENTED_EDGE('',*,*,#1405,.T.);
#1764 = ORIENTED_EDGE('',*,*,#1263,.F.);
#1765 = ORIENTED_EDGE('',*,*,#1747,.F.);
#1766 = PLANE('',#1767);
#1767 = AXIS2_PLACEMENT_3D('',#1768,#1769,#1770);
#1768 = CARTESIAN_POINT('',(-1.392E-14,3.7E-16,10.));
#1769 = DIRECTION('',(0.,0.,1.));
#1770 = DIRECTION('',(1.,0.,0.));
#1771 = ADVANCED_FACE('',(#1772),#2000,.F.);
#1772 = FACE_BOUND('',#1773,.T.);
#1773 = EDGE_LOOP('',(#1774,#1775,#1776,#1777,#1778,#1779,#1780,#1781,
    #1789,#1846,#1855,#1863,#1920,#1928,#1937,#1994));
#1774 = ORIENTED_EDGE('',*,*,#1064,.F.);
#1775 = ORIENTED_EDGE('',*,*,#1104,.T.);
#1776 = ORIENTED_EDGE('',*,*,#1179,.F.);
#1777 = ORIENTED_EDGE('',*,*,#1171,.F.);
#1778 = ORIENTED_EDGE('',*,*,#1163,.T.);
#1779 = ORIENTED_EDGE('',*,*,#1387,.T.);
#1780 = ORIENTED_EDGE('',*,*,#1352,.T.);
#1781 = ORIENTED_EDGE('',*,*,#1782,.T.);
#1782 = EDGE_CURVE('',#1355,#1783,#1785,.T.);
#1783 = VERTEX_POINT('',#1784);
#1784 = CARTESIAN_POINT('',(-254.8179144513,-18.,23.));
#1785 = LINE('',#1786,#1787);
#1786 = CARTESIAN_POINT('',(-253.13,-18.,23.));
#1787 = VECTOR('',#1788,1.);
#1788 = DIRECTION('',(-1.,0.,0.));
#1789 = ORIENTED_EDGE('',*,*,#1790,.F.);
#1790 = EDGE_CURVE('',#1791,#1783,#1793,.T.);
#1791 = VERTEX_POINT('',#1792);
#1792 = CARTESIAN_POINT('',(-255.9987057629,-16.65416547292,
    22.681180579971));
#1793 = B_SPLINE_CURVE_WITH_KNOTS('',6,(#1794,#1795,#1796,#1797,#1798,
    #1799,#1800,#1801,#1802,#1803,#1804,#1805,#1806,#1807,#1808,#1809,
    #1810,#1811,#1812,#1813,#1814,#1815,#1816,#1817,#1818,#1819,#1820,
    #1821,#1822,#1823,#1824,#1825,#1826,#1827,#1828,#1829,#1830,#1831,
    #1832,#1833,#1834,#1835,#1836,#1837,#1838,#1839,#1840,#1841,#1842,
    #1843,#1844,#1845),.UNSPECIFIED.,.F.,.F.,(7,5,5,5,5,5,5,5,5,5,7),(0.
    ,7.983640080689E-02,0.132864033223,0.171558552061,0.269875822604,
    0.384107049849,0.499959258707,0.614134414711,0.730294380393,
    0.919725809195,1.),.UNSPECIFIED.);
#1794 = CARTESIAN_POINT('',(-260.3820855486,-18.,23.));
#1795 = CARTESIAN_POINT('',(-260.3373153789,-17.90035644625,23.));
#1796 = CARTESIAN_POINT('',(-260.2888084376,-17.80385208466,
    22.996028615458));
#1797 = CARTESIAN_POINT('',(-260.2368955735,-17.71069883649,
    22.988554318631));
#1798 = CARTESIAN_POINT('',(-260.1819315744,-17.62107673405,
    22.978040023505));
#1799 = CARTESIAN_POINT('',(-260.1242959184,-17.53513356908,
    22.964941778301));
#1800 = CARTESIAN_POINT('',(-260.024606132,-17.3984208532,
    22.939588766154));
#1801 = CARTESIAN_POINT('',(-259.9837836502,-17.34548305004,
    22.928518905562));
#1802 = CARTESIAN_POINT('',(-259.942002067,-17.2941557892,
    22.916615209164));
#1803 = CARTESIAN_POINT('',(-259.8993306622,-17.24442109847,
    22.903987340319));
#1804 = CARTESIAN_POINT('',(-259.8558320066,-17.19625837591,
    22.890737292801));
#1805 = CARTESIAN_POINT('',(-259.7792578968,-17.11562993967,
    22.866905589333));
#1806 = CARTESIAN_POINT('',(-259.7465410284,-17.08243809738,
    22.856570217274));
#1807 = CARTESIAN_POINT('',(-259.7134309664,-17.05005804135,
    22.845989309178));
#1808 = CARTESIAN_POINT('',(-259.6799451943,-17.01847886695,
    22.835197073739));
#1809 = CARTESIAN_POINT('',(-259.6460990687,-16.98768958655,
    22.824225893787));
#1810 = CARTESIAN_POINT('',(-259.5250256353,-16.88142682537,
    22.784853086334));
#1811 = CARTESIAN_POINT('',(-259.4358972338,-16.81019600428,
    22.755639936664));
#1812 = CARTESIAN_POINT('',(-259.3447408807,-16.74381396914,
    22.72597050012));
#1813 = CARTESIAN_POINT('',(-259.2517253835,-16.68213445243,
    22.696296177112));
#1814 = CARTESIAN_POINT('',(-259.1569654847,-16.62503753284,
    22.667031300263));
#1815 = CARTESIAN_POINT('',(-258.9484619226,-16.51130627037,
    22.605498161252));
#1816 = CARTESIAN_POINT('',(-258.8340771918,-16.45621526214,
    22.573495660927));
#1817 = CARTESIAN_POINT('',(-258.7176138247,-16.40711161626,
    22.543223446496));
#1818 = CARTESIAN_POINT('',(-258.5992711055,-16.36396334193,
    22.515308853004));
#1819 = CARTESIAN_POINT('',(-258.4792006872,-16.32676742433,
    22.490327350711));
#1820 = CARTESIAN_POINT('',(-258.2340893316,-16.2639215755,
    22.446938977294));
#1821 = CARTESIAN_POINT('',(-258.1089480333,-16.2384293527,
    22.42862058817));
#1822 = CARTESIAN_POINT('',(-257.9825835779,-16.21924407276,
    22.414433071551));
#1823 = CARTESIAN_POINT('',(-257.8554043592,-16.20642237822,
    22.404816778681));
#1824 = CARTESIAN_POINT('',(-257.7277639842,-16.2,22.4));
#1825 = CARTESIAN_POINT('',(-257.4740855009,-16.2,22.4));
#1826 = CARTESIAN_POINT('',(-257.3482865707,-16.20623778862,
    22.404678337062));
#1827 = CARTESIAN_POINT('',(-257.2229292034,-16.2186921103,
    22.414019097647));
#1828 = CARTESIAN_POINT('',(-257.0983542312,-16.2373288473,
    22.427806623396));
#1829 = CARTESIAN_POINT('',(-256.9749537497,-16.26209349488,
    22.445624465267));
#1830 = CARTESIAN_POINT('',(-256.729339681,-16.32412035543,
    22.48854867182));
#1831 = CARTESIAN_POINT('',(-256.6071408419,-16.36160301551,
    22.513784206388));
#1832 = CARTESIAN_POINT('',(-256.4867192607,-16.40524171889,
    22.542078613221));
#1833 = CARTESIAN_POINT('',(-256.3682347839,-16.45503880227,
    22.572827902417));
#1834 = CARTESIAN_POINT('',(-256.2518982782,-16.51102710259,
    22.605372027017));
#1835 = CARTESIAN_POINT('',(-255.9521875203,-16.67472763016,
    22.693874567054));
#1836 = CARTESIAN_POINT('',(-255.7728568968,-16.79276692828,
    22.751639735379));
#1837 = CARTESIAN_POINT('',(-255.600124175,-16.92810487643,
    22.809569896073));
#1838 = CARTESIAN_POINT('',(-255.4350326922,-17.08199838782,
    22.864629926375));
#1839 = CARTESIAN_POINT('',(-255.2797048592,-17.25579800067,
    22.912964095768));
#1840 = CARTESIAN_POINT('',(-255.0771992932,-17.53290595741,
    22.964601471895));
#1841 = CARTESIAN_POINT('',(-255.0192089296,-17.61921842728,
    22.97782146368));
#1842 = CARTESIAN_POINT('',(-254.9639123668,-17.70924988166,
    22.988437732512));
#1843 = CARTESIAN_POINT('',(-254.9116949652,-17.80285091359,
    22.995987280909));
#1844 = CARTESIAN_POINT('',(-254.8629170141,-17.89983921626,23.));
#1845 = CARTESIAN_POINT('',(-254.8179144513,-18.,23.));
#1846 = ORIENTED_EDGE('',*,*,#1847,.F.);
#1847 = EDGE_CURVE('',#1848,#1791,#1850,.T.);
#1848 = VERTEX_POINT('',#1849);
#1849 = CARTESIAN_POINT('',(-256.0999999999,-16.47871870789,
    22.585672684289));
#1850 = ELLIPSE('',#1851,3.464101615137,3.);
#1851 = AXIS2_PLACEMENT_3D('',#1852,#1853,#1854);
#1852 = CARTESIAN_POINT('',(-255.2216878364,-18.,20.));
#1853 = DIRECTION('',(0.866025403785,0.499999999999,-0.));
#1854 = DIRECTION('',(-0.499999999999,0.866025403785,0.));
#1855 = ORIENTED_EDGE('',*,*,#1856,.T.);
#1856 = EDGE_CURVE('',#1848,#1857,#1859,.T.);
#1857 = VERTEX_POINT('',#1858);
#1858 = CARTESIAN_POINT('',(-256.3262260498,-16.47871870789,
    22.585672720379));
#1859 = LINE('',#1860,#1861);
#1860 = CARTESIAN_POINT('',(-253.1299999999,-16.47871870789,
    22.58567268429));
#1861 = VECTOR('',#1862,1.);
#1862 = DIRECTION('',(-1.,0.,0.));
#1863 = ORIENTED_EDGE('',*,*,#1864,.F.);
#1864 = EDGE_CURVE('',#1865,#1857,#1867,.T.);
#1865 = VERTEX_POINT('',#1866);
#1866 = CARTESIAN_POINT('',(-258.8737739474,-16.47871870788,
    22.585672716705));
#1867 = B_SPLINE_CURVE_WITH_KNOTS('',6,(#1868,#1869,#1870,#1871,#1872,
    #1873,#1874,#1875,#1876,#1877,#1878,#1879,#1880,#1881,#1882,#1883,
    #1884,#1885,#1886,#1887,#1888,#1889,#1890,#1891,#1892,#1893,#1894,
    #1895,#1896,#1897,#1898,#1899,#1900,#1901,#1902,#1903,#1904,#1905,
    #1906,#1907,#1908,#1909,#1910,#1911,#1912,#1913,#1914,#1915,#1916,
    #1917,#1918,#1919),.UNSPECIFIED.,.F.,.F.,(7,5,5,5,5,5,5,5,5,5,7),(0.
    ,7.983640080689E-02,0.132864033223,0.171558552061,0.269875822604,
    0.384107049849,0.499959258707,0.614134414711,0.730294380393,
    0.919725809195,1.),.UNSPECIFIED.);
#1868 = CARTESIAN_POINT('',(-260.3820855486,-18.,23.));
#1869 = CARTESIAN_POINT('',(-260.3373153789,-17.90035644625,23.));
#1870 = CARTESIAN_POINT('',(-260.2888084376,-17.80385208466,
    22.996028615458));
#1871 = CARTESIAN_POINT('',(-260.2368955735,-17.71069883649,
    22.988554318631));
#1872 = CARTESIAN_POINT('',(-260.1819315744,-17.62107673405,
    22.978040023505));
#1873 = CARTESIAN_POINT('',(-260.1242959184,-17.53513356908,
    22.964941778301));
#1874 = CARTESIAN_POINT('',(-260.024606132,-17.3984208532,
    22.939588766154));
#1875 = CARTESIAN_POINT('',(-259.9837836502,-17.34548305004,
    22.928518905562));
#1876 = CARTESIAN_POINT('',(-259.942002067,-17.2941557892,
    22.916615209164));
#1877 = CARTESIAN_POINT('',(-259.8993306622,-17.24442109847,
    22.903987340319));
#1878 = CARTESIAN_POINT('',(-259.8558320066,-17.19625837591,
    22.890737292801));
#1879 = CARTESIAN_POINT('',(-259.7792578968,-17.11562993967,
    22.866905589333));
#1880 = CARTESIAN_POINT('',(-259.7465410284,-17.08243809738,
    22.856570217274));
#1881 = CARTESIAN_POINT('',(-259.7134309664,-17.05005804135,
    22.845989309178));
#1882 = CARTESIAN_POINT('',(-259.6799451943,-17.01847886695,
    22.835197073739));
#1883 = CARTESIAN_POINT('',(-259.6460990687,-16.98768958655,
    22.824225893787));
#1884 = CARTESIAN_POINT('',(-259.5250256353,-16.88142682537,
    22.784853086334));
#1885 = CARTESIAN_POINT('',(-259.4358972338,-16.81019600428,
    22.755639936664));
#1886 = CARTESIAN_POINT('',(-259.3447408807,-16.74381396914,
    22.72597050012));
#1887 = CARTESIAN_POINT('',(-259.2517253835,-16.68213445243,
    22.696296177112));
#1888 = CARTESIAN_POINT('',(-259.1569654847,-16.62503753284,
    22.667031300263));
#1889 = CARTESIAN_POINT('',(-258.9484619226,-16.51130627037,
    22.605498161252));
#1890 = CARTESIAN_POINT('',(-258.8340771918,-16.45621526214,
    22.573495660927));
#1891 = CARTESIAN_POINT('',(-258.7176138247,-16.40711161626,
    22.543223446496));
#1892 = CARTESIAN_POINT('',(-258.5992711055,-16.36396334193,
    22.515308853004));
#1893 = CARTESIAN_POINT('',(-258.4792006872,-16.32676742433,
    22.490327350711));
#1894 = CARTESIAN_POINT('',(-258.2340893316,-16.2639215755,
    22.446938977294));
#1895 = CARTESIAN_POINT('',(-258.1089480333,-16.2384293527,
    22.42862058817));
#1896 = CARTESIAN_POINT('',(-257.9825835779,-16.21924407276,
    22.414433071551));
#1897 = CARTESIAN_POINT('',(-257.8554043592,-16.20642237822,
    22.404816778681));
#1898 = CARTESIAN_POINT('',(-257.7277639842,-16.2,22.4));
#1899 = CARTESIAN_POINT('',(-257.4740855009,-16.2,22.4));
#1900 = CARTESIAN_POINT('',(-257.3482865707,-16.20623778862,
    22.404678337062));
#1901 = CARTESIAN_POINT('',(-257.2229292034,-16.2186921103,
    22.414019097647));
#1902 = CARTESIAN_POINT('',(-257.0983542312,-16.2373288473,
    22.427806623396));
#1903 = CARTESIAN_POINT('',(-256.9749537497,-16.26209349488,
    22.445624465267));
#1904 = CARTESIAN_POINT('',(-256.729339681,-16.32412035543,
    22.48854867182));
#1905 = CARTESIAN_POINT('',(-256.6071408419,-16.36160301551,
    22.513784206388));
#1906 = CARTESIAN_POINT('',(-256.4867192607,-16.40524171889,
    22.542078613221));
#1907 = CARTESIAN_POINT('',(-256.3682347839,-16.45503880227,
    22.572827902417));
#1908 = CARTESIAN_POINT('',(-256.2518982782,-16.51102710259,
    22.605372027017));
#1909 = CARTESIAN_POINT('',(-255.9521875203,-16.67472763016,
    22.693874567054));
#1910 = CARTESIAN_POINT('',(-255.7728568968,-16.79276692828,
    22.751639735379));
#1911 = CARTESIAN_POINT('',(-255.600124175,-16.92810487643,
    22.809569896073));
#1912 = CARTESIAN_POINT('',(-255.4350326922,-17.08199838782,
    22.864629926375));
#1913 = CARTESIAN_POINT('',(-255.2797048592,-17.25579800067,
    22.912964095768));
#1914 = CARTESIAN_POINT('',(-255.0771992932,-17.53290595741,
    22.964601471895));
#1915 = CARTESIAN_POINT('',(-255.0192089296,-17.61921842728,
    22.97782146368));
#1916 = CARTESIAN_POINT('',(-254.9639123668,-17.70924988166,
    22.988437732512));
#1917 = CARTESIAN_POINT('',(-254.9116949652,-17.80285091359,
    22.995987280909));
#1918 = CARTESIAN_POINT('',(-254.8629170141,-17.89983921626,23.));
#1919 = CARTESIAN_POINT('',(-254.8179144513,-18.,23.));
#1920 = ORIENTED_EDGE('',*,*,#1921,.T.);
#1921 = EDGE_CURVE('',#1865,#1922,#1924,.T.);
#1922 = VERTEX_POINT('',#1923);
#1923 = CARTESIAN_POINT('',(-259.2999999999,-16.47871870788,
    22.585672684288));
#1924 = LINE('',#1925,#1926);
#1925 = CARTESIAN_POINT('',(-253.1299999999,-16.47871870789,
    22.58567268429));
#1926 = VECTOR('',#1927,1.);
#1927 = DIRECTION('',(-1.,0.,0.));
#1928 = ORIENTED_EDGE('',*,*,#1929,.F.);
#1929 = EDGE_CURVE('',#1930,#1922,#1932,.T.);
#1930 = VERTEX_POINT('',#1931);
#1931 = CARTESIAN_POINT('',(-259.5423180585,-16.89842589684,
    22.790436285131));
#1932 = ELLIPSE('',#1933,3.464101615139,3.);
#1933 = AXIS2_PLACEMENT_3D('',#1934,#1935,#1936);
#1934 = CARTESIAN_POINT('',(-260.1783121635,-18.,20.));
#1935 = DIRECTION('',(-0.866025403784,0.500000000001,0.));
#1936 = DIRECTION('',(-0.500000000001,-0.866025403784,0.));
#1937 = ORIENTED_EDGE('',*,*,#1938,.F.);
#1938 = EDGE_CURVE('',#1939,#1930,#1941,.T.);
#1939 = VERTEX_POINT('',#1940);
#1940 = CARTESIAN_POINT('',(-260.3820855486,-18.,23.));
#1941 = B_SPLINE_CURVE_WITH_KNOTS('',6,(#1942,#1943,#1944,#1945,#1946,
    #1947,#1948,#1949,#1950,#1951,#1952,#1953,#1954,#1955,#1956,#1957,
    #1958,#1959,#1960,#1961,#1962,#1963,#1964,#1965,#1966,#1967,#1968,
    #1969,#1970,#1971,#1972,#1973,#1974,#1975,#1976,#1977,#1978,#1979,
    #1980,#1981,#1982,#1983,#1984,#1985,#1986,#1987,#1988,#1989,#1990,
    #1991,#1992,#1993),.UNSPECIFIED.,.F.,.F.,(7,5,5,5,5,5,5,5,5,5,7),(0.
    ,7.983640080689E-02,0.132864033223,0.171558552061,0.269875822604,
    0.384107049849,0.499959258707,0.614134414711,0.730294380393,
    0.919725809195,1.),.UNSPECIFIED.);
#1942 = CARTESIAN_POINT('',(-260.3820855486,-18.,23.));
#1943 = CARTESIAN_POINT('',(-260.3373153789,-17.90035644625,23.));
#1944 = CARTESIAN_POINT('',(-260.2888084376,-17.80385208466,
    22.996028615458));
#1945 = CARTESIAN_POINT('',(-260.2368955735,-17.71069883649,
    22.988554318631));
#1946 = CARTESIAN_POINT('',(-260.1819315744,-17.62107673405,
    22.978040023505));
#1947 = CARTESIAN_POINT('',(-260.1242959184,-17.53513356908,
    22.964941778301));
#1948 = CARTESIAN_POINT('',(-260.024606132,-17.3984208532,
    22.939588766154));
#1949 = CARTESIAN_POINT('',(-259.9837836502,-17.34548305004,
    22.928518905562));
#1950 = CARTESIAN_POINT('',(-259.942002067,-17.2941557892,
    22.916615209164));
#1951 = CARTESIAN_POINT('',(-259.8993306622,-17.24442109847,
    22.903987340319));
#1952 = CARTESIAN_POINT('',(-259.8558320066,-17.19625837591,
    22.890737292801));
#1953 = CARTESIAN_POINT('',(-259.7792578968,-17.11562993967,
    22.866905589333));
#1954 = CARTESIAN_POINT('',(-259.7465410284,-17.08243809738,
    22.856570217274));
#1955 = CARTESIAN_POINT('',(-259.7134309664,-17.05005804135,
    22.845989309178));
#1956 = CARTESIAN_POINT('',(-259.6799451943,-17.01847886695,
    22.835197073739));
#1957 = CARTESIAN_POINT('',(-259.6460990687,-16.98768958655,
    22.824225893787));
#1958 = CARTESIAN_POINT('',(-259.5250256353,-16.88142682537,
    22.784853086334));
#1959 = CARTESIAN_POINT('',(-259.4358972338,-16.81019600428,
    22.755639936664));
#1960 = CARTESIAN_POINT('',(-259.3447408807,-16.74381396914,
    22.72597050012));
#1961 = CARTESIAN_POINT('',(-259.2517253835,-16.68213445243,
    22.696296177112));
#1962 = CARTESIAN_POINT('',(-259.1569654847,-16.62503753284,
    22.667031300263));
#1963 = CARTESIAN_POINT('',(-258.9484619226,-16.51130627037,
    22.605498161252));
#1964 = CARTESIAN_POINT('',(-258.8340771918,-16.45621526214,
    22.573495660927));
#1965 = CARTESIAN_POINT('',(-258.7176138247,-16.40711161626,
    22.543223446496));
#1966 = CARTESIAN_POINT('',(-258.5992711055,-16.36396334193,
    22.515308853004));
#1967 = CARTESIAN_POINT('',(-258.4792006872,-16.32676742433,
    22.490327350711));
#1968 = CARTESIAN_POINT('',(-258.2340893316,-16.2639215755,
    22.446938977294));
#1969 = CARTESIAN_POINT('',(-258.1089480333,-16.2384293527,
    22.42862058817));
#1970 = CARTESIAN_POINT('',(-257.9825835779,-16.21924407276,
    22.414433071551));
#1971 = CARTESIAN_POINT('',(-257.8554043592,-16.20642237822,
    22.404816778681));
#1972 = CARTESIAN_POINT('',(-257.7277639842,-16.2,22.4));
#1973 = CARTESIAN_POINT('',(-257.4740855009,-16.2,22.4));
#1974 = CARTESIAN_POINT('',(-257.3482865707,-16.20623778862,
    22.404678337062));
#1975 = CARTESIAN_POINT('',(-257.2229292034,-16.2186921103,
    22.414019097647));
#1976 = CARTESIAN_POINT('',(-257.0983542312,-16.2373288473,
    22.427806623396));
#1977 = CARTESIAN_POINT('',(-256.9749537497,-16.26209349488,
    22.445624465267));
#1978 = CARTESIAN_POINT('',(-256.729339681,-16.32412035543,
    22.48854867182));
#1979 = CARTESIAN_POINT('',(-256.6071408419,-16.36160301551,
    22.513784206388));
#1980 = CARTESIAN_POINT('',(-256.4867192607,-16.40524171889,
    22.542078613221));
#1981 = CARTESIAN_POINT('',(-256.3682347839,-16.45503880227,
    22.572827902417));
#1982 = CARTESIAN_POINT('',(-256.2518982782,-16.51102710259,
    22.605372027017));
#1983 = CARTESIAN_POINT('',(-255.9521875203,-16.67472763016,
    22.693874567054));
#1984 = CARTESIAN_POINT('',(-255.7728568968,-16.79276692828,
    22.751639735379));
#1985 = CARTESIAN_POINT('',(-255.600124175,-16.92810487643,
    22.809569896073));
#1986 = CARTESIAN_POINT('',(-255.4350326922,-17.08199838782,
    22.864629926375));
#1987 = CARTESIAN_POINT('',(-255.2797048592,-17.25579800067,
    22.912964095768));
#1988 = CARTESIAN_POINT('',(-255.0771992932,-17.53290595741,
    22.964601471895));
#1989 = CARTESIAN_POINT('',(-255.0192089296,-17.61921842728,
    22.97782146368));
#1990 = CARTESIAN_POINT('',(-254.9639123668,-17.70924988166,
    22.988437732512));
#1991 = CARTESIAN_POINT('',(-254.9116949652,-17.80285091359,
    22.995987280909));
#1992 = CARTESIAN_POINT('',(-254.8629170141,-17.89983921626,23.));
#1993 = CARTESIAN_POINT('',(-254.8179144513,-18.,23.));
#1994 = ORIENTED_EDGE('',*,*,#1995,.T.);
#1995 = EDGE_CURVE('',#1939,#1067,#1996,.T.);
#1996 = LINE('',#1997,#1998);
#1997 = CARTESIAN_POINT('',(-253.13,-18.,23.));
#1998 = VECTOR('',#1999,1.);
#1999 = DIRECTION('',(-1.,0.,0.));
#2000 = CYLINDRICAL_SURFACE('',#2001,3.);
#2001 = AXIS2_PLACEMENT_3D('',#2002,#2003,#2004);
#2002 = CARTESIAN_POINT('',(-253.13,-18.,20.));
#2003 = DIRECTION('',(-1.,0.,0.));
#2004 = DIRECTION('',(0.,1.,0.));
#2005 = ADVANCED_FACE('',(#2006),#2071,.T.);
#2006 = FACE_BOUND('',#2007,.T.);
#2007 = EDGE_LOOP('',(#2008,#2009,#2010,#2011,#2012,#2013,#2022,#2030,
    #2038,#2046,#2054,#2062,#2069,#2070));
#2008 = ORIENTED_EDGE('',*,*,#1336,.F.);
#2009 = ORIENTED_EDGE('',*,*,#1294,.T.);
#2010 = ORIENTED_EDGE('',*,*,#1138,.F.);
#2011 = ORIENTED_EDGE('',*,*,#1090,.T.);
#2012 = ORIENTED_EDGE('',*,*,#1995,.F.);
#2013 = ORIENTED_EDGE('',*,*,#2014,.T.);
#2014 = EDGE_CURVE('',#1939,#2015,#2017,.T.);
#2015 = VERTEX_POINT('',#2016);
#2016 = CARTESIAN_POINT('',(-259.5423181061,-16.89842597939,23.));
#2017 = CIRCLE('',#2018,3.05);
#2018 = AXIS2_PLACEMENT_3D('',#2019,#2020,#2021);
#2019 = CARTESIAN_POINT('',(-257.6,-19.25,23.));
#2020 = DIRECTION('',(0.,0.,-1.));
#2021 = DIRECTION('',(1.,0.,0.));
#2022 = ORIENTED_EDGE('',*,*,#2023,.F.);
#2023 = EDGE_CURVE('',#2024,#2015,#2026,.T.);
#2024 = VERTEX_POINT('',#2025);
#2025 = CARTESIAN_POINT('',(-260.9,-19.24999999999,23.));
#2026 = LINE('',#2027,#2028);
#2027 = CARTESIAN_POINT('',(-260.6971006665,-18.89856804567,23.));
#2028 = VECTOR('',#2029,1.);
#2029 = DIRECTION('',(0.500000000001,0.866025403784,0.));
#2030 = ORIENTED_EDGE('',*,*,#2031,.F.);
#2031 = EDGE_CURVE('',#2032,#2024,#2034,.T.);
#2032 = VERTEX_POINT('',#2033);
#2033 = CARTESIAN_POINT('',(-259.3,-22.0212812921,23.));
#2034 = LINE('',#2035,#2036);
#2035 = CARTESIAN_POINT('',(-259.4850618868,-21.70074470149,23.));
#2036 = VECTOR('',#2037,1.);
#2037 = DIRECTION('',(-0.499999999999,0.866025403785,0.));
#2038 = ORIENTED_EDGE('',*,*,#2039,.F.);
#2039 = EDGE_CURVE('',#2040,#2032,#2042,.T.);
#2040 = VERTEX_POINT('',#2041);
#2041 = CARTESIAN_POINT('',(-256.1,-22.02128129211,23.));
#2042 = LINE('',#2043,#2044);
#2043 = CARTESIAN_POINT('',(-256.8643251068,-22.02128129211,23.));
#2044 = VECTOR('',#2045,1.);
#2045 = DIRECTION('',(-1.,6.050715484207E-13,0.));
#2046 = ORIENTED_EDGE('',*,*,#2047,.F.);
#2047 = EDGE_CURVE('',#2048,#2040,#2050,.T.);
#2048 = VERTEX_POINT('',#2049);
#2049 = CARTESIAN_POINT('',(-254.5,-19.25,23.));
#2050 = LINE('',#2051,#2052);
#2051 = CARTESIAN_POINT('',(-255.0971006665,-20.28420869173,23.));
#2052 = VECTOR('',#2053,1.);
#2053 = DIRECTION('',(-0.500000000001,-0.866025403784,0.));
#2054 = ORIENTED_EDGE('',*,*,#2055,.F.);
#2055 = EDGE_CURVE('',#2056,#2048,#2058,.T.);
#2056 = VERTEX_POINT('',#2057);
#2057 = CARTESIAN_POINT('',(-255.9987057413,-16.65416551046,23.));
#2058 = LINE('',#2059,#2060);
#2059 = CARTESIAN_POINT('',(-255.4850618868,-17.54382276333,23.));
#2060 = VECTOR('',#2061,1.);
#2061 = DIRECTION('',(0.499999999999,-0.866025403785,0.));
#2062 = ORIENTED_EDGE('',*,*,#2063,.T.);
#2063 = EDGE_CURVE('',#2056,#1783,#2064,.T.);
#2064 = CIRCLE('',#2065,3.05);
#2065 = AXIS2_PLACEMENT_3D('',#2066,#2067,#2068);
#2066 = CARTESIAN_POINT('',(-257.6,-19.25,23.));
#2067 = DIRECTION('',(0.,0.,-1.));
#2068 = DIRECTION('',(1.,0.,0.));
#2069 = ORIENTED_EDGE('',*,*,#1782,.F.);
#2070 = ORIENTED_EDGE('',*,*,#1363,.T.);
#2071 = PLANE('',#2072);
#2072 = AXIS2_PLACEMENT_3D('',#2073,#2074,#2075);
#2073 = CARTESIAN_POINT('',(-257.6286502137,-20.20156280148,23.));
#2074 = DIRECTION('',(-0.,-0.,-1.));
#2075 = DIRECTION('',(-1.,0.,0.));
#2076 = ADVANCED_FACE('',(#2077,#2127),#2130,.F.);
#2077 = FACE_BOUND('',#2078,.F.);
#2078 = EDGE_LOOP('',(#2079,#2089,#2097,#2105,#2113,#2121));
#2079 = ORIENTED_EDGE('',*,*,#2080,.F.);
#2080 = EDGE_CURVE('',#2081,#2083,#2085,.T.);
#2081 = VERTEX_POINT('',#2082);
#2082 = CARTESIAN_POINT('',(-256.0999999999,-16.47871870789,23.5));
#2083 = VERTEX_POINT('',#2084);
#2084 = CARTESIAN_POINT('',(-254.5,-19.25,23.5));
#2085 = LINE('',#2086,#2087);
#2086 = CARTESIAN_POINT('',(-256.0999999999,-16.47871870789,23.5));
#2087 = VECTOR('',#2088,1.);
#2088 = DIRECTION('',(0.499999999999,-0.866025403785,0.));
#2089 = ORIENTED_EDGE('',*,*,#2090,.F.);
#2090 = EDGE_CURVE('',#2091,#2081,#2093,.T.);
#2091 = VERTEX_POINT('',#2092);
#2092 = CARTESIAN_POINT('',(-259.2999999999,-16.47871870788,23.5));
#2093 = LINE('',#2094,#2095);
#2094 = CARTESIAN_POINT('',(-259.2999999999,-16.47871870788,23.5));
#2095 = VECTOR('',#2096,1.);
#2096 = DIRECTION('',(1.,-6.050715484207E-13,0.));
#2097 = ORIENTED_EDGE('',*,*,#2098,.F.);
#2098 = EDGE_CURVE('',#2099,#2091,#2101,.T.);
#2099 = VERTEX_POINT('',#2100);
#2100 = CARTESIAN_POINT('',(-260.9,-19.24999999999,23.5));
#2101 = LINE('',#2102,#2103);
#2102 = CARTESIAN_POINT('',(-260.9,-19.24999999999,23.5));
#2103 = VECTOR('',#2104,1.);
#2104 = DIRECTION('',(0.500000000001,0.866025403784,0.));
#2105 = ORIENTED_EDGE('',*,*,#2106,.F.);
#2106 = EDGE_CURVE('',#2107,#2099,#2109,.T.);
#2107 = VERTEX_POINT('',#2108);
#2108 = CARTESIAN_POINT('',(-259.3,-22.0212812921,23.5));
#2109 = LINE('',#2110,#2111);
#2110 = CARTESIAN_POINT('',(-259.3,-22.0212812921,23.5));
#2111 = VECTOR('',#2112,1.);
#2112 = DIRECTION('',(-0.499999999999,0.866025403785,-0.));
#2113 = ORIENTED_EDGE('',*,*,#2114,.F.);
#2114 = EDGE_CURVE('',#2115,#2107,#2117,.T.);
#2115 = VERTEX_POINT('',#2116);
#2116 = CARTESIAN_POINT('',(-256.1,-22.02128129211,23.5));
#2117 = LINE('',#2118,#2119);
#2118 = CARTESIAN_POINT('',(-256.1,-22.02128129211,23.5));
#2119 = VECTOR('',#2120,1.);
#2120 = DIRECTION('',(-1.,6.050715484207E-13,-0.));
#2121 = ORIENTED_EDGE('',*,*,#2122,.F.);
#2122 = EDGE_CURVE('',#2083,#2115,#2123,.T.);
#2123 = LINE('',#2124,#2125);
#2124 = CARTESIAN_POINT('',(-254.5,-19.25,23.5));
#2125 = VECTOR('',#2126,1.);
#2126 = DIRECTION('',(-0.500000000001,-0.866025403784,0.));
#2127 = FACE_BOUND('',#2128,.F.);
#2128 = EDGE_LOOP('',(#2129));
#2129 = ORIENTED_EDGE('',*,*,#1430,.F.);
#2130 = PLANE('',#2131);
#2131 = AXIS2_PLACEMENT_3D('',#2132,#2133,#2134);
#2132 = CARTESIAN_POINT('',(-246.35,-2.396231361483E-14,23.5));
#2133 = DIRECTION('',(0.,0.,1.));
#2134 = DIRECTION('',(1.,0.,0.));
#2135 = ADVANCED_FACE('',(#2136),#2154,.T.);
#2136 = FACE_BOUND('',#2137,.T.);
#2137 = EDGE_LOOP('',(#2138,#2139,#2140,#2148));
#2138 = ORIENTED_EDGE('',*,*,#1643,.F.);
#2139 = ORIENTED_EDGE('',*,*,#1602,.T.);
#2140 = ORIENTED_EDGE('',*,*,#2141,.T.);
#2141 = EDGE_CURVE('',#1595,#2142,#2144,.T.);
#2142 = VERTEX_POINT('',#2143);
#2143 = CARTESIAN_POINT('',(-239.1018949164,-14.5183625187,23.));
#2144 = LINE('',#2145,#2146);
#2145 = CARTESIAN_POINT('',(-237.3010846991,-12.71755230141,23.));
#2146 = VECTOR('',#2147,1.);
#2147 = DIRECTION('',(0.707106781187,0.707106781187,5.5E-16));
#2148 = ORIENTED_EDGE('',*,*,#2149,.F.);
#2149 = EDGE_CURVE('',#1644,#2142,#2150,.T.);
#2150 = LINE('',#2151,#2152);
#2151 = CARTESIAN_POINT('',(-239.1018949164,-14.5183625187,25.));
#2152 = VECTOR('',#2153,1.);
#2153 = DIRECTION('',(0.,0.,-1.));
#2154 = PLANE('',#2155);
#2155 = AXIS2_PLACEMENT_3D('',#2156,#2157,#2158);
#2156 = CARTESIAN_POINT('',(-239.3368949164,-14.7533625187,25.));
#2157 = DIRECTION('',(0.707106781187,-0.707106781187,0.));
#2158 = DIRECTION('',(0.,0.,-1.));
#2159 = ADVANCED_FACE('',(#2160),#2285,.T.);
#2160 = FACE_BOUND('',#2161,.T.);
#2161 = EDGE_LOOP('',(#2162,#2170,#2171,#2172,#2204,#2213,#2221,#2229,
    #2237,#2245,#2253,#2262,#2270,#2278));
#2162 = ORIENTED_EDGE('',*,*,#2163,.F.);
#2163 = EDGE_CURVE('',#2142,#2164,#2166,.T.);
#2164 = VERTEX_POINT('',#2165);
#2165 = CARTESIAN_POINT('',(-232.5718949164,-14.5183625187,23.));
#2166 = LINE('',#2167,#2168);
#2167 = CARTESIAN_POINT('',(-239.5718949164,-14.5183625187,23.));
#2168 = VECTOR('',#2169,1.);
#2169 = DIRECTION('',(1.,0.,0.));
#2170 = ORIENTED_EDGE('',*,*,#2141,.F.);
#2171 = ORIENTED_EDGE('',*,*,#1594,.T.);
#2172 = ORIENTED_EDGE('',*,*,#2173,.T.);
#2173 = EDGE_CURVE('',#1586,#2174,#2176,.T.);
#2174 = VERTEX_POINT('',#2175);
#2175 = CARTESIAN_POINT('',(-236.7838547769,-8.526063433546,23.));
#2176 = B_SPLINE_CURVE_WITH_KNOTS('',6,(#2177,#2178,#2179,#2180,#2181,
    #2182,#2183,#2184,#2185,#2186,#2187,#2188,#2189,#2190,#2191,#2192,
    #2193,#2194,#2195,#2196,#2197,#2198,#2199,#2200,#2201,#2202,#2203),
  .UNSPECIFIED.,.F.,.F.,(7,5,5,5,5,7),(0.,0.171922918143,0.40007212832,
    0.492328712263,0.630329691039,1.),.UNSPECIFIED.);
#2177 = CARTESIAN_POINT('',(-239.5718949164,-11.5785361769,23.));
#2178 = CARTESIAN_POINT('',(-239.5718949164,-11.44215542007,23.));
#2179 = CARTESIAN_POINT('',(-239.5646705084,-11.3057690322,23.));
#2180 = CARTESIAN_POINT('',(-239.5502320289,-11.16985852696,23.));
#2181 = CARTESIAN_POINT('',(-239.5286293153,-11.03489941146,23.));
#2182 = CARTESIAN_POINT('',(-239.4999504116,-10.90136078608,23.));
#2183 = CARTESIAN_POINT('',(-239.4170375261,-10.59499190072,23.));
#2184 = CARTESIAN_POINT('',(-239.3575118535,-10.42359001589,23.));
#2185 = CARTESIAN_POINT('',(-239.2860370303,-10.25658071182,23.));
#2186 = CARTESIAN_POINT('',(-239.2030148135,-10.09500636837,23.));
#2187 = CARTESIAN_POINT('',(-239.108954756,-9.93986737045,23.));
#2188 = CARTESIAN_POINT('',(-238.9622251986,-9.732374282172,23.));
#2189 = CARTESIAN_POINT('',(-238.9182722293,-9.673837463804,23.));
#2190 = CARTESIAN_POINT('',(-238.8726557772,-9.616571631051,23.));
#2191 = CARTESIAN_POINT('',(-238.8254192978,-9.560638092838,23.));
#2192 = CARTESIAN_POINT('',(-238.7766090388,-9.506096536158,23.));
#2193 = CARTESIAN_POINT('',(-238.650980996,-9.373588684761,23.));
#2194 = CARTESIAN_POINT('',(-238.5722759687,-9.297416490257,23.));
#2195 = CARTESIAN_POINT('',(-238.4903237138,-9.224682977842,23.));
#2196 = CARTESIAN_POINT('',(-238.4053020937,-9.155572933549,23.));
#2197 = CARTESIAN_POINT('',(-238.3174028149,-9.090260155801,23.));
#2198 = CARTESIAN_POINT('',(-237.9842159104,-8.864554270446,23.));
#2199 = CARTESIAN_POINT('',(-237.7223134696,-8.728530120396,23.));
#2200 = CARTESIAN_POINT('',(-237.4452706247,-8.624132723428,23.));
#2201 = CARTESIAN_POINT('',(-237.1577400313,-8.553605740549,23.));
#2202 = CARTESIAN_POINT('',(-236.8647669979,-8.5183625187,23.));
#2203 = CARTESIAN_POINT('',(-236.5718949164,-8.5183625187,23.));
#2204 = ORIENTED_EDGE('',*,*,#2205,.T.);
#2205 = EDGE_CURVE('',#2174,#2206,#2208,.T.);
#2206 = VERTEX_POINT('',#2207);
#2207 = CARTESIAN_POINT('',(-236.7631130398,-8.511238780306,23.));
#2208 = CIRCLE('',#2209,3.05);
#2209 = AXIS2_PLACEMENT_3D('',#2210,#2211,#2212);
#2210 = CARTESIAN_POINT('',(-235.,-11.,23.));
#2211 = DIRECTION('',(0.,0.,-1.));
#2212 = DIRECTION('',(1.,0.,0.));
#2213 = ORIENTED_EDGE('',*,*,#2214,.F.);
#2214 = EDGE_CURVE('',#2215,#2206,#2217,.T.);
#2215 = VERTEX_POINT('',#2216);
#2216 = CARTESIAN_POINT('',(-238.2,-11.00000000001,23.));
#2217 = LINE('',#2218,#2219);
#2218 = CARTESIAN_POINT('',(-237.8486790293,-10.39149422909,23.));
#2219 = VECTOR('',#2220,1.);
#2220 = DIRECTION('',(0.499999999997,0.866025403786,6.754998149533E-16)
  );
#2221 = ORIENTED_EDGE('',*,*,#2222,.F.);
#2222 = EDGE_CURVE('',#2223,#2215,#2225,.T.);
#2223 = VERTEX_POINT('',#2224);
#2224 = CARTESIAN_POINT('',(-236.5999999999,-13.77128129211,23.));
#2225 = LINE('',#2226,#2227);
#2226 = CARTESIAN_POINT('',(-236.7869873514,-13.44740969902,23.));
#2227 = VECTOR('',#2228,1.);
#2228 = DIRECTION('',(-0.500000000003,0.866025403783,6.754998149505E-16)
  );
#2229 = ORIENTED_EDGE('',*,*,#2230,.F.);
#2230 = EDGE_CURVE('',#2231,#2223,#2233,.T.);
#2231 = VERTEX_POINT('',#2232);
#2232 = CARTESIAN_POINT('',(-233.3999999999,-13.7712812921,23.));
#2233 = LINE('',#2234,#2235);
#2234 = CARTESIAN_POINT('',(-233.8713327616,-13.7712812921,23.));
#2235 = VECTOR('',#2236,1.);
#2236 = DIRECTION('',(-1.,-3.606004383982E-12,-2.812683419506E-27));
#2237 = ORIENTED_EDGE('',*,*,#2238,.F.);
#2238 = EDGE_CURVE('',#2239,#2231,#2241,.T.);
#2239 = VERTEX_POINT('',#2240);
#2240 = CARTESIAN_POINT('',(-231.8,-10.99999999998,23.));
#2241 = LINE('',#2242,#2243);
#2242 = CARTESIAN_POINT('',(-232.2486790293,-11.77713487513,23.));
#2243 = VECTOR('',#2244,1.);
#2244 = DIRECTION('',(-0.499999999997,-0.866025403786,
    -6.754998149533E-16));
#2245 = ORIENTED_EDGE('',*,*,#2246,.F.);
#2246 = EDGE_CURVE('',#2247,#2239,#2249,.T.);
#2247 = VERTEX_POINT('',#2248);
#2248 = CARTESIAN_POINT('',(-233.2368869601,-8.511238780293,23.));
#2249 = LINE('',#2250,#2251);
#2250 = CARTESIAN_POINT('',(-232.7869873514,-9.290487760842,23.));
#2251 = VECTOR('',#2252,1.);
#2252 = DIRECTION('',(0.500000000003,-0.866025403783,-6.754998149505E-16
    ));
#2253 = ORIENTED_EDGE('',*,*,#2254,.T.);
#2254 = EDGE_CURVE('',#2247,#2255,#2257,.T.);
#2255 = VERTEX_POINT('',#2256);
#2256 = CARTESIAN_POINT('',(-233.2268741129,-8.5183625187,23.));
#2257 = CIRCLE('',#2258,3.05);
#2258 = AXIS2_PLACEMENT_3D('',#2259,#2260,#2261);
#2259 = CARTESIAN_POINT('',(-235.,-11.,23.));
#2260 = DIRECTION('',(0.,0.,-1.));
#2261 = DIRECTION('',(1.,0.,0.));
#2262 = ORIENTED_EDGE('',*,*,#2263,.T.);
#2263 = EDGE_CURVE('',#2255,#2264,#2266,.T.);
#2264 = VERTEX_POINT('',#2265);
#2265 = CARTESIAN_POINT('',(-229.5718949164,-8.5183625187,23.));
#2266 = LINE('',#2267,#2268);
#2267 = CARTESIAN_POINT('',(-239.5718949164,-8.5183625187,23.));
#2268 = VECTOR('',#2269,1.);
#2269 = DIRECTION('',(1.,0.,0.));
#2270 = ORIENTED_EDGE('',*,*,#2271,.F.);
#2271 = EDGE_CURVE('',#2272,#2264,#2274,.T.);
#2272 = VERTEX_POINT('',#2273);
#2273 = CARTESIAN_POINT('',(-229.5718949164,-11.5183625187,23.));
#2274 = LINE('',#2275,#2276);
#2275 = CARTESIAN_POINT('',(-229.5718949164,-14.5183625187,23.));
#2276 = VECTOR('',#2277,1.);
#2277 = DIRECTION('',(0.,1.,5.9E-16));
#2278 = ORIENTED_EDGE('',*,*,#2279,.F.);
#2279 = EDGE_CURVE('',#2164,#2272,#2280,.T.);
#2280 = CIRCLE('',#2281,3.);
#2281 = AXIS2_PLACEMENT_3D('',#2282,#2283,#2284);
#2282 = CARTESIAN_POINT('',(-232.5718949164,-11.5183625187,23.));
#2283 = DIRECTION('',(0.,-0.,1.));
#2284 = DIRECTION('',(0.,1.,0.));
#2285 = PLANE('',#2286);
#2286 = AXIS2_PLACEMENT_3D('',#2287,#2288,#2289);
#2287 = CARTESIAN_POINT('',(-234.3426655232,-11.60435104273,23.));
#2288 = DIRECTION('',(0.,7.8E-16,-1.));
#2289 = DIRECTION('',(0.,-1.,-7.8E-16));
#2290 = ADVANCED_FACE('',(#2291),#2418,.F.);
#2291 = FACE_BOUND('',#2292,.T.);
#2292 = EDGE_LOOP('',(#2293,#2294,#2295,#2327,#2346,#2358,#2369,#2378,
    #2389,#2401));
#2293 = ORIENTED_EDGE('',*,*,#2173,.F.);
#2294 = ORIENTED_EDGE('',*,*,#1585,.T.);
#2295 = ORIENTED_EDGE('',*,*,#2296,.T.);
#2296 = EDGE_CURVE('',#1578,#2297,#2299,.T.);
#2297 = VERTEX_POINT('',#2298);
#2298 = CARTESIAN_POINT('',(-236.7838547769,8.526063433546,23.));
#2299 = B_SPLINE_CURVE_WITH_KNOTS('',6,(#2300,#2301,#2302,#2303,#2304,
    #2305,#2306,#2307,#2308,#2309,#2310,#2311,#2312,#2313,#2314,#2315,
    #2316,#2317,#2318,#2319,#2320,#2321,#2322,#2323,#2324,#2325,#2326),
  .UNSPECIFIED.,.F.,.F.,(7,5,5,5,5,7),(0.,0.171922918143,0.40007212832,
    0.492328712264,0.630329691039,1.),.UNSPECIFIED.);
#2300 = CARTESIAN_POINT('',(-239.5718949164,11.578536176909,23.));
#2301 = CARTESIAN_POINT('',(-239.5718949164,11.442155420073,23.));
#2302 = CARTESIAN_POINT('',(-239.5646705084,11.305769032207,23.));
#2303 = CARTESIAN_POINT('',(-239.5502320289,11.169858526966,23.));
#2304 = CARTESIAN_POINT('',(-239.5286293153,11.03489941146,23.));
#2305 = CARTESIAN_POINT('',(-239.4999504116,10.901360786085,23.));
#2306 = CARTESIAN_POINT('',(-239.4170375261,10.594991900725,23.));
#2307 = CARTESIAN_POINT('',(-239.3575118535,10.42359001589,23.));
#2308 = CARTESIAN_POINT('',(-239.2860370303,10.256580711828,23.));
#2309 = CARTESIAN_POINT('',(-239.2030148135,10.095006368373,23.));
#2310 = CARTESIAN_POINT('',(-239.108954756,9.93986737045,23.));
#2311 = CARTESIAN_POINT('',(-238.9622251986,9.732374282172,23.));
#2312 = CARTESIAN_POINT('',(-238.9182722293,9.673837463804,23.));
#2313 = CARTESIAN_POINT('',(-238.8726557772,9.616571631051,23.));
#2314 = CARTESIAN_POINT('',(-238.8254192978,9.560638092838,23.));
#2315 = CARTESIAN_POINT('',(-238.7766090388,9.506096536158,23.));
#2316 = CARTESIAN_POINT('',(-238.650980996,9.373588684761,23.));
#2317 = CARTESIAN_POINT('',(-238.5722759687,9.297416490257,23.));
#2318 = CARTESIAN_POINT('',(-238.4903237138,9.224682977842,23.));
#2319 = CARTESIAN_POINT('',(-238.4053020937,9.155572933549,23.));
#2320 = CARTESIAN_POINT('',(-238.3174028149,9.090260155801,23.));
#2321 = CARTESIAN_POINT('',(-237.9842159104,8.864554270446,23.));
#2322 = CARTESIAN_POINT('',(-237.7223134696,8.728530120395,23.));
#2323 = CARTESIAN_POINT('',(-237.4452706247,8.624132723428,23.));
#2324 = CARTESIAN_POINT('',(-237.1577400313,8.553605740549,23.));
#2325 = CARTESIAN_POINT('',(-236.8647669979,8.5183625187,23.));
#2326 = CARTESIAN_POINT('',(-236.5718949164,8.5183625187,23.));
#2327 = ORIENTED_EDGE('',*,*,#2328,.T.);
#2328 = EDGE_CURVE('',#2297,#2329,#2331,.T.);
#2329 = VERTEX_POINT('',#2330);
#2330 = CARTESIAN_POINT('',(-236.7631130401,8.511238780813,22.9437640566
    ));
#2331 = B_SPLINE_CURVE_WITH_KNOTS('',7,(#2332,#2333,#2334,#2335,#2336,
    #2337,#2338,#2339,#2340,#2341,#2342,#2343,#2344,#2345),
  .UNSPECIFIED.,.F.,.F.,(8,6,8),(0.,0.257246775044,1.),.UNSPECIFIED.);
#2332 = CARTESIAN_POINT('',(-236.7838922422,8.526090448664,
    23.000103671537));
#2333 = CARTESIAN_POINT('',(-236.7771760096,8.521247499768,
    22.981540353356));
#2334 = CARTESIAN_POINT('',(-236.7703689713,8.516371373243,
    22.963001141097));
#2335 = CARTESIAN_POINT('',(-236.7634716709,8.511463863814,
    22.944488584771));
#2336 = CARTESIAN_POINT('',(-236.7564822169,8.506524782196,
    22.925998916252));
#2337 = CARTESIAN_POINT('',(-236.7494019288,8.501556549959,
    22.907536633408));
#2338 = CARTESIAN_POINT('',(-236.7422295444,8.49655952143,
    22.889099431909));
#2339 = CARTESIAN_POINT('',(-236.7139905945,8.477028215432,
    22.817530282089));
#2340 = CARTESIAN_POINT('',(-236.6922486389,8.46229301452,
    22.764589839192));
#2341 = CARTESIAN_POINT('',(-236.6697335176,8.447358016663,
    22.711874169167));
#2342 = CARTESIAN_POINT('',(-236.6464411817,8.432253748516,
    22.659389411867));
#2343 = CARTESIAN_POINT('',(-236.6223697207,8.417012639449,
    22.607140769335));
#2344 = CARTESIAN_POINT('',(-236.5975197698,8.401668861041,
    22.555132427073));
#2345 = CARTESIAN_POINT('',(-236.5718949164,8.38625816659,
    22.503367475316));
#2346 = ORIENTED_EDGE('',*,*,#2347,.T.);
#2347 = EDGE_CURVE('',#2329,#2348,#2350,.T.);
#2348 = VERTEX_POINT('',#2349);
#2349 = CARTESIAN_POINT('',(-236.6,8.22871870789,22.024602151504));
#2350 = B_SPLINE_CURVE_WITH_KNOTS('',6,(#2351,#2352,#2353,#2354,#2355,
    #2356,#2357),.UNSPECIFIED.,.F.,.F.,(7,7),(0.,1.),
  .PIECEWISE_BEZIER_KNOTS.);
#2351 = CARTESIAN_POINT('',(-236.8337569089,8.633597550818,
    23.508689281805));
#2352 = CARTESIAN_POINT('',(-236.8045743002,8.583051789838,
    23.231088882341));
#2353 = CARTESIAN_POINT('',(-236.7691527473,8.521699860593,
    22.95617533336));
#2354 = CARTESIAN_POINT('',(-236.7277920939,8.450061107497,
    22.684581321081));
#2355 = CARTESIAN_POINT('',(-236.6808664312,8.368783475391,
    22.416766836615));
#2356 = CARTESIAN_POINT('',(-236.6287703422,8.278550402416,
    22.153053916099));
#2357 = CARTESIAN_POINT('',(-236.5718949164,8.180039275182,
    21.893642413294));
#2358 = ORIENTED_EDGE('',*,*,#2359,.T.);
#2359 = EDGE_CURVE('',#2348,#2360,#2362,.T.);
#2360 = VERTEX_POINT('',#2361);
#2361 = CARTESIAN_POINT('',(-236.5718949164,8.22871870789,
    22.024989340116));
#2362 = B_SPLINE_CURVE_WITH_KNOTS('',5,(#2363,#2364,#2365,#2366,#2367,
    #2368),.UNSPECIFIED.,.F.,.F.,(6,6),(0.,1.),
  .PIECEWISE_BEZIER_KNOTS.);
#2363 = CARTESIAN_POINT('',(-236.92,8.22871870789,21.965905377449));
#2364 = CARTESIAN_POINT('',(-236.8526301321,8.22871870789,21.98865540397
    ));
#2365 = CARTESIAN_POINT('',(-236.7837105319,8.22871870789,
    22.006537534482));
#2366 = CARTESIAN_POINT('',(-236.7135750573,8.22871870789,
    22.018841268314));
#2367 = CARTESIAN_POINT('',(-236.6427246826,8.22871870789,
    22.024989340116));
#2368 = CARTESIAN_POINT('',(-236.5718949164,8.22871870789,
    22.024989340116));
#2369 = ORIENTED_EDGE('',*,*,#2370,.F.);
#2370 = EDGE_CURVE('',#2371,#2360,#2373,.T.);
#2371 = VERTEX_POINT('',#2372);
#2372 = CARTESIAN_POINT('',(-236.5718949164,-8.228718707895,
    22.024989340131));
#2373 = CIRCLE('',#2374,8.75);
#2374 = AXIS2_PLACEMENT_3D('',#2375,#2376,#2377);
#2375 = CARTESIAN_POINT('',(-236.5718949164,0.,25.));
#2376 = DIRECTION('',(1.,0.,0.));
#2377 = DIRECTION('',(0.,-0.973527144994,-0.228571428571));
#2378 = ORIENTED_EDGE('',*,*,#2379,.F.);
#2379 = EDGE_CURVE('',#2380,#2371,#2382,.T.);
#2380 = VERTEX_POINT('',#2381);
#2381 = CARTESIAN_POINT('',(-236.6,-8.228718707896,22.02460215152));
#2382 = B_SPLINE_CURVE_WITH_KNOTS('',5,(#2383,#2384,#2385,#2386,#2387,
    #2388),.UNSPECIFIED.,.F.,.F.,(6,6),(0.,1.),
  .PIECEWISE_BEZIER_KNOTS.);
#2383 = CARTESIAN_POINT('',(-236.92,-8.228718707897,21.965905377464));
#2384 = CARTESIAN_POINT('',(-236.8526301321,-8.228718707896,
    21.988655403986));
#2385 = CARTESIAN_POINT('',(-236.7837105319,-8.228718707896,
    22.006537534498));
#2386 = CARTESIAN_POINT('',(-236.7135750573,-8.228718707896,
    22.01884126833));
#2387 = CARTESIAN_POINT('',(-236.6427246826,-8.228718707896,
    22.024989340132));
#2388 = CARTESIAN_POINT('',(-236.5718949164,-8.228718707895,
    22.024989340131));
#2389 = ORIENTED_EDGE('',*,*,#2390,.T.);
#2390 = EDGE_CURVE('',#2380,#2391,#2393,.T.);
#2391 = VERTEX_POINT('',#2392);
#2392 = CARTESIAN_POINT('',(-236.7631130397,-8.511238780094,
    22.94376405574));
#2393 = B_SPLINE_CURVE_WITH_KNOTS('',6,(#2394,#2395,#2396,#2397,#2398,
    #2399,#2400),.UNSPECIFIED.,.F.,.F.,(7,7),(0.,1.),
  .PIECEWISE_BEZIER_KNOTS.);
#2394 = CARTESIAN_POINT('',(-236.5718949164,-8.18003927517,
    21.893642413263));
#2395 = CARTESIAN_POINT('',(-236.6287703436,-8.278550404893,
    22.153053922619));
#2396 = CARTESIAN_POINT('',(-236.6808664312,-8.368783475504,
    22.416766838227));
#2397 = CARTESIAN_POINT('',(-236.7277920934,-8.450061106507,
    22.684581318172));
#2398 = CARTESIAN_POINT('',(-236.7691527477,-8.521699861256,
    22.956175333447));
#2399 = CARTESIAN_POINT('',(-236.804574301,-8.583051791307,
    23.231088890406));
#2400 = CARTESIAN_POINT('',(-236.8337569089,-8.633597550819,
    23.508689281805));
#2401 = ORIENTED_EDGE('',*,*,#2402,.T.);
#2402 = EDGE_CURVE('',#2391,#2174,#2403,.T.);
#2403 = B_SPLINE_CURVE_WITH_KNOTS('',5,(#2404,#2405,#2406,#2407,#2408,
    #2409,#2410,#2411,#2412,#2413,#2414,#2415,#2416,#2417),
  .UNSPECIFIED.,.F.,.F.,(6,4,4,6),(0.,0.620340450328,0.806303053298,1.),
  .UNSPECIFIED.);
#2404 = CARTESIAN_POINT('',(-236.5718949164,-8.386258166589,
    22.503367475316));
#2405 = CARTESIAN_POINT('',(-236.6013904681,-8.403996685092,
    22.562951652876));
#2406 = CARTESIAN_POINT('',(-236.6297858155,-8.421640260419,
    22.622881312664));
#2407 = CARTESIAN_POINT('',(-236.6570746652,-8.439119117974,
    22.683150421668));
#2408 = CARTESIAN_POINT('',(-236.6832585166,-8.456369147031,
    22.743749642764));
#2409 = CARTESIAN_POINT('',(-236.715867462,-8.478416911435,
    22.822927640408));
#2410 = CARTESIAN_POINT('',(-236.723386781,-8.483541695453,
    22.841453028228));
#2411 = CARTESIAN_POINT('',(-236.7309044883,-8.488706542782,
    22.860254981534));
#2412 = CARTESIAN_POINT('',(-236.738420448,-8.49391174816,
    22.879347636322));
#2413 = CARTESIAN_POINT('',(-236.7537611071,-8.504621653913,
    22.918952753159));
#2414 = CARTESIAN_POINT('',(-236.7614697132,-8.510048871617,
    22.939191964868));
#2415 = CARTESIAN_POINT('',(-236.7690607069,-8.515437262076,
    22.95946374068));
#2416 = CARTESIAN_POINT('',(-236.7765347374,-8.520785085232,
    22.979767919403));
#2417 = CARTESIAN_POINT('',(-236.7838922422,-8.526090448664,
    23.000103671537));
#2418 = TOROIDAL_SURFACE('',#2419,11.75,3.);
#2419 = AXIS2_PLACEMENT_3D('',#2420,#2421,#2422);
#2420 = CARTESIAN_POINT('',(-236.5718949164,0.,25.));
#2421 = DIRECTION('',(-1.,-0.,-0.));
#2422 = DIRECTION('',(0.,-0.973527144994,-0.228571428571));
#2423 = ADVANCED_FACE('',(#2424),#2442,.T.);
#2424 = FACE_BOUND('',#2425,.F.);
#2425 = EDGE_LOOP('',(#2426,#2434,#2440,#2441));
#2426 = ORIENTED_EDGE('',*,*,#2427,.F.);
#2427 = EDGE_CURVE('',#2428,#1570,#2430,.T.);
#2428 = VERTEX_POINT('',#2429);
#2429 = CARTESIAN_POINT('',(-239.1018949164,14.5183625187,23.));
#2430 = LINE('',#2431,#2432);
#2431 = CARTESIAN_POINT('',(-237.3010846991,12.717552301419,23.));
#2432 = VECTOR('',#2433,1.);
#2433 = DIRECTION('',(-0.707106781187,0.707106781187,-2.6E-16));
#2434 = ORIENTED_EDGE('',*,*,#2435,.T.);
#2435 = EDGE_CURVE('',#2428,#1617,#2436,.T.);
#2436 = LINE('',#2437,#2438);
#2437 = CARTESIAN_POINT('',(-239.1018949164,14.5183625187,23.));
#2438 = VECTOR('',#2439,1.);
#2439 = DIRECTION('',(0.,0.,1.));
#2440 = ORIENTED_EDGE('',*,*,#1626,.T.);
#2441 = ORIENTED_EDGE('',*,*,#1569,.F.);
#2442 = PLANE('',#2443);
#2443 = AXIS2_PLACEMENT_3D('',#2444,#2445,#2446);
#2444 = CARTESIAN_POINT('',(-239.3368949164,14.7533625187,23.));
#2445 = DIRECTION('',(0.707106781187,0.707106781187,0.));
#2446 = DIRECTION('',(-0.,-0.,-1.));
#2447 = ADVANCED_FACE('',(#2448),#2542,.T.);
#2448 = FACE_BOUND('',#2449,.T.);
#2449 = EDGE_LOOP('',(#2450,#2451,#2459,#2468,#2476,#2484,#2493,#2501,
    #2509,#2517,#2525,#2533,#2540,#2541));
#2450 = ORIENTED_EDGE('',*,*,#2427,.F.);
#2451 = ORIENTED_EDGE('',*,*,#2452,.T.);
#2452 = EDGE_CURVE('',#2428,#2453,#2455,.T.);
#2453 = VERTEX_POINT('',#2454);
#2454 = CARTESIAN_POINT('',(-232.5718949164,14.5183625187,23.));
#2455 = LINE('',#2456,#2457);
#2456 = CARTESIAN_POINT('',(-239.5718949164,14.5183625187,23.));
#2457 = VECTOR('',#2458,1.);
#2458 = DIRECTION('',(1.,0.,0.));
#2459 = ORIENTED_EDGE('',*,*,#2460,.T.);
#2460 = EDGE_CURVE('',#2453,#2461,#2463,.T.);
#2461 = VERTEX_POINT('',#2462);
#2462 = CARTESIAN_POINT('',(-229.5718949164,11.5183625187,23.));
#2463 = CIRCLE('',#2464,3.);
#2464 = AXIS2_PLACEMENT_3D('',#2465,#2466,#2467);
#2465 = CARTESIAN_POINT('',(-232.5718949164,11.5183625187,23.));
#2466 = DIRECTION('',(-0.,-0.,-1.));
#2467 = DIRECTION('',(0.,-1.,0.));
#2468 = ORIENTED_EDGE('',*,*,#2469,.F.);
#2469 = EDGE_CURVE('',#2470,#2461,#2472,.T.);
#2470 = VERTEX_POINT('',#2471);
#2471 = CARTESIAN_POINT('',(-229.5718949164,8.5183625187,23.));
#2472 = LINE('',#2473,#2474);
#2473 = CARTESIAN_POINT('',(-229.5718949164,8.5183625187,23.));
#2474 = VECTOR('',#2475,1.);
#2475 = DIRECTION('',(0.,1.,0.));
#2476 = ORIENTED_EDGE('',*,*,#2477,.F.);
#2477 = EDGE_CURVE('',#2478,#2470,#2480,.T.);
#2478 = VERTEX_POINT('',#2479);
#2479 = CARTESIAN_POINT('',(-233.2268741129,8.5183625187,23.));
#2480 = LINE('',#2481,#2482);
#2481 = CARTESIAN_POINT('',(-239.5718949164,8.5183625187,23.));
#2482 = VECTOR('',#2483,1.);
#2483 = DIRECTION('',(1.,0.,0.));
#2484 = ORIENTED_EDGE('',*,*,#2485,.T.);
#2485 = EDGE_CURVE('',#2478,#2486,#2488,.T.);
#2486 = VERTEX_POINT('',#2487);
#2487 = CARTESIAN_POINT('',(-233.2368869601,8.511238780299,23.));
#2488 = CIRCLE('',#2489,3.05);
#2489 = AXIS2_PLACEMENT_3D('',#2490,#2491,#2492);
#2490 = CARTESIAN_POINT('',(-235.,11.,23.));
#2491 = DIRECTION('',(0.,0.,-1.));
#2492 = DIRECTION('',(1.,0.,0.));
#2493 = ORIENTED_EDGE('',*,*,#2494,.F.);
#2494 = EDGE_CURVE('',#2495,#2486,#2497,.T.);
#2495 = VERTEX_POINT('',#2496);
#2496 = CARTESIAN_POINT('',(-231.8,11.,23.));
#2497 = LINE('',#2498,#2499);
#2498 = CARTESIAN_POINT('',(-231.9869873514,10.676128406905,23.));
#2499 = VECTOR('',#2500,1.);
#2500 = DIRECTION('',(-0.5,-0.866025403784,3.204293994002E-16));
#2501 = ORIENTED_EDGE('',*,*,#2502,.F.);
#2502 = EDGE_CURVE('',#2503,#2495,#2505,.T.);
#2503 = VERTEX_POINT('',#2504);
#2504 = CARTESIAN_POINT('',(-233.4,13.77128129211,23.));
#2505 = LINE('',#2506,#2507);
#2506 = CARTESIAN_POINT('',(-233.0486790293,13.162775521197,23.));
#2507 = VECTOR('',#2508,1.);
#2508 = DIRECTION('',(0.5,-0.866025403784,3.204293994002E-16));
#2509 = ORIENTED_EDGE('',*,*,#2510,.F.);
#2510 = EDGE_CURVE('',#2511,#2503,#2513,.T.);
#2511 = VERTEX_POINT('',#2512);
#2512 = CARTESIAN_POINT('',(-236.6,13.77128129211,23.));
#2513 = LINE('',#2514,#2515);
#2514 = CARTESIAN_POINT('',(-235.4713327616,13.77128129211,23.));
#2515 = VECTOR('',#2516,1.);
#2516 = DIRECTION('',(1.,-5.551115123126E-16,2.053912595557E-31));
#2517 = ORIENTED_EDGE('',*,*,#2518,.F.);
#2518 = EDGE_CURVE('',#2519,#2511,#2521,.T.);
#2519 = VERTEX_POINT('',#2520);
#2520 = CARTESIAN_POINT('',(-238.2,11.,23.));
#2521 = LINE('',#2522,#2523);
#2522 = CARTESIAN_POINT('',(-237.5869873514,12.06176905296,23.));
#2523 = VECTOR('',#2524,1.);
#2524 = DIRECTION('',(0.5,0.866025403784,-3.204293994002E-16));
#2525 = ORIENTED_EDGE('',*,*,#2526,.F.);
#2526 = EDGE_CURVE('',#2527,#2519,#2529,.T.);
#2527 = VERTEX_POINT('',#2528);
#2528 = CARTESIAN_POINT('',(-236.7631130398,8.511238780299,23.));
#2529 = LINE('',#2530,#2531);
#2530 = CARTESIAN_POINT('',(-237.0486790293,9.005853583032,23.));
#2531 = VECTOR('',#2532,1.);
#2532 = DIRECTION('',(-0.5,0.866025403784,-3.204293994002E-16));
#2533 = ORIENTED_EDGE('',*,*,#2534,.T.);
#2534 = EDGE_CURVE('',#2527,#2297,#2535,.T.);
#2535 = CIRCLE('',#2536,3.05);
#2536 = AXIS2_PLACEMENT_3D('',#2537,#2538,#2539);
#2537 = CARTESIAN_POINT('',(-235.,11.,23.));
#2538 = DIRECTION('',(0.,0.,-1.));
#2539 = DIRECTION('',(1.,0.,0.));
#2540 = ORIENTED_EDGE('',*,*,#2296,.F.);
#2541 = ORIENTED_EDGE('',*,*,#1577,.T.);
#2542 = PLANE('',#2543);
#2543 = AXIS2_PLACEMENT_3D('',#2544,#2545,#2546);
#2544 = CARTESIAN_POINT('',(-234.3426655232,11.60435104273,23.));
#2545 = DIRECTION('',(-0.,-3.7E-16,-1.));
#2546 = DIRECTION('',(0.,-1.,3.7E-16));
#2547 = ADVANCED_FACE('',(#2548),#2559,.F.);
#2548 = FACE_BOUND('',#2549,.F.);
#2549 = EDGE_LOOP('',(#2550,#2551,#2557,#2558));
#2550 = ORIENTED_EDGE('',*,*,#2452,.T.);
#2551 = ORIENTED_EDGE('',*,*,#2552,.T.);
#2552 = EDGE_CURVE('',#2453,#1619,#2553,.T.);
#2553 = LINE('',#2554,#2555);
#2554 = CARTESIAN_POINT('',(-232.5718949164,14.5183625187,23.));
#2555 = VECTOR('',#2556,1.);
#2556 = DIRECTION('',(0.,0.,1.));
#2557 = ORIENTED_EDGE('',*,*,#1616,.F.);
#2558 = ORIENTED_EDGE('',*,*,#2435,.F.);
#2559 = PLANE('',#2560);
#2560 = AXIS2_PLACEMENT_3D('',#2561,#2562,#2563);
#2561 = CARTESIAN_POINT('',(-239.5718949164,14.5183625187,23.));
#2562 = DIRECTION('',(0.,-1.,0.));
#2563 = DIRECTION('',(0.,0.,1.));
#2564 = ADVANCED_FACE('',(#2565),#2576,.T.);
#2565 = FACE_BOUND('',#2566,.F.);
#2566 = EDGE_LOOP('',(#2567,#2568,#2574,#2575));
#2567 = ORIENTED_EDGE('',*,*,#2460,.T.);
#2568 = ORIENTED_EDGE('',*,*,#2569,.T.);
#2569 = EDGE_CURVE('',#2461,#1701,#2570,.T.);
#2570 = LINE('',#2571,#2572);
#2571 = CARTESIAN_POINT('',(-229.5718949164,11.5183625187,23.));
#2572 = VECTOR('',#2573,1.);
#2573 = DIRECTION('',(0.,0.,1.));
#2574 = ORIENTED_EDGE('',*,*,#1708,.F.);
#2575 = ORIENTED_EDGE('',*,*,#2552,.F.);
#2576 = CYLINDRICAL_SURFACE('',#2577,3.);
#2577 = AXIS2_PLACEMENT_3D('',#2578,#2579,#2580);
#2578 = CARTESIAN_POINT('',(-232.5718949164,11.5183625187,23.));
#2579 = DIRECTION('',(0.,0.,1.));
#2580 = DIRECTION('',(0.,1.,0.));
#2581 = ADVANCED_FACE('',(#2582),#2609,.T.);
#2582 = FACE_BOUND('',#2583,.T.);
#2583 = EDGE_LOOP('',(#2584,#2585,#2591,#2592,#2599,#2600,#2601,#2602));
#2584 = ORIENTED_EDGE('',*,*,#1668,.F.);
#2585 = ORIENTED_EDGE('',*,*,#2586,.T.);
#2586 = EDGE_CURVE('',#1660,#2272,#2587,.T.);
#2587 = LINE('',#2588,#2589);
#2588 = CARTESIAN_POINT('',(-229.5718949164,-11.5183625187,25.));
#2589 = VECTOR('',#2590,1.);
#2590 = DIRECTION('',(0.,0.,-1.));
#2591 = ORIENTED_EDGE('',*,*,#2271,.T.);
#2592 = ORIENTED_EDGE('',*,*,#2593,.T.);
#2593 = EDGE_CURVE('',#2264,#2470,#2594,.T.);
#2594 = CIRCLE('',#2595,8.75);
#2595 = AXIS2_PLACEMENT_3D('',#2596,#2597,#2598);
#2596 = CARTESIAN_POINT('',(-229.5718949164,0.,25.));
#2597 = DIRECTION('',(1.,0.,0.));
#2598 = DIRECTION('',(0.,1.,0.));
#2599 = ORIENTED_EDGE('',*,*,#2469,.T.);
#2600 = ORIENTED_EDGE('',*,*,#2569,.T.);
#2601 = ORIENTED_EDGE('',*,*,#1700,.F.);
#2602 = ORIENTED_EDGE('',*,*,#2603,.F.);
#2603 = EDGE_CURVE('',#1669,#1693,#2604,.T.);
#2604 = CIRCLE('',#2605,6.075);
#2605 = AXIS2_PLACEMENT_3D('',#2606,#2607,#2608);
#2606 = CARTESIAN_POINT('',(-229.5718949164,0.,25.));
#2607 = DIRECTION('',(1.,0.,0.));
#2608 = DIRECTION('',(0.,1.,0.));
#2609 = PLANE('',#2610);
#2610 = AXIS2_PLACEMENT_3D('',#2611,#2612,#2613);
#2611 = CARTESIAN_POINT('',(-229.5718949164,-1.9E-16,21.932422618867));
#2612 = DIRECTION('',(1.,0.,0.));
#2613 = DIRECTION('',(0.,0.,1.));
#2614 = ADVANCED_FACE('',(#2615),#2627,.F.);
#2615 = FACE_BOUND('',#2616,.F.);
#2616 = EDGE_LOOP('',(#2617,#2618,#2625,#2626));
#2617 = ORIENTED_EDGE('',*,*,#1676,.F.);
#2618 = ORIENTED_EDGE('',*,*,#2619,.T.);
#2619 = EDGE_CURVE('',#1677,#1685,#2620,.T.);
#2620 = CIRCLE('',#2621,6.075);
#2621 = AXIS2_PLACEMENT_3D('',#2622,#2623,#2624);
#2622 = CARTESIAN_POINT('',(-246.5718949164,0.,25.));
#2623 = DIRECTION('',(1.,0.,0.));
#2624 = DIRECTION('',(0.,1.,0.));
#2625 = ORIENTED_EDGE('',*,*,#1692,.F.);
#2626 = ORIENTED_EDGE('',*,*,#2603,.F.);
#2627 = CYLINDRICAL_SURFACE('',#2628,6.075);
#2628 = AXIS2_PLACEMENT_3D('',#2629,#2630,#2631);
#2629 = CARTESIAN_POINT('',(-239.5718949164,0.,25.));
#2630 = DIRECTION('',(1.,0.,0.));
#2631 = DIRECTION('',(0.,1.,0.));
#2632 = ADVANCED_FACE('',(#2633),#2637,.T.);
#2633 = FACE_BOUND('',#2634,.T.);
#2634 = EDGE_LOOP('',(#2635,#2636));
#2635 = ORIENTED_EDGE('',*,*,#2619,.T.);
#2636 = ORIENTED_EDGE('',*,*,#1684,.F.);
#2637 = PLANE('',#2638);
#2638 = AXIS2_PLACEMENT_3D('',#2639,#2640,#2641);
#2639 = CARTESIAN_POINT('',(-246.5718949164,-3.4E-16,25.));
#2640 = DIRECTION('',(1.,0.,0.));
#2641 = DIRECTION('',(0.,0.,1.));
#2642 = ADVANCED_FACE('',(#2643),#2654,.T.);
#2643 = FACE_BOUND('',#2644,.F.);
#2644 = EDGE_LOOP('',(#2645,#2646,#2647,#2648));
#2645 = ORIENTED_EDGE('',*,*,#1659,.T.);
#2646 = ORIENTED_EDGE('',*,*,#2586,.T.);
#2647 = ORIENTED_EDGE('',*,*,#2279,.F.);
#2648 = ORIENTED_EDGE('',*,*,#2649,.F.);
#2649 = EDGE_CURVE('',#1652,#2164,#2650,.T.);
#2650 = LINE('',#2651,#2652);
#2651 = CARTESIAN_POINT('',(-232.5718949164,-14.5183625187,25.));
#2652 = VECTOR('',#2653,1.);
#2653 = DIRECTION('',(0.,0.,-1.));
#2654 = CYLINDRICAL_SURFACE('',#2655,3.);
#2655 = AXIS2_PLACEMENT_3D('',#2656,#2657,#2658);
#2656 = CARTESIAN_POINT('',(-232.5718949164,-11.5183625187,25.));
#2657 = DIRECTION('',(0.,0.,-1.));
#2658 = DIRECTION('',(0.,-1.,0.));
#2659 = ADVANCED_FACE('',(#2660),#2666,.F.);
#2660 = FACE_BOUND('',#2661,.F.);
#2661 = EDGE_LOOP('',(#2662,#2663,#2664,#2665));
#2662 = ORIENTED_EDGE('',*,*,#1651,.T.);
#2663 = ORIENTED_EDGE('',*,*,#2649,.T.);
#2664 = ORIENTED_EDGE('',*,*,#2163,.F.);
#2665 = ORIENTED_EDGE('',*,*,#2149,.F.);
#2666 = PLANE('',#2667);
#2667 = AXIS2_PLACEMENT_3D('',#2668,#2669,#2670);
#2668 = CARTESIAN_POINT('',(-239.5718949164,-14.5183625187,25.));
#2669 = DIRECTION('',(0.,1.,0.));
#2670 = DIRECTION('',(0.,0.,-1.));
#2671 = ADVANCED_FACE('',(#2672),#2691,.F.);
#2672 = FACE_BOUND('',#2673,.F.);
#2673 = EDGE_LOOP('',(#2674,#2675,#2683,#2690));
#2674 = ORIENTED_EDGE('',*,*,#1717,.F.);
#2675 = ORIENTED_EDGE('',*,*,#2676,.T.);
#2676 = EDGE_CURVE('',#1718,#2677,#2679,.T.);
#2677 = VERTEX_POINT('',#2678);
#2678 = CARTESIAN_POINT('',(-233.45,-11.,23.5));
#2679 = LINE('',#2680,#2681);
#2680 = CARTESIAN_POINT('',(-233.45,-11.,25.));
#2681 = VECTOR('',#2682,1.);
#2682 = DIRECTION('',(-0.,-0.,-1.));
#2683 = ORIENTED_EDGE('',*,*,#2684,.T.);
#2684 = EDGE_CURVE('',#2677,#2677,#2685,.T.);
#2685 = CIRCLE('',#2686,1.55);
#2686 = AXIS2_PLACEMENT_3D('',#2687,#2688,#2689);
#2687 = CARTESIAN_POINT('',(-235.,-11.,23.5));
#2688 = DIRECTION('',(0.,0.,1.));
#2689 = DIRECTION('',(1.,0.,0.));
#2690 = ORIENTED_EDGE('',*,*,#2676,.F.);
#2691 = CYLINDRICAL_SURFACE('',#2692,1.55);
#2692 = AXIS2_PLACEMENT_3D('',#2693,#2694,#2695);
#2693 = CARTESIAN_POINT('',(-235.,-11.,25.));
#2694 = DIRECTION('',(0.,0.,1.));
#2695 = DIRECTION('',(1.,0.,0.));
#2696 = ADVANCED_FACE('',(#2697),#2716,.F.);
#2697 = FACE_BOUND('',#2698,.F.);
#2698 = EDGE_LOOP('',(#2699,#2700,#2708,#2715));
#2699 = ORIENTED_EDGE('',*,*,#1728,.F.);
#2700 = ORIENTED_EDGE('',*,*,#2701,.T.);
#2701 = EDGE_CURVE('',#1729,#2702,#2704,.T.);
#2702 = VERTEX_POINT('',#2703);
#2703 = CARTESIAN_POINT('',(-233.45,11.,23.5));
#2704 = LINE('',#2705,#2706);
#2705 = CARTESIAN_POINT('',(-233.45,11.,25.));
#2706 = VECTOR('',#2707,1.);
#2707 = DIRECTION('',(-0.,-0.,-1.));
#2708 = ORIENTED_EDGE('',*,*,#2709,.T.);
#2709 = EDGE_CURVE('',#2702,#2702,#2710,.T.);
#2710 = CIRCLE('',#2711,1.55);
#2711 = AXIS2_PLACEMENT_3D('',#2712,#2713,#2714);
#2712 = CARTESIAN_POINT('',(-235.,11.,23.5));
#2713 = DIRECTION('',(0.,0.,1.));
#2714 = DIRECTION('',(1.,0.,0.));
#2715 = ORIENTED_EDGE('',*,*,#2701,.F.);
#2716 = CYLINDRICAL_SURFACE('',#2717,1.55);
#2717 = AXIS2_PLACEMENT_3D('',#2718,#2719,#2720);
#2718 = CARTESIAN_POINT('',(-235.,11.,25.));
#2719 = DIRECTION('',(0.,0.,1.));
#2720 = DIRECTION('',(1.,0.,0.));
#2721 = ADVANCED_FACE('',(#2722),#2732,.F.);
#2722 = FACE_BOUND('',#2723,.T.);
#2723 = EDGE_LOOP('',(#2724,#2725,#2726));
#2724 = ORIENTED_EDGE('',*,*,#2014,.F.);
#2725 = ORIENTED_EDGE('',*,*,#1938,.T.);
#2726 = ORIENTED_EDGE('',*,*,#2727,.T.);
#2727 = EDGE_CURVE('',#1930,#2015,#2728,.T.);
#2728 = LINE('',#2729,#2730);
#2729 = CARTESIAN_POINT('',(-259.5423181061,-16.89842597939,23.));
#2730 = VECTOR('',#2731,1.);
#2731 = DIRECTION('',(0.,0.,1.));
#2732 = CYLINDRICAL_SURFACE('',#2733,3.05);
#2733 = AXIS2_PLACEMENT_3D('',#2734,#2735,#2736);
#2734 = CARTESIAN_POINT('',(-257.6,-19.25,23.));
#2735 = DIRECTION('',(0.,0.,1.));
#2736 = DIRECTION('',(1.,0.,0.));
#2737 = ADVANCED_FACE('',(#2738),#2756,.F.);
#2738 = FACE_BOUND('',#2739,.F.);
#2739 = EDGE_LOOP('',(#2740,#2741,#2747,#2748,#2754,#2755));
#2740 = ORIENTED_EDGE('',*,*,#2023,.F.);
#2741 = ORIENTED_EDGE('',*,*,#2742,.T.);
#2742 = EDGE_CURVE('',#2024,#2099,#2743,.T.);
#2743 = LINE('',#2744,#2745);
#2744 = CARTESIAN_POINT('',(-260.9,-19.24999999999,18.));
#2745 = VECTOR('',#2746,1.);
#2746 = DIRECTION('',(0.,0.,1.));
#2747 = ORIENTED_EDGE('',*,*,#2098,.T.);
#2748 = ORIENTED_EDGE('',*,*,#2749,.F.);
#2749 = EDGE_CURVE('',#1922,#2091,#2750,.T.);
#2750 = LINE('',#2751,#2752);
#2751 = CARTESIAN_POINT('',(-259.2999999999,-16.47871870788,18.));
#2752 = VECTOR('',#2753,1.);
#2753 = DIRECTION('',(0.,0.,1.));
#2754 = ORIENTED_EDGE('',*,*,#1929,.F.);
#2755 = ORIENTED_EDGE('',*,*,#2727,.T.);
#2756 = PLANE('',#2757);
#2757 = AXIS2_PLACEMENT_3D('',#2758,#2759,#2760);
#2758 = CARTESIAN_POINT('',(-260.9,-19.24999999999,18.));
#2759 = DIRECTION('',(-0.866025403784,0.500000000001,0.));
#2760 = DIRECTION('',(0.500000000001,0.866025403784,0.));
#2761 = ADVANCED_FACE('',(#2762),#2796,.F.);
#2762 = FACE_BOUND('',#2763,.F.);
#2763 = EDGE_LOOP('',(#2764,#2765,#2766,#2767,#2773,#2774,#2782,#2790));
#2764 = ORIENTED_EDGE('',*,*,#1921,.T.);
#2765 = ORIENTED_EDGE('',*,*,#2749,.T.);
#2766 = ORIENTED_EDGE('',*,*,#2090,.T.);
#2767 = ORIENTED_EDGE('',*,*,#2768,.F.);
#2768 = EDGE_CURVE('',#1848,#2081,#2769,.T.);
#2769 = LINE('',#2770,#2771);
#2770 = CARTESIAN_POINT('',(-256.0999999999,-16.47871870789,18.));
#2771 = VECTOR('',#2772,1.);
#2772 = DIRECTION('',(0.,0.,1.));
#2773 = ORIENTED_EDGE('',*,*,#1856,.T.);
#2774 = ORIENTED_EDGE('',*,*,#2775,.T.);
#2775 = EDGE_CURVE('',#1857,#2776,#2778,.T.);
#2776 = VERTEX_POINT('',#2777);
#2777 = CARTESIAN_POINT('',(-256.3262260797,-16.47871870789,23.));
#2778 = LINE('',#2779,#2780);
#2779 = CARTESIAN_POINT('',(-256.3262260797,-16.47871870789,23.));
#2780 = VECTOR('',#2781,1.);
#2781 = DIRECTION('',(0.,0.,1.));
#2782 = ORIENTED_EDGE('',*,*,#2783,.F.);
#2783 = EDGE_CURVE('',#2784,#2776,#2786,.T.);
#2784 = VERTEX_POINT('',#2785);
#2785 = CARTESIAN_POINT('',(-258.8737739202,-16.47871870788,23.));
#2786 = LINE('',#2787,#2788);
#2787 = CARTESIAN_POINT('',(-258.4643251068,-16.47871870788,23.));
#2788 = VECTOR('',#2789,1.);
#2789 = DIRECTION('',(1.,-6.050715484207E-13,0.));
#2790 = ORIENTED_EDGE('',*,*,#2791,.F.);
#2791 = EDGE_CURVE('',#1865,#2784,#2792,.T.);
#2792 = LINE('',#2793,#2794);
#2793 = CARTESIAN_POINT('',(-258.8737739202,-16.47871870788,23.));
#2794 = VECTOR('',#2795,1.);
#2795 = DIRECTION('',(0.,0.,1.));
#2796 = PLANE('',#2797);
#2797 = AXIS2_PLACEMENT_3D('',#2798,#2799,#2800);
#2798 = CARTESIAN_POINT('',(-259.2999999999,-16.47871870788,18.));
#2799 = DIRECTION('',(6.050715484207E-13,1.,0.));
#2800 = DIRECTION('',(1.,-6.050715484207E-13,0.));
#2801 = ADVANCED_FACE('',(#2802),#2814,.F.);
#2802 = FACE_BOUND('',#2803,.T.);
#2803 = EDGE_LOOP('',(#2804,#2811,#2812,#2813));
#2804 = ORIENTED_EDGE('',*,*,#2805,.F.);
#2805 = EDGE_CURVE('',#2784,#2776,#2806,.T.);
#2806 = CIRCLE('',#2807,3.05);
#2807 = AXIS2_PLACEMENT_3D('',#2808,#2809,#2810);
#2808 = CARTESIAN_POINT('',(-257.6,-19.25,23.));
#2809 = DIRECTION('',(0.,0.,-1.));
#2810 = DIRECTION('',(1.,0.,0.));
#2811 = ORIENTED_EDGE('',*,*,#2791,.F.);
#2812 = ORIENTED_EDGE('',*,*,#1864,.T.);
#2813 = ORIENTED_EDGE('',*,*,#2775,.T.);
#2814 = CYLINDRICAL_SURFACE('',#2815,3.05);
#2815 = AXIS2_PLACEMENT_3D('',#2816,#2817,#2818);
#2816 = CARTESIAN_POINT('',(-257.6,-19.25,23.));
#2817 = DIRECTION('',(0.,0.,1.));
#2818 = DIRECTION('',(1.,0.,0.));
#2819 = ADVANCED_FACE('',(#2820),#2838,.F.);
#2820 = FACE_BOUND('',#2821,.F.);
#2821 = EDGE_LOOP('',(#2822,#2823,#2824,#2825,#2831,#2832));
#2822 = ORIENTED_EDGE('',*,*,#1847,.F.);
#2823 = ORIENTED_EDGE('',*,*,#2768,.T.);
#2824 = ORIENTED_EDGE('',*,*,#2080,.T.);
#2825 = ORIENTED_EDGE('',*,*,#2826,.F.);
#2826 = EDGE_CURVE('',#2048,#2083,#2827,.T.);
#2827 = LINE('',#2828,#2829);
#2828 = CARTESIAN_POINT('',(-254.5,-19.25,18.));
#2829 = VECTOR('',#2830,1.);
#2830 = DIRECTION('',(0.,0.,1.));
#2831 = ORIENTED_EDGE('',*,*,#2055,.F.);
#2832 = ORIENTED_EDGE('',*,*,#2833,.F.);
#2833 = EDGE_CURVE('',#1791,#2056,#2834,.T.);
#2834 = LINE('',#2835,#2836);
#2835 = CARTESIAN_POINT('',(-255.9987057413,-16.65416551046,23.));
#2836 = VECTOR('',#2837,1.);
#2837 = DIRECTION('',(0.,0.,1.));
#2838 = PLANE('',#2839);
#2839 = AXIS2_PLACEMENT_3D('',#2840,#2841,#2842);
#2840 = CARTESIAN_POINT('',(-256.0999999999,-16.47871870789,18.));
#2841 = DIRECTION('',(0.866025403785,0.499999999999,0.));
#2842 = DIRECTION('',(0.499999999999,-0.866025403785,0.));
#2843 = ADVANCED_FACE('',(#2844),#2849,.F.);
#2844 = FACE_BOUND('',#2845,.T.);
#2845 = EDGE_LOOP('',(#2846,#2847,#2848));
#2846 = ORIENTED_EDGE('',*,*,#2063,.F.);
#2847 = ORIENTED_EDGE('',*,*,#2833,.F.);
#2848 = ORIENTED_EDGE('',*,*,#1790,.T.);
#2849 = CYLINDRICAL_SURFACE('',#2850,3.05);
#2850 = AXIS2_PLACEMENT_3D('',#2851,#2852,#2853);
#2851 = CARTESIAN_POINT('',(-257.6,-19.25,23.));
#2852 = DIRECTION('',(0.,0.,1.));
#2853 = DIRECTION('',(1.,0.,0.));
#2854 = ADVANCED_FACE('',(#2855),#2866,.F.);
#2855 = FACE_BOUND('',#2856,.F.);
#2856 = EDGE_LOOP('',(#2857,#2858,#2859,#2860));
#2857 = ORIENTED_EDGE('',*,*,#2047,.F.);
#2858 = ORIENTED_EDGE('',*,*,#2826,.T.);
#2859 = ORIENTED_EDGE('',*,*,#2122,.T.);
#2860 = ORIENTED_EDGE('',*,*,#2861,.F.);
#2861 = EDGE_CURVE('',#2040,#2115,#2862,.T.);
#2862 = LINE('',#2863,#2864);
#2863 = CARTESIAN_POINT('',(-256.1,-22.02128129211,18.));
#2864 = VECTOR('',#2865,1.);
#2865 = DIRECTION('',(0.,0.,1.));
#2866 = PLANE('',#2867);
#2867 = AXIS2_PLACEMENT_3D('',#2868,#2869,#2870);
#2868 = CARTESIAN_POINT('',(-254.5,-19.25,18.));
#2869 = DIRECTION('',(0.866025403784,-0.500000000001,0.));
#2870 = DIRECTION('',(-0.500000000001,-0.866025403784,0.));
#2871 = ADVANCED_FACE('',(#2872),#2883,.F.);
#2872 = FACE_BOUND('',#2873,.F.);
#2873 = EDGE_LOOP('',(#2874,#2875,#2876,#2877));
#2874 = ORIENTED_EDGE('',*,*,#2039,.F.);
#2875 = ORIENTED_EDGE('',*,*,#2861,.T.);
#2876 = ORIENTED_EDGE('',*,*,#2114,.T.);
#2877 = ORIENTED_EDGE('',*,*,#2878,.F.);
#2878 = EDGE_CURVE('',#2032,#2107,#2879,.T.);
#2879 = LINE('',#2880,#2881);
#2880 = CARTESIAN_POINT('',(-259.3,-22.0212812921,18.));
#2881 = VECTOR('',#2882,1.);
#2882 = DIRECTION('',(0.,0.,1.));
#2883 = PLANE('',#2884);
#2884 = AXIS2_PLACEMENT_3D('',#2885,#2886,#2887);
#2885 = CARTESIAN_POINT('',(-256.1,-22.02128129211,18.));
#2886 = DIRECTION('',(-6.050715484207E-13,-1.,0.));
#2887 = DIRECTION('',(-1.,6.050715484207E-13,0.));
#2888 = ADVANCED_FACE('',(#2889),#2895,.F.);
#2889 = FACE_BOUND('',#2890,.F.);
#2890 = EDGE_LOOP('',(#2891,#2892,#2893,#2894));
#2891 = ORIENTED_EDGE('',*,*,#2031,.F.);
#2892 = ORIENTED_EDGE('',*,*,#2878,.T.);
#2893 = ORIENTED_EDGE('',*,*,#2106,.T.);
#2894 = ORIENTED_EDGE('',*,*,#2742,.F.);
#2895 = PLANE('',#2896);
#2896 = AXIS2_PLACEMENT_3D('',#2897,#2898,#2899);
#2897 = CARTESIAN_POINT('',(-259.3,-22.0212812921,18.));
#2898 = DIRECTION('',(-0.866025403785,-0.499999999999,0.));
#2899 = DIRECTION('',(-0.499999999999,0.866025403785,0.));
#2900 = ADVANCED_FACE('',(#2901),#3161,.T.);
#2901 = FACE_BOUND('',#2902,.F.);
#2902 = EDGE_LOOP('',(#2903,#2911,#2963,#2971,#2980,#3030,#3031,#3032,
    #3033,#3085,#3094,#3102,#3154,#3160));
#2903 = ORIENTED_EDGE('',*,*,#2904,.F.);
#2904 = EDGE_CURVE('',#2905,#2371,#2907,.T.);
#2905 = VERTEX_POINT('',#2906);
#2906 = CARTESIAN_POINT('',(-236.2737739197,-8.228718707894,
    22.024989371146));
#2907 = LINE('',#2908,#2909);
#2908 = CARTESIAN_POINT('',(-239.5718949163,-8.228718707906,
    22.024989340161));
#2909 = VECTOR('',#2910,1.);
#2910 = DIRECTION('',(-1.,-0.,-0.));
#2911 = ORIENTED_EDGE('',*,*,#2912,.T.);
#2912 = EDGE_CURVE('',#2905,#2913,#2915,.T.);
#2913 = VERTEX_POINT('',#2914);
#2914 = CARTESIAN_POINT('',(-233.7262261575,-8.228718707885,
    22.024989247934));
#2915 = B_SPLINE_CURVE_WITH_KNOTS('',6,(#2916,#2917,#2918,#2919,#2920,
    #2921,#2922,#2923,#2924,#2925,#2926,#2927,#2928,#2929,#2930,#2931,
    #2932,#2933,#2934,#2935,#2936,#2937,#2938,#2939,#2940,#2941,#2942,
    #2943,#2944,#2945,#2946,#2947,#2948,#2949,#2950,#2951,#2952,#2953,
    #2954,#2955,#2956,#2957,#2958,#2959,#2960,#2961,#2962),
  .UNSPECIFIED.,.F.,.F.,(7,5,5,5,5,5,5,5,5,7),(0.,0.207398861477,
    0.29069737668,0.339516518973,0.442789017702,0.520164825883,
    0.555263861743,0.60895360095,0.706627229324,1.),.UNSPECIFIED.);
#2916 = CARTESIAN_POINT('',(-236.5719985879,-8.386320517077,
    22.503576921902));
#2917 = CARTESIAN_POINT('',(-236.5004817653,-8.343306695023,
    22.359079099568));
#2918 = CARTESIAN_POINT('',(-236.420386618,-8.298331184083,
    22.218918268415));
#2919 = CARTESIAN_POINT('',(-236.3309869906,-8.252158622981,
    22.08467885648));
#2920 = CARTESIAN_POINT('',(-236.2315312738,-8.205819303158,
    21.958095255203));
#2921 = CARTESIAN_POINT('',(-236.1213467162,-8.160706464137,
    21.841183135118));
#2922 = CARTESIAN_POINT('',(-235.9512229734,-8.101666430586,
    21.69431423237));
#2923 = CARTESIAN_POINT('',(-235.9007061551,-8.085243868297,
    21.654217647425));
#2924 = CARTESIAN_POINT('',(-235.8484542265,-8.069449581416,
    21.616313644208));
#2925 = CARTESIAN_POINT('',(-235.7945151326,-8.054419768413,
    21.580796818748));
#2926 = CARTESIAN_POINT('',(-235.7389517179,-8.040289969594,
    21.547852776325));
#2927 = CARTESIAN_POINT('',(-235.6483713028,-8.019514491142,
    21.499962942417));
#2928 = CARTESIAN_POINT('',(-235.6143778363,-8.012193600126,
    21.4832158462));
#2929 = CARTESIAN_POINT('',(-235.5798839064,-8.005256607919,
    21.467456326956));
#2930 = CARTESIAN_POINT('',(-235.5449166511,-7.998730188647,
    21.452721131666));
#2931 = CARTESIAN_POINT('',(-235.5095079499,-7.992639702291,
    21.439044979283));
#2932 = CARTESIAN_POINT('',(-235.3979341346,-7.975098362957,
    21.399839356698));
#2933 = CARTESIAN_POINT('',(-235.3203165993,-7.965237708175,
    21.378086671236));
#2934 = CARTESIAN_POINT('',(-235.2412491695,-7.957666310089,
    21.361539742572));
#2935 = CARTESIAN_POINT('',(-235.1611857399,-7.952556104147,
    21.350426898656));
#2936 = CARTESIAN_POINT('',(-235.0806068855,-7.95,21.344866623501));
#2937 = CARTESIAN_POINT('',(-234.9396061585,-7.95,21.344866623501));
#2938 = CARTESIAN_POINT('',(-234.8792177123,-7.951435045179,
    21.347988015446));
#2939 = CARTESIAN_POINT('',(-234.8190470995,-7.954304672232,
    21.354229138311));
#2940 = CARTESIAN_POINT('',(-234.7593005536,-7.958579780214,
    21.363552209936));
#2941 = CARTESIAN_POINT('',(-234.7001776826,-7.964204590385,
    21.375882916614));
#2942 = CARTESIAN_POINT('',(-234.6154221278,-7.974225853542,
    21.398017278382));
#2943 = CARTESIAN_POINT('',(-234.5891384588,-7.977614615521,
    21.405521256041));
#2944 = CARTESIAN_POINT('',(-234.5630363021,-7.981257598447,
    21.413612079259));
#2945 = CARTESIAN_POINT('',(-234.5371307358,-7.985146844412,
    21.422278951167));
#2946 = CARTESIAN_POINT('',(-234.5114356554,-7.989273731129,
    21.431510134424));
#2947 = CARTESIAN_POINT('',(-234.4470003485,-8.00029102795,
    21.456257376007));
#2948 = CARTESIAN_POINT('',(-234.408563726,-8.007486814756,
    21.472510869274));
#2949 = CARTESIAN_POINT('',(-234.3706933317,-8.015183837951,
    21.490010177825));
#2950 = CARTESIAN_POINT('',(-234.3334254123,-8.023347477215,
    21.508708037343));
#2951 = CARTESIAN_POINT('',(-234.2967930364,-8.031940986312,
    21.528553172389));
#2952 = CARTESIAN_POINT('',(-234.1953941931,-8.057270317796,
    21.587579601743));
#2953 = CARTESIAN_POINT('',(-234.1321918875,-8.074902746252,
    21.629266841546));
#2954 = CARTESIAN_POINT('',(-234.0713066927,-8.093611082821,
    21.674265355567));
#2955 = CARTESIAN_POINT('',(-234.0128013518,-8.113181734823,
    21.722281014419));
#2956 = CARTESIAN_POINT('',(-233.9567143441,-8.133405945503,
    21.773010946831));
#2957 = CARTESIAN_POINT('',(-233.7419052371,-8.216202776787,
    21.985727641535));
#2958 = CARTESIAN_POINT('',(-233.6031376139,-8.282268688228,
    22.166544724575));
#2959 = CARTESIAN_POINT('',(-233.4846561938,-8.347770191726,
    22.362173801032));
#2960 = CARTESIAN_POINT('',(-233.3838857741,-8.409934128679,
    22.568347079981));
#2961 = CARTESIAN_POINT('',(-233.2985974372,-8.467116321754,
    22.781733158355));
#2962 = CARTESIAN_POINT('',(-233.2268741129,-8.5183625187,23.));
#2963 = ORIENTED_EDGE('',*,*,#2964,.F.);
#2964 = EDGE_CURVE('',#2965,#2913,#2967,.T.);
#2965 = VERTEX_POINT('',#2966);
#2966 = CARTESIAN_POINT('',(-233.4,-8.228718707884,22.0249893401));
#2967 = LINE('',#2968,#2969);
#2968 = CARTESIAN_POINT('',(-239.5718949163,-8.228718707906,
    22.024989340161));
#2969 = VECTOR('',#2970,1.);
#2970 = DIRECTION('',(-1.,-0.,-0.));
#2971 = ORIENTED_EDGE('',*,*,#2972,.F.);
#2972 = EDGE_CURVE('',#2973,#2965,#2975,.T.);
#2973 = VERTEX_POINT('',#2974);
#2974 = CARTESIAN_POINT('',(-233.2368869677,-8.511238767172,
    22.969897893797));
#2975 = ELLIPSE('',#2976,10.103629710839,8.75);
#2976 = AXIS2_PLACEMENT_3D('',#2977,#2978,#2979);
#2977 = CARTESIAN_POINT('',(-238.1508529611,0.,25.));
#2978 = DIRECTION('',(0.866025403783,0.500000000003,-0.));
#2979 = DIRECTION('',(-0.500000000003,0.866025403783,0.));
#2980 = ORIENTED_EDGE('',*,*,#2981,.T.);
#2981 = EDGE_CURVE('',#2973,#2255,#2982,.T.);
#2982 = B_SPLINE_CURVE_WITH_KNOTS('',6,(#2983,#2984,#2985,#2986,#2987,
    #2988,#2989,#2990,#2991,#2992,#2993,#2994,#2995,#2996,#2997,#2998,
    #2999,#3000,#3001,#3002,#3003,#3004,#3005,#3006,#3007,#3008,#3009,
    #3010,#3011,#3012,#3013,#3014,#3015,#3016,#3017,#3018,#3019,#3020,
    #3021,#3022,#3023,#3024,#3025,#3026,#3027,#3028,#3029),
  .UNSPECIFIED.,.F.,.F.,(7,5,5,5,5,5,5,5,5,7),(0.,0.207398861477,
    0.29069737668,0.339516518973,0.442789017702,0.520164825883,
    0.555263861743,0.60895360095,0.706627229324,1.),.UNSPECIFIED.);
#2983 = CARTESIAN_POINT('',(-236.5719985879,-8.386320517077,
    22.503576921902));
#2984 = CARTESIAN_POINT('',(-236.5004817653,-8.343306695023,
    22.359079099568));
#2985 = CARTESIAN_POINT('',(-236.420386618,-8.298331184083,
    22.218918268415));
#2986 = CARTESIAN_POINT('',(-236.3309869906,-8.252158622981,
    22.08467885648));
#2987 = CARTESIAN_POINT('',(-236.2315312738,-8.205819303158,
    21.958095255203));
#2988 = CARTESIAN_POINT('',(-236.1213467162,-8.160706464137,
    21.841183135118));
#2989 = CARTESIAN_POINT('',(-235.9512229734,-8.101666430586,
    21.69431423237));
#2990 = CARTESIAN_POINT('',(-235.9007061551,-8.085243868297,
    21.654217647425));
#2991 = CARTESIAN_POINT('',(-235.8484542265,-8.069449581416,
    21.616313644208));
#2992 = CARTESIAN_POINT('',(-235.7945151326,-8.054419768413,
    21.580796818748));
#2993 = CARTESIAN_POINT('',(-235.7389517179,-8.040289969594,
    21.547852776325));
#2994 = CARTESIAN_POINT('',(-235.6483713028,-8.019514491142,
    21.499962942417));
#2995 = CARTESIAN_POINT('',(-235.6143778363,-8.012193600126,
    21.4832158462));
#2996 = CARTESIAN_POINT('',(-235.5798839064,-8.005256607919,
    21.467456326956));
#2997 = CARTESIAN_POINT('',(-235.5449166511,-7.998730188647,
    21.452721131666));
#2998 = CARTESIAN_POINT('',(-235.5095079499,-7.992639702291,
    21.439044979283));
#2999 = CARTESIAN_POINT('',(-235.3979341346,-7.975098362957,
    21.399839356698));
#3000 = CARTESIAN_POINT('',(-235.3203165993,-7.965237708175,
    21.378086671236));
#3001 = CARTESIAN_POINT('',(-235.2412491695,-7.957666310089,
    21.361539742572));
#3002 = CARTESIAN_POINT('',(-235.1611857399,-7.952556104147,
    21.350426898656));
#3003 = CARTESIAN_POINT('',(-235.0806068855,-7.95,21.344866623501));
#3004 = CARTESIAN_POINT('',(-234.9396061585,-7.95,21.344866623501));
#3005 = CARTESIAN_POINT('',(-234.8792177123,-7.951435045179,
    21.347988015446));
#3006 = CARTESIAN_POINT('',(-234.8190470995,-7.954304672232,
    21.354229138311));
#3007 = CARTESIAN_POINT('',(-234.7593005536,-7.958579780214,
    21.363552209936));
#3008 = CARTESIAN_POINT('',(-234.7001776826,-7.964204590385,
    21.375882916614));
#3009 = CARTESIAN_POINT('',(-234.6154221278,-7.974225853542,
    21.398017278382));
#3010 = CARTESIAN_POINT('',(-234.5891384588,-7.977614615521,
    21.405521256041));
#3011 = CARTESIAN_POINT('',(-234.5630363021,-7.981257598447,
    21.413612079259));
#3012 = CARTESIAN_POINT('',(-234.5371307358,-7.985146844412,
    21.422278951167));
#3013 = CARTESIAN_POINT('',(-234.5114356554,-7.989273731129,
    21.431510134424));
#3014 = CARTESIAN_POINT('',(-234.4470003485,-8.00029102795,
    21.456257376007));
#3015 = CARTESIAN_POINT('',(-234.408563726,-8.007486814756,
    21.472510869274));
#3016 = CARTESIAN_POINT('',(-234.3706933317,-8.015183837951,
    21.490010177825));
#3017 = CARTESIAN_POINT('',(-234.3334254123,-8.023347477215,
    21.508708037343));
#3018 = CARTESIAN_POINT('',(-234.2967930364,-8.031940986312,
    21.528553172389));
#3019 = CARTESIAN_POINT('',(-234.1953941931,-8.057270317796,
    21.587579601743));
#3020 = CARTESIAN_POINT('',(-234.1321918875,-8.074902746252,
    21.629266841546));
#3021 = CARTESIAN_POINT('',(-234.0713066927,-8.093611082821,
    21.674265355567));
#3022 = CARTESIAN_POINT('',(-234.0128013518,-8.113181734823,
    21.722281014419));
#3023 = CARTESIAN_POINT('',(-233.9567143441,-8.133405945503,
    21.773010946831));
#3024 = CARTESIAN_POINT('',(-233.7419052371,-8.216202776787,
    21.985727641535));
#3025 = CARTESIAN_POINT('',(-233.6031376139,-8.282268688228,
    22.166544724575));
#3026 = CARTESIAN_POINT('',(-233.4846561938,-8.347770191726,
    22.362173801032));
#3027 = CARTESIAN_POINT('',(-233.3838857741,-8.409934128679,
    22.568347079981));
#3028 = CARTESIAN_POINT('',(-233.2985974372,-8.467116321754,
    22.781733158355));
#3029 = CARTESIAN_POINT('',(-233.2268741129,-8.5183625187,23.));
#3030 = ORIENTED_EDGE('',*,*,#2263,.T.);
#3031 = ORIENTED_EDGE('',*,*,#2593,.T.);
#3032 = ORIENTED_EDGE('',*,*,#2477,.F.);
#3033 = ORIENTED_EDGE('',*,*,#3034,.T.);
#3034 = EDGE_CURVE('',#2478,#3035,#3037,.T.);
#3035 = VERTEX_POINT('',#3036);
#3036 = CARTESIAN_POINT('',(-233.2368869679,8.511238766792,
    22.969897892959));
#3037 = B_SPLINE_CURVE_WITH_KNOTS('',6,(#3038,#3039,#3040,#3041,#3042,
    #3043,#3044,#3045,#3046,#3047,#3048,#3049,#3050,#3051,#3052,#3053,
    #3054,#3055,#3056,#3057,#3058,#3059,#3060,#3061,#3062,#3063,#3064,
    #3065,#3066,#3067,#3068,#3069,#3070,#3071,#3072,#3073,#3074,#3075,
    #3076,#3077,#3078,#3079,#3080,#3081,#3082,#3083,#3084),
  .UNSPECIFIED.,.F.,.F.,(7,5,5,5,5,5,5,5,5,7),(0.,0.295000836573,
    0.391167485544,0.444931837095,0.480061573219,0.557212372586,
    0.660467213145,0.709209590638,0.792285462797,1.),.UNSPECIFIED.);
#3038 = CARTESIAN_POINT('',(-233.2268741129,8.5183625187,23.));
#3039 = CARTESIAN_POINT('',(-233.2989921965,8.46683426692,22.78053183569
    ));
#3040 = CARTESIAN_POINT('',(-233.3848297636,8.409301075892,
    22.565983855841));
#3041 = CARTESIAN_POINT('',(-233.4863360034,8.346733977527,
    22.358737688255));
#3042 = CARTESIAN_POINT('',(-233.6057758493,8.280811109846,
    22.162196487499));
#3043 = CARTESIAN_POINT('',(-233.7457656679,8.214368951973,
    21.980714415186));
#3044 = CARTESIAN_POINT('',(-233.9614471571,8.131702142621,
    21.768738778342));
#3045 = CARTESIAN_POINT('',(-234.0168306411,8.111833346304,
    21.718971769839));
#3046 = CARTESIAN_POINT('',(-234.074557632,8.09260810264,21.671850237892
    ));
#3047 = CARTESIAN_POINT('',(-234.1345899169,8.074226158883,
    21.627663786372));
#3048 = CARTESIAN_POINT('',(-234.1968663243,8.056891606359,
    21.586693517416));
#3049 = CARTESIAN_POINT('',(-234.29732677,8.031813859217,21.528258926361
    ));
#3050 = CARTESIAN_POINT('',(-234.3340183645,8.023213546688,
    21.508400131633));
#3051 = CARTESIAN_POINT('',(-234.3713469856,8.015044686081,
    21.489692347924));
#3052 = CARTESIAN_POINT('',(-234.4092793703,8.007344170008,
    21.472187051488));
#3053 = CARTESIAN_POINT('',(-234.4477790519,8.000146747961,
    21.455931680623));
#3054 = CARTESIAN_POINT('',(-234.5123068807,7.989132243898,
    21.431193405225));
#3055 = CARTESIAN_POINT('',(-234.5380307164,7.985008421553,
    21.421970059455));
#3056 = CARTESIAN_POINT('',(-234.563965098,7.981122862557,
    21.413312298063));
#3057 = CARTESIAN_POINT('',(-234.5900960716,7.97748420144,21.40523187438
    ));
#3058 = CARTESIAN_POINT('',(-234.616408498,7.974100403986,
    21.397739595369));
#3059 = CARTESIAN_POINT('',(-234.7010352084,7.964123128735,
    21.375704338841));
#3060 = CARTESIAN_POINT('',(-234.7599937693,7.958530250128,
    21.36344419848));
#3061 = CARTESIAN_POINT('',(-234.819570717,7.954279734792,
    21.354174902924));
#3062 = CARTESIAN_POINT('',(-234.8795680881,7.95142672994,
    21.347969927347));
#3063 = CARTESIAN_POINT('',(-234.9397813874,7.95,21.344866623501));
#3064 = CARTESIAN_POINT('',(-235.0805936333,7.95,21.344866623501));
#3065 = CARTESIAN_POINT('',(-235.1611592248,7.952555263873,
    21.350425070476));
#3066 = CARTESIAN_POINT('',(-235.2412096375,7.957663787413,
    21.361534256916));
#3067 = CARTESIAN_POINT('',(-235.3202645383,7.965232723219,
    21.378075777356));
#3068 = CARTESIAN_POINT('',(-235.3978702452,7.975090247682,
    21.399821453897));
#3069 = CARTESIAN_POINT('',(-235.5093777268,7.992618319655,
    21.438997077356));
#3070 = CARTESIAN_POINT('',(-235.5447323729,7.998697782766,
    21.452648254334));
#3071 = CARTESIAN_POINT('',(-235.5796470574,8.00521188793,21.46735526005
    ));
#3072 = CARTESIAN_POINT('',(-235.6140900378,8.012135398013,
    21.483083544222));
#3073 = CARTESIAN_POINT('',(-235.6480342836,8.019441768106,
    21.49979653889));
#3074 = CARTESIAN_POINT('',(-235.7384235309,8.040161097224,
    21.547553631298));
#3075 = CARTESIAN_POINT('',(-235.7938520339,8.054245317819,
    21.580387978228));
#3076 = CARTESIAN_POINT('',(-235.8476654702,8.069225747266,
    21.615782790053));
#3077 = CARTESIAN_POINT('',(-235.899801264,8.0849679091,21.653553918779)
  );
#3078 = CARTESIAN_POINT('',(-235.9502115999,8.101336641704,
    21.693508276555));
#3079 = CARTESIAN_POINT('',(-236.1205069065,8.160362844819,
    21.840292827057));
#3080 = CARTESIAN_POINT('',(-236.2309240553,8.205536504546,
    21.957322959624));
#3081 = CARTESIAN_POINT('',(-236.3305774992,8.251947131091,
    22.084064053858));
#3082 = CARTESIAN_POINT('',(-236.4201424107,8.298194025961,
    22.218490722889));
#3083 = CARTESIAN_POINT('',(-236.5003731388,8.343241361557,
    22.358859622593));
#3084 = CARTESIAN_POINT('',(-236.5719985879,8.386320517077,
    22.503576921902));
#3085 = ORIENTED_EDGE('',*,*,#3086,.F.);
#3086 = EDGE_CURVE('',#3087,#3035,#3089,.T.);
#3087 = VERTEX_POINT('',#3088);
#3088 = CARTESIAN_POINT('',(-233.4,8.22871870789,22.024989340116));
#3089 = ELLIPSE('',#3090,10.103629710818,8.75);
#3090 = AXIS2_PLACEMENT_3D('',#3091,#3092,#3093);
#3091 = CARTESIAN_POINT('',(-238.150852961,0.,25.));
#3092 = DIRECTION('',(0.866025403784,-0.5,0.));
#3093 = DIRECTION('',(-0.5,-0.866025403784,0.));
#3094 = ORIENTED_EDGE('',*,*,#3095,.T.);
#3095 = EDGE_CURVE('',#3087,#3096,#3098,.T.);
#3096 = VERTEX_POINT('',#3097);
#3097 = CARTESIAN_POINT('',(-233.7262261508,8.22871870789,
    22.024989257758));
#3098 = LINE('',#3099,#3100);
#3099 = CARTESIAN_POINT('',(-239.5718949164,8.22871870789,
    22.024989340116));
#3100 = VECTOR('',#3101,1.);
#3101 = DIRECTION('',(-1.,-0.,-0.));
#3102 = ORIENTED_EDGE('',*,*,#3103,.T.);
#3103 = EDGE_CURVE('',#3096,#3104,#3106,.T.);
#3104 = VERTEX_POINT('',#3105);
#3105 = CARTESIAN_POINT('',(-236.2737739198,8.22871870789,
    22.024989371813));
#3106 = B_SPLINE_CURVE_WITH_KNOTS('',6,(#3107,#3108,#3109,#3110,#3111,
    #3112,#3113,#3114,#3115,#3116,#3117,#3118,#3119,#3120,#3121,#3122,
    #3123,#3124,#3125,#3126,#3127,#3128,#3129,#3130,#3131,#3132,#3133,
    #3134,#3135,#3136,#3137,#3138,#3139,#3140,#3141,#3142,#3143,#3144,
    #3145,#3146,#3147,#3148,#3149,#3150,#3151,#3152,#3153),
  .UNSPECIFIED.,.F.,.F.,(7,5,5,5,5,5,5,5,5,7),(0.,0.295000836573,
    0.391167485544,0.444931837095,0.480061573219,0.557212372586,
    0.660467213145,0.709209590638,0.792285462797,1.),.UNSPECIFIED.);
#3107 = CARTESIAN_POINT('',(-233.2268741129,8.5183625187,23.));
#3108 = CARTESIAN_POINT('',(-233.2989921965,8.46683426692,22.78053183569
    ));
#3109 = CARTESIAN_POINT('',(-233.3848297636,8.409301075892,
    22.565983855841));
#3110 = CARTESIAN_POINT('',(-233.4863360034,8.346733977527,
    22.358737688255));
#3111 = CARTESIAN_POINT('',(-233.6057758493,8.280811109846,
    22.162196487499));
#3112 = CARTESIAN_POINT('',(-233.7457656679,8.214368951973,
    21.980714415186));
#3113 = CARTESIAN_POINT('',(-233.9614471571,8.131702142621,
    21.768738778342));
#3114 = CARTESIAN_POINT('',(-234.0168306411,8.111833346304,
    21.718971769839));
#3115 = CARTESIAN_POINT('',(-234.074557632,8.09260810264,21.671850237892
    ));
#3116 = CARTESIAN_POINT('',(-234.1345899169,8.074226158883,
    21.627663786372));
#3117 = CARTESIAN_POINT('',(-234.1968663243,8.056891606359,
    21.586693517416));
#3118 = CARTESIAN_POINT('',(-234.29732677,8.031813859217,21.528258926361
    ));
#3119 = CARTESIAN_POINT('',(-234.3340183645,8.023213546688,
    21.508400131633));
#3120 = CARTESIAN_POINT('',(-234.3713469856,8.015044686081,
    21.489692347924));
#3121 = CARTESIAN_POINT('',(-234.4092793703,8.007344170008,
    21.472187051488));
#3122 = CARTESIAN_POINT('',(-234.4477790519,8.000146747961,
    21.455931680623));
#3123 = CARTESIAN_POINT('',(-234.5123068807,7.989132243898,
    21.431193405225));
#3124 = CARTESIAN_POINT('',(-234.5380307164,7.985008421553,
    21.421970059455));
#3125 = CARTESIAN_POINT('',(-234.563965098,7.981122862557,
    21.413312298063));
#3126 = CARTESIAN_POINT('',(-234.5900960716,7.97748420144,21.40523187438
    ));
#3127 = CARTESIAN_POINT('',(-234.616408498,7.974100403986,
    21.397739595369));
#3128 = CARTESIAN_POINT('',(-234.7010352084,7.964123128735,
    21.375704338841));
#3129 = CARTESIAN_POINT('',(-234.7599937693,7.958530250128,
    21.36344419848));
#3130 = CARTESIAN_POINT('',(-234.819570717,7.954279734792,
    21.354174902924));
#3131 = CARTESIAN_POINT('',(-234.8795680881,7.95142672994,
    21.347969927347));
#3132 = CARTESIAN_POINT('',(-234.9397813874,7.95,21.344866623501));
#3133 = CARTESIAN_POINT('',(-235.0805936333,7.95,21.344866623501));
#3134 = CARTESIAN_POINT('',(-235.1611592248,7.952555263873,
    21.350425070476));
#3135 = CARTESIAN_POINT('',(-235.2412096375,7.957663787413,
    21.361534256916));
#3136 = CARTESIAN_POINT('',(-235.3202645383,7.965232723219,
    21.378075777356));
#3137 = CARTESIAN_POINT('',(-235.3978702452,7.975090247682,
    21.399821453897));
#3138 = CARTESIAN_POINT('',(-235.5093777268,7.992618319655,
    21.438997077356));
#3139 = CARTESIAN_POINT('',(-235.5447323729,7.998697782766,
    21.452648254334));
#3140 = CARTESIAN_POINT('',(-235.5796470574,8.00521188793,21.46735526005
    ));
#3141 = CARTESIAN_POINT('',(-235.6140900378,8.012135398013,
    21.483083544222));
#3142 = CARTESIAN_POINT('',(-235.6480342836,8.019441768106,
    21.49979653889));
#3143 = CARTESIAN_POINT('',(-235.7384235309,8.040161097224,
    21.547553631298));
#3144 = CARTESIAN_POINT('',(-235.7938520339,8.054245317819,
    21.580387978228));
#3145 = CARTESIAN_POINT('',(-235.8476654702,8.069225747266,
    21.615782790053));
#3146 = CARTESIAN_POINT('',(-235.899801264,8.0849679091,21.653553918779)
  );
#3147 = CARTESIAN_POINT('',(-235.9502115999,8.101336641704,
    21.693508276555));
#3148 = CARTESIAN_POINT('',(-236.1205069065,8.160362844819,
    21.840292827057));
#3149 = CARTESIAN_POINT('',(-236.2309240553,8.205536504546,
    21.957322959624));
#3150 = CARTESIAN_POINT('',(-236.3305774992,8.251947131091,
    22.084064053858));
#3151 = CARTESIAN_POINT('',(-236.4201424107,8.298194025961,
    22.218490722889));
#3152 = CARTESIAN_POINT('',(-236.5003731388,8.343241361557,
    22.358859622593));
#3153 = CARTESIAN_POINT('',(-236.5719985879,8.386320517077,
    22.503576921902));
#3154 = ORIENTED_EDGE('',*,*,#3155,.T.);
#3155 = EDGE_CURVE('',#3104,#2360,#3156,.T.);
#3156 = LINE('',#3157,#3158);
#3157 = CARTESIAN_POINT('',(-239.5718949164,8.22871870789,
    22.024989340116));
#3158 = VECTOR('',#3159,1.);
#3159 = DIRECTION('',(-1.,-0.,-0.));
#3160 = ORIENTED_EDGE('',*,*,#2370,.F.);
#3161 = CYLINDRICAL_SURFACE('',#3162,8.75);
#3162 = AXIS2_PLACEMENT_3D('',#3163,#3164,#3165);
#3163 = CARTESIAN_POINT('',(-239.5718949164,0.,25.));
#3164 = DIRECTION('',(-1.,-0.,-0.));
#3165 = DIRECTION('',(0.,1.,0.));
#3166 = ADVANCED_FACE('',(#3167),#3177,.F.);
#3167 = FACE_BOUND('',#3168,.T.);
#3168 = EDGE_LOOP('',(#3169,#3170,#3176));
#3169 = ORIENTED_EDGE('',*,*,#2254,.F.);
#3170 = ORIENTED_EDGE('',*,*,#3171,.F.);
#3171 = EDGE_CURVE('',#2973,#2247,#3172,.T.);
#3172 = LINE('',#3173,#3174);
#3173 = CARTESIAN_POINT('',(-233.2368869601,-8.511238780293,23.));
#3174 = VECTOR('',#3175,1.);
#3175 = DIRECTION('',(0.,0.,1.));
#3176 = ORIENTED_EDGE('',*,*,#2981,.T.);
#3177 = CYLINDRICAL_SURFACE('',#3178,3.05);
#3178 = AXIS2_PLACEMENT_3D('',#3179,#3180,#3181);
#3179 = CARTESIAN_POINT('',(-235.,-11.,23.));
#3180 = DIRECTION('',(0.,0.,1.));
#3181 = DIRECTION('',(1.,0.,0.));
#3182 = ADVANCED_FACE('',(#3183),#3210,.F.);
#3183 = FACE_BOUND('',#3184,.F.);
#3184 = EDGE_LOOP('',(#3185,#3186,#3194,#3202,#3208,#3209));
#3185 = ORIENTED_EDGE('',*,*,#2972,.T.);
#3186 = ORIENTED_EDGE('',*,*,#3187,.T.);
#3187 = EDGE_CURVE('',#2965,#3188,#3190,.T.);
#3188 = VERTEX_POINT('',#3189);
#3189 = CARTESIAN_POINT('',(-233.4,-8.228718707884,23.5));
#3190 = LINE('',#3191,#3192);
#3191 = CARTESIAN_POINT('',(-233.4,-8.228718707884,18.));
#3192 = VECTOR('',#3193,1.);
#3193 = DIRECTION('',(0.,0.,1.));
#3194 = ORIENTED_EDGE('',*,*,#3195,.T.);
#3195 = EDGE_CURVE('',#3188,#3196,#3198,.T.);
#3196 = VERTEX_POINT('',#3197);
#3197 = CARTESIAN_POINT('',(-231.8,-10.99999999998,23.5));
#3198 = LINE('',#3199,#3200);
#3199 = CARTESIAN_POINT('',(-233.4,-8.228718707884,23.5));
#3200 = VECTOR('',#3201,1.);
#3201 = DIRECTION('',(0.500000000003,-0.866025403783,0.));
#3202 = ORIENTED_EDGE('',*,*,#3203,.F.);
#3203 = EDGE_CURVE('',#2239,#3196,#3204,.T.);
#3204 = LINE('',#3205,#3206);
#3205 = CARTESIAN_POINT('',(-231.8,-10.99999999998,18.));
#3206 = VECTOR('',#3207,1.);
#3207 = DIRECTION('',(0.,0.,1.));
#3208 = ORIENTED_EDGE('',*,*,#2246,.F.);
#3209 = ORIENTED_EDGE('',*,*,#3171,.F.);
#3210 = PLANE('',#3211);
#3211 = AXIS2_PLACEMENT_3D('',#3212,#3213,#3214);
#3212 = CARTESIAN_POINT('',(-233.4,-8.228718707884,18.));
#3213 = DIRECTION('',(0.866025403783,0.500000000003,0.));
#3214 = DIRECTION('',(0.500000000003,-0.866025403783,0.));
#3215 = ADVANCED_FACE('',(#3216),#3234,.F.);
#3216 = FACE_BOUND('',#3217,.F.);
#3217 = EDGE_LOOP('',(#3218,#3219,#3220,#3228));
#3218 = ORIENTED_EDGE('',*,*,#2238,.F.);
#3219 = ORIENTED_EDGE('',*,*,#3203,.T.);
#3220 = ORIENTED_EDGE('',*,*,#3221,.T.);
#3221 = EDGE_CURVE('',#3196,#3222,#3224,.T.);
#3222 = VERTEX_POINT('',#3223);
#3223 = CARTESIAN_POINT('',(-233.3999999999,-13.7712812921,23.5));
#3224 = LINE('',#3225,#3226);
#3225 = CARTESIAN_POINT('',(-231.8,-10.99999999998,23.5));
#3226 = VECTOR('',#3227,1.);
#3227 = DIRECTION('',(-0.499999999997,-0.866025403786,0.));
#3228 = ORIENTED_EDGE('',*,*,#3229,.F.);
#3229 = EDGE_CURVE('',#2231,#3222,#3230,.T.);
#3230 = LINE('',#3231,#3232);
#3231 = CARTESIAN_POINT('',(-233.3999999999,-13.7712812921,18.));
#3232 = VECTOR('',#3233,1.);
#3233 = DIRECTION('',(0.,0.,1.));
#3234 = PLANE('',#3235);
#3235 = AXIS2_PLACEMENT_3D('',#3236,#3237,#3238);
#3236 = CARTESIAN_POINT('',(-231.8,-10.99999999998,18.));
#3237 = DIRECTION('',(0.866025403786,-0.499999999997,0.));
#3238 = DIRECTION('',(-0.499999999997,-0.866025403786,0.));
#3239 = ADVANCED_FACE('',(#3240),#3258,.F.);
#3240 = FACE_BOUND('',#3241,.F.);
#3241 = EDGE_LOOP('',(#3242,#3243,#3244,#3252));
#3242 = ORIENTED_EDGE('',*,*,#2230,.F.);
#3243 = ORIENTED_EDGE('',*,*,#3229,.T.);
#3244 = ORIENTED_EDGE('',*,*,#3245,.T.);
#3245 = EDGE_CURVE('',#3222,#3246,#3248,.T.);
#3246 = VERTEX_POINT('',#3247);
#3247 = CARTESIAN_POINT('',(-236.5999999999,-13.77128129211,23.5));
#3248 = LINE('',#3249,#3250);
#3249 = CARTESIAN_POINT('',(-233.3999999999,-13.7712812921,23.5));
#3250 = VECTOR('',#3251,1.);
#3251 = DIRECTION('',(-1.,-3.606004383982E-12,0.));
#3252 = ORIENTED_EDGE('',*,*,#3253,.F.);
#3253 = EDGE_CURVE('',#2223,#3246,#3254,.T.);
#3254 = LINE('',#3255,#3256);
#3255 = CARTESIAN_POINT('',(-236.5999999999,-13.77128129211,18.));
#3256 = VECTOR('',#3257,1.);
#3257 = DIRECTION('',(0.,0.,1.));
#3258 = PLANE('',#3259);
#3259 = AXIS2_PLACEMENT_3D('',#3260,#3261,#3262);
#3260 = CARTESIAN_POINT('',(-233.3999999999,-13.7712812921,18.));
#3261 = DIRECTION('',(3.606004383982E-12,-1.,0.));
#3262 = DIRECTION('',(-1.,-3.606004383982E-12,0.));
#3263 = ADVANCED_FACE('',(#3264),#3282,.F.);
#3264 = FACE_BOUND('',#3265,.F.);
#3265 = EDGE_LOOP('',(#3266,#3267,#3268,#3276));
#3266 = ORIENTED_EDGE('',*,*,#2222,.F.);
#3267 = ORIENTED_EDGE('',*,*,#3253,.T.);
#3268 = ORIENTED_EDGE('',*,*,#3269,.T.);
#3269 = EDGE_CURVE('',#3246,#3270,#3272,.T.);
#3270 = VERTEX_POINT('',#3271);
#3271 = CARTESIAN_POINT('',(-238.2,-11.00000000001,23.5));
#3272 = LINE('',#3273,#3274);
#3273 = CARTESIAN_POINT('',(-236.5999999999,-13.77128129211,23.5));
#3274 = VECTOR('',#3275,1.);
#3275 = DIRECTION('',(-0.500000000003,0.866025403783,-0.));
#3276 = ORIENTED_EDGE('',*,*,#3277,.F.);
#3277 = EDGE_CURVE('',#2215,#3270,#3278,.T.);
#3278 = LINE('',#3279,#3280);
#3279 = CARTESIAN_POINT('',(-238.2,-11.00000000001,18.));
#3280 = VECTOR('',#3281,1.);
#3281 = DIRECTION('',(0.,0.,1.));
#3282 = PLANE('',#3283);
#3283 = AXIS2_PLACEMENT_3D('',#3284,#3285,#3286);
#3284 = CARTESIAN_POINT('',(-236.5999999999,-13.77128129211,18.));
#3285 = DIRECTION('',(-0.866025403783,-0.500000000003,0.));
#3286 = DIRECTION('',(-0.500000000003,0.866025403783,0.));
#3287 = ADVANCED_FACE('',(#3288),#3313,.F.);
#3288 = FACE_BOUND('',#3289,.F.);
#3289 = EDGE_LOOP('',(#3290,#3291,#3292,#3300,#3306,#3307));
#3290 = ORIENTED_EDGE('',*,*,#2214,.F.);
#3291 = ORIENTED_EDGE('',*,*,#3277,.T.);
#3292 = ORIENTED_EDGE('',*,*,#3293,.T.);
#3293 = EDGE_CURVE('',#3270,#3294,#3296,.T.);
#3294 = VERTEX_POINT('',#3295);
#3295 = CARTESIAN_POINT('',(-236.6,-8.228718707896,23.5));
#3296 = LINE('',#3297,#3298);
#3297 = CARTESIAN_POINT('',(-238.2,-11.00000000001,23.5));
#3298 = VECTOR('',#3299,1.);
#3299 = DIRECTION('',(0.499999999997,0.866025403786,0.));
#3300 = ORIENTED_EDGE('',*,*,#3301,.F.);
#3301 = EDGE_CURVE('',#2380,#3294,#3302,.T.);
#3302 = LINE('',#3303,#3304);
#3303 = CARTESIAN_POINT('',(-236.6,-8.228718707896,18.));
#3304 = VECTOR('',#3305,1.);
#3305 = DIRECTION('',(0.,0.,1.));
#3306 = ORIENTED_EDGE('',*,*,#2390,.T.);
#3307 = ORIENTED_EDGE('',*,*,#3308,.T.);
#3308 = EDGE_CURVE('',#2391,#2206,#3309,.T.);
#3309 = LINE('',#3310,#3311);
#3310 = CARTESIAN_POINT('',(-236.7631130398,-8.511238780306,23.));
#3311 = VECTOR('',#3312,1.);
#3312 = DIRECTION('',(0.,0.,1.));
#3313 = PLANE('',#3314);
#3314 = AXIS2_PLACEMENT_3D('',#3315,#3316,#3317);
#3315 = CARTESIAN_POINT('',(-238.2,-11.00000000001,18.));
#3316 = DIRECTION('',(-0.866025403786,0.499999999997,0.));
#3317 = DIRECTION('',(0.499999999997,0.866025403786,0.));
#3318 = ADVANCED_FACE('',(#3319),#3324,.F.);
#3319 = FACE_BOUND('',#3320,.T.);
#3320 = EDGE_LOOP('',(#3321,#3322,#3323));
#3321 = ORIENTED_EDGE('',*,*,#2205,.F.);
#3322 = ORIENTED_EDGE('',*,*,#2402,.F.);
#3323 = ORIENTED_EDGE('',*,*,#3308,.T.);
#3324 = CYLINDRICAL_SURFACE('',#3325,3.05);
#3325 = AXIS2_PLACEMENT_3D('',#3326,#3327,#3328);
#3326 = CARTESIAN_POINT('',(-235.,-11.,23.));
#3327 = DIRECTION('',(0.,0.,1.));
#3328 = DIRECTION('',(1.,0.,0.));
#3329 = ADVANCED_FACE('',(#3330),#3365,.F.);
#3330 = FACE_BOUND('',#3331,.F.);
#3331 = EDGE_LOOP('',(#3332,#3333,#3334,#3340,#3341,#3342,#3350,#3358,
    #3364));
#3332 = ORIENTED_EDGE('',*,*,#2379,.F.);
#3333 = ORIENTED_EDGE('',*,*,#3301,.T.);
#3334 = ORIENTED_EDGE('',*,*,#3335,.T.);
#3335 = EDGE_CURVE('',#3294,#3188,#3336,.T.);
#3336 = LINE('',#3337,#3338);
#3337 = CARTESIAN_POINT('',(-236.6,-8.228718707896,23.5));
#3338 = VECTOR('',#3339,1.);
#3339 = DIRECTION('',(1.,3.606004383982E-12,0.));
#3340 = ORIENTED_EDGE('',*,*,#3187,.F.);
#3341 = ORIENTED_EDGE('',*,*,#2964,.T.);
#3342 = ORIENTED_EDGE('',*,*,#3343,.T.);
#3343 = EDGE_CURVE('',#2913,#3344,#3346,.T.);
#3344 = VERTEX_POINT('',#3345);
#3345 = CARTESIAN_POINT('',(-233.7262260797,-8.228718707885,23.));
#3346 = LINE('',#3347,#3348);
#3347 = CARTESIAN_POINT('',(-233.7262260797,-8.228718707885,23.));
#3348 = VECTOR('',#3349,1.);
#3349 = DIRECTION('',(0.,0.,1.));
#3350 = ORIENTED_EDGE('',*,*,#3351,.F.);
#3351 = EDGE_CURVE('',#3352,#3344,#3354,.T.);
#3352 = VERTEX_POINT('',#3353);
#3353 = CARTESIAN_POINT('',(-236.2737739202,-8.228718707894,23.));
#3354 = LINE('',#3355,#3356);
#3355 = CARTESIAN_POINT('',(-235.4713327616,-8.228718707891,23.));
#3356 = VECTOR('',#3357,1.);
#3357 = DIRECTION('',(1.,3.606004383982E-12,2.812683419506E-27));
#3358 = ORIENTED_EDGE('',*,*,#3359,.F.);
#3359 = EDGE_CURVE('',#2905,#3352,#3360,.T.);
#3360 = LINE('',#3361,#3362);
#3361 = CARTESIAN_POINT('',(-236.2737739202,-8.228718707894,23.));
#3362 = VECTOR('',#3363,1.);
#3363 = DIRECTION('',(0.,0.,1.));
#3364 = ORIENTED_EDGE('',*,*,#2904,.T.);
#3365 = PLANE('',#3366);
#3366 = AXIS2_PLACEMENT_3D('',#3367,#3368,#3369);
#3367 = CARTESIAN_POINT('',(-236.6,-8.228718707896,18.));
#3368 = DIRECTION('',(-3.606004383982E-12,1.,0.));
#3369 = DIRECTION('',(1.,3.606004383982E-12,0.));
#3370 = ADVANCED_FACE('',(#3371),#3420,.F.);
#3371 = FACE_BOUND('',#3372,.F.);
#3372 = EDGE_LOOP('',(#3373,#3374,#3382,#3390,#3396,#3397,#3398,#3406,
    #3414));
#3373 = ORIENTED_EDGE('',*,*,#3095,.F.);
#3374 = ORIENTED_EDGE('',*,*,#3375,.T.);
#3375 = EDGE_CURVE('',#3087,#3376,#3378,.T.);
#3376 = VERTEX_POINT('',#3377);
#3377 = CARTESIAN_POINT('',(-233.4,8.22871870789,23.5));
#3378 = LINE('',#3379,#3380);
#3379 = CARTESIAN_POINT('',(-233.4,8.22871870789,18.));
#3380 = VECTOR('',#3381,1.);
#3381 = DIRECTION('',(0.,0.,1.));
#3382 = ORIENTED_EDGE('',*,*,#3383,.T.);
#3383 = EDGE_CURVE('',#3376,#3384,#3386,.T.);
#3384 = VERTEX_POINT('',#3385);
#3385 = CARTESIAN_POINT('',(-236.6,8.22871870789,23.5));
#3386 = LINE('',#3387,#3388);
#3387 = CARTESIAN_POINT('',(-233.4,8.22871870789,23.5));
#3388 = VECTOR('',#3389,1.);
#3389 = DIRECTION('',(-1.,5.551115123126E-16,-0.));
#3390 = ORIENTED_EDGE('',*,*,#3391,.F.);
#3391 = EDGE_CURVE('',#2348,#3384,#3392,.T.);
#3392 = LINE('',#3393,#3394);
#3393 = CARTESIAN_POINT('',(-236.6,8.22871870789,18.));
#3394 = VECTOR('',#3395,1.);
#3395 = DIRECTION('',(0.,0.,1.));
#3396 = ORIENTED_EDGE('',*,*,#2359,.T.);
#3397 = ORIENTED_EDGE('',*,*,#3155,.F.);
#3398 = ORIENTED_EDGE('',*,*,#3399,.T.);
#3399 = EDGE_CURVE('',#3104,#3400,#3402,.T.);
#3400 = VERTEX_POINT('',#3401);
#3401 = CARTESIAN_POINT('',(-236.2737739202,8.22871870789,23.));
#3402 = LINE('',#3403,#3404);
#3403 = CARTESIAN_POINT('',(-236.2737739202,8.22871870789,23.));
#3404 = VECTOR('',#3405,1.);
#3405 = DIRECTION('',(0.,0.,1.));
#3406 = ORIENTED_EDGE('',*,*,#3407,.F.);
#3407 = EDGE_CURVE('',#3408,#3400,#3410,.T.);
#3408 = VERTEX_POINT('',#3409);
#3409 = CARTESIAN_POINT('',(-233.7262260797,8.22871870789,23.));
#3410 = LINE('',#3411,#3412);
#3411 = CARTESIAN_POINT('',(-233.8713327616,8.22871870789,23.));
#3412 = VECTOR('',#3413,1.);
#3413 = DIRECTION('',(-1.,5.551115123126E-16,-2.053912595557E-31));
#3414 = ORIENTED_EDGE('',*,*,#3415,.F.);
#3415 = EDGE_CURVE('',#3096,#3408,#3416,.T.);
#3416 = LINE('',#3417,#3418);
#3417 = CARTESIAN_POINT('',(-233.7262260797,8.22871870789,23.));
#3418 = VECTOR('',#3419,1.);
#3419 = DIRECTION('',(0.,0.,1.));
#3420 = PLANE('',#3421);
#3421 = AXIS2_PLACEMENT_3D('',#3422,#3423,#3424);
#3422 = CARTESIAN_POINT('',(-233.4,8.22871870789,18.));
#3423 = DIRECTION('',(-5.551115123126E-16,-1.,0.));
#3424 = DIRECTION('',(-1.,5.551115123126E-16,0.));
#3425 = ADVANCED_FACE('',(#3426),#3451,.F.);
#3426 = FACE_BOUND('',#3427,.F.);
#3427 = EDGE_LOOP('',(#3428,#3429,#3430,#3438,#3444,#3445));
#3428 = ORIENTED_EDGE('',*,*,#2347,.T.);
#3429 = ORIENTED_EDGE('',*,*,#3391,.T.);
#3430 = ORIENTED_EDGE('',*,*,#3431,.T.);
#3431 = EDGE_CURVE('',#3384,#3432,#3434,.T.);
#3432 = VERTEX_POINT('',#3433);
#3433 = CARTESIAN_POINT('',(-238.2,11.,23.5));
#3434 = LINE('',#3435,#3436);
#3435 = CARTESIAN_POINT('',(-236.6,8.22871870789,23.5));
#3436 = VECTOR('',#3437,1.);
#3437 = DIRECTION('',(-0.5,0.866025403784,-0.));
#3438 = ORIENTED_EDGE('',*,*,#3439,.F.);
#3439 = EDGE_CURVE('',#2519,#3432,#3440,.T.);
#3440 = LINE('',#3441,#3442);
#3441 = CARTESIAN_POINT('',(-238.2,11.,18.));
#3442 = VECTOR('',#3443,1.);
#3443 = DIRECTION('',(0.,0.,1.));
#3444 = ORIENTED_EDGE('',*,*,#2526,.F.);
#3445 = ORIENTED_EDGE('',*,*,#3446,.F.);
#3446 = EDGE_CURVE('',#2329,#2527,#3447,.T.);
#3447 = LINE('',#3448,#3449);
#3448 = CARTESIAN_POINT('',(-236.7631130398,8.511238780299,23.));
#3449 = VECTOR('',#3450,1.);
#3450 = DIRECTION('',(0.,0.,1.));
#3451 = PLANE('',#3452);
#3452 = AXIS2_PLACEMENT_3D('',#3453,#3454,#3455);
#3453 = CARTESIAN_POINT('',(-236.6,8.22871870789,18.));
#3454 = DIRECTION('',(-0.866025403784,-0.5,0.));
#3455 = DIRECTION('',(-0.5,0.866025403784,0.));
#3456 = ADVANCED_FACE('',(#3457),#3462,.F.);
#3457 = FACE_BOUND('',#3458,.T.);
#3458 = EDGE_LOOP('',(#3459,#3460,#3461));
#3459 = ORIENTED_EDGE('',*,*,#2534,.F.);
#3460 = ORIENTED_EDGE('',*,*,#3446,.F.);
#3461 = ORIENTED_EDGE('',*,*,#2328,.F.);
#3462 = CYLINDRICAL_SURFACE('',#3463,3.05);
#3463 = AXIS2_PLACEMENT_3D('',#3464,#3465,#3466);
#3464 = CARTESIAN_POINT('',(-235.,11.,23.));
#3465 = DIRECTION('',(0.,0.,1.));
#3466 = DIRECTION('',(1.,0.,0.));
#3467 = ADVANCED_FACE('',(#3468),#3486,.F.);
#3468 = FACE_BOUND('',#3469,.F.);
#3469 = EDGE_LOOP('',(#3470,#3471,#3472,#3480));
#3470 = ORIENTED_EDGE('',*,*,#2518,.F.);
#3471 = ORIENTED_EDGE('',*,*,#3439,.T.);
#3472 = ORIENTED_EDGE('',*,*,#3473,.T.);
#3473 = EDGE_CURVE('',#3432,#3474,#3476,.T.);
#3474 = VERTEX_POINT('',#3475);
#3475 = CARTESIAN_POINT('',(-236.6,13.77128129211,23.5));
#3476 = LINE('',#3477,#3478);
#3477 = CARTESIAN_POINT('',(-238.2,11.,23.5));
#3478 = VECTOR('',#3479,1.);
#3479 = DIRECTION('',(0.5,0.866025403784,0.));
#3480 = ORIENTED_EDGE('',*,*,#3481,.F.);
#3481 = EDGE_CURVE('',#2511,#3474,#3482,.T.);
#3482 = LINE('',#3483,#3484);
#3483 = CARTESIAN_POINT('',(-236.6,13.77128129211,18.));
#3484 = VECTOR('',#3485,1.);
#3485 = DIRECTION('',(0.,0.,1.));
#3486 = PLANE('',#3487);
#3487 = AXIS2_PLACEMENT_3D('',#3488,#3489,#3490);
#3488 = CARTESIAN_POINT('',(-238.2,11.,18.));
#3489 = DIRECTION('',(-0.866025403784,0.5,0.));
#3490 = DIRECTION('',(0.5,0.866025403784,0.));
#3491 = ADVANCED_FACE('',(#3492),#3510,.F.);
#3492 = FACE_BOUND('',#3493,.F.);
#3493 = EDGE_LOOP('',(#3494,#3495,#3496,#3504));
#3494 = ORIENTED_EDGE('',*,*,#2510,.F.);
#3495 = ORIENTED_EDGE('',*,*,#3481,.T.);
#3496 = ORIENTED_EDGE('',*,*,#3497,.T.);
#3497 = EDGE_CURVE('',#3474,#3498,#3500,.T.);
#3498 = VERTEX_POINT('',#3499);
#3499 = CARTESIAN_POINT('',(-233.4,13.77128129211,23.5));
#3500 = LINE('',#3501,#3502);
#3501 = CARTESIAN_POINT('',(-236.6,13.77128129211,23.5));
#3502 = VECTOR('',#3503,1.);
#3503 = DIRECTION('',(1.,-5.551115123126E-16,0.));
#3504 = ORIENTED_EDGE('',*,*,#3505,.F.);
#3505 = EDGE_CURVE('',#2503,#3498,#3506,.T.);
#3506 = LINE('',#3507,#3508);
#3507 = CARTESIAN_POINT('',(-233.4,13.77128129211,18.));
#3508 = VECTOR('',#3509,1.);
#3509 = DIRECTION('',(0.,0.,1.));
#3510 = PLANE('',#3511);
#3511 = AXIS2_PLACEMENT_3D('',#3512,#3513,#3514);
#3512 = CARTESIAN_POINT('',(-236.6,13.77128129211,18.));
#3513 = DIRECTION('',(5.551115123126E-16,1.,0.));
#3514 = DIRECTION('',(1.,-5.551115123126E-16,0.));
#3515 = ADVANCED_FACE('',(#3516),#3534,.F.);
#3516 = FACE_BOUND('',#3517,.F.);
#3517 = EDGE_LOOP('',(#3518,#3519,#3520,#3528));
#3518 = ORIENTED_EDGE('',*,*,#2502,.F.);
#3519 = ORIENTED_EDGE('',*,*,#3505,.T.);
#3520 = ORIENTED_EDGE('',*,*,#3521,.T.);
#3521 = EDGE_CURVE('',#3498,#3522,#3524,.T.);
#3522 = VERTEX_POINT('',#3523);
#3523 = CARTESIAN_POINT('',(-231.8,11.,23.5));
#3524 = LINE('',#3525,#3526);
#3525 = CARTESIAN_POINT('',(-233.4,13.77128129211,23.5));
#3526 = VECTOR('',#3527,1.);
#3527 = DIRECTION('',(0.5,-0.866025403784,0.));
#3528 = ORIENTED_EDGE('',*,*,#3529,.F.);
#3529 = EDGE_CURVE('',#2495,#3522,#3530,.T.);
#3530 = LINE('',#3531,#3532);
#3531 = CARTESIAN_POINT('',(-231.8,11.,18.));
#3532 = VECTOR('',#3533,1.);
#3533 = DIRECTION('',(0.,0.,1.));
#3534 = PLANE('',#3535);
#3535 = AXIS2_PLACEMENT_3D('',#3536,#3537,#3538);
#3536 = CARTESIAN_POINT('',(-233.4,13.77128129211,18.));
#3537 = DIRECTION('',(0.866025403784,0.5,0.));
#3538 = DIRECTION('',(0.5,-0.866025403784,0.));
#3539 = ADVANCED_FACE('',(#3540),#3558,.F.);
#3540 = FACE_BOUND('',#3541,.F.);
#3541 = EDGE_LOOP('',(#3542,#3543,#3544,#3550,#3551,#3552));
#3542 = ORIENTED_EDGE('',*,*,#2494,.F.);
#3543 = ORIENTED_EDGE('',*,*,#3529,.T.);
#3544 = ORIENTED_EDGE('',*,*,#3545,.T.);
#3545 = EDGE_CURVE('',#3522,#3376,#3546,.T.);
#3546 = LINE('',#3547,#3548);
#3547 = CARTESIAN_POINT('',(-231.8,11.,23.5));
#3548 = VECTOR('',#3549,1.);
#3549 = DIRECTION('',(-0.5,-0.866025403784,0.));
#3550 = ORIENTED_EDGE('',*,*,#3375,.F.);
#3551 = ORIENTED_EDGE('',*,*,#3086,.T.);
#3552 = ORIENTED_EDGE('',*,*,#3553,.T.);
#3553 = EDGE_CURVE('',#3035,#2486,#3554,.T.);
#3554 = LINE('',#3555,#3556);
#3555 = CARTESIAN_POINT('',(-233.2368869601,8.511238780299,23.));
#3556 = VECTOR('',#3557,1.);
#3557 = DIRECTION('',(0.,0.,1.));
#3558 = PLANE('',#3559);
#3559 = AXIS2_PLACEMENT_3D('',#3560,#3561,#3562);
#3560 = CARTESIAN_POINT('',(-231.8,11.,18.));
#3561 = DIRECTION('',(0.866025403784,-0.5,0.));
#3562 = DIRECTION('',(-0.5,-0.866025403784,0.));
#3563 = ADVANCED_FACE('',(#3564),#3569,.F.);
#3564 = FACE_BOUND('',#3565,.T.);
#3565 = EDGE_LOOP('',(#3566,#3567,#3568));
#3566 = ORIENTED_EDGE('',*,*,#2485,.F.);
#3567 = ORIENTED_EDGE('',*,*,#3034,.T.);
#3568 = ORIENTED_EDGE('',*,*,#3553,.T.);
#3569 = CYLINDRICAL_SURFACE('',#3570,3.05);
#3570 = AXIS2_PLACEMENT_3D('',#3571,#3572,#3573);
#3571 = CARTESIAN_POINT('',(-235.,11.,23.));
#3572 = DIRECTION('',(0.,0.,1.));
#3573 = DIRECTION('',(1.,0.,0.));
#3574 = ADVANCED_FACE('',(#3575,#3583),#3586,.F.);
#3575 = FACE_BOUND('',#3576,.F.);
#3576 = EDGE_LOOP('',(#3577,#3578,#3579,#3580,#3581,#3582));
#3577 = ORIENTED_EDGE('',*,*,#3221,.F.);
#3578 = ORIENTED_EDGE('',*,*,#3195,.F.);
#3579 = ORIENTED_EDGE('',*,*,#3335,.F.);
#3580 = ORIENTED_EDGE('',*,*,#3293,.F.);
#3581 = ORIENTED_EDGE('',*,*,#3269,.F.);
#3582 = ORIENTED_EDGE('',*,*,#3245,.F.);
#3583 = FACE_BOUND('',#3584,.F.);
#3584 = EDGE_LOOP('',(#3585));
#3585 = ORIENTED_EDGE('',*,*,#2684,.F.);
#3586 = PLANE('',#3587);
#3587 = AXIS2_PLACEMENT_3D('',#3588,#3589,#3590);
#3588 = CARTESIAN_POINT('',(-246.35,-2.396231361483E-14,23.5));
#3589 = DIRECTION('',(0.,0.,1.));
#3590 = DIRECTION('',(1.,0.,0.));
#3591 = ADVANCED_FACE('',(#3592,#3600),#3603,.F.);
#3592 = FACE_BOUND('',#3593,.F.);
#3593 = EDGE_LOOP('',(#3594,#3595,#3596,#3597,#3598,#3599));
#3594 = ORIENTED_EDGE('',*,*,#3497,.F.);
#3595 = ORIENTED_EDGE('',*,*,#3473,.F.);
#3596 = ORIENTED_EDGE('',*,*,#3431,.F.);
#3597 = ORIENTED_EDGE('',*,*,#3383,.F.);
#3598 = ORIENTED_EDGE('',*,*,#3545,.F.);
#3599 = ORIENTED_EDGE('',*,*,#3521,.F.);
#3600 = FACE_BOUND('',#3601,.F.);
#3601 = EDGE_LOOP('',(#3602));
#3602 = ORIENTED_EDGE('',*,*,#2709,.F.);
#3603 = PLANE('',#3604);
#3604 = AXIS2_PLACEMENT_3D('',#3605,#3606,#3607);
#3605 = CARTESIAN_POINT('',(-246.35,-2.396231361483E-14,23.5));
#3606 = DIRECTION('',(0.,0.,1.));
#3607 = DIRECTION('',(1.,0.,0.));
#3608 = ADVANCED_FACE('',(#3609),#3613,.T.);
#3609 = FACE_BOUND('',#3610,.T.);
#3610 = EDGE_LOOP('',(#3611,#3612));
#3611 = ORIENTED_EDGE('',*,*,#2805,.T.);
#3612 = ORIENTED_EDGE('',*,*,#2783,.F.);
#3613 = PLANE('',#3614);
#3614 = AXIS2_PLACEMENT_3D('',#3615,#3616,#3617);
#3615 = CARTESIAN_POINT('',(-257.6286502137,-20.20156280148,23.));
#3616 = DIRECTION('',(-0.,-0.,-1.));
#3617 = DIRECTION('',(-1.,0.,0.));
#3618 = ADVANCED_FACE('',(#3619),#3631,.F.);
#3619 = FACE_BOUND('',#3620,.T.);
#3620 = EDGE_LOOP('',(#3621,#3628,#3629,#3630));
#3621 = ORIENTED_EDGE('',*,*,#3622,.F.);
#3622 = EDGE_CURVE('',#3408,#3400,#3623,.T.);
#3623 = CIRCLE('',#3624,3.05);
#3624 = AXIS2_PLACEMENT_3D('',#3625,#3626,#3627);
#3625 = CARTESIAN_POINT('',(-235.,11.,23.));
#3626 = DIRECTION('',(0.,0.,-1.));
#3627 = DIRECTION('',(1.,0.,0.));
#3628 = ORIENTED_EDGE('',*,*,#3415,.F.);
#3629 = ORIENTED_EDGE('',*,*,#3103,.T.);
#3630 = ORIENTED_EDGE('',*,*,#3399,.T.);
#3631 = CYLINDRICAL_SURFACE('',#3632,3.05);
#3632 = AXIS2_PLACEMENT_3D('',#3633,#3634,#3635);
#3633 = CARTESIAN_POINT('',(-235.,11.,23.));
#3634 = DIRECTION('',(0.,0.,1.));
#3635 = DIRECTION('',(1.,0.,0.));
#3636 = ADVANCED_FACE('',(#3637),#3649,.F.);
#3637 = FACE_BOUND('',#3638,.T.);
#3638 = EDGE_LOOP('',(#3639,#3646,#3647,#3648));
#3639 = ORIENTED_EDGE('',*,*,#3640,.F.);
#3640 = EDGE_CURVE('',#3352,#3344,#3641,.T.);
#3641 = CIRCLE('',#3642,3.05);
#3642 = AXIS2_PLACEMENT_3D('',#3643,#3644,#3645);
#3643 = CARTESIAN_POINT('',(-235.,-11.,23.));
#3644 = DIRECTION('',(0.,0.,-1.));
#3645 = DIRECTION('',(1.,0.,0.));
#3646 = ORIENTED_EDGE('',*,*,#3359,.F.);
#3647 = ORIENTED_EDGE('',*,*,#2912,.T.);
#3648 = ORIENTED_EDGE('',*,*,#3343,.T.);
#3649 = CYLINDRICAL_SURFACE('',#3650,3.05);
#3650 = AXIS2_PLACEMENT_3D('',#3651,#3652,#3653);
#3651 = CARTESIAN_POINT('',(-235.,-11.,23.));
#3652 = DIRECTION('',(0.,0.,1.));
#3653 = DIRECTION('',(1.,0.,0.));
#3654 = ADVANCED_FACE('',(#3655),#3659,.T.);
#3655 = FACE_BOUND('',#3656,.T.);
#3656 = EDGE_LOOP('',(#3657,#3658));
#3657 = ORIENTED_EDGE('',*,*,#3351,.F.);
#3658 = ORIENTED_EDGE('',*,*,#3640,.T.);
#3659 = PLANE('',#3660);
#3660 = AXIS2_PLACEMENT_3D('',#3661,#3662,#3663);
#3661 = CARTESIAN_POINT('',(-234.3426655232,-11.60435104273,23.));
#3662 = DIRECTION('',(0.,7.8E-16,-1.));
#3663 = DIRECTION('',(0.,-1.,-7.8E-16));
#3664 = ADVANCED_FACE('',(#3665),#3669,.T.);
#3665 = FACE_BOUND('',#3666,.T.);
#3666 = EDGE_LOOP('',(#3667,#3668));
#3667 = ORIENTED_EDGE('',*,*,#3622,.T.);
#3668 = ORIENTED_EDGE('',*,*,#3407,.F.);
#3669 = PLANE('',#3670);
#3670 = AXIS2_PLACEMENT_3D('',#3671,#3672,#3673);
#3671 = CARTESIAN_POINT('',(-234.3426655232,11.60435104273,23.));
#3672 = DIRECTION('',(-0.,-3.7E-16,-1.));
#3673 = DIRECTION('',(0.,-1.,3.7E-16));
#3674 = ( GEOMETRIC_REPRESENTATION_CONTEXT(3) 
GLOBAL_UNCERTAINTY_ASSIGNED_CONTEXT((#3678)) 
GLOBAL_UNIT_ASSIGNED_CONTEXT((#3675,#3676,#3677)) REPRESENTATION_CONTEXT
('Context #1','3D Context with UNIT and UNCERTAINTY') );
#3675 = ( LENGTH_UNIT() NAMED_UNIT(*) SI_UNIT(.MILLI.,.METRE.) );
#3676 = ( NAMED_UNIT(*) PLANE_ANGLE_UNIT() SI_UNIT($,.RADIAN.) );
#3677 = ( NAMED_UNIT(*) SI_UNIT($,.STERADIAN.) SOLID_ANGLE_UNIT() );
#3678 = UNCERTAINTY_MEASURE_WITH_UNIT(LENGTH_MEASURE(2.E-05),#3675,
  'distance_accuracy_value','confusion accuracy');
#3679 = PRODUCT_RELATED_PRODUCT_CATEGORY('detail',$,(#7));
#3680 = PRODUCT_CATEGORY_RELATIONSHIP('','',#3681,#3679);
#3681 = PRODUCT_CATEGORY('part',$);
#3682 = CC_DESIGN_PERSON_AND_ORGANIZATION_ASSIGNMENT(#3683,#3686,(#6,#5)
  );
#3683 = PERSON_AND_ORGANIZATION(#3684,#3685);
#3684 = PERSON('IP169.254.190,karol','','karol',$,$,$);
#3685 = ORGANIZATION('IP169.254.190','Unspecified','');
#3686 = PERSON_AND_ORGANIZATION_ROLE('creator');
#3687 = CC_DESIGN_PERSON_AND_ORGANIZATION_ASSIGNMENT(#3683,#3688,(#7));
#3688 = PERSON_AND_ORGANIZATION_ROLE('design_owner');
#3689 = CC_DESIGN_PERSON_AND_ORGANIZATION_ASSIGNMENT(#3683,#3690,(#6));
#3690 = PERSON_AND_ORGANIZATION_ROLE('design_supplier');
#3691 = CC_DESIGN_PERSON_AND_ORGANIZATION_ASSIGNMENT(#3683,#3692,(#3693)
  );
#3692 = PERSON_AND_ORGANIZATION_ROLE('classification_officer');
#3693 = SECURITY_CLASSIFICATION('','',#3694);
#3694 = SECURITY_CLASSIFICATION_LEVEL('unclassified');
#3695 = CC_DESIGN_SECURITY_CLASSIFICATION(#3693,(#6));
#3696 = CC_DESIGN_DATE_AND_TIME_ASSIGNMENT(#3697,#3701,(#5));
#3697 = DATE_AND_TIME(#3698,#3699);
#3698 = CALENDAR_DATE(2026,14,5);
#3699 = LOCAL_TIME(17,59,$,#3700);
#3700 = COORDINATED_UNIVERSAL_TIME_OFFSET(1,$,.AHEAD.);
#3701 = DATE_TIME_ROLE('creation_date');
#3702 = CC_DESIGN_DATE_AND_TIME_ASSIGNMENT(#3697,#3703,(#3693));
#3703 = DATE_TIME_ROLE('classification_date');
#3704 = CC_DESIGN_APPROVAL(#3705,(#6,#5,#3693));
#3705 = APPROVAL(#3706,'');
#3706 = APPROVAL_STATUS('not_yet_approved');
#3707 = APPROVAL_PERSON_ORGANIZATION(#3683,#3705,#3708);
#3708 = APPROVAL_ROLE('approver');
#3709 = APPROVAL_DATE_TIME(#3697,#3705);
#3710 = MECHANICAL_DESIGN_GEOMETRIC_PRESENTATION_REPRESENTATION('',(
    #3711),#3674);
#3711 = STYLED_ITEM('color',(#3712),#15);
#3712 = PRESENTATION_STYLE_ASSIGNMENT((#3713,#3719));
#3713 = SURFACE_STYLE_USAGE(.BOTH.,#3714);
#3714 = SURFACE_SIDE_STYLE('',(#3715));
#3715 = SURFACE_STYLE_FILL_AREA(#3716);
#3716 = FILL_AREA_STYLE('',(#3717));
#3717 = FILL_AREA_STYLE_COLOUR('',#3718);
#3718 = COLOUR_RGB('',0.447058818107,0.474509808674,0.501960817233);
#3719 = CURVE_STYLE('',#3720,POSITIVE_LENGTH_MEASURE(0.1),#3721);
#3720 = DRAUGHTING_PRE_DEFINED_CURVE_FONT('continuous');
#3721 = COLOUR_RGB('',9.803921802644E-02,9.803921802644E-02,
  9.803921802644E-02);
ENDSEC;
END-ISO-10303-21;
